"data.name","fmethod","clust","n","k_policy","gate_rule","gate_rule_src","seed","ARI","FM","Jaccard","Purity","nfeat","kfound","k_used","stage1_n","stage2_n","ratio","total","dropped","elapsed","set"
"Baron","DIFS","Refined Louvain",0,"estimated","submitted","object",1,0.269812690351273,0.427242529746053,0.188586332969187,0.956237600653518,1940,38,66,1800,6059,"1:3",8569,0,6427.266,"baronfix"
"Baron","DIFS","Refined Louvain",0,"true","submitted","object",1,0.506680551302267,0.611468926539471,0.396420882537679,0.927879565876998,1940,14,14,1700,2460,"1:1",8569,0,3353.427,"baronfix"
"Baron","DIFS","Refined Louvain",100,"estimated","submitted","object",1,0.2802386844871,0.429973636271986,0.198938346943661,0.926595868829502,100,28,66,1800,6059,"2:3",8569,0,5586.008,"baronfix"
"Baron","DIFS","Refined Louvain",100,"true","submitted","object",1,0.618259986815556,0.701636744461082,0.50571061246364,0.940016337962423,100,14,14,1700,2460,"2:1",8569,0,4626.971,"baronfix"
"Baron","DIFS","Refined Louvain",200,"estimated","submitted","object",1,0.313083872381778,0.461860525594313,0.223812422171437,0.954370404948069,200,27,66,1800,6059,"2:3",8569,0,4592.597,"baronfix"
"Baron","DIFS","Refined Louvain",200,"true","submitted","object",1,0.53908752765545,0.640822823901286,0.425309828124515,0.931030458629945,200,14,14,1700,2460,"2:3",8569,0,3325.298,"baronfix"
"Baron","DIFS","Refined Louvain",300,"estimated","submitted","object",1,0.288864257918581,0.44076973604208,0.20457308764505,0.941533434473101,300,30,66,1800,6059,"2:3",8569,0,5272.813,"baronfix"
"Baron","DIFS","Refined Louvain",300,"true","submitted","object",1,0.537822433528317,0.636495304364152,0.42598406441501,0.917960088691796,300,14,14,1700,2460,"1:1",8569,0,3298.894,"baronfix"
"Baron","DIFS","Refined Louvain",500,"estimated","submitted","object",1,0.260894073315848,0.416309894947163,0.182629023950026,0.942233632862644,500,33,66,1800,6059,"1:2",8569,0,6402.006,"baronfix"
"Baron","DIFS","Refined Louvain",500,"true","submitted","object",1,0.568695386535028,0.664611720334023,0.454139805112623,0.949935815147625,500,14,14,1700,2460,"2:1",8569,0,3423.331,"baronfix"
"Baron","DIFS","Refined Louvain",750,"estimated","submitted","object",1,0.25349252363168,0.412535026530544,0.176022410840327,0.957171198506243,750,38,66,1800,6059,"2:3",8569,0,6671.878,"baronfix"
"Baron","DIFS","Refined Louvain",750,"true","submitted","object",1,0.546400642914638,0.649733292522875,0.430810641153827,0.970241568444393,750,15,14,1700,2460,"2:1",8569,0,3528.881,"baronfix"
"Baron","DIFS","Refined Louvain",1000,"estimated","submitted","object",1,0.259060086879714,0.418122037841183,0.180126872375974,0.95833819582215,1000,36,66,1800,6059,"2:3",8569,0,5068.099,"baronfix"
"Baron","DIFS","Refined Louvain",1000,"true","submitted","object",1,0.514272320138128,0.61836807010987,0.403089728791506,0.932314155677442,1000,14,14,1700,2460,"2:1",8569,0,3499.455,"baronfix"
"Baron","DIFS","Refined Louvain",1500,"estimated","submitted","object",1,0.265864622799881,0.423881996458152,0.185478869830379,0.955887501458747,1500,37,66,1800,6059,"1:2",8569,0,4477.413,"baronfix"
"Baron","DIFS","Refined Louvain",1500,"true","submitted","object",1,0.50777253720357,0.612292000467054,0.397477998021907,0.927996265608589,1500,14,14,1700,2460,"1:1",8569,0,4523.721,"baronfix"
"Baron","DIFS","Refined Louvain",2500,"estimated","submitted","object",1,0.269901217072658,0.427663491846781,0.18854840753897,0.956704399579881,2500,37,66,1800,6059,"1:1",8569,0,6526.833,"baronfix"
"Baron","DIFS","Refined Louvain",2500,"true","submitted","object",1,0.499500900531678,0.604115034202448,0.390676376401772,0.920760882249971,2500,14,14,1700,2460,"1:1",8569,0,4463.039,"baronfix"
"Baron","DIFS","SC3",0,"estimated","submitted","object",1,0.215628074638968,0.378468434270344,0.147135745411584,0.965690278912358,1940,66,66,1800,6059,"1:3",8569,0,7559.569,"baronfix"
"Baron","DIFS","SC3",0,"true","submitted","object",1,0.603698793302619,0.681202971117681,0.497727648411286,0.877698681293033,1940,14,14,1700,2460,"1:1",8569,0,4218.008,"baronfix"
"Baron","DIFS","SC3",100,"estimated","submitted","object",1,0.191450600341917,0.353619998350939,0.129668757664144,0.95472050414284,100,66,66,1800,6059,"2:3",8569,0,7339.734,"baronfix"
"Baron","DIFS","SC3",100,"true","submitted","object",1,0.791598546747094,0.832996059700559,0.706894784286691,0.909791107480453,100,14,14,1700,2460,"2:1",8569,0,4803.113,"baronfix"
"Baron","DIFS","SC3",200,"estimated","submitted","object",1,0.180878037991946,0.335466466124741,0.124044216359966,0.937448943867429,200,66,66,1800,6059,"2:3",8569,0,7134.614,"baronfix"
"Baron","DIFS","SC3",200,"true","submitted","object",1,0.549925509713591,0.647761996253859,0.436761729235733,0.922161279029058,200,14,14,1700,2460,"2:3",8569,0,4067.135,"baronfix"
"Baron","DIFS","SC3",300,"estimated","submitted","object",1,0.162192760756644,0.30826860038659,0.112989116945622,0.924962072587233,300,66,66,1800,6059,"2:3",8569,0,7259.883,"baronfix"
"Baron","DIFS","SC3",300,"true","submitted","object",1,0.570516510251123,0.663652650327546,0.457303766185463,0.924028474734508,300,14,14,1700,2460,"1:1",8569,0,4078.432,"baronfix"
"Baron","DIFS","SC3",500,"estimated","submitted","object",1,0.191715896271827,0.353519683716388,0.12995716151229,0.963122884817365,500,66,66,1800,6059,"1:2",8569,0,7196.223,"baronfix"
"Baron","DIFS","SC3",500,"true","submitted","object",1,0.648615103150262,0.722781227889056,0.539564601298228,0.920294083323608,500,14,14,1700,2460,"2:1",8569,0,4100.541,"baronfix"
"Baron","DIFS","SC3",750,"estimated","submitted","object",1,0.19174243527687,0.353908874671545,0.129882260961472,0.959738592601237,750,66,66,1800,6059,"2:3",8569,0,7399.153,"baronfix"
"Baron","DIFS","SC3",750,"true","submitted","object",1,0.570364753553912,0.661825292988156,0.458200968906939,0.924145174466099,750,14,14,1700,2460,"2:1",8569,0,4386.556,"baronfix"
"Baron","DIFS","SC3",1000,"estimated","submitted","object",1,0.195206197102766,0.358818880310179,0.132035796883521,0.970008168981211,1000,66,66,1800,6059,"2:3",8569,0,7201.282,"baronfix"
"Baron","DIFS","SC3",1000,"true","submitted","object",1,0.575222094955826,0.665660339401017,0.463052685425519,0.925312171782005,1000,14,14,1700,2460,"2:1",8569,0,4025.931,"baronfix"
"Baron","DIFS","SC3",1500,"estimated","submitted","object",1,0.191253833930551,0.354777262608795,0.129180610012812,0.967674174349399,1500,66,66,1800,6059,"1:2",8569,0,7126.368,"baronfix"
"Baron","DIFS","SC3",1500,"true","submitted","object",1,0.574202626659121,0.665077429056167,0.461891384414152,0.924845372855642,1500,14,14,1700,2460,"1:1",8569,0,4038.306,"baronfix"
"Baron","DIFS","SC3",2500,"estimated","submitted","object",1,0.204250578226668,0.366343044169679,0.139026322085965,0.963006185085774,2500,66,66,1800,6059,"1:1",8569,0,10249.872,"baronfix"
"Baron","DIFS","SC3",2500,"true","submitted","object",1,0.563000810893395,0.656483954453149,0.450587729300712,0.925195472050414,2500,14,14,1700,2460,"1:1",8569,0,5089.254,"baronfix"
"Baron","FEAST","Refined Louvain",0,"estimated","submitted","object",1,0.266286357316538,0.425336902180133,0.185475391503496,0.961138989380324,1940,40,66,NA,NA,NA,8569,0,178.439,"ncurve"
"Baron","FEAST","Refined Louvain",0,"true","submitted","object",1,0.514979605410807,0.618428410801799,0.404055613322157,0.932080756214261,1940,14,14,NA,NA,NA,8569,0,134.737,"ncurve"
"Baron","FEAST","Refined Louvain",100,"estimated","submitted","object",1,0.0111547021808908,0.436584927512022,0.199216342528616,0.300385109114249,100,2,66,NA,NA,NA,8569,0,24804.739,"ncurve"
"Baron","FEAST","Refined Louvain",100,"true","submitted","object",1,0.532274691097211,0.62827935948237,0.423146372079254,0.893336445326176,100,14,14,NA,NA,NA,8569,0,127.573,"ncurve"
"Baron","FEAST","Refined Louvain",200,"estimated","submitted","object",1,0.253946846671242,0.406752489072302,0.178379597978065,0.92251137822383,200,32,66,NA,NA,NA,8569,0,164.152,"ncurve"
"Baron","FEAST","Refined Louvain",200,"true","submitted","object",1,0.585599929805954,0.678783304443357,0.470623988160195,0.951102812463531,200,14,14,NA,NA,NA,8569,0,147.51,"ncurve"
"Baron","FEAST","Refined Louvain",300,"estimated","submitted","object",1,0.27300118977267,0.428926474837209,0.191428693531804,0.949819115416035,300,31,66,NA,NA,NA,8569,0,176.914,"ncurve"
"Baron","FEAST","Refined Louvain",300,"true","submitted","object",1,0.592147985640595,0.683438570111831,0.477522007975924,0.94888551756331,300,14,14,NA,NA,NA,8569,0,175.032,"ncurve"
"Baron","FEAST","Refined Louvain",500,"estimated","submitted","object",1,0.299034088279991,0.453827760605162,0.211200553421721,0.968257673007352,500,32,66,NA,NA,NA,8569,0,170.332,"ncurve"
"Baron","FEAST","Refined Louvain",500,"true","submitted","object",1,0.584051878903005,0.676662060677949,0.469544328041566,0.942000233399463,500,14,14,NA,NA,NA,8569,0,133.981,"ncurve"
"Baron","FEAST","Refined Louvain",750,"estimated","submitted","object",1,0.271297220355416,0.429154226978295,0.18955419818765,0.962422686427821,750,35,66,NA,NA,NA,8569,0,196.369,"ncurve"
"Baron","FEAST","Refined Louvain",750,"true","submitted","object",1,0.573981257666233,0.664839775245932,0.461709919963766,0.932780954603804,750,13,14,NA,NA,NA,8569,0,149.302,"ncurve"
"Baron","FEAST","Refined Louvain",1000,"estimated","submitted","object",1,0.279575566802568,0.437000314392033,0.195837303395991,0.96604037810713,1000,35,66,NA,NA,NA,8569,0,142.461,"ncurve"
"Baron","FEAST","Refined Louvain",1000,"true","submitted","object",1,0.568272838982044,0.656911046413129,0.458376475891964,0.91107480452795,1000,13,14,NA,NA,NA,8569,0,150.628,"ncurve"
"Baron","FEAST","Refined Louvain",1500,"estimated","submitted","object",1,0.27342179936858,0.431072919552092,0.191194420825475,0.965223479985996,1500,35,66,NA,NA,NA,8569,0,159.392,"ncurve"
"Baron","FEAST","Refined Louvain",1500,"true","submitted","object",1,0.511860928101925,0.615831856394873,0.401169587542428,0.931263858093126,1500,14,14,NA,NA,NA,8569,0,149.189,"ncurve"
"Baron","FEAST","Refined Louvain",2500,"estimated","submitted","object",1,0.27233680520552,0.430344136188444,0.19027893056006,0.956354300385109,2500,38,66,NA,NA,NA,8569,0,182.659,"ncurve"
"Baron","FEAST","Refined Louvain",2500,"true","submitted","object",1,0.518426354405341,0.622013727751196,0.406835124177643,0.934064651651301,2500,14,14,NA,NA,NA,8569,0,159.038,"ncurve"
"Baron","FEAST","SC3",0,"estimated","submitted","object",1,0.189266049382303,0.35183627856934,0.127973961003437,0.969424670323258,1940,66,66,NA,NA,NA,8569,0,3084.892,"baronfix"
"Baron","FEAST","SC3",0,"true","submitted","object",1,0.533510083630602,0.62810257317741,0.425206034814927,0.896837437273894,1940,14,14,NA,NA,NA,8569,0,1541.187,"baronfix"
"Baron","FEAST","SC3",100,"estimated","submitted","object",1,0.180397497619408,0.336122365980694,0.123354241410278,0.930680359435173,100,66,66,NA,NA,NA,8569,0,3019.018,"baronfix"
"Baron","FEAST","SC3",100,"true","submitted","object",1,0.783817694068507,0.826482210158929,0.697695417010082,0.905356517680009,100,14,14,NA,NA,NA,8569,0,1715.515,"baronfix"
"Baron","FEAST","SC3",200,"estimated","submitted","object",1,0.156359740338675,0.305967662210279,0.107450601522159,0.906640214727506,200,66,66,NA,NA,NA,8569,0,2656.949,"baronfix"
"Baron","FEAST","SC3",200,"true","submitted","object",1,0.538716381366441,0.637433114395334,0.426710623144408,0.921227681176333,200,14,14,NA,NA,NA,8569,0,1351.549,"baronfix"
"Baron","FEAST","SC3",300,"estimated","submitted","object",1,0.174382816544917,0.333409836068437,0.118033080996471,0.954837203874431,300,66,66,NA,NA,NA,8569,0,2279.368,"baronfix"
"Baron","FEAST","SC3",300,"true","submitted","object",1,0.633047876135809,0.711208328373563,0.522526096768472,0.921227681176333,300,14,14,NA,NA,NA,8569,0,1370.11,"baronfix"
"Baron","FEAST","SC3",500,"estimated","submitted","object",1,0.149874849754905,0.304189130166976,0.101298630577815,0.957054498774653,500,66,66,NA,NA,NA,8569,0,2660.496,"baronfix"
"Baron","FEAST","SC3",500,"true","submitted","object",1,0.569955008113833,0.661913737768337,0.457532462464384,0.924728673124052,500,14,14,NA,NA,NA,8569,0,1384.011,"baronfix"
"Baron","FEAST","SC3",750,"estimated","submitted","object",1,0.180398330784322,0.340443165674104,0.122160031901232,0.955887501458747,750,66,66,NA,NA,NA,8569,0,5792.386,"baronfix"
"Baron","FEAST","SC3",750,"true","submitted","object",1,0.570105091505759,0.66170443494313,0.457888623326643,0.92437857392928,750,14,14,NA,NA,NA,8569,0,1330.709,"baronfix"
"Baron","FEAST","SC3",1000,"estimated","submitted","object",1,0.188553467295583,0.350139361693234,0.127707790281469,0.962305986696231,1000,66,66,NA,NA,NA,8569,0,2726.876,"baronfix"
"Baron","FEAST","SC3",1000,"true","submitted","object",1,0.56993986624065,0.661526083206991,0.457754445153715,0.925195472050414,1000,14,14,NA,NA,NA,8569,0,1681.896,"baronfix"
"Baron","FEAST","SC3",1500,"estimated","submitted","object",1,0.181387082879269,0.343675907288919,0.122306620814242,0.968374372738943,1500,66,66,NA,NA,NA,8569,0,2758.458,"baronfix"
"Baron","FEAST","SC3",1500,"true","submitted","object",1,0.535448780855018,0.630020701214132,0.426793097074943,0.897537635663438,1500,14,14,NA,NA,NA,8569,0,1658.996,"baronfix"
"Baron","FEAST","SC3",2500,"estimated","submitted","object",1,0.187087552697274,0.34937360788605,0.126459242210163,0.964406581864862,2500,66,66,NA,NA,NA,8569,0,2576.476,"baronfix"
"Baron","FEAST","SC3",2500,"true","submitted","object",1,0.540422878763648,0.634122534542642,0.43150567226403,0.906873614190687,2500,14,14,NA,NA,NA,8569,0,1687.282,"baronfix"
"Baron","GateOnly","Refined Louvain",0,"estimated","submitted","object",1,0.241184100743162,0.397628486314278,0.167760767138331,0.926945968024274,1940,37,66,NA,NA,NA,8569,0,114.485,"ncurve"
"Baron","GateOnly","Refined Louvain",0,"true","submitted","object",1,0.498550282917641,0.60451813806729,0.389068882848165,0.912125102112265,1940,14,14,NA,NA,NA,8569,0,144.828,"ncurve"
"Baron","GateOnly","Refined Louvain",100,"estimated","submitted","object",1,0.219212335218694,0.353771826375994,0.161263820549946,0.802427354417085,100,25,66,NA,NA,NA,8569,0,158.448,"ncurve"
"Baron","GateOnly","Refined Louvain",100,"true","submitted","object",1,0.345754689463575,0.462278267092742,0.267430959320715,0.785739292799627,100,14,14,NA,NA,NA,8569,0,152.215,"ncurve"
"Baron","GateOnly","Refined Louvain",200,"estimated","submitted","object",1,0.261933399118232,0.400114437410404,0.190520751089814,0.861594118333528,200,25,66,NA,NA,NA,8569,0,109.438,"ncurve"
"Baron","GateOnly","Refined Louvain",200,"true","submitted","object",1,0.405606006482994,0.511917313096343,0.320704498193024,0.827050997782705,200,14,14,NA,NA,NA,8569,0,119.879,"ncurve"
"Baron","GateOnly","Refined Louvain",300,"estimated","submitted","object",1,0.271531428251163,0.419609504325503,0.193114823066739,0.898354533784572,300,28,66,NA,NA,NA,8569,0,139.703,"ncurve"
"Baron","GateOnly","Refined Louvain",300,"true","submitted","object",1,0.478809864416221,0.5859077748873,0.372514656479913,0.899171431905707,300,14,14,NA,NA,NA,8569,0,148.183,"ncurve"
"Baron","GateOnly","Refined Louvain",500,"estimated","submitted","object",1,0.263529587926026,0.414993224927382,0.185931745775343,0.915859493523165,500,33,66,NA,NA,NA,8569,0,145.365,"ncurve"
"Baron","GateOnly","Refined Louvain",500,"true","submitted","object",1,0.485887025786449,0.591583926823007,0.379056114042753,0.902205624927063,500,14,14,NA,NA,NA,8569,0,177.316,"ncurve"
"Baron","GateOnly","Refined Louvain",750,"estimated","submitted","object",1,0.29383510269333,0.443656474468904,0.209021634628789,0.916209592717937,750,30,66,NA,NA,NA,8569,0,107.022,"ncurve"
"Baron","GateOnly","Refined Louvain",750,"true","submitted","object",1,0.493517495765554,0.599484728772295,0.384990885982049,0.907107013653869,750,14,14,NA,NA,NA,8569,0,145.636,"ncurve"
"Baron","GateOnly","Refined Louvain",1000,"estimated","submitted","object",1,0.247554056943513,0.404301030288795,0.172355141763753,0.93756564359902,1000,36,66,NA,NA,NA,8569,0,102.529,"ncurve"
"Baron","GateOnly","Refined Louvain",1000,"true","submitted","object",1,0.496184221322952,0.602232424559065,0.38709789372353,0.909441008285681,1000,14,14,NA,NA,NA,8569,0,147.664,"ncurve"
"Baron","GateOnly","Refined Louvain",1500,"estimated","submitted","object",1,0.260231677674999,0.416059742091484,0.182005104556738,0.932547555140623,1500,36,66,NA,NA,NA,8569,0,98.826,"ncurve"
"Baron","GateOnly","Refined Louvain",1500,"true","submitted","object",1,0.494209717510643,0.59989193594612,0.385727826298099,0.910024506943634,1500,14,14,NA,NA,NA,8569,0,135.615,"ncurve"
"Baron","GateOnly","Refined Louvain",2500,"estimated","submitted","object",1,0.241184100743162,0.397628486314278,0.167760767138331,0.926945968024274,1940,37,66,NA,NA,NA,8569,0,102.681,"ncurve"
"Baron","GateOnly","Refined Louvain",2500,"true","submitted","object",1,0.498550282917641,0.60451813806729,0.389068882848165,0.912125102112265,1940,14,14,NA,NA,NA,8569,0,128.667,"ncurve"
"Baron","GateOnly","SC3",0,"estimated","submitted","object",1,0.190438643697337,0.352908084556068,0.128854019816476,0.964289882133271,1940,66,66,NA,NA,NA,8569,0,4451.176,"baronfix"
"Baron","GateOnly","SC3",0,"true","submitted","object",1,0.575433040211709,0.666108663098497,0.463084536902063,0.924962072587233,1940,14,14,NA,NA,NA,8569,0,1572.963,"baronfix"
"Baron","GateOnly","SC3",100,"estimated","submitted","object",1,0.180969598239271,0.324020763817476,0.128243499971337,0.853658536585366,100,66,66,NA,NA,NA,8569,0,3586.052,"baronfix"
"Baron","GateOnly","SC3",100,"true","submitted","object",1,0.595674300663674,0.670984128819033,0.496159416560153,0.846189753763566,100,14,14,NA,NA,NA,8569,0,2072.947,"baronfix"
"Baron","GateOnly","SC3",200,"estimated","submitted","object",1,0.15526467488907,0.308996164526314,0.105429141416659,0.92064418251838,200,66,66,NA,NA,NA,8569,0,3314.748,"baronfix"
"Baron","GateOnly","SC3",200,"true","submitted","object",1,0.677830864714159,0.740250587187503,0.576813965606694,0.864394911891703,200,14,14,NA,NA,NA,8569,0,1629.16,"baronfix"
"Baron","GateOnly","SC3",300,"estimated","submitted","object",1,0.149916586809072,0.297537324678984,0.103271942736764,0.908157311238184,300,66,66,NA,NA,NA,8569,0,6179.997,"baronfix"
"Baron","GateOnly","SC3",300,"true","submitted","object",1,0.500890543435878,0.598130254041926,0.397397126183319,0.86952970008169,300,14,14,NA,NA,NA,8569,0,1839.573,"baronfix"
"Baron","GateOnly","SC3",500,"estimated","submitted","object",1,0.180384976869733,0.336263766014041,0.123300219023566,0.932080756214261,500,66,66,NA,NA,NA,8569,0,3993.316,"baronfix"
"Baron","GateOnly","SC3",500,"true","submitted","object",1,0.503591274430623,0.607999958173565,0.394126088837625,0.905940016337962,500,14,14,NA,NA,NA,8569,0,1797.531,"baronfix"
"Baron","GateOnly","SC3",750,"estimated","submitted","object",1,0.186765615625013,0.347069928669735,0.126740295182064,0.947368421052632,750,66,66,NA,NA,NA,8569,0,3590.873,"baronfix"
"Baron","GateOnly","SC3",750,"true","submitted","object",1,0.563579974990026,0.652819546524058,0.453997734176637,0.905239817948419,750,14,14,NA,NA,NA,8569,0,1576.951,"baronfix"
"Baron","GateOnly","SC3",1000,"estimated","submitted","object",1,0.197496409171403,0.360291361805357,0.133913959781906,0.958688295016921,1000,66,66,NA,NA,NA,8569,0,3299.167,"baronfix"
"Baron","GateOnly","SC3",1000,"true","submitted","object",1,0.565411931538219,0.65532853336331,0.45502610659015,0.905356517680009,1000,14,14,NA,NA,NA,8569,0,1736.988,"baronfix"
"Baron","GateOnly","SC3",1500,"estimated","submitted","object",1,0.17623070763821,0.338551126247946,0.118545209331743,0.965806978643949,1500,66,66,NA,NA,NA,8569,0,2990.853,"baronfix"
"Baron","GateOnly","SC3",1500,"true","submitted","object",1,0.56732101352682,0.655842504833595,0.457669296121313,0.906523514995916,1500,14,14,NA,NA,NA,8569,0,1473.605,"baronfix"
"Baron","GateOnly","SC3",2500,"estimated","submitted","object",1,0.190438643697337,0.352908084556068,0.128854019816476,0.964289882133271,1940,66,66,NA,NA,NA,8569,0,3013.928,"baronfix"
"Baron","GateOnly","SC3",2500,"true","submitted","object",1,0.575433040211709,0.666108663098497,0.463084536902063,0.924962072587233,1940,14,14,NA,NA,NA,8569,0,1787.474,"baronfix"
"Baron","Seurat","Refined Louvain",0,"estimated","submitted","object",1,0.246015968959089,0.407519023704425,0.169789850435235,0.975843155560742,1940,37,66,NA,NA,NA,8569,0,138.171,"ncurve"
"Baron","Seurat","Refined Louvain",0,"true","submitted","object",1,0.59506418977656,0.685211487831388,0.480772509598344,0.954370404948069,1940,14,14,NA,NA,NA,8569,0,145.232,"ncurve"
"Baron","Seurat","Refined Louvain",100,"estimated","submitted","object",1,0.118751669207668,0.243487487053532,0.089366799632818,0.731473917609989,100,44,66,NA,NA,NA,8569,0,122.219,"ncurve"
"Baron","Seurat","Refined Louvain",100,"true","submitted","object",1,0.27271284828482,0.398331928965751,0.244816641054019,0.628544754347065,100,13,14,NA,NA,NA,8569,0,110.983,"ncurve"
"Baron","Seurat","Refined Louvain",200,"estimated","submitted","object",1,0.154790209826368,0.295056197951348,0.109671841085334,0.853425137122185,200,43,66,NA,NA,NA,8569,0,168.905,"ncurve"
"Baron","Seurat","Refined Louvain",200,"true","submitted","object",1,0.526476028997345,0.61422985760564,0.427849740745503,0.825183802077255,200,14,14,NA,NA,NA,8569,0,138.238,"ncurve"
"Baron","Seurat","Refined Louvain",300,"estimated","submitted","object",1,0.24887645535932,0.400599734152424,0.175022064367887,0.91866028708134,300,34,66,NA,NA,NA,8569,0,151.484,"ncurve"
"Baron","Seurat","Refined Louvain",300,"true","submitted","object",1,0.561415318664332,0.646730988786146,0.455817885227734,0.889251954720504,300,14,14,NA,NA,NA,8569,0,139.807,"ncurve"
"Baron","Seurat","Refined Louvain",500,"estimated","submitted","object",1,0.236991671013712,0.382952746544483,0.168494275742412,0.906873614190687,500,32,66,NA,NA,NA,8569,0,145.112,"ncurve"
"Baron","Seurat","Refined Louvain",500,"true","submitted","object",1,0.581845982054346,0.662870900464681,0.476489036466875,0.904189520364103,500,14,14,NA,NA,NA,8569,0,137.541,"ncurve"
"Baron","Seurat","Refined Louvain",750,"estimated","submitted","object",1,0.263615016023016,0.418988928599344,0.184654764104476,0.951919710584666,750,34,66,NA,NA,NA,8569,0,145.072,"ncurve"
"Baron","Seurat","Refined Louvain",750,"true","submitted","object",1,0.634416625207295,0.709706867861361,0.525852230035138,0.921577780371105,750,14,14,NA,NA,NA,8569,0,121.734,"ncurve"
"Baron","Seurat","Refined Louvain",1000,"estimated","submitted","object",1,0.266768877732608,0.425504049824624,0.185928385543388,0.968140973275761,1000,33,66,NA,NA,NA,8569,0,144.837,"ncurve"
"Baron","Seurat","Refined Louvain",1000,"true","submitted","object",1,0.588347853255975,0.679293370087849,0.474300396234093,0.950285914342397,1000,14,14,NA,NA,NA,8569,0,119.735,"ncurve"
"Baron","Seurat","Refined Louvain",1500,"estimated","submitted","object",1,0.275171178125036,0.43297415556646,0.19244615761186,0.971525265491889,1500,34,66,NA,NA,NA,8569,0,137.882,"ncurve"
"Baron","Seurat","Refined Louvain",1500,"true","submitted","object",1,0.588414034004075,0.679564723685439,0.474245046025215,0.950752713268759,1500,14,14,NA,NA,NA,8569,0,129.164,"ncurve"
"Baron","Seurat","Refined Louvain",2500,"estimated","submitted","object",1,0.280274325201735,0.438669938170279,0.19605784720833,0.976309954487105,2500,35,66,NA,NA,NA,8569,0,114.398,"ncurve"
"Baron","Seurat","Refined Louvain",2500,"true","submitted","object",1,0.589740570540096,0.682299712859694,0.474678544778349,0.960555490722371,2500,14,14,NA,NA,NA,8569,0,146.124,"ncurve"
"Baron","Seurat","SC3",0,"estimated","submitted","object",1,0.188398343430703,0.351923262052887,0.127101975477693,0.972575563076205,1940,66,66,NA,NA,NA,8569,0,4651.251,"baronfix"
"Baron","Seurat","SC3",0,"true","submitted","object",1,0.58319536521399,0.667896646189078,0.473992716663722,0.906056716069553,1940,14,14,NA,NA,NA,8569,0,1624.293,"baronfix"
"Baron","Seurat","SC3",100,"estimated","submitted","object",1,0.166360674199769,0.318027603710918,0.114230039158859,0.929163262924495,100,66,66,NA,NA,NA,8569,0,2521.227,"baronfix"
"Baron","Seurat","SC3",100,"true","submitted","object",1,0.906509188397328,0.924751611834145,0.859865546196555,0.895553740226397,100,14,14,NA,NA,NA,8569,0,1521.026,"baronfix"
"Baron","Seurat","SC3",200,"estimated","submitted","object",1,0.142585741246401,0.286691410478651,0.0989210232480446,0.877815381024624,200,66,66,NA,NA,NA,8569,0,2209.552,"baronfix"
"Baron","Seurat","SC3",200,"true","submitted","object",1,0.523138447301671,0.615159768649075,0.419430330684017,0.840588166647217,200,14,14,NA,NA,NA,8569,0,1398.702,"baronfix"
"Baron","Seurat","SC3",300,"estimated","submitted","object",1,0.161974978757141,0.309238146208886,0.112407663815461,0.907457112848641,300,66,66,NA,NA,NA,8569,0,2367.708,"baronfix"
"Baron","Seurat","SC3",300,"true","submitted","object",1,0.733072794216296,0.787098314930547,0.63589430098772,0.888668456062551,300,14,14,NA,NA,NA,8569,0,1363.236,"baronfix"
"Baron","Seurat","SC3",500,"estimated","submitted","object",1,0.135253098111801,0.283405241942439,0.0921342755731294,0.91107480452795,500,66,66,NA,NA,NA,8569,0,3612.512,"baronfix"
"Baron","Seurat","SC3",500,"true","submitted","object",1,0.710741816395895,0.770419977553715,0.609272786400919,0.905239817948419,500,14,14,NA,NA,NA,8569,0,1476.373,"baronfix"
"Baron","Seurat","SC3",750,"estimated","submitted","object",1,0.151158001866739,0.310180466906312,0.101068736136418,0.958921694480103,750,66,66,NA,NA,NA,8569,0,2424.456,"baronfix"
"Baron","Seurat","SC3",750,"true","submitted","object",1,0.731453251420254,0.786311262596655,0.633547510228116,0.929513362119267,750,14,14,NA,NA,NA,8569,0,1449.554,"baronfix"
"Baron","Seurat","SC3",1000,"estimated","submitted","object",1,0.154730621172911,0.315023352905786,0.1033768789383,0.963939782938499,1000,66,66,NA,NA,NA,8569,0,2858.708,"baronfix"
"Baron","Seurat","SC3",1000,"true","submitted","object",1,0.633235447844405,0.713778822204704,0.521202668809211,0.950169214610806,1000,14,14,NA,NA,NA,8569,0,2369.365,"baronfix"
"Baron","Seurat","SC3",1500,"estimated","submitted","object",1,0.163332293271062,0.322595951414951,0.109898897442603,0.969191270860077,1500,66,66,NA,NA,NA,8569,0,2911.109,"baronfix"
"Baron","Seurat","SC3",1500,"true","submitted","object",1,0.57072324626438,0.662448270630389,0.458343174695006,0.92437857392928,1500,14,14,NA,NA,NA,8569,0,1529.267,"baronfix"
"Baron","Seurat","SC3",2500,"estimated","submitted","object",1,0.172984026744065,0.336185372526175,0.115971888626914,0.974559458513245,2500,66,66,NA,NA,NA,8569,0,3004.185,"baronfix"
"Baron","Seurat","SC3",2500,"true","submitted","object",1,0.552996894033312,0.644586391821404,0.443430491574076,0.904656319290466,2500,14,14,NA,NA,NA,8569,0,1482.563,"baronfix"
"Baron","Variance","Refined Louvain",0,"estimated","submitted","object",1,0.237525299219863,0.39381272471605,0.165118964065659,0.933597852724939,1940,37,66,NA,NA,NA,8569,0,116.546,"ncurve"
"Baron","Variance","Refined Louvain",0,"true","submitted","object",1,0.499550173331532,0.605440880410066,0.389929673015227,0.912591901038628,1940,14,14,NA,NA,NA,8569,0,133.421,"ncurve"
"Baron","Variance","Refined Louvain",100,"estimated","submitted","object",1,0.316132131463261,0.463835894658067,0.226498267682234,0.938966040378107,100,26,66,NA,NA,NA,8569,0,151.037,"ncurve"
"Baron","Variance","Refined Louvain",100,"true","submitted","object",1,0.53769073995138,0.63876009954608,0.424480892119924,0.93569844789357,100,14,14,NA,NA,NA,8569,0,142.332,"ncurve"
"Baron","Variance","Refined Louvain",200,"estimated","submitted","object",1,0.317965441067247,0.468258273264053,0.226948782006113,0.954137005484887,200,29,66,NA,NA,NA,8569,0,217.342,"ncurve"
"Baron","Variance","Refined Louvain",200,"true","submitted","object",1,0.533406307089764,0.63735675454568,0.419281499259165,0.944450927762866,200,14,14,NA,NA,NA,8569,0,143.57,"ncurve"
"Baron","Variance","Refined Louvain",300,"estimated","submitted","object",1,0.304449021344951,0.457647110562843,0.215786483783492,0.957287898237834,300,34,66,NA,NA,NA,8569,0,133.606,"ncurve"
"Baron","Variance","Refined Louvain",300,"true","submitted","object",1,0.51804964198668,0.625655290740468,0.404354814567042,0.947835219978994,300,14,14,NA,NA,NA,8569,0,136.232,"ncurve"
"Baron","Variance","Refined Louvain",500,"estimated","submitted","object",1,0.283612554684824,0.439146219603021,0.19944217043421,0.956120900921928,500,35,66,NA,NA,NA,8569,0,144.833,"ncurve"
"Baron","Variance","Refined Louvain",500,"true","submitted","object",1,0.506112285340281,0.610036221598052,0.396481924444089,0.919827284397246,500,13,14,NA,NA,NA,8569,0,122.022,"ncurve"
"Baron","Variance","Refined Louvain",750,"estimated","submitted","object",1,0.271652161004242,0.427031905001841,0.190605163125349,0.945617925078772,750,36,66,NA,NA,NA,8569,0,150.819,"ncurve"
"Baron","Variance","Refined Louvain",750,"true","submitted","object",1,0.505148023252678,0.60921487653198,0.395606687747555,0.91866028708134,750,13,14,NA,NA,NA,8569,0,141.266,"ncurve"
"Baron","Variance","Refined Louvain",1000,"estimated","submitted","object",1,0.264929114032157,0.420892397805524,0.185435341240067,0.943167230715369,1000,38,66,NA,NA,NA,8569,0,136.873,"ncurve"
"Baron","Variance","Refined Louvain",1000,"true","submitted","object",1,0.495472523177209,0.601574953410608,0.386487870132478,0.918076788423387,1000,14,14,NA,NA,NA,8569,0,137.219,"ncurve"
"Baron","Variance","Refined Louvain",1500,"estimated","submitted","object",1,0.258687524374952,0.415211155202117,0.180640210318146,0.938966040378107,1500,37,66,NA,NA,NA,8569,0,158.249,"ncurve"
"Baron","Variance","Refined Louvain",1500,"true","submitted","object",1,0.499526606141332,0.605426939575513,0.38990468502576,0.912825300501809,1500,14,14,NA,NA,NA,8569,0,125.59,"ncurve"
"Baron","Variance","Refined Louvain",2500,"estimated","submitted","object",1,0.242429351429108,0.399126917595981,0.168596781491451,0.928463064534952,2500,37,66,NA,NA,NA,8569,0,117.647,"ncurve"
"Baron","Variance","Refined Louvain",2500,"true","submitted","object",1,0.495774623281023,0.601799173986234,0.386780355221335,0.913292099428171,2500,14,14,NA,NA,NA,8569,0,144.709,"ncurve"
"Baron","Variance","SC3",0,"estimated","submitted","object",1,0.183738684590943,0.346685813444295,0.123854581241223,0.96790757381258,1940,66,66,NA,NA,NA,8569,0,3246.015,"baronfix"
"Baron","Variance","SC3",0,"true","submitted","object",1,0.575258297316658,0.665867558916445,0.462974986109288,0.925078772318824,1940,14,14,NA,NA,NA,8569,0,1574.315,"baronfix"
"Baron","Variance","SC3",100,"estimated","submitted","object",1,0.213048497287302,0.373166298502975,0.146002291114142,0.9527366087058,100,66,66,NA,NA,NA,8569,0,2853.461,"baronfix"
"Baron","Variance","SC3",100,"true","submitted","object",1,0.553111626411321,0.643829786143123,0.444196234822889,0.903139222779788,100,14,14,NA,NA,NA,8569,0,2148.918,"baronfix"
"Baron","Variance","SC3",200,"estimated","submitted","object",1,0.221866740531923,0.383403891068202,0.152056745660611,0.957171198506243,200,66,66,NA,NA,NA,8569,0,2402.618,"baronfix"
"Baron","Variance","SC3",200,"true","submitted","object",1,0.537261033889213,0.635656145220704,0.425682533016908,0.919710584665655,200,14,14,NA,NA,NA,8569,0,1355.057,"baronfix"
"Baron","Variance","SC3",300,"estimated","submitted","object",1,0.186693356231351,0.349221252428375,0.126110733537636,0.963589683743727,300,66,66,NA,NA,NA,8569,0,4028.313,"baronfix"
"Baron","Variance","SC3",300,"true","submitted","object",1,0.550969839171977,0.646644785018606,0.438945184834995,0.920410783055199,300,14,14,NA,NA,NA,8569,0,1575.999,"baronfix"
"Baron","Variance","SC3",500,"estimated","submitted","object",1,0.204788038529364,0.3669550788475,0.139398742685342,0.96032209125919,500,66,66,NA,NA,NA,8569,0,4339.343,"baronfix"
"Baron","Variance","SC3",500,"true","submitted","object",1,0.548692094618078,0.64482388213953,0.43672817037454,0.923094876881783,500,14,14,NA,NA,NA,8569,0,1465.215,"baronfix"
"Baron","Variance","SC3",750,"estimated","submitted","object",1,0.19760911811064,0.360809873273339,0.133891368955406,0.966273777570312,750,66,66,NA,NA,NA,8569,0,2824.965,"baronfix"
"Baron","Variance","SC3",750,"true","submitted","object",1,0.576521315970592,0.66857540811891,0.463193123920833,0.930446959971992,750,14,14,NA,NA,NA,8569,0,1481.69,"baronfix"
"Baron","Variance","SC3",1000,"estimated","submitted","object",1,0.189248084066728,0.351666081848306,0.127999702780039,0.96032209125919,1000,66,66,NA,NA,NA,8569,0,2976.321,"baronfix"
"Baron","Variance","SC3",1000,"true","submitted","object",1,0.557221156150385,0.651809687621483,0.444947285085041,0.923561675808146,1000,14,14,NA,NA,NA,8569,0,1391.781,"baronfix"
"Baron","Variance","SC3",1500,"estimated","submitted","object",1,0.182165248928391,0.345120975788354,0.122707472838681,0.965456879449177,1500,66,66,NA,NA,NA,8569,0,2784.515,"baronfix"
"Baron","Variance","SC3",1500,"true","submitted","object",1,0.552551903227379,0.648080726306452,0.440381255052739,0.92437857392928,1500,14,14,NA,NA,NA,8569,0,1521.043,"baronfix"
"Baron","Variance","SC3",2500,"estimated","submitted","object",1,0.202013333670433,0.365074804565797,0.137138070696148,0.963706383475318,2500,66,66,NA,NA,NA,8569,0,4169.987,"baronfix"
"Baron","Variance","SC3",2500,"true","submitted","object",1,0.597189539584067,0.682954236497269,0.485286796399767,0.925778970708367,2500,14,14,NA,NA,NA,8569,0,2407.13,"baronfix"
"Darmanis","DIFS","Refined Louvain",0,"true","submitted","default",1,0.584255682432126,0.652880323187495,0.478700392883945,0.815450643776824,2346,9,9,700,3279,"3:1",466,0,142.977,"ncurve"
"Darmanis","DIFS","Refined Louvain",0,"estimated","submitted","default",1,0.480418679941267,0.565789229538822,0.378755704152171,0.849785407725322,2346,NA,12,2300,4617,"1:2",NA,NA,188.068,"ncurve"
"Darmanis","DIFS","Refined Louvain",100,"true","submitted","default",1,0.592417297291452,0.659712111278609,0.487592454812027,0.781115879828326,100,9,9,700,3279,"1:3",466,0,147.668,"ncurve"
"Darmanis","DIFS","Refined Louvain",100,"estimated","submitted","default",1,0.497360760342441,0.585446522817458,0.387912558936991,0.836909871244635,100,NA,12,2300,4617,"2:1",NA,NA,222.723,"ncurve"
"Darmanis","DIFS","Refined Louvain",200,"true","submitted","default",1,0.551532674631972,0.625636000998346,0.445425217313379,0.785407725321888,200,9,9,700,3279,"1:1",466,0,143.919,"ncurve"
"Darmanis","DIFS","Refined Louvain",200,"estimated","submitted","default",1,0.564252059576749,0.641616736399854,0.450630604709155,0.866952789699571,200,NA,12,2300,4617,"3:1",NA,NA,150.663,"ncurve"
"Darmanis","DIFS","Refined Louvain",300,"true","submitted","default",1,0.624047263040861,0.686661943249482,0.517491601343785,0.804721030042919,300,9,9,700,3279,"1:3",466,0,138.903,"ncurve"
"Darmanis","DIFS","Refined Louvain",300,"estimated","submitted","default",1,0.500568818561505,0.587701315229887,0.39122590447251,0.847639484978541,300,NA,12,2300,4617,"1:2",NA,NA,148.267,"ncurve"
"Darmanis","DIFS","Refined Louvain",500,"true","submitted","default",1,0.561442635113958,0.633814041508993,0.455501582066937,0.78755364806867,500,9,9,700,3279,"1:3",466,0,140.442,"ncurve"
"Darmanis","DIFS","Refined Louvain",500,"estimated","submitted","default",1,0.541465623162687,0.621735650694761,0.429541999239833,0.879828326180258,500,NA,12,2300,4617,"1:3",NA,NA,169.432,"ncurve"
"Darmanis","DIFS","Refined Louvain",750,"true","submitted","default",1,0.602901512506009,0.668624459103168,0.498828226716431,0.813304721030043,750,9,9,700,3279,"1:3",466,0,138.815,"ncurve"
"Darmanis","DIFS","Refined Louvain",750,"estimated","submitted","default",1,0.53615606265929,0.616837959438699,0.42494914612801,0.871244635193133,750,NA,12,2300,4617,"1:2",NA,NA,152.234,"ncurve"
"Darmanis","DIFS","Refined Louvain",1000,"true","submitted","default",1,0.571236952169625,0.641753351334598,0.468839679616225,0.809012875536481,1000,9,9,700,3279,"3:2",466,0,138.495,"ncurve"
"Darmanis","DIFS","Refined Louvain",1000,"estimated","submitted","default",1,0.475845911675676,0.563681905222029,0.37211986886457,0.854077253218884,1000,NA,12,2300,4617,"1:2",NA,NA,147.457,"ncurve"
"Darmanis","DIFS","Refined Louvain",1500,"true","submitted","default",1,0.57850918355424,0.647889123055703,0.474321557694821,0.809012875536481,1500,9,9,700,3279,"1:1",466,0,141.236,"ncurve"
"Darmanis","DIFS","Refined Louvain",1500,"estimated","submitted","default",1,0.483625923595452,0.57020782231154,0.379181470031837,0.862660944206009,1500,NA,12,2300,4617,"1:3",NA,NA,147.881,"ncurve"
"Darmanis","DIFS","Refined Louvain",2500,"true","submitted","default",1,0.58575535207645,0.654145050142983,0.480206540447504,0.815450643776824,2500,9,9,700,3279,"1:1",466,0,156.866,"ncurve"
"Darmanis","DIFS","Refined Louvain",2500,"estimated","submitted","default",1,0.484489277734421,0.56908783989642,0.382705479452055,0.851931330472103,2500,NA,12,2300,4617,"1:3",NA,NA,148.933,"ncurve"
"Darmanis","DIFS","SC3",0,"true","submitted","default",1,0.769091764931861,0.815187473049859,0.684337843378434,0.832618025751073,2346,9,9,700,3279,"3:1",466,0,238.751,"ncurve"
"Darmanis","DIFS","SC3",0,"estimated","submitted","default",1,0.579302151468418,0.652346877192001,0.467069828970991,0.851931330472103,2346,NA,12,2300,4617,"1:2",NA,NA,235.915,"ncurve"
"Darmanis","DIFS","SC3",100,"true","submitted","default",1,0.61235512079149,0.676707669236129,0.506180524677635,0.804721030042919,100,9,9,700,3279,"1:3",466,0,233.391,"ncurve"
"Darmanis","DIFS","SC3",100,"estimated","submitted","default",1,0.636928537026599,0.700493388454465,0.525195648024432,0.849785407725322,100,NA,12,2300,4617,"2:1",NA,NA,315.024,"ncurve"
"Darmanis","DIFS","SC3",200,"true","submitted","default",1,0.677700221388436,0.731910392624654,0.575684131670559,0.832618025751073,200,9,9,700,3279,"1:1",466,0,224.065,"ncurve"
"Darmanis","DIFS","SC3",200,"estimated","submitted","default",1,0.577270719038347,0.651820903270441,0.463912108908526,0.841201716738197,200,NA,12,2300,4617,"3:1",NA,NA,240.412,"ncurve"
"Darmanis","DIFS","SC3",300,"true","submitted","default",1,0.691435953039771,0.743321768165256,0.58908058921573,0.841201716738197,300,9,9,700,3279,"1:3",466,0,235.951,"ncurve"
"Darmanis","DIFS","SC3",300,"estimated","submitted","default",1,0.64540338139632,0.709476668624851,0.532228181374939,0.862660944206009,300,NA,12,2300,4617,"1:2",NA,NA,241.445,"ncurve"
"Darmanis","DIFS","SC3",500,"true","submitted","default",1,0.668338434845753,0.724350325575742,0.566958102493075,0.821888412017167,500,9,9,700,3279,"1:3",466,0,222.496,"ncurve"
"Darmanis","DIFS","SC3",500,"estimated","submitted","default",1,0.567653554929931,0.643005081733455,0.455286093217128,0.873390557939914,500,NA,12,2300,4617,"1:3",NA,NA,258.174,"ncurve"
"Darmanis","DIFS","SC3",750,"true","submitted","default",1,0.681207930233295,0.73500325811843,0.579975473020322,0.832618025751073,750,9,9,700,3279,"1:3",466,0,218.489,"ncurve"
"Darmanis","DIFS","SC3",750,"estimated","submitted","default",1,0.698081678669671,0.749007553555551,0.595139844108207,0.877682403433476,750,NA,12,2300,4617,"1:2",NA,NA,236.171,"ncurve"
"Darmanis","DIFS","SC3",1000,"true","submitted","default",1,0.675706746787175,0.730710525445451,0.575086355785838,0.800429184549356,1000,9,9,700,3279,"3:2",466,0,220.678,"ncurve"
"Darmanis","DIFS","SC3",1000,"estimated","submitted","default",1,0.656151323564738,0.716059981349027,0.545878989995236,0.873390557939914,1000,NA,12,2300,4617,"1:2",NA,NA,263.594,"ncurve"
"Darmanis","DIFS","SC3",1500,"true","submitted","default",1,0.767562261650858,0.814306639336596,0.682773537934131,0.830472103004292,1500,9,9,700,3279,"1:1",466,0,217.617,"ncurve"
"Darmanis","DIFS","SC3",1500,"estimated","submitted","default",1,0.657980499190447,0.71697721378949,0.548589785987622,0.860515021459227,1500,NA,12,2300,4617,"1:3",NA,NA,233.504,"ncurve"
"Darmanis","DIFS","SC3",2500,"true","submitted","default",1,0.752450645486808,0.803321594794813,0.666280879594525,0.811158798283262,2500,9,9,700,3279,"1:1",466,0,224.293,"ncurve"
"Darmanis","DIFS","SC3",2500,"estimated","submitted","default",1,0.505328013488629,0.590487937257392,0.396726862302483,0.854077253218884,2500,NA,12,2300,4617,"1:3",NA,NA,233.48,"ncurve"
"Darmanis","FEAST","Refined Louvain",0,"true","submitted","default",1,0.512815824914138,0.591738933869126,0.414331413947537,0.774678111587983,2346,9,9,NA,NA,NA,466,0,13.232,"ncurve"
"Darmanis","FEAST","Refined Louvain",0,"estimated","submitted","default",1,0.474025643381053,0.564289126878906,0.368193156680943,0.830472103004292,2346,NA,12,NA,NA,NA,NA,NA,15.049,"ncurve"
"Darmanis","FEAST","Refined Louvain",100,"true","submitted","default",1,0.322084510018783,0.433611691348943,0.276082659478886,0.650214592274678,100,9,9,NA,NA,NA,466,0,13.951,"ncurve"
"Darmanis","FEAST","Refined Louvain",100,"estimated","submitted","default",1,0.269969132636663,0.376368377968663,0.217251176794877,0.667381974248927,100,NA,12,NA,NA,NA,NA,NA,15.74,"ncurve"
"Darmanis","FEAST","Refined Louvain",200,"true","submitted","default",1,0.677817830043085,0.73208152836938,0.576124643405749,0.817596566523605,200,9,9,NA,NA,NA,466,0,13.837,"ncurve"
"Darmanis","FEAST","Refined Louvain",200,"estimated","submitted","default",1,0.44523235812551,0.539242760935315,0.343388449107687,0.8068669527897,200,NA,12,NA,NA,NA,NA,NA,15.871,"ncurve"
"Darmanis","FEAST","Refined Louvain",300,"true","submitted","default",1,0.707542878223658,0.756869543627761,0.607099418892743,0.817596566523605,300,9,9,NA,NA,NA,466,0,13.985,"ncurve"
"Darmanis","FEAST","Refined Louvain",300,"estimated","submitted","default",1,0.521813256035895,0.605243510382457,0.411097936921982,0.839055793991416,300,NA,12,NA,NA,NA,NA,NA,22.647,"ncurve"
"Darmanis","FEAST","Refined Louvain",500,"true","submitted","default",1,0.679221838986391,0.734582223358716,0.580443241414312,0.824034334763948,500,9,9,NA,NA,NA,466,0,16.327,"ncurve"
"Darmanis","FEAST","Refined Louvain",500,"estimated","submitted","default",1,0.54276425991014,0.620705828948278,0.433007448789572,0.843347639484979,500,NA,12,NA,NA,NA,NA,NA,14.955,"ncurve"
"Darmanis","FEAST","Refined Louvain",750,"true","submitted","default",1,0.631497015668595,0.693615179787886,0.522985074626866,0.793991416309013,750,9,9,NA,NA,NA,466,0,13.823,"ncurve"
"Darmanis","FEAST","Refined Louvain",750,"estimated","submitted","default",1,0.482508096670183,0.574033587349864,0.373573688752517,0.830472103004292,750,NA,12,NA,NA,NA,NA,NA,14.4,"ncurve"
"Darmanis","FEAST","Refined Louvain",1000,"true","submitted","default",1,0.665502501888405,0.721700366110735,0.559821469235324,0.802575107296137,1000,9,9,NA,NA,NA,466,0,12.838,"ncurve"
"Darmanis","FEAST","Refined Louvain",1000,"estimated","submitted","default",1,0.486167805249538,0.573662460710188,0.379982243820382,0.832618025751073,1000,NA,12,NA,NA,NA,NA,NA,15.106,"ncurve"
"Darmanis","FEAST","Refined Louvain",1500,"true","submitted","default",1,0.598204299158464,0.66493187869281,0.491222570532915,0.800429184549356,1500,9,9,NA,NA,NA,466,0,13.684,"ncurve"
"Darmanis","FEAST","Refined Louvain",1500,"estimated","submitted","default",1,0.473977207737627,0.565122043574052,0.367348872465416,0.832618025751073,1500,NA,12,NA,NA,NA,NA,NA,24.078,"ncurve"
"Darmanis","FEAST","Refined Louvain",2500,"true","submitted","default",1,0.509496431028545,0.58890165272245,0.410574692895799,0.783261802575107,2500,9,9,NA,NA,NA,466,0,18.271,"ncurve"
"Darmanis","FEAST","Refined Louvain",2500,"estimated","submitted","default",1,0.472061620485448,0.562276140364652,0.366780870136575,0.830472103004292,2500,NA,12,NA,NA,NA,NA,NA,14.362,"ncurve"
"Darmanis","FEAST","SC3",0,"true","submitted","default",1,0.776597775347239,0.827464432700437,0.695759233926129,0.82618025751073,2346,9,9,NA,NA,NA,466,0,87.84,"ncurve"
"Darmanis","FEAST","SC3",0,"estimated","submitted","default",1,0.688667650682026,0.741158020114996,0.587486744432662,0.841201716738197,2346,NA,12,NA,NA,NA,NA,NA,97.709,"ncurve"
"Darmanis","FEAST","SC3",100,"true","submitted","default",1,0.351968275409413,0.460706435849482,0.298958370619608,0.63519313304721,100,9,9,NA,NA,NA,466,0,88.81,"ncurve"
"Darmanis","FEAST","SC3",100,"estimated","submitted","default",1,0.367207454550923,0.466001886148253,0.298802085406137,0.680257510729614,100,NA,12,NA,NA,NA,NA,NA,106.37,"ncurve"
"Darmanis","FEAST","SC3",200,"true","submitted","default",1,0.658861959466479,0.720422200006116,0.562640449438202,0.748927038626609,200,9,9,NA,NA,NA,466,0,99.614,"ncurve"
"Darmanis","FEAST","SC3",200,"estimated","submitted","default",1,0.613760619890651,0.6779762034255,0.507129766215189,0.796137339055794,200,NA,12,NA,NA,NA,NA,NA,113.386,"ncurve"
"Darmanis","FEAST","SC3",300,"true","submitted","default",1,0.736953769012565,0.782330377929319,0.642398381136724,0.811158798283262,300,9,9,NA,NA,NA,466,0,95.761,"ncurve"
"Darmanis","FEAST","SC3",300,"estimated","submitted","default",1,0.686750877494058,0.740477629906988,0.580316742081448,0.834763948497854,300,NA,12,NA,NA,NA,NA,NA,126.301,"ncurve"
"Darmanis","FEAST","SC3",500,"true","submitted","default",1,0.764407224117016,0.80830291627001,0.67704280155642,0.821888412017167,500,9,9,NA,NA,NA,466,0,94.954,"ncurve"
"Darmanis","FEAST","SC3",500,"estimated","submitted","default",1,0.776018015041175,0.814227308996972,0.684506642711929,0.862660944206009,500,NA,12,NA,NA,NA,NA,NA,104.518,"ncurve"
"Darmanis","FEAST","SC3",750,"true","submitted","default",1,0.779914758644621,0.821235948068671,0.695231601823838,0.830472103004292,750,9,9,NA,NA,NA,466,0,119.14,"ncurve"
"Darmanis","FEAST","SC3",750,"estimated","submitted","default",1,0.790472386636169,0.826553094228019,0.704231156699331,0.858369098712446,750,NA,12,NA,NA,NA,NA,NA,101.632,"ncurve"
"Darmanis","FEAST","SC3",1000,"true","submitted","default",1,0.778433212760961,0.818141611308059,0.691964285714286,0.856223175965665,1000,9,9,NA,NA,NA,466,0,88.406,"ncurve"
"Darmanis","FEAST","SC3",1000,"estimated","submitted","default",1,0.768365258205501,0.807771655728547,0.675899112564222,0.854077253218884,1000,NA,12,NA,NA,NA,NA,NA,99.871,"ncurve"
"Darmanis","FEAST","SC3",1500,"true","submitted","default",1,0.792754986605573,0.836253200918009,0.712893184796854,0.836909871244635,1500,9,9,NA,NA,NA,466,0,90.484,"ncurve"
"Darmanis","FEAST","SC3",1500,"estimated","submitted","default",1,0.723809266520965,0.77090098627378,0.626755882483272,0.873390557939914,1500,NA,12,NA,NA,NA,NA,NA,120.43,"ncurve"
"Darmanis","FEAST","SC3",2500,"true","submitted","default",1,0.776597775347239,0.827464432700437,0.695759233926129,0.82618025751073,2500,9,9,NA,NA,NA,466,0,88.254,"ncurve"
"Darmanis","FEAST","SC3",2500,"estimated","submitted","default",1,0.560231962650235,0.634511690270357,0.450843862399705,0.830472103004292,2500,NA,12,NA,NA,NA,NA,NA,125.524,"ncurve"
"Darmanis","GateOnly","Refined Louvain",0,"true","submitted","default",1,0.59016254759346,0.657829737184844,0.484944393160139,0.830472103004292,2346,9,9,NA,NA,NA,466,0,8.692,"ncurve"
"Darmanis","GateOnly","Refined Louvain",0,"estimated","submitted","default",1,0.503734102063668,0.587024207510404,0.397679130594953,0.860515021459227,2346,NA,12,NA,NA,NA,NA,NA,9.123,"ncurve"
"Darmanis","GateOnly","Refined Louvain",100,"true","submitted","default",1,0.451742351497557,0.539211442179358,0.358622777801808,0.753218884120172,100,9,9,NA,NA,NA,466,0,8.144,"ncurve"
"Darmanis","GateOnly","Refined Louvain",100,"estimated","submitted","default",1,0.439926717139334,0.53183739882897,0.342106463531451,0.78755364806867,100,NA,12,NA,NA,NA,NA,NA,13.417,"ncurve"
"Darmanis","GateOnly","Refined Louvain",200,"true","submitted","default",1,0.542186961545117,0.616984727001222,0.439440790906319,0.813304721030043,200,9,9,NA,NA,NA,466,0,10.505,"ncurve"
"Darmanis","GateOnly","Refined Louvain",200,"estimated","submitted","default",1,0.48257340397528,0.571225707970408,0.376133001455878,0.832618025751073,200,NA,12,NA,NA,NA,NA,NA,10.126,"ncurve"
"Darmanis","GateOnly","Refined Louvain",300,"true","submitted","default",1,0.564955654632296,0.636361285696131,0.461250598320352,0.821888412017167,300,9,9,NA,NA,NA,466,0,11.483,"ncurve"
"Darmanis","GateOnly","Refined Louvain",300,"estimated","submitted","default",1,0.496992291315844,0.58322563303327,0.38935022284776,0.836909871244635,300,NA,12,NA,NA,NA,NA,NA,9.13,"ncurve"
"Darmanis","GateOnly","Refined Louvain",500,"true","submitted","default",1,0.542026660691074,0.616790422925556,0.439934221914488,0.785407725321888,500,9,9,NA,NA,NA,466,0,8.364,"ncurve"
"Darmanis","GateOnly","Refined Louvain",500,"estimated","submitted","default",1,0.531568198483648,0.611702247205155,0.421977200523267,0.843347639484979,500,NA,12,NA,NA,NA,NA,NA,11.533,"ncurve"
"Darmanis","GateOnly","Refined Louvain",750,"true","submitted","default",1,0.518045995280441,0.596398324883889,0.416859172732424,0.78755364806867,750,9,9,NA,NA,NA,466,0,8.324,"ncurve"
"Darmanis","GateOnly","Refined Louvain",750,"estimated","submitted","default",1,0.511538045194339,0.594996585222588,0.403187362714399,0.860515021459227,750,NA,12,NA,NA,NA,NA,NA,9.852,"ncurve"
"Darmanis","GateOnly","Refined Louvain",1000,"true","submitted","default",1,0.516325264554112,0.594954777757652,0.415128104403998,0.789699570815451,1000,9,9,NA,NA,NA,466,0,8.491,"ncurve"
"Darmanis","GateOnly","Refined Louvain",1000,"estimated","submitted","default",1,0.543272337813357,0.62270073529893,0.431780562780799,0.879828326180258,1000,NA,12,NA,NA,NA,NA,NA,13.269,"ncurve"
"Darmanis","GateOnly","Refined Louvain",1500,"true","submitted","default",1,0.575499890564582,0.645522871811757,0.469833119383825,0.834763948497854,1500,9,9,NA,NA,NA,466,0,8.33,"ncurve"
"Darmanis","GateOnly","Refined Louvain",1500,"estimated","submitted","default",1,0.550576708950081,0.625957319277463,0.442261904761905,0.86480686695279,1500,NA,12,NA,NA,NA,NA,NA,8.933,"ncurve"
"Darmanis","GateOnly","Refined Louvain",2500,"true","submitted","default",1,0.59016254759346,0.657829737184844,0.484944393160139,0.830472103004292,2346,9,9,NA,NA,NA,466,0,8.086,"ncurve"
"Darmanis","GateOnly","Refined Louvain",2500,"estimated","submitted","default",1,0.503734102063668,0.587024207510404,0.397679130594953,0.860515021459227,2346,NA,12,NA,NA,NA,NA,NA,8.87,"ncurve"
"Darmanis","GateOnly","SC3",0,"true","submitted","default",1,0.676686272409707,0.732023534052583,0.577093638069248,0.793991416309013,2346,9,9,NA,NA,NA,466,0,87.27,"ncurve"
"Darmanis","GateOnly","SC3",0,"estimated","submitted","default",1,0.535967585041038,0.615092828303918,0.426468533097312,0.851931330472103,2346,NA,12,NA,NA,NA,NA,NA,96.383,"ncurve"
"Darmanis","GateOnly","SC3",100,"true","submitted","default",1,0.597506034250334,0.664103018827155,0.494120687427316,0.785407725321888,100,9,9,NA,NA,NA,466,0,114.6,"ncurve"
"Darmanis","GateOnly","SC3",100,"estimated","submitted","default",1,0.424015239277166,0.517828240754317,0.328891718586566,0.772532188841202,100,NA,12,NA,NA,NA,NA,NA,159.63,"ncurve"
"Darmanis","GateOnly","SC3",200,"true","submitted","default",1,0.556619141148282,0.629266681162416,0.453248052908672,0.772532188841202,200,9,9,NA,NA,NA,466,0,114.267,"ncurve"
"Darmanis","GateOnly","SC3",200,"estimated","submitted","default",1,0.534771077197767,0.612129718611243,0.428156485431606,0.809012875536481,200,NA,12,NA,NA,NA,NA,NA,115.946,"ncurve"
"Darmanis","GateOnly","SC3",300,"true","submitted","default",1,0.659380233630626,0.71635341318686,0.55472558930089,0.821888412017167,300,9,9,NA,NA,NA,466,0,100.261,"ncurve"
"Darmanis","GateOnly","SC3",300,"estimated","submitted","default",1,0.522224022663849,0.603766427312653,0.413334577520646,0.824034334763948,300,NA,12,NA,NA,NA,NA,NA,186.384,"ncurve"
"Darmanis","GateOnly","SC3",500,"true","submitted","default",1,0.66622934629352,0.722132903963805,0.561739208552307,0.82618025751073,500,9,9,NA,NA,NA,466,0,95.714,"ncurve"
"Darmanis","GateOnly","SC3",500,"estimated","submitted","default",1,0.500275312710698,0.58420313656088,0.394385026737968,0.836909871244635,500,NA,12,NA,NA,NA,NA,NA,115.38,"ncurve"
"Darmanis","GateOnly","SC3",750,"true","submitted","default",1,0.636672394708821,0.69788693224887,0.535100012740476,0.802575107296137,750,9,9,NA,NA,NA,466,0,92.312,"ncurve"
"Darmanis","GateOnly","SC3",750,"estimated","submitted","default",1,0.509950006887016,0.594144977406487,0.401211097028588,0.828326180257511,750,NA,12,NA,NA,NA,NA,NA,102.367,"ncurve"
"Darmanis","GateOnly","SC3",1000,"true","submitted","default",1,0.655640522796364,0.714604618923626,0.555747005673461,0.804721030042919,1000,9,9,NA,NA,NA,466,0,92.041,"ncurve"
"Darmanis","GateOnly","SC3",1000,"estimated","submitted","default",1,0.485477905135267,0.575859953834163,0.376790147030743,0.824034334763948,1000,NA,12,NA,NA,NA,NA,NA,140.404,"ncurve"
"Darmanis","GateOnly","SC3",1500,"true","submitted","default",1,0.672648415036348,0.728901514566053,0.573314713723499,0.793991416309013,1500,9,9,NA,NA,NA,466,0,90.379,"ncurve"
"Darmanis","GateOnly","SC3",1500,"estimated","submitted","default",1,0.523776434388685,0.607187819119024,0.41265690376569,0.86480686695279,1500,NA,12,NA,NA,NA,NA,NA,98.372,"ncurve"
"Darmanis","GateOnly","SC3",2500,"true","submitted","default",1,0.676686272409707,0.732023534052583,0.577093638069248,0.793991416309013,2346,9,9,NA,NA,NA,466,0,87.571,"ncurve"
"Darmanis","GateOnly","SC3",2500,"estimated","submitted","default",1,0.535967585041038,0.615092828303918,0.426468533097312,0.851931330472103,2346,NA,12,NA,NA,NA,NA,NA,95.886,"ncurve"
"Darmanis","Seurat","Refined Louvain",0,"true","submitted","default",1,0.584852108019108,0.653333011825257,0.481744291059218,0.8068669527897,2346,9,9,NA,NA,NA,466,0,8.813,"ncurve"
"Darmanis","Seurat","Refined Louvain",0,"estimated","submitted","default",1,0.425856513225799,0.52214494767195,0.327189585180346,0.809012875536481,2346,NA,12,NA,NA,NA,NA,NA,9.171,"ncurve"
"Darmanis","Seurat","Refined Louvain",100,"true","submitted","default",1,0.518148834781166,0.597570519512169,0.424362766948981,0.757510729613734,100,9,9,NA,NA,NA,466,0,8.682,"ncurve"
"Darmanis","Seurat","Refined Louvain",100,"estimated","submitted","default",1,0.44692798297721,0.536731587954605,0.34993482267272,0.791845493562232,100,NA,12,NA,NA,NA,NA,NA,15.684,"ncurve"
"Darmanis","Seurat","Refined Louvain",200,"true","submitted","default",1,0.448284901171952,0.535993356201119,0.359167924844825,0.748927038626609,200,9,9,NA,NA,NA,466,0,17.352,"ncurve"
"Darmanis","Seurat","Refined Louvain",200,"estimated","submitted","default",1,0.445698570983325,0.536399027914336,0.347678060738118,0.813304721030043,200,NA,12,NA,NA,NA,NA,NA,10.369,"ncurve"
"Darmanis","Seurat","Refined Louvain",300,"true","submitted","default",1,0.523705022697735,0.601274135136048,0.421843599825251,0.809012875536481,300,9,9,NA,NA,NA,466,0,9.117,"ncurve"
"Darmanis","Seurat","Refined Louvain",300,"estimated","submitted","default",1,0.525286074922107,0.607499589246434,0.414964381752135,0.84549356223176,300,NA,12,NA,NA,NA,NA,NA,10.958,"ncurve"
"Darmanis","Seurat","Refined Louvain",500,"true","submitted","default",1,0.630710075744452,0.692146742370473,0.525922013907226,0.8068669527897,500,9,9,NA,NA,NA,466,0,8.941,"ncurve"
"Darmanis","Seurat","Refined Louvain",500,"estimated","submitted","default",1,0.519385587165211,0.604015157351403,0.408121391420528,0.847639484978541,500,NA,12,NA,NA,NA,NA,NA,16.894,"ncurve"
"Darmanis","Seurat","Refined Louvain",750,"true","submitted","default",1,0.62994564423788,0.691498727891376,0.524925004411505,0.798283261802575,750,9,9,NA,NA,NA,466,0,8.691,"ncurve"
"Darmanis","Seurat","Refined Louvain",750,"estimated","submitted","default",1,0.492130720556838,0.579072036258074,0.38498687171793,0.832618025751073,750,NA,12,NA,NA,NA,NA,NA,10.443,"ncurve"
"Darmanis","Seurat","Refined Louvain",1000,"true","submitted","default",1,0.778615649321051,0.823699254728505,0.695764378174668,0.84549356223176,1000,8,9,NA,NA,NA,466,0,8.896,"ncurve"
"Darmanis","Seurat","Refined Louvain",1000,"estimated","submitted","default",1,0.484142239281316,0.57327496539905,0.376854038734058,0.841201716738197,1000,NA,12,NA,NA,NA,NA,NA,9.344,"ncurve"
"Darmanis","Seurat","Refined Louvain",1500,"true","submitted","default",1,0.580994967052043,0.650264631677647,0.47929119504854,0.793991416309013,1500,9,9,NA,NA,NA,466,0,11.154,"ncurve"
"Darmanis","Seurat","Refined Louvain",1500,"estimated","submitted","default",1,0.514337150269425,0.597364292704098,0.405759162303665,0.836909871244635,1500,NA,12,NA,NA,NA,NA,NA,17.766,"ncurve"
"Darmanis","Seurat","Refined Louvain",2500,"true","submitted","default",1,0.54793747116449,0.621887890026723,0.444841408156152,0.811158798283262,2500,9,9,NA,NA,NA,466,0,8.691,"ncurve"
"Darmanis","Seurat","Refined Louvain",2500,"estimated","submitted","default",1,0.532925027112093,0.613037083528319,0.423033707865169,0.858369098712446,2500,NA,12,NA,NA,NA,NA,NA,17.441,"ncurve"
"Darmanis","Seurat","SC3",0,"true","submitted","default",1,0.711897381507005,0.76141152308114,0.614596003475239,0.824034334763948,2346,9,9,NA,NA,NA,466,0,87.425,"ncurve"
"Darmanis","Seurat","SC3",0,"estimated","submitted","default",1,0.544922055151873,0.620273226616509,0.438600441302292,0.828326180257511,2346,NA,12,NA,NA,NA,NA,NA,97.152,"ncurve"
"Darmanis","Seurat","SC3",100,"true","submitted","default",1,0.540839828085809,0.617671621575457,0.445998633385586,0.727467811158798,100,9,9,NA,NA,NA,466,0,100.77,"ncurve"
"Darmanis","Seurat","SC3",100,"estimated","submitted","default",1,0.56620885074256,0.637446260966327,0.462189640877951,0.804721030042919,100,NA,12,NA,NA,NA,NA,NA,170.667,"ncurve"
"Darmanis","Seurat","SC3",200,"true","submitted","default",1,0.589028386191298,0.657608738459954,0.488563319141832,0.748927038626609,200,9,9,NA,NA,NA,466,0,98.743,"ncurve"
"Darmanis","Seurat","SC3",200,"estimated","submitted","default",1,0.574238239200567,0.644267724033714,0.471199000473913,0.8068669527897,200,NA,12,NA,NA,NA,NA,NA,110.622,"ncurve"
"Darmanis","Seurat","SC3",300,"true","submitted","default",1,0.622588939385156,0.685325156071166,0.518502394427514,0.774678111587983,300,9,9,NA,NA,NA,466,0,98.375,"ncurve"
"Darmanis","Seurat","SC3",300,"estimated","submitted","default",1,0.638684917905867,0.700274224150483,0.529217148182665,0.834763948497854,300,NA,12,NA,NA,NA,NA,NA,121.548,"ncurve"
"Darmanis","Seurat","SC3",500,"true","submitted","default",1,0.660211423449945,0.717189675126987,0.557379201680672,0.813304721030043,500,9,9,NA,NA,NA,466,0,108.845,"ncurve"
"Darmanis","Seurat","SC3",500,"estimated","submitted","default",1,0.594272706073405,0.661444547975759,0.488050817341862,0.8068669527897,500,NA,12,NA,NA,NA,NA,NA,106.011,"ncurve"
"Darmanis","Seurat","SC3",750,"true","submitted","default",1,0.670479327801618,0.725838418294296,0.568095949389333,0.815450643776824,750,9,9,NA,NA,NA,466,0,93.485,"ncurve"
"Darmanis","Seurat","SC3",750,"estimated","submitted","default",1,0.526583562328651,0.604866688944806,0.421142831371488,0.815450643776824,750,NA,12,NA,NA,NA,NA,NA,103.79,"ncurve"
"Darmanis","Seurat","SC3",1000,"true","submitted","default",1,0.670845697527677,0.726187663669155,0.568666988120808,0.817596566523605,1000,9,9,NA,NA,NA,466,0,91.009,"ncurve"
"Darmanis","Seurat","SC3",1000,"estimated","submitted","default",1,0.53719602013023,0.614432163358769,0.429990884229717,0.849785407725322,1000,NA,12,NA,NA,NA,NA,NA,101.13,"ncurve"
"Darmanis","Seurat","SC3",1500,"true","submitted","default",1,0.657606408272537,0.715436920954775,0.556151798746458,0.809012875536481,1500,9,9,NA,NA,NA,466,0,89.486,"ncurve"
"Darmanis","Seurat","SC3",1500,"estimated","submitted","default",1,0.542324805052238,0.618659965751681,0.435002275830678,0.821888412017167,1500,NA,12,NA,NA,NA,NA,NA,122.611,"ncurve"
"Darmanis","Seurat","SC3",2500,"true","submitted","default",1,0.767530800812928,0.809863622332429,0.679859052039019,0.809012875536481,2500,9,9,NA,NA,NA,466,0,93.864,"ncurve"
"Darmanis","Seurat","SC3",2500,"estimated","submitted","default",1,0.555258822515821,0.629902524023839,0.446729571271528,0.856223175965665,2500,NA,12,NA,NA,NA,NA,NA,151.935,"ncurve"
"Darmanis","Variance","Refined Louvain",0,"true","submitted","default",1,0.57948066090923,0.648723756394224,0.476100004317976,0.821888412017167,2346,9,9,NA,NA,NA,466,0,13.922,"ncurve"
"Darmanis","Variance","Refined Louvain",0,"estimated","submitted","default",1,0.479271149755062,0.567051277798976,0.374634689428028,0.862660944206009,2346,NA,12,NA,NA,NA,NA,NA,9.375,"ncurve"
"Darmanis","Variance","Refined Louvain",100,"true","submitted","default",1,0.703553647424279,0.753627117104462,0.60100335987481,0.854077253218884,100,9,9,NA,NA,NA,466,0,8.811,"ncurve"
"Darmanis","Variance","Refined Louvain",100,"estimated","submitted","default",1,0.493160360752745,0.581500660860962,0.384447398404861,0.847639484978541,100,NA,12,NA,NA,NA,NA,NA,17.977,"ncurve"
"Darmanis","Variance","Refined Louvain",200,"true","submitted","default",1,0.693808602948704,0.745333203525314,0.591140159767611,0.847639484978541,200,9,9,NA,NA,NA,466,0,13.068,"ncurve"
"Darmanis","Variance","Refined Louvain",200,"estimated","submitted","default",1,0.48353319565172,0.571304322876697,0.37774770149811,0.847639484978541,200,NA,12,NA,NA,NA,NA,NA,10.309,"ncurve"
"Darmanis","Variance","Refined Louvain",300,"true","submitted","default",1,0.591166606314746,0.658708526233156,0.485672720860518,0.830472103004292,300,9,9,NA,NA,NA,466,0,10.417,"ncurve"
"Darmanis","Variance","Refined Louvain",300,"estimated","submitted","default",1,0.477196113388532,0.567452622304125,0.370576841309586,0.84549356223176,300,NA,12,NA,NA,NA,NA,NA,14.883,"ncurve"
"Darmanis","Variance","Refined Louvain",500,"true","submitted","default",1,0.590570237807521,0.658153397775929,0.48562412342216,0.830472103004292,500,9,9,NA,NA,NA,466,0,8.474,"ncurve"
"Darmanis","Variance","Refined Louvain",500,"estimated","submitted","default",1,0.499447398610114,0.584060342115864,0.392941612948106,0.849785407725322,500,NA,12,NA,NA,NA,NA,NA,15.682,"ncurve"
"Darmanis","Variance","Refined Louvain",750,"true","submitted","default",1,0.578857317776155,0.648187919593359,0.474583660301683,0.824034334763948,750,9,9,NA,NA,NA,466,0,8.533,"ncurve"
"Darmanis","Variance","Refined Louvain",750,"estimated","submitted","default",1,0.476010954709017,0.563723583462198,0.372388025277919,0.824034334763948,750,NA,12,NA,NA,NA,NA,NA,10.19,"ncurve"
"Darmanis","Variance","Refined Louvain",1000,"true","submitted","default",1,0.571046244521813,0.641582551900388,0.466582045782816,0.824034334763948,1000,9,9,NA,NA,NA,466,0,11.823,"ncurve"
"Darmanis","Variance","Refined Louvain",1000,"estimated","submitted","default",1,0.477469606195992,0.56639136524259,0.372077800635871,0.839055793991416,1000,NA,12,NA,NA,NA,NA,NA,15.054,"ncurve"
"Darmanis","Variance","Refined Louvain",1500,"true","submitted","default",1,0.685300673194015,0.738328041448655,0.583884917483011,0.856223175965665,1500,9,9,NA,NA,NA,466,0,9.249,"ncurve"
"Darmanis","Variance","Refined Louvain",1500,"estimated","submitted","default",1,0.510406468905883,0.59186452892931,0.404950765864333,0.854077253218884,1500,NA,12,NA,NA,NA,NA,NA,9.229,"ncurve"
"Darmanis","Variance","Refined Louvain",2500,"true","submitted","default",1,0.676463599689493,0.731488888011832,0.576196825669921,0.821888412017167,2500,8,9,NA,NA,NA,466,0,9.073,"ncurve"
"Darmanis","Variance","Refined Louvain",2500,"estimated","submitted","default",1,0.481050312739931,0.568167532359869,0.376692389445959,0.862660944206009,2500,NA,12,NA,NA,NA,NA,NA,14.454,"ncurve"
"Darmanis","Variance","SC3",0,"true","submitted","default",1,0.698594216348746,0.749735669190107,0.598990785432207,0.836909871244635,2346,9,9,NA,NA,NA,466,0,86.801,"ncurve"
"Darmanis","Variance","SC3",0,"estimated","submitted","default",1,0.520565783909538,0.60214281903561,0.412054922038632,0.851931330472103,2346,NA,12,NA,NA,NA,NA,NA,96.174,"ncurve"
"Darmanis","Variance","SC3",100,"true","submitted","default",1,0.625379365634962,0.688203898719201,0.517374869062258,0.815450643776824,100,9,9,NA,NA,NA,466,0,96.18,"ncurve"
"Darmanis","Variance","SC3",100,"estimated","submitted","default",1,0.542084982318449,0.620407948001916,0.432039968249521,0.834763948497854,100,NA,12,NA,NA,NA,NA,NA,135.184,"ncurve"
"Darmanis","Variance","SC3",200,"true","submitted","default",1,0.641333936407425,0.701339284818945,0.538341632387963,0.789699570815451,200,9,9,NA,NA,NA,466,0,91.19,"ncurve"
"Darmanis","Variance","SC3",200,"estimated","submitted","default",1,0.543908854283978,0.624279919636638,0.431407167056354,0.873390557939914,200,NA,12,NA,NA,NA,NA,NA,102.267,"ncurve"
"Darmanis","Variance","SC3",300,"true","submitted","default",1,0.654697639377064,0.712414435309779,0.549720420487587,0.793991416309013,300,9,9,NA,NA,NA,466,0,92.768,"ncurve"
"Darmanis","Variance","SC3",300,"estimated","submitted","default",1,0.589431864576787,0.661289813467207,0.476561757155082,0.821888412017167,300,NA,12,NA,NA,NA,NA,NA,167.201,"ncurve"
"Darmanis","Variance","SC3",500,"true","submitted","default",1,0.63483882877582,0.696375479249647,0.533344638996057,0.798283261802575,500,9,9,NA,NA,NA,466,0,99.569,"ncurve"
"Darmanis","Variance","SC3",500,"estimated","submitted","default",1,0.495199488007343,0.58180820463594,0.387623832104794,0.851931330472103,500,NA,12,NA,NA,NA,NA,NA,116.572,"ncurve"
"Darmanis","Variance","SC3",750,"true","submitted","default",1,0.679552531594701,0.733694921995996,0.578488245300301,0.824034334763948,750,9,9,NA,NA,NA,466,0,88.677,"ncurve"
"Darmanis","Variance","SC3",750,"estimated","submitted","default",1,0.563166239298198,0.639181775456853,0.451010077115958,0.854077253218884,750,NA,12,NA,NA,NA,NA,NA,99.91,"ncurve"
"Darmanis","Variance","SC3",1000,"true","submitted","default",1,0.697525202535493,0.748945850189227,0.598112465591821,0.832618025751073,1000,9,9,NA,NA,NA,466,0,88.987,"ncurve"
"Darmanis","Variance","SC3",1000,"estimated","submitted","default",1,0.576155130929914,0.649577123481818,0.464135817024287,0.856223175965665,1000,NA,12,NA,NA,NA,NA,NA,99.313,"ncurve"
"Darmanis","Variance","SC3",1500,"true","submitted","default",1,0.70064511917466,0.751472685155984,0.601255266853933,0.839055793991416,1500,9,9,NA,NA,NA,466,0,88.226,"ncurve"
"Darmanis","Variance","SC3",1500,"estimated","submitted","default",1,0.519953729831289,0.601670897732534,0.411436021605513,0.856223175965665,1500,NA,12,NA,NA,NA,NA,NA,97.997,"ncurve"
"Darmanis","Variance","SC3",2500,"true","submitted","default",1,0.668529551286411,0.724770448922528,0.567791516400481,0.789699570815451,2500,9,9,NA,NA,NA,466,0,87.067,"ncurve"
"Darmanis","Variance","SC3",2500,"estimated","submitted","default",1,0.54171491956199,0.620201097540181,0.431569598952977,0.851931330472103,2500,NA,12,NA,NA,NA,NA,NA,125.414,"ncurve"
"Fletcher","DIFS","Refined Louvain",0,"true","submitted","default",1,0.778552101522591,0.799883187591535,0.665842738550508,0.871753246753247,2918,13,13,1900,3729,"2:3",616,0,252.723,"ncurve"
"Fletcher","DIFS","Refined Louvain",0,"estimated","submitted","default",1,0.778552101522591,0.799883187591535,0.665842738550508,0.871753246753247,2918,NA,13,1900,3729,"2:3",NA,NA,232.092,"ncurve"
"Fletcher","DIFS","Refined Louvain",100,"true","submitted","default",1,0.599847079604166,0.63768938413252,0.466968857550575,0.774350649350649,100,13,13,1900,3729,"3:1",616,0,228.3,"ncurve"
"Fletcher","DIFS","Refined Louvain",100,"estimated","submitted","default",1,0.599847079604166,0.63768938413252,0.466968857550575,0.774350649350649,100,NA,13,1900,3729,"3:1",NA,NA,232.138,"ncurve"
"Fletcher","DIFS","Refined Louvain",200,"true","submitted","default",1,0.684678578787136,0.714804786549411,0.554999557169427,0.829545454545455,200,13,13,1900,3729,"3:2",616,0,234.57,"ncurve"
"Fletcher","DIFS","Refined Louvain",200,"estimated","submitted","default",1,0.684678578787136,0.714804786549411,0.554999557169427,0.829545454545455,200,NA,13,1900,3729,"3:2",NA,NA,229.589,"ncurve"
"Fletcher","DIFS","Refined Louvain",300,"true","submitted","default",1,0.810343468404158,0.828651893721088,0.707276995305164,0.887987012987013,300,13,13,1900,3729,"2:1",616,0,226.602,"ncurve"
"Fletcher","DIFS","Refined Louvain",300,"estimated","submitted","default",1,0.810343468404158,0.828651893721088,0.707276995305164,0.887987012987013,300,NA,13,1900,3729,"2:1",NA,NA,228.963,"ncurve"
"Fletcher","DIFS","Refined Louvain",500,"true","submitted","default",1,0.76244876998914,0.785725256830456,0.647064045093427,0.887987012987013,500,13,13,1900,3729,"2:3",616,0,263.317,"ncurve"
"Fletcher","DIFS","Refined Louvain",500,"estimated","submitted","default",1,0.76244876998914,0.785725256830456,0.647064045093427,0.887987012987013,500,NA,13,1900,3729,"2:3",NA,NA,270.514,"ncurve"
"Fletcher","DIFS","Refined Louvain",750,"true","submitted","default",1,0.826519941877969,0.843443920417511,0.729271944600412,0.896103896103896,750,13,13,1900,3729,"3:2",616,0,228.017,"ncurve"
"Fletcher","DIFS","Refined Louvain",750,"estimated","submitted","default",1,0.826519941877969,0.843443920417511,0.729271944600412,0.896103896103896,750,NA,13,1900,3729,"3:2",NA,NA,274.373,"ncurve"
"Fletcher","DIFS","Refined Louvain",1000,"true","submitted","default",1,0.76848180531742,0.790762152710136,0.6532437442076,0.87012987012987,1000,13,13,1900,3729,"2:3",616,0,227.468,"ncurve"
"Fletcher","DIFS","Refined Louvain",1000,"estimated","submitted","default",1,0.76848180531742,0.790762152710136,0.6532437442076,0.87012987012987,1000,NA,13,1900,3729,"2:3",NA,NA,229.695,"ncurve"
"Fletcher","DIFS","Refined Louvain",1500,"true","submitted","default",1,0.716541019475945,0.743813361728009,0.59062386322299,0.855519480519481,1500,13,13,1900,3729,"1:3",616,0,228.099,"ncurve"
"Fletcher","DIFS","Refined Louvain",1500,"estimated","submitted","default",1,0.716541019475945,0.743813361728009,0.59062386322299,0.855519480519481,1500,NA,13,1900,3729,"1:3",NA,NA,227.586,"ncurve"
"Fletcher","DIFS","Refined Louvain",2500,"true","submitted","default",1,0.772681324016529,0.794545412896803,0.658741129849783,0.871753246753247,2500,13,13,1900,3729,"1:2",616,0,246.604,"ncurve"
"Fletcher","DIFS","Refined Louvain",2500,"estimated","submitted","default",1,0.772681324016529,0.794545412896803,0.658741129849783,0.871753246753247,2500,NA,13,1900,3729,"1:2",NA,NA,379.883,"ncurve"
"Fletcher","DIFS","SC3",0,"true","submitted","default",1,0.815658156801025,0.838287063731417,0.717009980887662,0.875,2918,13,13,1900,3729,"2:3",616,0,370.307,"ncurve"
"Fletcher","DIFS","SC3",0,"estimated","submitted","default",1,0.815658156801025,0.838287063731417,0.717009980887662,0.875,2918,NA,13,1900,3729,"2:3",NA,NA,371.92,"ncurve"
"Fletcher","DIFS","SC3",100,"true","submitted","default",1,0.727032393290053,0.755074611125353,0.605910710542863,0.814935064935065,100,13,13,1900,3729,"3:1",616,0,394.984,"ncurve"
"Fletcher","DIFS","SC3",100,"estimated","submitted","default",1,0.727032393290053,0.755074611125353,0.605910710542863,0.814935064935065,100,NA,13,1900,3729,"3:1",NA,NA,415.714,"ncurve"
"Fletcher","DIFS","SC3",200,"true","submitted","default",1,0.744141073848901,0.770212715688786,0.62582654323621,0.819805194805195,200,13,13,1900,3729,"3:2",616,0,382.695,"ncurve"
"Fletcher","DIFS","SC3",200,"estimated","submitted","default",1,0.744141073848901,0.770212715688786,0.62582654323621,0.819805194805195,200,NA,13,1900,3729,"3:2",NA,NA,383.901,"ncurve"
"Fletcher","DIFS","SC3",300,"true","submitted","default",1,0.779151201080371,0.802744062336559,0.669113858835652,0.855519480519481,300,13,13,1900,3729,"2:1",616,0,371.127,"ncurve"
"Fletcher","DIFS","SC3",300,"estimated","submitted","default",1,0.779151201080371,0.802744062336559,0.669113858835652,0.855519480519481,300,NA,13,1900,3729,"2:1",NA,NA,369.4,"ncurve"
"Fletcher","DIFS","SC3",500,"true","submitted","default",1,0.783965109956336,0.807648071837363,0.67541837431694,0.86038961038961,500,13,13,1900,3729,"2:3",616,0,371.206,"ncurve"
"Fletcher","DIFS","SC3",500,"estimated","submitted","default",1,0.783965109956336,0.807648071837363,0.67541837431694,0.86038961038961,500,NA,13,1900,3729,"2:3",NA,NA,613.116,"ncurve"
"Fletcher","DIFS","SC3",750,"true","submitted","default",1,0.780157801079984,0.803499307812281,0.670299375403834,0.850649350649351,750,13,13,1900,3729,"3:2",616,0,377.642,"ncurve"
"Fletcher","DIFS","SC3",750,"estimated","submitted","default",1,0.780157801079984,0.803499307812281,0.670299375403834,0.850649350649351,750,NA,13,1900,3729,"3:2",NA,NA,490.834,"ncurve"
"Fletcher","DIFS","SC3",1000,"true","submitted","default",1,0.795992025176235,0.816522189750264,0.689655172413793,0.863636363636364,1000,13,13,1900,3729,"2:3",616,0,367.234,"ncurve"
"Fletcher","DIFS","SC3",1000,"estimated","submitted","default",1,0.795992025176235,0.816522189750264,0.689655172413793,0.863636363636364,1000,NA,13,1900,3729,"2:3",NA,NA,367.574,"ncurve"
"Fletcher","DIFS","SC3",1500,"true","submitted","default",1,0.811405947908542,0.831855081227169,0.710497431619616,0.86038961038961,1500,13,13,1900,3729,"1:3",616,0,371.347,"ncurve"
"Fletcher","DIFS","SC3",1500,"estimated","submitted","default",1,0.811405947908542,0.831855081227169,0.710497431619616,0.86038961038961,1500,NA,13,1900,3729,"1:3",NA,NA,370.902,"ncurve"
"Fletcher","DIFS","SC3",2500,"true","submitted","default",1,0.828053135225871,0.847938390047321,0.733053625278615,0.871753246753247,2500,13,13,1900,3729,"1:2",616,0,406.81,"ncurve"
"Fletcher","DIFS","SC3",2500,"estimated","submitted","default",1,0.828053135225871,0.847938390047321,0.733053625278615,0.871753246753247,2500,NA,13,1900,3729,"1:2",NA,NA,393.575,"ncurve"
"Fletcher","FEAST","Refined Louvain",0,"true","submitted","default",1,0.677174068098037,0.707985936573371,0.547411361367877,0.797077922077922,2918,13,13,NA,NA,NA,616,0,18.697,"ncurve"
"Fletcher","FEAST","Refined Louvain",0,"estimated","submitted","default",1,0.677174068098037,0.707985936573371,0.547411361367877,0.797077922077922,2918,NA,13,NA,NA,NA,NA,NA,18.478,"ncurve"
"Fletcher","FEAST","Refined Louvain",100,"true","submitted","default",1,0.520813994075028,0.565739106097157,0.393373662914146,0.724025974025974,100,13,13,NA,NA,NA,616,0,27.004,"ncurve"
"Fletcher","FEAST","Refined Louvain",100,"estimated","submitted","default",1,0.520813994075028,0.565739106097157,0.393373662914146,0.724025974025974,100,NA,13,NA,NA,NA,NA,NA,18.511,"ncurve"
"Fletcher","FEAST","Refined Louvain",200,"true","submitted","default",1,0.639855574249472,0.674073775482718,0.507190837065105,0.806818181818182,200,13,13,NA,NA,NA,616,0,18.873,"ncurve"
"Fletcher","FEAST","Refined Louvain",200,"estimated","submitted","default",1,0.639855574249472,0.674073775482718,0.507190837065105,0.806818181818182,200,NA,13,NA,NA,NA,NA,NA,18.207,"ncurve"
"Fletcher","FEAST","Refined Louvain",300,"true","submitted","default",1,0.744904561334752,0.769780495463217,0.625726104559057,0.853896103896104,300,13,13,NA,NA,NA,616,0,18.812,"ncurve"
"Fletcher","FEAST","Refined Louvain",300,"estimated","submitted","default",1,0.744904561334752,0.769780495463217,0.625726104559057,0.853896103896104,300,NA,13,NA,NA,NA,NA,NA,18.398,"ncurve"
"Fletcher","FEAST","Refined Louvain",500,"true","submitted","default",1,0.787916924133268,0.808520693156,0.678574687471485,0.866883116883117,500,13,13,NA,NA,NA,616,0,18.294,"ncurve"
"Fletcher","FEAST","Refined Louvain",500,"estimated","submitted","default",1,0.787916924133268,0.808520693156,0.678574687471485,0.866883116883117,500,NA,13,NA,NA,NA,NA,NA,17.848,"ncurve"
"Fletcher","FEAST","Refined Louvain",750,"true","submitted","default",1,0.680076995816755,0.710633330343058,0.549907170011493,0.808441558441558,750,13,13,NA,NA,NA,616,0,20.715,"ncurve"
"Fletcher","FEAST","Refined Louvain",750,"estimated","submitted","default",1,0.680076995816755,0.710633330343058,0.549907170011493,0.808441558441558,750,NA,13,NA,NA,NA,NA,NA,17.959,"ncurve"
"Fletcher","FEAST","Refined Louvain",1000,"true","submitted","default",1,0.736759135902271,0.762462007756626,0.613791172902865,0.875,1000,14,13,NA,NA,NA,616,0,18.41,"ncurve"
"Fletcher","FEAST","Refined Louvain",1000,"estimated","submitted","default",1,0.736759135902271,0.762462007756626,0.613791172902865,0.875,1000,NA,13,NA,NA,NA,NA,NA,29.514,"ncurve"
"Fletcher","FEAST","Refined Louvain",1500,"true","submitted","default",1,0.725397678235196,0.751867812134351,0.602288228822882,0.818181818181818,1500,13,13,NA,NA,NA,616,0,27.84,"ncurve"
"Fletcher","FEAST","Refined Louvain",1500,"estimated","submitted","default",1,0.725397678235196,0.751867812134351,0.602288228822882,0.818181818181818,1500,NA,13,NA,NA,NA,NA,NA,18.058,"ncurve"
"Fletcher","FEAST","Refined Louvain",2500,"true","submitted","default",1,0.672969592200707,0.704157487908482,0.542308198447164,0.808441558441558,2500,13,13,NA,NA,NA,616,0,18.579,"ncurve"
"Fletcher","FEAST","Refined Louvain",2500,"estimated","submitted","default",1,0.672969592200707,0.704157487908482,0.542308198447164,0.808441558441558,2500,NA,13,NA,NA,NA,NA,NA,25.299,"ncurve"
"Fletcher","FEAST","SC3",0,"true","submitted","default",1,0.779723910281021,0.80263894896129,0.669504408634843,0.863636363636364,2918,13,13,NA,NA,NA,616,0,157.285,"ncurve"
"Fletcher","FEAST","SC3",0,"estimated","submitted","default",1,0.779723910281021,0.80263894896129,0.669504408634843,0.863636363636364,2918,NA,13,NA,NA,NA,NA,NA,158.614,"ncurve"
"Fletcher","FEAST","SC3",100,"true","submitted","default",1,0.480426481208564,0.556883782385515,0.372246189243601,0.672077922077922,100,13,13,NA,NA,NA,616,0,197.338,"ncurve"
"Fletcher","FEAST","SC3",100,"estimated","submitted","default",1,0.480426481208564,0.556883782385515,0.372246189243601,0.672077922077922,100,NA,13,NA,NA,NA,NA,NA,184.281,"ncurve"
"Fletcher","FEAST","SC3",200,"true","submitted","default",1,0.631762376599069,0.6720460442252,0.504077625915578,0.76461038961039,200,13,13,NA,NA,NA,616,0,181.01,"ncurve"
"Fletcher","FEAST","SC3",200,"estimated","submitted","default",1,0.631762376599069,0.6720460442252,0.504077625915578,0.76461038961039,200,NA,13,NA,NA,NA,NA,NA,181.699,"ncurve"
"Fletcher","FEAST","SC3",300,"true","submitted","default",1,0.738693321244756,0.764786135371052,0.618980048159615,0.852272727272727,300,13,13,NA,NA,NA,616,0,168.942,"ncurve"
"Fletcher","FEAST","SC3",300,"estimated","submitted","default",1,0.738693321244756,0.764786135371052,0.618980048159615,0.852272727272727,300,NA,13,NA,NA,NA,NA,NA,159.723,"ncurve"
"Fletcher","FEAST","SC3",500,"true","submitted","default",1,0.757867817247777,0.784489160930086,0.643330692573907,0.832792207792208,500,13,13,NA,NA,NA,616,0,157.065,"ncurve"
"Fletcher","FEAST","SC3",500,"estimated","submitted","default",1,0.757867817247777,0.784489160930086,0.643330692573907,0.832792207792208,500,NA,13,NA,NA,NA,NA,NA,264.222,"ncurve"
"Fletcher","FEAST","SC3",750,"true","submitted","default",1,0.786994610454621,0.809704460235653,0.67893598615917,0.847402597402597,750,13,13,NA,NA,NA,616,0,170.985,"ncurve"
"Fletcher","FEAST","SC3",750,"estimated","submitted","default",1,0.786994610454621,0.809704460235653,0.67893598615917,0.847402597402597,750,NA,13,NA,NA,NA,NA,NA,160.11,"ncurve"
"Fletcher","FEAST","SC3",1000,"true","submitted","default",1,0.789974158346343,0.811991041984879,0.682514734774067,0.852272727272727,1000,13,13,NA,NA,NA,616,0,153.592,"ncurve"
"Fletcher","FEAST","SC3",1000,"estimated","submitted","default",1,0.789974158346343,0.811991041984879,0.682514734774067,0.852272727272727,1000,NA,13,NA,NA,NA,NA,NA,152.497,"ncurve"
"Fletcher","FEAST","SC3",1500,"true","submitted","default",1,0.760016455655934,0.790007227176937,0.647214111435543,0.800324675324675,1500,13,13,NA,NA,NA,616,0,216.509,"ncurve"
"Fletcher","FEAST","SC3",1500,"estimated","submitted","default",1,0.760016455655934,0.790007227176937,0.647214111435543,0.800324675324675,1500,NA,13,NA,NA,NA,NA,NA,169.209,"ncurve"
"Fletcher","FEAST","SC3",2500,"true","submitted","default",1,0.789241022590929,0.810952182427629,0.681366514245515,0.862012987012987,2500,13,13,NA,NA,NA,616,0,156.737,"ncurve"
"Fletcher","FEAST","SC3",2500,"estimated","submitted","default",1,0.789241022590929,0.810952182427629,0.681366514245515,0.862012987012987,2500,NA,13,NA,NA,NA,NA,NA,172.09,"ncurve"
"Fletcher","GateOnly","Refined Louvain",0,"true","submitted","default",1,0.727354424940324,0.753554140409639,0.604344934604301,0.862012987012987,2918,13,13,NA,NA,NA,616,0,11.022,"ncurve"
"Fletcher","GateOnly","Refined Louvain",0,"estimated","submitted","default",1,0.727354424940324,0.753554140409639,0.604344934604301,0.862012987012987,2918,NA,13,NA,NA,NA,NA,NA,9.496,"ncurve"
"Fletcher","GateOnly","Refined Louvain",100,"true","submitted","default",1,0.366799728627543,0.425675925653672,0.26979738823615,0.595779220779221,100,13,13,NA,NA,NA,616,0,11.206,"ncurve"
"Fletcher","GateOnly","Refined Louvain",100,"estimated","submitted","default",1,0.366799728627543,0.425675925653672,0.26979738823615,0.595779220779221,100,NA,13,NA,NA,NA,NA,NA,10.343,"ncurve"
"Fletcher","GateOnly","Refined Louvain",200,"true","submitted","default",1,0.421276282772034,0.474691666912535,0.309831600751851,0.641233766233766,200,13,13,NA,NA,NA,616,0,9.974,"ncurve"
"Fletcher","GateOnly","Refined Louvain",200,"estimated","submitted","default",1,0.421276282772034,0.474691666912535,0.309831600751851,0.641233766233766,200,NA,13,NA,NA,NA,NA,NA,12.939,"ncurve"
"Fletcher","GateOnly","Refined Louvain",300,"true","submitted","default",1,0.53977555361236,0.582968136562063,0.410097719869707,0.766233766233766,300,13,13,NA,NA,NA,616,0,12.494,"ncurve"
"Fletcher","GateOnly","Refined Louvain",300,"estimated","submitted","default",1,0.53977555361236,0.582968136562063,0.410097719869707,0.766233766233766,300,NA,13,NA,NA,NA,NA,NA,9.895,"ncurve"
"Fletcher","GateOnly","Refined Louvain",500,"true","submitted","default",1,0.575260791283655,0.615309604944947,0.443183230456937,0.787337662337662,500,13,13,NA,NA,NA,616,0,10.308,"ncurve"
"Fletcher","GateOnly","Refined Louvain",500,"estimated","submitted","default",1,0.575260791283655,0.615309604944947,0.443183230456937,0.787337662337662,500,NA,13,NA,NA,NA,NA,NA,12.652,"ncurve"
"Fletcher","GateOnly","Refined Louvain",750,"true","submitted","default",1,0.571324665500762,0.611730277042433,0.438796463143779,0.795454545454545,750,13,13,NA,NA,NA,616,0,10.192,"ncurve"
"Fletcher","GateOnly","Refined Louvain",750,"estimated","submitted","default",1,0.571324665500762,0.611730277042433,0.438796463143779,0.795454545454545,750,NA,13,NA,NA,NA,NA,NA,13.092,"ncurve"
"Fletcher","GateOnly","Refined Louvain",1000,"true","submitted","default",1,0.692822355180252,0.722996521699698,0.566147368421053,0.819805194805195,1000,12,13,NA,NA,NA,616,0,10.11,"ncurve"
"Fletcher","GateOnly","Refined Louvain",1000,"estimated","submitted","default",1,0.692822355180252,0.722996521699698,0.566147368421053,0.819805194805195,1000,NA,13,NA,NA,NA,NA,NA,9.449,"ncurve"
"Fletcher","GateOnly","Refined Louvain",1500,"true","submitted","default",1,0.700411765963684,0.72905000590239,0.572981092065736,0.831168831168831,1500,13,13,NA,NA,NA,616,0,11.46,"ncurve"
"Fletcher","GateOnly","Refined Louvain",1500,"estimated","submitted","default",1,0.700411765963684,0.72905000590239,0.572981092065736,0.831168831168831,1500,NA,13,NA,NA,NA,NA,NA,9.699,"ncurve"
"Fletcher","GateOnly","Refined Louvain",2500,"true","submitted","default",1,0.677125273751534,0.707936488539774,0.547322242974417,0.824675324675325,2500,13,13,NA,NA,NA,616,0,11.006,"ncurve"
"Fletcher","GateOnly","Refined Louvain",2500,"estimated","submitted","default",1,0.677125273751534,0.707936488539774,0.547322242974417,0.824675324675325,2500,NA,13,NA,NA,NA,NA,NA,14.78,"ncurve"
"Fletcher","GateOnly","SC3",0,"true","submitted","default",1,0.81997292498201,0.840780876987876,0.722284871616933,0.86038961038961,2918,13,13,NA,NA,NA,616,0,151.52,"ncurve"
"Fletcher","GateOnly","SC3",0,"estimated","submitted","default",1,0.81997292498201,0.840780876987876,0.722284871616933,0.86038961038961,2918,NA,13,NA,NA,NA,NA,NA,151.898,"ncurve"
"Fletcher","GateOnly","SC3",100,"true","submitted","default",1,0.423759364711427,0.478339497436391,0.314117647058824,0.633116883116883,100,13,13,NA,NA,NA,616,0,262.641,"ncurve"
"Fletcher","GateOnly","SC3",100,"estimated","submitted","default",1,0.423759364711427,0.478339497436391,0.314117647058824,0.633116883116883,100,NA,13,NA,NA,NA,NA,NA,251.86,"ncurve"
"Fletcher","GateOnly","SC3",200,"true","submitted","default",1,0.547081486018012,0.589949967329539,0.417897931475122,0.741883116883117,200,13,13,NA,NA,NA,616,0,218.903,"ncurve"
"Fletcher","GateOnly","SC3",200,"estimated","submitted","default",1,0.547081486018012,0.589949967329539,0.417897931475122,0.741883116883117,200,NA,13,NA,NA,NA,NA,NA,275.53,"ncurve"
"Fletcher","GateOnly","SC3",300,"true","submitted","default",1,0.647256177196154,0.681181209044077,0.516398230827005,0.777597402597403,300,13,13,NA,NA,NA,616,0,195.747,"ncurve"
"Fletcher","GateOnly","SC3",300,"estimated","submitted","default",1,0.647256177196154,0.681181209044077,0.516398230827005,0.777597402597403,300,NA,13,NA,NA,NA,NA,NA,193.08,"ncurve"
"Fletcher","GateOnly","SC3",500,"true","submitted","default",1,0.733705156946177,0.759351255967943,0.611921763427507,0.824675324675325,500,13,13,NA,NA,NA,616,0,176.544,"ncurve"
"Fletcher","GateOnly","SC3",500,"estimated","submitted","default",1,0.733705156946177,0.759351255967943,0.611921763427507,0.824675324675325,500,NA,13,NA,NA,NA,NA,NA,176.903,"ncurve"
"Fletcher","GateOnly","SC3",750,"true","submitted","default",1,0.775631735352367,0.797509516903929,0.663214768122467,0.86038961038961,750,13,13,NA,NA,NA,616,0,175.392,"ncurve"
"Fletcher","GateOnly","SC3",750,"estimated","submitted","default",1,0.775631735352367,0.797509516903929,0.663214768122467,0.86038961038961,750,NA,13,NA,NA,NA,NA,NA,173.857,"ncurve"
"Fletcher","GateOnly","SC3",1000,"true","submitted","default",1,0.76679811982429,0.790316377540652,0.653014888879186,0.845779220779221,1000,13,13,NA,NA,NA,616,0,159.254,"ncurve"
"Fletcher","GateOnly","SC3",1000,"estimated","submitted","default",1,0.76679811982429,0.790316377540652,0.653014888879186,0.845779220779221,1000,NA,13,NA,NA,NA,NA,NA,157.217,"ncurve"
"Fletcher","GateOnly","SC3",1500,"true","submitted","default",1,0.79977060160316,0.82197075250354,0.695601552393273,0.850649350649351,1500,13,13,NA,NA,NA,616,0,172.145,"ncurve"
"Fletcher","GateOnly","SC3",1500,"estimated","submitted","default",1,0.79977060160316,0.82197075250354,0.695601552393273,0.850649350649351,1500,NA,13,NA,NA,NA,NA,NA,159.27,"ncurve"
"Fletcher","GateOnly","SC3",2500,"true","submitted","default",1,0.8146912887745,0.83693541952141,0.715590846994536,0.852272727272727,2500,13,13,NA,NA,NA,616,0,152.84,"ncurve"
"Fletcher","GateOnly","SC3",2500,"estimated","submitted","default",1,0.8146912887745,0.83693541952141,0.715590846994536,0.852272727272727,2500,NA,13,NA,NA,NA,NA,NA,152.443,"ncurve"
"Fletcher","Seurat","Refined Louvain",0,"true","submitted","default",1,0.700833723341134,0.729497489351181,0.572889108111744,0.837662337662338,2500,13,13,NA,NA,NA,616,0,10.402,"ncurve"
"Fletcher","Seurat","Refined Louvain",0,"estimated","submitted","default",1,0.700833723341134,0.729497489351181,0.572889108111744,0.837662337662338,2500,NA,13,NA,NA,NA,NA,NA,11.255,"ncurve"
"Fletcher","Seurat","Refined Louvain",100,"true","submitted","default",1,0.607162848362218,0.64464197430734,0.475331717536869,0.766233766233766,100,13,13,NA,NA,NA,616,0,10.446,"ncurve"
"Fletcher","Seurat","Refined Louvain",100,"estimated","submitted","default",1,0.607162848362218,0.64464197430734,0.475331717536869,0.766233766233766,100,NA,13,NA,NA,NA,NA,NA,14.369,"ncurve"
"Fletcher","Seurat","Refined Louvain",200,"true","submitted","default",1,0.5864931833935,0.625943624804415,0.455285211125056,0.737012987012987,200,12,13,NA,NA,NA,616,0,10.665,"ncurve"
"Fletcher","Seurat","Refined Louvain",200,"estimated","submitted","default",1,0.5864931833935,0.625943624804415,0.455285211125056,0.737012987012987,200,NA,13,NA,NA,NA,NA,NA,10.267,"ncurve"
"Fletcher","Seurat","Refined Louvain",300,"true","submitted","default",1,0.595999953685078,0.634200236889137,0.462707416186929,0.766233766233766,300,13,13,NA,NA,NA,616,0,10.532,"ncurve"
"Fletcher","Seurat","Refined Louvain",300,"estimated","submitted","default",1,0.595999953685078,0.634200236889137,0.462707416186929,0.766233766233766,300,NA,13,NA,NA,NA,NA,NA,18.33,"ncurve"
"Fletcher","Seurat","Refined Louvain",500,"true","submitted","default",1,0.607710918526411,0.644840646726416,0.474579138820743,0.772727272727273,500,13,13,NA,NA,NA,616,0,10.227,"ncurve"
"Fletcher","Seurat","Refined Louvain",500,"estimated","submitted","default",1,0.607710918526411,0.644840646726416,0.474579138820743,0.772727272727273,500,NA,13,NA,NA,NA,NA,NA,10.27,"ncurve"
"Fletcher","Seurat","Refined Louvain",750,"true","submitted","default",1,0.581306431556735,0.62090267738364,0.447953812192223,0.75487012987013,750,13,13,NA,NA,NA,616,0,11.116,"ncurve"
"Fletcher","Seurat","Refined Louvain",750,"estimated","submitted","default",1,0.581306431556735,0.62090267738364,0.447953812192223,0.75487012987013,750,NA,13,NA,NA,NA,NA,NA,10.735,"ncurve"
"Fletcher","Seurat","Refined Louvain",1000,"true","submitted","default",1,0.616062619323389,0.652530329289394,0.482292115467471,0.782467532467532,1000,13,13,NA,NA,NA,616,0,10.567,"ncurve"
"Fletcher","Seurat","Refined Louvain",1000,"estimated","submitted","default",1,0.616062619323389,0.652530329289394,0.482292115467471,0.782467532467532,1000,NA,13,NA,NA,NA,NA,NA,15.43,"ncurve"
"Fletcher","Seurat","Refined Louvain",1500,"true","submitted","default",1,0.618995971485746,0.655712475507136,0.484191468692043,0.797077922077922,1500,13,13,NA,NA,NA,616,0,13.941,"ncurve"
"Fletcher","Seurat","Refined Louvain",1500,"estimated","submitted","default",1,0.618995971485746,0.655712475507136,0.484191468692043,0.797077922077922,1500,NA,13,NA,NA,NA,NA,NA,14.467,"ncurve"
"Fletcher","Seurat","Refined Louvain",2500,"true","submitted","default",1,0.700833723341134,0.729497489351181,0.572889108111744,0.837662337662338,2500,13,13,NA,NA,NA,616,0,10.639,"ncurve"
"Fletcher","Seurat","Refined Louvain",2500,"estimated","submitted","default",1,0.700833723341134,0.729497489351181,0.572889108111744,0.837662337662338,2500,NA,13,NA,NA,NA,NA,NA,14.679,"ncurve"
"Fletcher","Seurat","SC3",0,"true","submitted","default",1,0.80212136619748,0.821938708933006,0.697489973412645,0.86038961038961,2500,13,13,NA,NA,NA,616,0,157.204,"ncurve"
"Fletcher","Seurat","SC3",0,"estimated","submitted","default",1,0.80212136619748,0.821938708933006,0.697489973412645,0.86038961038961,2500,NA,13,NA,NA,NA,NA,NA,180.221,"ncurve"
"Fletcher","Seurat","SC3",100,"true","submitted","default",1,0.618464468008244,0.655865333561224,0.487937805562235,0.76461038961039,100,13,13,NA,NA,NA,616,0,189.253,"ncurve"
"Fletcher","Seurat","SC3",100,"estimated","submitted","default",1,0.618464468008244,0.655865333561224,0.487937805562235,0.76461038961039,100,NA,13,NA,NA,NA,NA,NA,188.761,"ncurve"
"Fletcher","Seurat","SC3",200,"true","submitted","default",1,0.638464813631726,0.674256288651627,0.508519637462236,0.782467532467532,200,13,13,NA,NA,NA,616,0,184.706,"ncurve"
"Fletcher","Seurat","SC3",200,"estimated","submitted","default",1,0.638464813631726,0.674256288651627,0.508519637462236,0.782467532467532,200,NA,13,NA,NA,NA,NA,NA,184.994,"ncurve"
"Fletcher","Seurat","SC3",300,"true","submitted","default",1,0.711499762254163,0.739128337381311,0.585218093699515,0.836038961038961,300,13,13,NA,NA,NA,616,0,170.926,"ncurve"
"Fletcher","Seurat","SC3",300,"estimated","submitted","default",1,0.711499762254163,0.739128337381311,0.585218093699515,0.836038961038961,300,NA,13,NA,NA,NA,NA,NA,170.519,"ncurve"
"Fletcher","Seurat","SC3",500,"true","submitted","default",1,0.721715321696203,0.748367782940184,0.597237172587011,0.837662337662338,500,13,13,NA,NA,NA,616,0,168.781,"ncurve"
"Fletcher","Seurat","SC3",500,"estimated","submitted","default",1,0.721715321696203,0.748367782940184,0.597237172587011,0.837662337662338,500,NA,13,NA,NA,NA,NA,NA,227.911,"ncurve"
"Fletcher","Seurat","SC3",750,"true","submitted","default",1,0.733513511660699,0.759772507219828,0.612567029925618,0.840909090909091,750,13,13,NA,NA,NA,616,0,170.643,"ncurve"
"Fletcher","Seurat","SC3",750,"estimated","submitted","default",1,0.733513511660699,0.759772507219828,0.612567029925618,0.840909090909091,750,NA,13,NA,NA,NA,NA,NA,170.886,"ncurve"
"Fletcher","Seurat","SC3",1000,"true","submitted","default",1,0.776514113680624,0.798439023614683,0.664486065059593,0.853896103896104,1000,13,13,NA,NA,NA,616,0,164.122,"ncurve"
"Fletcher","Seurat","SC3",1000,"estimated","submitted","default",1,0.776514113680624,0.798439023614683,0.664486065059593,0.853896103896104,1000,NA,13,NA,NA,NA,NA,NA,161.083,"ncurve"
"Fletcher","Seurat","SC3",1500,"true","submitted","default",1,0.735942567515228,0.761313903235328,0.613593828456658,0.842532467532468,1500,13,13,NA,NA,NA,616,0,161.31,"ncurve"
"Fletcher","Seurat","SC3",1500,"estimated","submitted","default",1,0.735942567515228,0.761313903235328,0.613593828456658,0.842532467532468,1500,NA,13,NA,NA,NA,NA,NA,160.731,"ncurve"
"Fletcher","Seurat","SC3",2500,"true","submitted","default",1,0.80212136619748,0.821938708933006,0.697489973412645,0.86038961038961,2500,13,13,NA,NA,NA,616,0,156.41,"ncurve"
"Fletcher","Seurat","SC3",2500,"estimated","submitted","default",1,0.80212136619748,0.821938708933006,0.697489973412645,0.86038961038961,2500,NA,13,NA,NA,NA,NA,NA,170.088,"ncurve"
"Fletcher","Variance","Refined Louvain",0,"true","submitted","default",1,0.724602647294261,0.751042441309966,0.601073027978539,0.858766233766234,2918,13,13,NA,NA,NA,616,0,10.746,"ncurve"
"Fletcher","Variance","Refined Louvain",0,"estimated","submitted","default",1,0.724602647294261,0.751042441309966,0.601073027978539,0.858766233766234,2918,NA,13,NA,NA,NA,NA,NA,10.626,"ncurve"
"Fletcher","Variance","Refined Louvain",100,"true","submitted","default",1,0.544640006561669,0.588365273827499,0.416705680399501,0.727272727272727,100,12,13,NA,NA,NA,616,0,10.289,"ncurve"
"Fletcher","Variance","Refined Louvain",100,"estimated","submitted","default",1,0.544640006561669,0.588365273827499,0.416705680399501,0.727272727272727,100,NA,13,NA,NA,NA,NA,NA,10.271,"ncurve"
"Fletcher","Variance","Refined Louvain",200,"true","submitted","default",1,0.643585979335022,0.678985526020709,0.513890568928672,0.787337662337662,200,12,13,NA,NA,NA,616,0,10.513,"ncurve"
"Fletcher","Variance","Refined Louvain",200,"estimated","submitted","default",1,0.643585979335022,0.678985526020709,0.513890568928672,0.787337662337662,200,NA,13,NA,NA,NA,NA,NA,10.809,"ncurve"
"Fletcher","Variance","Refined Louvain",300,"true","submitted","default",1,0.66456718714863,0.699195077460387,0.536825726141079,0.782467532467532,300,11,13,NA,NA,NA,616,0,10.137,"ncurve"
"Fletcher","Variance","Refined Louvain",300,"estimated","submitted","default",1,0.66456718714863,0.699195077460387,0.536825726141079,0.782467532467532,300,NA,13,NA,NA,NA,NA,NA,17.93,"ncurve"
"Fletcher","Variance","Refined Louvain",500,"true","submitted","default",1,0.661440763882473,0.69533708826015,0.532773245667438,0.797077922077922,500,12,13,NA,NA,NA,616,0,13.316,"ncurve"
"Fletcher","Variance","Refined Louvain",500,"estimated","submitted","default",1,0.661440763882473,0.69533708826015,0.532773245667438,0.797077922077922,500,NA,13,NA,NA,NA,NA,NA,9.9,"ncurve"
"Fletcher","Variance","Refined Louvain",750,"true","submitted","default",1,0.669275793988558,0.702184403437514,0.540930518548883,0.808441558441558,750,12,13,NA,NA,NA,616,0,10.198,"ncurve"
"Fletcher","Variance","Refined Louvain",750,"estimated","submitted","default",1,0.669275793988558,0.702184403437514,0.540930518548883,0.808441558441558,750,NA,13,NA,NA,NA,NA,NA,10.015,"ncurve"
"Fletcher","Variance","Refined Louvain",1000,"true","submitted","default",1,0.701104045099369,0.729858754553329,0.574488380159556,0.842532467532468,1000,13,13,NA,NA,NA,616,0,11.369,"ncurve"
"Fletcher","Variance","Refined Louvain",1000,"estimated","submitted","default",1,0.701104045099369,0.729858754553329,0.574488380159556,0.842532467532468,1000,NA,13,NA,NA,NA,NA,NA,12.964,"ncurve"
"Fletcher","Variance","Refined Louvain",1500,"true","submitted","default",1,0.69427257287575,0.724105342701251,0.567527456218462,0.850649350649351,1500,13,13,NA,NA,NA,616,0,10.631,"ncurve"
"Fletcher","Variance","Refined Louvain",1500,"estimated","submitted","default",1,0.69427257287575,0.724105342701251,0.567527456218462,0.850649350649351,1500,NA,13,NA,NA,NA,NA,NA,13.27,"ncurve"
"Fletcher","Variance","Refined Louvain",2500,"true","submitted","default",1,0.706921549160152,0.736664332360804,0.582713175071717,0.826298701298701,2500,12,13,NA,NA,NA,616,0,10.26,"ncurve"
"Fletcher","Variance","Refined Louvain",2500,"estimated","submitted","default",1,0.706921549160152,0.736664332360804,0.582713175071717,0.826298701298701,2500,NA,13,NA,NA,NA,NA,NA,15.979,"ncurve"
"Fletcher","Variance","SC3",0,"true","submitted","default",1,0.803907253431119,0.827641557291115,0.70163091575709,0.849025974025974,2918,13,13,NA,NA,NA,616,0,178.795,"ncurve"
"Fletcher","Variance","SC3",0,"estimated","submitted","default",1,0.803907253431119,0.827641557291115,0.70163091575709,0.849025974025974,2918,NA,13,NA,NA,NA,NA,NA,150.846,"ncurve"
"Fletcher","Variance","SC3",100,"true","submitted","default",1,0.616946514678888,0.65775906306944,0.488718104035739,0.730519480519481,100,13,13,NA,NA,NA,616,0,175.701,"ncurve"
"Fletcher","Variance","SC3",100,"estimated","submitted","default",1,0.616946514678888,0.65775906306944,0.488718104035739,0.730519480519481,100,NA,13,NA,NA,NA,NA,NA,187.321,"ncurve"
"Fletcher","Variance","SC3",200,"true","submitted","default",1,0.711829690451829,0.739859273986053,0.587120396295499,0.826298701298701,200,13,13,NA,NA,NA,616,0,174.705,"ncurve"
"Fletcher","Variance","SC3",200,"estimated","submitted","default",1,0.711829690451829,0.739859273986053,0.587120396295499,0.826298701298701,200,NA,13,NA,NA,NA,NA,NA,176.641,"ncurve"
"Fletcher","Variance","SC3",300,"true","submitted","default",1,0.752174590492862,0.779142943986353,0.636363636363636,0.829545454545455,300,13,13,NA,NA,NA,616,0,163.464,"ncurve"
"Fletcher","Variance","SC3",300,"estimated","submitted","default",1,0.752174590492862,0.779142943986353,0.636363636363636,0.829545454545455,300,NA,13,NA,NA,NA,NA,NA,202.34,"ncurve"
"Fletcher","Variance","SC3",500,"true","submitted","default",1,0.747372745579669,0.772251499526628,0.628961055990209,0.826298701298701,500,13,13,NA,NA,NA,616,0,161.388,"ncurve"
"Fletcher","Variance","SC3",500,"estimated","submitted","default",1,0.747372745579669,0.772251499526628,0.628961055990209,0.826298701298701,500,NA,13,NA,NA,NA,NA,NA,236.923,"ncurve"
"Fletcher","Variance","SC3",750,"true","submitted","default",1,0.77959728552974,0.801417765318972,0.668554861730598,0.836038961038961,750,13,13,NA,NA,NA,616,0,165.399,"ncurve"
"Fletcher","Variance","SC3",750,"estimated","submitted","default",1,0.77959728552974,0.801417765318972,0.668554861730598,0.836038961038961,750,NA,13,NA,NA,NA,NA,NA,188.049,"ncurve"
"Fletcher","Variance","SC3",1000,"true","submitted","default",1,0.820013893423277,0.839672692453758,0.72190837673228,0.855519480519481,1000,13,13,NA,NA,NA,616,0,158.519,"ncurve"
"Fletcher","Variance","SC3",1000,"estimated","submitted","default",1,0.820013893423277,0.839672692453758,0.72190837673228,0.855519480519481,1000,NA,13,NA,NA,NA,NA,NA,164.668,"ncurve"
"Fletcher","Variance","SC3",1500,"true","submitted","default",1,0.781794457553829,0.802972875882635,0.670788815639918,0.852272727272727,1500,13,13,NA,NA,NA,616,0,157.379,"ncurve"
"Fletcher","Variance","SC3",1500,"estimated","submitted","default",1,0.781794457553829,0.802972875882635,0.670788815639918,0.852272727272727,1500,NA,13,NA,NA,NA,NA,NA,163.289,"ncurve"
"Fletcher","Variance","SC3",2500,"true","submitted","default",1,0.807818569126952,0.8297378444037,0.70624192854068,0.86038961038961,2500,13,13,NA,NA,NA,616,0,152.583,"ncurve"
"Fletcher","Variance","SC3",2500,"estimated","submitted","default",1,0.807818569126952,0.8297378444037,0.70624192854068,0.86038961038961,2500,NA,13,NA,NA,NA,NA,NA,151.411,"ncurve"
"Koh","DIFS","Refined Louvain",0,"true","submitted","default",1,0.983050928179305,0.985067791889967,0.970574387947269,0.992467043314501,1156,9,9,1000,1688,"1:1",531,0,135.762,"ncurve"
"Koh","DIFS","Refined Louvain",0,"estimated","submitted","default",1,0.822714210114876,0.855833607633057,0.734410983170948,0.830508474576271,1156,NA,7,500,1683,"1:1",NA,NA,225.96,"ncurve"
"Koh","DIFS","Refined Louvain",100,"true","submitted","default",1,0.988345058506465,0.989732585116199,0.979673835972583,0.994350282485876,100,9,9,1000,1688,"3:2",531,0,136.529,"ncurve"
"Koh","DIFS","Refined Louvain",100,"estimated","submitted","default",1,0.770073024258487,0.81734731387798,0.670318564036222,0.813559322033898,100,NA,7,500,1683,"3:2",NA,NA,135.241,"ncurve"
"Koh","DIFS","Refined Louvain",200,"true","submitted","default",1,0.982649527493714,0.984714678797528,0.969889437779346,0.992467043314501,200,9,9,1000,1688,"2:1",531,0,157.678,"ncurve"
"Koh","DIFS","Refined Louvain",200,"estimated","submitted","default",1,0.764601976107804,0.811159709162657,0.663496708119971,0.807909604519774,200,NA,7,500,1683,"1:2",NA,NA,132.411,"ncurve"
"Koh","DIFS","Refined Louvain",300,"true","submitted","default",1,0.978647478157131,0.981188589417497,0.963071512309496,0.990583804143126,300,9,9,1000,1688,"1:3",531,0,136.438,"ncurve"
"Koh","DIFS","Refined Louvain",300,"estimated","submitted","default",1,0.838239064708374,0.867333388005422,0.75438516561119,0.871939736346516,300,NA,7,500,1683,"1:1",NA,NA,171.064,"ncurve"
"Koh","DIFS","Refined Louvain",500,"true","submitted","default",1,0.970108852888862,0.973671186523465,0.948692620569436,0.986817325800377,500,9,9,1000,1688,"1:1",531,0,135.838,"ncurve"
"Koh","DIFS","Refined Louvain",500,"estimated","submitted","default",1,0.822360122100095,0.855883960058565,0.734027992405846,0.832391713747646,500,NA,7,500,1683,"3:2",NA,NA,138.65,"ncurve"
"Koh","DIFS","Refined Louvain",750,"true","submitted","default",1,0.987391193085843,0.98889175663511,0.978027170702894,0.994350282485876,750,9,9,1000,1688,"1:1",531,0,142.527,"ncurve"
"Koh","DIFS","Refined Louvain",750,"estimated","submitted","default",1,0.828107947892285,0.860651479295024,0.741469699662342,0.832391713747646,750,NA,7,500,1683,"1:1",NA,NA,144.53,"ncurve"
"Koh","DIFS","Refined Louvain",1000,"true","submitted","default",1,0.983050928179305,0.985067791889967,0.970574387947269,0.992467043314501,1000,9,9,1000,1688,"1:1",531,0,140.319,"ncurve"
"Koh","DIFS","Refined Louvain",1000,"estimated","submitted","default",1,0.842304788379669,0.870420064776628,0.759715531085111,0.871939736346516,1000,NA,7,500,1683,"3:1",NA,NA,159.531,"ncurve"
"Koh","DIFS","Refined Louvain",1500,"true","submitted","default",1,0.987391193085843,0.98889175663511,0.978027170702894,0.994350282485876,1500,9,9,1000,1688,"3:1",531,0,153.504,"ncurve"
"Koh","DIFS","Refined Louvain",1500,"estimated","submitted","default",1,0.837295760446963,0.866329015494193,0.753089234417035,0.871939736346516,1500,NA,7,500,1683,"1:1",NA,NA,130.963,"ncurve"
"Koh","DIFS","Refined Louvain",2500,"true","submitted","default",1,0.983707195284736,0.985647364674873,0.971700888392069,0.992467043314501,1909,9,9,1000,1688,"1:1",531,0,167.536,"ncurve"
"Koh","DIFS","Refined Louvain",2500,"estimated","submitted","default",1,0.857436692033755,0.882001139361626,0.779886952425813,0.871939736346516,1742,NA,7,500,1683,"1:1",NA,NA,131.619,"ncurve"
"Koh","DIFS","SC3",0,"true","submitted","default",1,0.943896297199487,0.951364192884338,0.906224248750206,0.95668549905838,1156,9,9,1000,1688,"1:1",531,0,230.585,"ncurve"
"Koh","DIFS","SC3",0,"estimated","submitted","default",1,0.783486952127683,0.828508984580879,0.686427137531239,0.819209039548023,1156,NA,7,500,1683,"1:1",NA,NA,212.136,"ncurve"
"Koh","DIFS","SC3",100,"true","submitted","default",1,0.989006212452603,0.990314556001278,0.980811371039384,0.994350282485876,100,9,9,1000,1688,"3:2",531,0,388.025,"ncurve"
"Koh","DIFS","SC3",100,"estimated","submitted","default",1,0.783486952127683,0.828508984580879,0.686427137531239,0.819209039548023,100,NA,7,500,1683,"3:2",NA,NA,221.042,"ncurve"
"Koh","DIFS","SC3",200,"true","submitted","default",1,0.936965570126625,0.945240578287824,0.895231846019248,0.954802259887006,200,9,9,1000,1688,"2:1",531,0,251.09,"ncurve"
"Koh","DIFS","SC3",200,"estimated","submitted","default",1,0.77836001245926,0.824458566968267,0.680275154672745,0.817325800376648,200,NA,7,500,1683,"1:2",NA,NA,218.731,"ncurve"
"Koh","DIFS","SC3",300,"true","submitted","default",1,0.948734916664746,0.955587915015091,0.9139577239362,0.958568738229755,300,9,9,1000,1688,"1:3",531,0,234.035,"ncurve"
"Koh","DIFS","SC3",300,"estimated","submitted","default",1,0.779725682584503,0.825331734377493,0.681868288898869,0.817325800376648,300,NA,7,500,1683,"1:1",NA,NA,217.972,"ncurve"
"Koh","DIFS","SC3",500,"true","submitted","default",1,0.933959342976559,0.94287292061618,0.890598753725278,0.951035781544256,500,9,9,1000,1688,"1:1",531,0,222.148,"ncurve"
"Koh","DIFS","SC3",500,"estimated","submitted","default",1,0.783486952127683,0.828508984580879,0.686427137531239,0.819209039548023,500,NA,7,500,1683,"3:2",NA,NA,211.316,"ncurve"
"Koh","DIFS","SC3",750,"true","submitted","default",1,0.939629654142972,0.947625216203811,0.899452654625068,0.954802259887006,750,9,9,1000,1688,"1:1",531,0,231.142,"ncurve"
"Koh","DIFS","SC3",750,"estimated","submitted","default",1,0.77969641797366,0.8251959376118,0.681810753391077,0.817325800376648,750,NA,7,500,1683,"1:1",NA,NA,307.41,"ncurve"
"Koh","DIFS","SC3",1000,"true","submitted","default",1,0.943896297199487,0.951364192884338,0.906224248750206,0.95668549905838,1000,9,9,1000,1688,"1:1",531,0,314.415,"ncurve"
"Koh","DIFS","SC3",1000,"estimated","submitted","default",1,0.783486952127683,0.828508984580879,0.686427137531239,0.819209039548023,1000,NA,7,500,1683,"3:1",NA,NA,212.767,"ncurve"
"Koh","DIFS","SC3",1500,"true","submitted","default",1,0.943896297199487,0.951364192884338,0.906224248750206,0.95668549905838,1500,9,9,1000,1688,"3:1",531,0,263.633,"ncurve"
"Koh","DIFS","SC3",1500,"estimated","submitted","default",1,0.783486952127683,0.828508984580879,0.686427137531239,0.819209039548023,1500,NA,7,500,1683,"1:1",NA,NA,244.992,"ncurve"
"Koh","DIFS","SC3",2500,"true","submitted","default",1,0.943896297199487,0.951364192884338,0.906224248750206,0.95668549905838,1909,9,9,1000,1688,"1:1",531,0,225.181,"ncurve"
"Koh","DIFS","SC3",2500,"estimated","submitted","default",1,0.783486952127683,0.828508984580879,0.686427137531239,0.819209039548023,1742,NA,7,500,1683,"1:1",NA,NA,235.644,"ncurve"
"Koh","FEAST","Refined Louvain",0,"true","submitted","default",1,0.98157072669904,0.983771694872696,0.968057672019693,0.990583804143126,1156,9,9,NA,NA,NA,531,0,22.398,"ncurve"
"Koh","FEAST","Refined Louvain",0,"estimated","submitted","default",1,0.837382969646991,0.866670998433592,0.753264479730652,0.871939736346516,1156,NA,7,NA,NA,NA,NA,NA,26.66,"ncurve"
"Koh","FEAST","Refined Louvain",100,"true","submitted","default",1,0.882853926162881,0.8968421738411,0.812972156270235,0.939736346516008,100,9,9,NA,NA,NA,531,0,18.703,"ncurve"
"Koh","FEAST","Refined Louvain",100,"estimated","submitted","default",1,0.783633981920498,0.821353102365756,0.684991801156468,0.822975517890772,100,NA,7,NA,NA,NA,NA,NA,30.839,"ncurve"
"Koh","FEAST","Refined Louvain",200,"true","submitted","default",1,0.956436728177345,0.961734188469248,0.92618709127097,0.977401129943503,200,9,9,NA,NA,NA,531,0,19.833,"ncurve"
"Koh","FEAST","Refined Louvain",200,"estimated","submitted","default",1,0.836662755186261,0.866139645106349,0.75232859284838,0.871939736346516,200,NA,7,NA,NA,NA,NA,NA,20.7,"ncurve"
"Koh","FEAST","Refined Louvain",300,"true","submitted","default",1,0.978694456342323,0.981247889403727,0.963172639196918,0.990583804143126,300,9,9,NA,NA,NA,531,0,19.763,"ncurve"
"Koh","FEAST","Refined Louvain",300,"estimated","submitted","default",1,0.833021255402306,0.862924626499501,0.747495807460454,0.870056497175141,300,NA,7,NA,NA,NA,NA,NA,20.802,"ncurve"
"Koh","FEAST","Refined Louvain",500,"true","submitted","default",1,0.987222709716265,0.988743403566348,0.977737096964686,0.994350282485876,500,9,9,NA,NA,NA,531,0,18.146,"ncurve"
"Koh","FEAST","Refined Louvain",500,"estimated","submitted","default",1,0.833021255402306,0.862924626499501,0.747495807460454,0.870056497175141,500,NA,7,NA,NA,NA,NA,NA,17.834,"ncurve"
"Koh","FEAST","Refined Louvain",750,"true","submitted","default",1,0.977301343984057,0.980018524109115,0.960809471044498,0.988700564971751,750,9,9,NA,NA,NA,531,0,21.394,"ncurve"
"Koh","FEAST","Refined Louvain",750,"estimated","submitted","default",1,0.816319308421706,0.851246946460194,0.72635814889336,0.826741996233522,750,NA,7,NA,NA,NA,NA,NA,20.05,"ncurve"
"Koh","FEAST","Refined Louvain",1000,"true","submitted","default",1,0.98845891440728,0.989835089386146,0.979873694150977,0.994350282485876,1000,9,9,NA,NA,NA,531,0,18.178,"ncurve"
"Koh","FEAST","Refined Louvain",1000,"estimated","submitted","default",1,0.839821535562385,0.868982182412685,0.756553795740033,0.851224105461394,1000,NA,7,NA,NA,NA,NA,NA,19.18,"ncurve"
"Koh","FEAST","Refined Louvain",1500,"true","submitted","default",1,0.987222709716265,0.988743403566348,0.977737096964686,0.994350282485876,1500,9,9,NA,NA,NA,531,0,22.936,"ncurve"
"Koh","FEAST","Refined Louvain",1500,"estimated","submitted","default",1,0.839821535562385,0.868982182412685,0.756553795740033,0.851224105461394,1500,NA,7,NA,NA,NA,NA,NA,41.565,"ncurve"
"Koh","FEAST","Refined Louvain",2500,"true","submitted","default",1,0.98318565227235,0.985186414621321,0.970804638295368,0.992467043314501,2500,9,9,NA,NA,NA,531,0,18.398,"ncurve"
"Koh","FEAST","Refined Louvain",2500,"estimated","submitted","default",1,0.839821535562385,0.868982182412685,0.756553795740033,0.851224105461394,2500,NA,7,NA,NA,NA,NA,NA,21.776,"ncurve"
"Koh","FEAST","SC3",0,"true","submitted","default",1,0.98684574817232,0.988413496070671,0.977077533613694,0.992467043314501,1156,9,9,NA,NA,NA,531,0,105.643,"ncurve"
"Koh","FEAST","SC3",0,"estimated","submitted","default",1,0.832029465002324,0.862223662118572,0.74622342831298,0.870056497175141,1156,NA,7,NA,NA,NA,NA,NA,128.095,"ncurve"
"Koh","FEAST","SC3",100,"true","submitted","default",1,0.900816352371141,0.913073073267189,0.839711889916147,0.943502824858757,100,9,9,NA,NA,NA,531,0,123.82,"ncurve"
"Koh","FEAST","SC3",100,"estimated","submitted","default",1,0.829572399170042,0.860030108250938,0.742977147502484,0.868173258003766,100,NA,7,NA,NA,NA,NA,NA,109.685,"ncurve"
"Koh","FEAST","SC3",200,"true","submitted","default",1,0.986807148568613,0.988376808720722,0.977018963785668,0.994350282485876,200,9,9,NA,NA,NA,531,0,121.988,"ncurve"
"Koh","FEAST","SC3",200,"estimated","submitted","default",1,0.837094056041326,0.866452224986099,0.752887676216462,0.871939736346516,200,NA,7,NA,NA,NA,NA,NA,111.386,"ncurve"
"Koh","FEAST","SC3",300,"true","submitted","default",1,0.95081842219113,0.957484372856791,0.917328918322296,0.95668549905838,300,9,9,NA,NA,NA,531,0,122.256,"ncurve"
"Koh","FEAST","SC3",300,"estimated","submitted","default",1,0.845458153104473,0.87370126740095,0.764067579323291,0.875706214689266,300,NA,7,NA,NA,NA,NA,NA,133.618,"ncurve"
"Koh","FEAST","SC3",500,"true","submitted","default",1,0.995629509752225,0.996149839475966,0.992329190699887,0.998116760828625,500,9,9,NA,NA,NA,531,0,103.126,"ncurve"
"Koh","FEAST","SC3",500,"estimated","submitted","default",1,0.845458153104473,0.87370126740095,0.764067579323291,0.875706214689266,500,NA,7,NA,NA,NA,NA,NA,108.956,"ncurve"
"Koh","FEAST","SC3",750,"true","submitted","default",1,0.995629509752225,0.996149839475966,0.992329190699887,0.998116760828625,750,9,9,NA,NA,NA,531,0,108.42,"ncurve"
"Koh","FEAST","SC3",750,"estimated","submitted","default",1,0.845008514857132,0.873360396869294,0.763473327843353,0.875706214689266,750,NA,7,NA,NA,NA,NA,NA,101.039,"ncurve"
"Koh","FEAST","SC3",1000,"true","submitted","default",1,0.991326107381781,0.992358693447202,0.984833224717104,0.99623352165725,1000,9,9,NA,NA,NA,531,0,106.44,"ncurve"
"Koh","FEAST","SC3",1000,"estimated","submitted","default",1,0.832029465002324,0.862223662118572,0.74622342831298,0.870056497175141,1000,NA,7,NA,NA,NA,NA,NA,98.918,"ncurve"
"Koh","FEAST","SC3",1500,"true","submitted","default",1,0.98292327390788,0.984956150104396,0.970358172087279,0.992467043314501,1500,9,9,NA,NA,NA,531,0,108.97,"ncurve"
"Koh","FEAST","SC3",1500,"estimated","submitted","default",1,0.832029465002324,0.862223662118572,0.74622342831298,0.870056497175141,1500,NA,7,NA,NA,NA,NA,NA,100.743,"ncurve"
"Koh","FEAST","SC3",2500,"true","submitted","default",1,0.98292327390788,0.984956150104396,0.970358172087279,0.992467043314501,2500,9,9,NA,NA,NA,531,0,106.289,"ncurve"
"Koh","FEAST","SC3",2500,"estimated","submitted","default",1,0.845008514857132,0.873360396869294,0.763473327843353,0.875706214689266,2500,NA,7,NA,NA,NA,NA,NA,100.363,"ncurve"
"Koh","GateOnly","Refined Louvain",0,"true","submitted","default",1,0.958602255243004,0.963521254081496,0.92960267960268,0.981167608286252,1156,9,9,NA,NA,NA,531,0,12.292,"ncurve"
"Koh","GateOnly","Refined Louvain",0,"estimated","submitted","default",1,0.749906199275283,0.800526260006265,0.646685696162385,0.783427495291902,1156,NA,7,NA,NA,NA,NA,NA,17.396,"ncurve"
"Koh","GateOnly","Refined Louvain",100,"true","submitted","default",1,0.788973694068792,0.813870883712894,0.686084965657593,0.900188323917137,100,9,9,NA,NA,NA,531,0,13.937,"ncurve"
"Koh","GateOnly","Refined Louvain",100,"estimated","submitted","default",1,0.718364627001586,0.771452811479242,0.610447585855817,0.787193973634652,100,NA,7,NA,NA,NA,NA,NA,13.983,"ncurve"
"Koh","GateOnly","Refined Louvain",200,"true","submitted","default",1,0.921643749801497,0.930930234368105,0.870654078806038,0.95668549905838,200,9,9,NA,NA,NA,531,0,12.616,"ncurve"
"Koh","GateOnly","Refined Louvain",200,"estimated","submitted","default",1,0.713753047111605,0.77343291687451,0.606676942742208,0.740112994350282,200,NA,7,NA,NA,NA,NA,NA,12.481,"ncurve"
"Koh","GateOnly","Refined Louvain",300,"true","submitted","default",1,0.945616904615052,0.952074326373183,0.908519153802173,0.973634651600753,300,9,9,NA,NA,NA,531,0,13.061,"ncurve"
"Koh","GateOnly","Refined Louvain",300,"estimated","submitted","default",1,0.811233096491016,0.843676301683142,0.719117187150963,0.860640301318267,300,NA,7,NA,NA,NA,NA,NA,12.477,"ncurve"
"Koh","GateOnly","Refined Louvain",500,"true","submitted","default",1,0.95135484246073,0.957133318849881,0.917781477866452,0.975517890772128,500,9,9,NA,NA,NA,531,0,12.114,"ncurve"
"Koh","GateOnly","Refined Louvain",500,"estimated","submitted","default",1,0.724121605745934,0.78121519802842,0.617935508490746,0.760828625235405,500,NA,7,NA,NA,NA,NA,NA,22.719,"ncurve"
"Koh","GateOnly","Refined Louvain",750,"true","submitted","default",1,0.950090079575188,0.956047342268641,0.915791875855774,0.977401129943503,750,9,9,NA,NA,NA,531,0,12.729,"ncurve"
"Koh","GateOnly","Refined Louvain",750,"estimated","submitted","default",1,0.743375888013535,0.795068402372879,0.639178913360388,0.783427495291902,750,NA,7,NA,NA,NA,NA,NA,22.371,"ncurve"
"Koh","GateOnly","Refined Louvain",1000,"true","submitted","default",1,0.951126630813803,0.956947241683384,0.917448512585812,0.977401129943503,1000,9,9,NA,NA,NA,531,0,13.007,"ncurve"
"Koh","GateOnly","Refined Louvain",1000,"estimated","submitted","default",1,0.743248530898194,0.795079732024641,0.639058378931622,0.783427495291902,1000,NA,7,NA,NA,NA,NA,NA,12.588,"ncurve"
"Koh","GateOnly","Refined Louvain",1500,"true","submitted","default",1,0.958602255243004,0.963521254081496,0.92960267960268,0.981167608286252,1156,9,9,NA,NA,NA,531,0,12.719,"ncurve"
"Koh","GateOnly","Refined Louvain",1500,"estimated","submitted","default",1,0.749906199275283,0.800526260006265,0.646685696162385,0.783427495291902,1156,NA,7,NA,NA,NA,NA,NA,13.692,"ncurve"
"Koh","GateOnly","Refined Louvain",2500,"true","submitted","default",1,0.958602255243004,0.963521254081496,0.92960267960268,0.981167608286252,1156,9,9,NA,NA,NA,531,0,12.813,"ncurve"
"Koh","GateOnly","Refined Louvain",2500,"estimated","submitted","default",1,0.749906199275283,0.800526260006265,0.646685696162385,0.783427495291902,1156,NA,7,NA,NA,NA,NA,NA,18.5,"ncurve"
"Koh","GateOnly","SC3",0,"true","submitted","default",1,0.946647501377554,0.953692148771997,0.910591092223633,0.958568738229755,1156,9,9,NA,NA,NA,531,0,114.668,"ncurve"
"Koh","GateOnly","SC3",0,"estimated","submitted","default",1,0.849476900918174,0.877209056525822,0.769495728850923,0.87758945386064,1156,NA,7,NA,NA,NA,NA,NA,94.401,"ncurve"
"Koh","GateOnly","SC3",100,"true","submitted","default",1,0.855256599949188,0.872792924468722,0.774178379225665,0.913370998116761,100,9,9,NA,NA,NA,531,0,137.29,"ncurve"
"Koh","GateOnly","SC3",100,"estimated","submitted","default",1,0.735797438612367,0.784925543532022,0.62968756266795,0.790960451977401,100,NA,7,NA,NA,NA,NA,NA,129.427,"ncurve"
"Koh","GateOnly","SC3",200,"true","submitted","default",1,0.907404785717525,0.919077261719953,0.849680571213829,0.939736346516008,200,9,9,NA,NA,NA,531,0,120.454,"ncurve"
"Koh","GateOnly","SC3",200,"estimated","submitted","default",1,0.841368904354593,0.870022965135571,0.758554525103934,0.873822975517891,200,NA,7,NA,NA,NA,NA,NA,114.882,"ncurve"
"Koh","GateOnly","SC3",300,"true","submitted","default",1,0.92905202597839,0.938455584198674,0.882906769114225,0.947269303201507,300,9,9,NA,NA,NA,531,0,118.148,"ncurve"
"Koh","GateOnly","SC3",300,"estimated","submitted","default",1,0.837380582230488,0.866544739671479,0.753233740207688,0.871939736346516,300,NA,7,NA,NA,NA,NA,NA,144.458,"ncurve"
"Koh","GateOnly","SC3",500,"true","submitted","default",1,0.939787040252692,0.947806995005753,0.899715660542432,0.954802259887006,500,9,9,NA,NA,NA,531,0,107.814,"ncurve"
"Koh","GateOnly","SC3",500,"estimated","submitted","default",1,0.779296388360247,0.824908727822077,0.681337525007145,0.817325800376648,500,NA,7,NA,NA,NA,NA,NA,99.987,"ncurve"
"Koh","GateOnly","SC3",750,"true","submitted","default",1,0.948734916664746,0.955587915015091,0.9139577239362,0.958568738229755,750,9,9,NA,NA,NA,531,0,106.969,"ncurve"
"Koh","GateOnly","SC3",750,"estimated","submitted","default",1,0.779296388360247,0.824908727822077,0.681337525007145,0.817325800376648,750,NA,7,NA,NA,NA,NA,NA,102.459,"ncurve"
"Koh","GateOnly","SC3",1000,"true","submitted","default",1,0.948734916664746,0.955587915015091,0.9139577239362,0.958568738229755,1000,9,9,NA,NA,NA,531,0,104.539,"ncurve"
"Koh","GateOnly","SC3",1000,"estimated","submitted","default",1,0.783486952127683,0.828508984580879,0.686427137531239,0.819209039548023,1000,NA,7,NA,NA,NA,NA,NA,97.662,"ncurve"
"Koh","GateOnly","SC3",1500,"true","submitted","default",1,0.946647501377554,0.953692148771997,0.910591092223633,0.958568738229755,1156,9,9,NA,NA,NA,531,0,111.861,"ncurve"
"Koh","GateOnly","SC3",1500,"estimated","submitted","default",1,0.849476900918174,0.877209056525822,0.769495728850923,0.87758945386064,1156,NA,7,NA,NA,NA,NA,NA,99.576,"ncurve"
"Koh","GateOnly","SC3",2500,"true","submitted","default",1,0.946647501377554,0.953692148771997,0.910591092223633,0.958568738229755,1156,9,9,NA,NA,NA,531,0,102.443,"ncurve"
"Koh","GateOnly","SC3",2500,"estimated","submitted","default",1,0.849476900918174,0.877209056525822,0.769495728850923,0.87758945386064,1156,NA,7,NA,NA,NA,NA,NA,94.813,"ncurve"
"Koh","Seurat","Refined Louvain",0,"true","submitted","default",1,0.942859322528809,0.950765953393743,0.904663325343212,0.952919020715631,1156,8,9,NA,NA,NA,531,0,14.976,"ncurve"
"Koh","Seurat","Refined Louvain",0,"estimated","submitted","default",1,0.845458153104473,0.87370126740095,0.764067579323291,0.875706214689266,1156,NA,7,NA,NA,NA,NA,NA,13.863,"ncurve"
"Koh","Seurat","Refined Louvain",100,"true","submitted","default",1,0.863811983504561,0.880352245563112,0.786130811662727,0.939736346516008,100,9,9,NA,NA,NA,531,0,14.745,"ncurve"
"Koh","Seurat","Refined Louvain",100,"estimated","submitted","default",1,0.716718493629891,0.774669618884186,0.609669945687265,0.790960451977401,100,NA,7,NA,NA,NA,NA,NA,23.623,"ncurve"
"Koh","Seurat","Refined Louvain",200,"true","submitted","default",1,0.936090204988453,0.943812248574048,0.893528884908195,0.973634651600753,200,9,9,NA,NA,NA,531,0,13.983,"ncurve"
"Koh","Seurat","Refined Louvain",200,"estimated","submitted","default",1,0.720254021259971,0.778073861397203,0.61366572926959,0.794726930320151,200,NA,7,NA,NA,NA,NA,NA,15.605,"ncurve"
"Koh","Seurat","Refined Louvain",300,"true","submitted","default",1,0.916122838113421,0.927612441318443,0.863205298013245,0.941619585687382,300,8,9,NA,NA,NA,531,0,15.331,"ncurve"
"Koh","Seurat","Refined Louvain",300,"estimated","submitted","default",1,0.745067910468507,0.797595559774114,0.641351203072341,0.804143126177024,300,NA,7,NA,NA,NA,NA,NA,24.538,"ncurve"
"Koh","Seurat","Refined Louvain",500,"true","submitted","default",1,0.923167886314576,0.933568238401192,0.873902804538643,0.945386064030132,500,8,9,NA,NA,NA,531,0,14.305,"ncurve"
"Koh","Seurat","Refined Louvain",500,"estimated","submitted","default",1,0.765848435159738,0.813968340110886,0.665339286432565,0.811676082862524,500,NA,7,NA,NA,NA,NA,NA,13.659,"ncurve"
"Koh","Seurat","Refined Louvain",750,"true","submitted","default",1,0.971805969005767,0.97521972673976,0.95158028543364,0.984934086629002,750,9,9,NA,NA,NA,531,0,14.692,"ncurve"
"Koh","Seurat","Refined Louvain",750,"estimated","submitted","default",1,0.841506629321477,0.870258221547065,0.75876392185503,0.873822975517891,750,NA,7,NA,NA,NA,NA,NA,13.644,"ncurve"
"Koh","Seurat","Refined Louvain",1000,"true","submitted","default",1,0.913801263348824,0.924377167065599,0.859152625552102,0.952919020715631,1000,9,9,NA,NA,NA,531,0,13.944,"ncurve"
"Koh","Seurat","Refined Louvain",1000,"estimated","submitted","default",1,0.845458153104473,0.87370126740095,0.764067579323291,0.875706214689266,1000,NA,7,NA,NA,NA,NA,NA,15.583,"ncurve"
"Koh","Seurat","Refined Louvain",1500,"true","submitted","default",1,0.93891456880963,0.947368295736241,0.898432839867686,0.951035781544256,1500,8,9,NA,NA,NA,531,0,16.124,"ncurve"
"Koh","Seurat","Refined Louvain",1500,"estimated","submitted","default",1,0.845458153104473,0.87370126740095,0.764067579323291,0.875706214689266,1500,NA,7,NA,NA,NA,NA,NA,15.035,"ncurve"
"Koh","Seurat","Refined Louvain",2500,"true","submitted","default",1,0.988372071403737,0.98976317032377,0.979727738817844,0.994350282485876,2500,9,9,NA,NA,NA,531,0,15.323,"ncurve"
"Koh","Seurat","Refined Louvain",2500,"estimated","submitted","default",1,0.845458153104473,0.87370126740095,0.764067579323291,0.875706214689266,2500,NA,7,NA,NA,NA,NA,NA,14.183,"ncurve"
"Koh","Seurat","SC3",0,"true","submitted","default",1,0.93801587567886,0.946378770418179,0.896957160742475,0.952919020715631,1156,9,9,NA,NA,NA,531,0,103.342,"ncurve"
"Koh","Seurat","SC3",0,"estimated","submitted","default",1,0.836284296934748,0.865867226196432,0.751838736039226,0.871939736346516,1156,NA,7,NA,NA,NA,NA,NA,129.908,"ncurve"
"Koh","Seurat","SC3",100,"true","submitted","default",1,0.905194799377356,0.917083330800745,0.846339630742808,0.935969868173258,100,9,9,NA,NA,NA,531,0,125.652,"ncurve"
"Koh","Seurat","SC3",100,"estimated","submitted","default",1,0.754411044713331,0.804198260921845,0.651886379028724,0.807909604519774,100,NA,7,NA,NA,NA,NA,NA,115.841,"ncurve"
"Koh","Seurat","SC3",200,"true","submitted","default",1,0.9029294402314,0.91462855316717,0.842624380142772,0.947269303201507,200,9,9,NA,NA,NA,531,0,111.943,"ncurve"
"Koh","Seurat","SC3",200,"estimated","submitted","default",1,0.774502742463413,0.820345582349237,0.675462925197814,0.815442561205273,200,NA,7,NA,NA,NA,NA,NA,101.11,"ncurve"
"Koh","Seurat","SC3",300,"true","submitted","default",1,0.937469886878348,0.945477152550054,0.895950258611203,0.951035781544256,300,9,9,NA,NA,NA,531,0,109.356,"ncurve"
"Koh","Seurat","SC3",300,"estimated","submitted","default",1,0.763305395399851,0.811287645848177,0.662223654008779,0.809792843691149,300,NA,7,NA,NA,NA,NA,NA,124.643,"ncurve"
"Koh","Seurat","SC3",500,"true","submitted","default",1,0.940995485463235,0.948694889979625,0.901572638293193,0.954802259887006,500,9,9,NA,NA,NA,531,0,104.392,"ncurve"
"Koh","Seurat","SC3",500,"estimated","submitted","default",1,0.767142179817361,0.814516489545145,0.666760961810467,0.811676082862524,500,NA,7,NA,NA,NA,NA,NA,96.221,"ncurve"
"Koh","Seurat","SC3",750,"true","submitted","default",1,0.93550562151292,0.943600520345189,0.892790107099481,0.949152542372881,750,9,9,NA,NA,NA,531,0,108.498,"ncurve"
"Koh","Seurat","SC3",750,"estimated","submitted","default",1,0.766033956770033,0.813893921715028,0.665511684125705,0.811676082862524,750,NA,7,NA,NA,NA,NA,NA,120.912,"ncurve"
"Koh","Seurat","SC3",1000,"true","submitted","default",1,0.932580667132444,0.940829284301811,0.888087043410681,0.951035781544256,1000,9,9,NA,NA,NA,531,0,103.515,"ncurve"
"Koh","Seurat","SC3",1000,"estimated","submitted","default",1,0.849476900918174,0.877209056525822,0.769495728850923,0.87758945386064,1000,NA,7,NA,NA,NA,NA,NA,97.078,"ncurve"
"Koh","Seurat","SC3",1500,"true","submitted","default",1,0.926438518484206,0.935697838712754,0.878663604549431,0.949152542372881,1500,9,9,NA,NA,NA,531,0,105.386,"ncurve"
"Koh","Seurat","SC3",1500,"estimated","submitted","default",1,0.836284296934748,0.865867226196432,0.751838736039226,0.871939736346516,1500,NA,7,NA,NA,NA,NA,NA,99.274,"ncurve"
"Koh","Seurat","SC3",2500,"true","submitted","default",1,0.929437822973861,0.938078264219678,0.883183000387361,0.952919020715631,2500,9,9,NA,NA,NA,531,0,105.128,"ncurve"
"Koh","Seurat","SC3",2500,"estimated","submitted","default",1,0.836284296934748,0.865867226196432,0.751838736039226,0.871939736346516,2500,NA,7,NA,NA,NA,NA,NA,103.974,"ncurve"
"Koh","Variance","Refined Louvain",0,"true","submitted","default",1,0.987522198443937,0.989013077033427,0.978260869565217,0.994350282485876,1156,9,9,NA,NA,NA,531,0,12.901,"ncurve"
"Koh","Variance","Refined Louvain",0,"estimated","submitted","default",1,0.848616732897112,0.875816849085977,0.768194194471365,0.875706214689266,1156,NA,7,NA,NA,NA,NA,NA,24.478,"ncurve"
"Koh","Variance","Refined Louvain",100,"true","submitted","default",1,0.875957710562966,0.890616940888445,0.802709614233636,0.949152542372881,100,9,9,NA,NA,NA,531,0,16.066,"ncurve"
"Koh","Variance","Refined Louvain",100,"estimated","submitted","default",1,0.841817672326992,0.870363361471015,0.759144111192392,0.873822975517891,100,NA,7,NA,NA,NA,NA,NA,15.445,"ncurve"
"Koh","Variance","Refined Louvain",200,"true","submitted","default",1,0.995702593593863,0.996215761605981,0.992458432304038,0.998116760828625,200,9,9,NA,NA,NA,531,0,13.152,"ncurve"
"Koh","Variance","Refined Louvain",200,"estimated","submitted","default",1,0.849476900918174,0.877209056525822,0.769495728850923,0.87758945386064,200,NA,7,NA,NA,NA,NA,NA,14.067,"ncurve"
"Koh","Variance","Refined Louvain",300,"true","submitted","default",1,0.968943639852103,0.972664428145515,0.946768500838975,0.983050847457627,300,9,9,NA,NA,NA,531,0,12.804,"ncurve"
"Koh","Variance","Refined Louvain",300,"estimated","submitted","default",1,0.841314832210465,0.870105981853485,0.758510541206535,0.873822975517891,300,NA,7,NA,NA,NA,NA,NA,14.453,"ncurve"
"Koh","Variance","Refined Louvain",500,"true","submitted","default",1,0.978514125789098,0.981071348577144,0.962845757149555,0.990583804143126,500,9,9,NA,NA,NA,531,0,13.184,"ncurve"
"Koh","Variance","Refined Louvain",500,"estimated","submitted","default",1,0.76649754209086,0.815164337730627,0.666239127820754,0.790960451977401,500,NA,7,NA,NA,NA,NA,NA,13.517,"ncurve"
"Koh","Variance","Refined Louvain",750,"true","submitted","default",1,0.986924096576624,0.988481050432707,0.977224451262686,0.994350282485876,750,9,9,NA,NA,NA,531,0,12.682,"ncurve"
"Koh","Variance","Refined Louvain",750,"estimated","submitted","default",1,0.770485860942133,0.819214693038445,0.671112713290074,0.792843691148776,750,NA,7,NA,NA,NA,NA,NA,32.49,"ncurve"
"Koh","Variance","Refined Louvain",1000,"true","submitted","default",1,0.986835720532733,0.988405687368317,0.977075844186458,0.994350282485876,1000,9,9,NA,NA,NA,531,0,13.396,"ncurve"
"Koh","Variance","Refined Louvain",1000,"estimated","submitted","default",1,0.84102493739424,0.869886351394593,0.758129988597491,0.873822975517891,1000,NA,7,NA,NA,NA,NA,NA,24.591,"ncurve"
"Koh","Variance","Refined Louvain",1500,"true","submitted","default",1,0.991168322267704,0.992222076688396,0.984562607204117,0.99623352165725,1500,9,9,NA,NA,NA,531,0,13.433,"ncurve"
"Koh","Variance","Refined Louvain",1500,"estimated","submitted","default",1,0.770485860942133,0.819214693038445,0.671112713290074,0.792843691148776,1500,NA,7,NA,NA,NA,NA,NA,16.549,"ncurve"
"Koh","Variance","Refined Louvain",2500,"true","submitted","default",1,0.991773586154419,0.992754115136483,0.985611936763574,0.99623352165725,2500,9,9,NA,NA,NA,531,0,13.136,"ncurve"
"Koh","Variance","Refined Louvain",2500,"estimated","submitted","default",1,0.781417295591443,0.826652312043944,0.68389393567395,0.830508474576271,2500,NA,7,NA,NA,NA,NA,NA,13.68,"ncurve"
"Koh","Variance","SC3",0,"true","submitted","default",1,0.995629509752225,0.996149839475966,0.992329190699887,0.998116760828625,1156,9,9,NA,NA,NA,531,0,99.076,"ncurve"
"Koh","Variance","SC3",0,"estimated","submitted","default",1,0.849476900918174,0.877209056525822,0.769495728850923,0.87758945386064,1156,NA,7,NA,NA,NA,NA,NA,93.329,"ncurve"
"Koh","Variance","SC3",100,"true","submitted","default",1,0.937279523797944,0.945646385327087,0.895769733972961,0.952919020715631,100,9,9,NA,NA,NA,531,0,107.276,"ncurve"
"Koh","Variance","SC3",100,"estimated","submitted","default",1,0.838235890120928,0.867083548121993,0.754325891430398,0.871939736346516,100,NA,7,NA,NA,NA,NA,NA,104.964,"ncurve"
"Koh","Variance","SC3",200,"true","submitted","default",1,0.937147210294919,0.945389146210806,0.895514223194748,0.952919020715631,200,9,9,NA,NA,NA,531,0,105.81,"ncurve"
"Koh","Variance","SC3",200,"estimated","submitted","default",1,0.773879273861452,0.819800699708947,0.674711565901586,0.813559322033898,200,NA,7,NA,NA,NA,NA,NA,99.044,"ncurve"
"Koh","Variance","SC3",300,"true","submitted","default",1,0.952517006041776,0.959028165564824,0.920083889839395,0.958568738229755,300,9,9,NA,NA,NA,531,0,107.475,"ncurve"
"Koh","Variance","SC3",300,"estimated","submitted","default",1,0.779725682584503,0.825331734377493,0.681868288898869,0.817325800376648,300,NA,7,NA,NA,NA,NA,NA,101.078,"ncurve"
"Koh","Variance","SC3",500,"true","submitted","default",1,0.99304890587493,0.993876268159335,0.987825880396698,0.99623352165725,500,9,9,NA,NA,NA,531,0,101.766,"ncurve"
"Koh","Variance","SC3",500,"estimated","submitted","default",1,0.841806131234007,0.870443906921125,0.759148430718626,0.873822975517891,500,NA,7,NA,NA,NA,NA,NA,109.586,"ncurve"
"Koh","Variance","SC3",750,"true","submitted","default",1,0.946647501377554,0.953692148771997,0.910591092223633,0.958568738229755,750,9,9,NA,NA,NA,531,0,102.437,"ncurve"
"Koh","Variance","SC3",750,"estimated","submitted","default",1,0.767142179817361,0.814516489545145,0.666760961810467,0.811676082862524,750,NA,7,NA,NA,NA,NA,NA,95.711,"ncurve"
"Koh","Variance","SC3",1000,"true","submitted","default",1,0.949017812166923,0.956027491951755,0.914464648684283,0.95668549905838,1000,9,9,NA,NA,NA,531,0,127.655,"ncurve"
"Koh","Variance","SC3",1000,"estimated","submitted","default",1,0.783486952127683,0.828508984580879,0.686427137531239,0.819209039548023,1000,NA,7,NA,NA,NA,NA,NA,95.77,"ncurve"
"Koh","Variance","SC3",1500,"true","submitted","default",1,0.941723335692921,0.949530621942283,0.902791461412151,0.954802259887006,1500,9,9,NA,NA,NA,531,0,100.019,"ncurve"
"Koh","Variance","SC3",1500,"estimated","submitted","default",1,0.771123564342529,0.817912095432908,0.671505616155063,0.813559322033898,1500,NA,7,NA,NA,NA,NA,NA,95.244,"ncurve"
"Koh","Variance","SC3",2500,"true","submitted","default",1,0.943896297199487,0.951364192884338,0.906224248750206,0.95668549905838,2500,9,9,NA,NA,NA,531,0,97.876,"ncurve"
"Koh","Variance","SC3",2500,"estimated","submitted","default",1,0.845008514857132,0.873360396869294,0.763473327843353,0.875706214689266,2500,NA,7,NA,NA,NA,NA,NA,92.679,"ncurve"
"Kumar","DIFS","Refined Louvain",0,"true","submitted","default",1,0.975764779664105,0.983914754264005,0.968337218337218,0.991869918699187,453,3,3,453,616,"1:1",246,0,61.044,"ncurve"
"Kumar","DIFS","Refined Louvain",0,"estimated","submitted","default",1,0.975764779664105,0.983914754264005,0.968337218337218,0.991869918699187,453,NA,3,453,616,"1:1",NA,NA,55.257,"ncurve"
"Kumar","DIFS","Refined Louvain",100,"true","submitted","default",1,0.988771468816226,0.992545322773649,0.985200431245712,0.995934959349594,100,3,3,453,616,"1:1",246,0,53.812,"ncurve"
"Kumar","DIFS","Refined Louvain",100,"estimated","submitted","default",1,0.988771468816226,0.992545322773649,0.985200431245712,0.995934959349594,100,NA,3,453,616,"1:1",NA,NA,65.633,"ncurve"
"Kumar","DIFS","Refined Louvain",200,"true","submitted","default",1,0.988771468816226,0.992545322773649,0.985200431245712,0.995934959349594,200,3,3,453,616,"3:2",246,0,53.926,"ncurve"
"Kumar","DIFS","Refined Louvain",200,"estimated","submitted","default",1,0.988771468816226,0.992545322773649,0.985200431245712,0.995934959349594,200,NA,3,453,616,"3:2",NA,NA,53.924,"ncurve"
"Kumar","DIFS","Refined Louvain",300,"true","submitted","default",1,0.988771468816226,0.992545322773649,0.985200431245712,0.995934959349594,300,3,3,453,616,"3:2",246,0,54.01,"ncurve"
"Kumar","DIFS","Refined Louvain",300,"estimated","submitted","default",1,0.988771468816226,0.992545322773649,0.985200431245712,0.995934959349594,300,NA,3,453,616,"3:2",NA,NA,55.398,"ncurve"
"Kumar","DIFS","Refined Louvain",500,"true","submitted","default",1,0.988771468816226,0.992545322773649,0.985200431245712,0.995934959349594,500,3,3,453,616,"3:1",246,0,53.912,"ncurve"
"Kumar","DIFS","Refined Louvain",500,"estimated","submitted","default",1,0.988771468816226,0.992545322773649,0.985200431245712,0.995934959349594,500,NA,3,453,616,"3:1",NA,NA,54.284,"ncurve"
"Kumar","DIFS","Refined Louvain",750,"true","submitted","default",1,0.975764779664105,0.983914754264005,0.968337218337218,0.991869918699187,697,3,3,453,616,"1:1",246,0,54.595,"ncurve"
"Kumar","DIFS","Refined Louvain",750,"estimated","submitted","default",1,0.975764779664105,0.983914754264005,0.968337218337218,0.991869918699187,697,NA,3,453,616,"1:1",NA,NA,55.234,"ncurve"
"Kumar","DIFS","Refined Louvain",1000,"true","submitted","default",1,0.975764779664105,0.983914754264005,0.968337218337218,0.991869918699187,697,3,3,453,616,"1:1",246,0,53.276,"ncurve"
"Kumar","DIFS","Refined Louvain",1000,"estimated","submitted","default",1,0.975764779664105,0.983914754264005,0.968337218337218,0.991869918699187,697,NA,3,453,616,"1:1",NA,NA,55.695,"ncurve"
"Kumar","DIFS","Refined Louvain",1500,"true","submitted","default",1,0.975764779664105,0.983914754264005,0.968337218337218,0.991869918699187,697,3,3,453,616,"1:1",246,0,55.271,"ncurve"
"Kumar","DIFS","Refined Louvain",1500,"estimated","submitted","default",1,0.975764779664105,0.983914754264005,0.968337218337218,0.991869918699187,697,NA,3,453,616,"1:1",NA,NA,54.165,"ncurve"
"Kumar","DIFS","Refined Louvain",2500,"true","submitted","default",1,0.975764779664105,0.983914754264005,0.968337218337218,0.991869918699187,697,3,3,453,616,"1:1",246,0,63.715,"ncurve"
"Kumar","DIFS","Refined Louvain",2500,"estimated","submitted","default",1,0.975764779664105,0.983914754264005,0.968337218337218,0.991869918699187,697,NA,3,453,616,"1:1",NA,NA,55.985,"ncurve"
"Kumar","DIFS","SC3",0,"true","submitted","default",1,1,1,1,1,453,3,3,453,616,"1:1",246,0,86.455,"ncurve"
"Kumar","DIFS","SC3",0,"estimated","submitted","default",1,1,1,1,1,453,NA,3,453,616,"1:1",NA,NA,87.44,"ncurve"
"Kumar","DIFS","SC3",100,"true","submitted","default",1,1,1,1,1,100,3,3,453,616,"1:1",246,0,85.448,"ncurve"
"Kumar","DIFS","SC3",100,"estimated","submitted","default",1,1,1,1,1,100,NA,3,453,616,"1:1",NA,NA,92.251,"ncurve"
"Kumar","DIFS","SC3",200,"true","submitted","default",1,1,1,1,1,200,3,3,453,616,"3:2",246,0,85.913,"ncurve"
"Kumar","DIFS","SC3",200,"estimated","submitted","default",1,1,1,1,1,200,NA,3,453,616,"3:2",NA,NA,88.286,"ncurve"
"Kumar","DIFS","SC3",300,"true","submitted","default",1,1,1,1,1,300,3,3,453,616,"3:2",246,0,87.152,"ncurve"
"Kumar","DIFS","SC3",300,"estimated","submitted","default",1,1,1,1,1,300,NA,3,453,616,"3:2",NA,NA,86.651,"ncurve"
"Kumar","DIFS","SC3",500,"true","submitted","default",1,1,1,1,1,500,3,3,453,616,"3:1",246,0,84.805,"ncurve"
"Kumar","DIFS","SC3",500,"estimated","submitted","default",1,1,1,1,1,500,NA,3,453,616,"3:1",NA,NA,88.513,"ncurve"
"Kumar","DIFS","SC3",750,"true","submitted","default",1,1,1,1,1,697,3,3,453,616,"1:1",246,0,103.431,"ncurve"
"Kumar","DIFS","SC3",750,"estimated","submitted","default",1,1,1,1,1,697,NA,3,453,616,"1:1",NA,NA,88.487,"ncurve"
"Kumar","DIFS","SC3",1000,"true","submitted","default",1,1,1,1,1,697,3,3,453,616,"1:1",246,0,86.007,"ncurve"
"Kumar","DIFS","SC3",1000,"estimated","submitted","default",1,1,1,1,1,697,NA,3,453,616,"1:1",NA,NA,91.236,"ncurve"
"Kumar","DIFS","SC3",1500,"true","submitted","default",1,1,1,1,1,697,3,3,453,616,"1:1",246,0,104.31,"ncurve"
"Kumar","DIFS","SC3",1500,"estimated","submitted","default",1,1,1,1,1,697,NA,3,453,616,"1:1",NA,NA,98.729,"ncurve"
"Kumar","DIFS","SC3",2500,"true","submitted","default",1,1,1,1,1,697,3,3,453,616,"1:1",246,0,86.726,"ncurve"
"Kumar","DIFS","SC3",2500,"estimated","submitted","default",1,1,1,1,1,697,NA,3,453,616,"1:1",NA,NA,87.653,"ncurve"
"Kumar","FEAST","Refined Louvain",0,"true","submitted","default",1,0.975764779664105,0.983914754264005,0.968337218337218,0.991869918699187,453,3,3,NA,NA,NA,246,0,12.155,"ncurve"
"Kumar","FEAST","Refined Louvain",0,"estimated","submitted","default",1,0.975764779664105,0.983914754264005,0.968337218337218,0.991869918699187,453,NA,3,NA,NA,NA,NA,NA,10.786,"ncurve"
"Kumar","FEAST","Refined Louvain",100,"true","submitted","default",1,0.986911481731239,0.991309674319023,0.98276874877619,0.995934959349594,100,3,3,NA,NA,NA,246,0,11.476,"ncurve"
"Kumar","FEAST","Refined Louvain",100,"estimated","submitted","default",1,0.986911481731239,0.991309674319023,0.98276874877619,0.995934959349594,100,NA,3,NA,NA,NA,NA,NA,11.481,"ncurve"
"Kumar","FEAST","Refined Louvain",200,"true","submitted","default",1,0.986911481731239,0.991309674319023,0.98276874877619,0.995934959349594,200,3,3,NA,NA,NA,246,0,15.086,"ncurve"
"Kumar","FEAST","Refined Louvain",200,"estimated","submitted","default",1,0.986911481731239,0.991309674319023,0.98276874877619,0.995934959349594,200,NA,3,NA,NA,NA,NA,NA,19.319,"ncurve"
"Kumar","FEAST","Refined Louvain",300,"true","submitted","default",1,0.986911481731239,0.991309674319023,0.98276874877619,0.995934959349594,300,3,3,NA,NA,NA,246,0,11.523,"ncurve"
"Kumar","FEAST","Refined Louvain",300,"estimated","submitted","default",1,0.986911481731239,0.991309674319023,0.98276874877619,0.995934959349594,300,NA,3,NA,NA,NA,NA,NA,12.407,"ncurve"
"Kumar","FEAST","Refined Louvain",500,"true","submitted","default",1,0.986911481731239,0.991309674319023,0.98276874877619,0.995934959349594,500,3,3,NA,NA,NA,246,0,11.718,"ncurve"
"Kumar","FEAST","Refined Louvain",500,"estimated","submitted","default",1,0.986911481731239,0.991309674319023,0.98276874877619,0.995934959349594,500,NA,3,NA,NA,NA,NA,NA,11.579,"ncurve"
"Kumar","FEAST","Refined Louvain",750,"true","submitted","default",1,0.975764779664105,0.983914754264005,0.968337218337218,0.991869918699187,750,3,3,NA,NA,NA,246,0,11.235,"ncurve"
"Kumar","FEAST","Refined Louvain",750,"estimated","submitted","default",1,0.975764779664105,0.983914754264005,0.968337218337218,0.991869918699187,750,NA,3,NA,NA,NA,NA,NA,11.027,"ncurve"
"Kumar","FEAST","Refined Louvain",1000,"true","submitted","default",1,0.986911481731239,0.991309674319023,0.98276874877619,0.995934959349594,1000,3,3,NA,NA,NA,246,0,22.646,"ncurve"
"Kumar","FEAST","Refined Louvain",1000,"estimated","submitted","default",1,0.986911481731239,0.991309674319023,0.98276874877619,0.995934959349594,1000,NA,3,NA,NA,NA,NA,NA,10.926,"ncurve"
"Kumar","FEAST","Refined Louvain",1500,"true","submitted","default",1,0.988771468816226,0.992545322773649,0.985200431245712,0.995934959349594,1500,3,3,NA,NA,NA,246,0,16.183,"ncurve"
"Kumar","FEAST","Refined Louvain",1500,"estimated","submitted","default",1,0.988771468816226,0.992545322773649,0.985200431245712,0.995934959349594,1500,NA,3,NA,NA,NA,NA,NA,11.305,"ncurve"
"Kumar","FEAST","Refined Louvain",2500,"true","submitted","default",1,1,1,1,1,2500,3,3,NA,NA,NA,246,0,15.316,"ncurve"
"Kumar","FEAST","Refined Louvain",2500,"estimated","submitted","default",1,1,1,1,1,2500,NA,3,NA,NA,NA,NA,NA,12.339,"ncurve"
"Kumar","FEAST","SC3",0,"true","submitted","default",1,1,1,1,1,453,3,3,NA,NA,NA,246,0,42.822,"ncurve"
"Kumar","FEAST","SC3",0,"estimated","submitted","default",1,1,1,1,1,453,NA,3,NA,NA,NA,NA,NA,62.764,"ncurve"
"Kumar","FEAST","SC3",100,"true","submitted","default",1,0.973980591663917,0.982730503807519,0.96604578967792,0.991869918699187,100,3,3,NA,NA,NA,246,0,43.725,"ncurve"
"Kumar","FEAST","SC3",100,"estimated","submitted","default",1,0.973980591663917,0.982730503807519,0.96604578967792,0.991869918699187,100,NA,3,NA,NA,NA,NA,NA,43.788,"ncurve"
"Kumar","FEAST","SC3",200,"true","submitted","default",1,1,1,1,1,200,3,3,NA,NA,NA,246,0,42.467,"ncurve"
"Kumar","FEAST","SC3",200,"estimated","submitted","default",1,1,1,1,1,200,NA,3,NA,NA,NA,NA,NA,47.885,"ncurve"
"Kumar","FEAST","SC3",300,"true","submitted","default",1,1,1,1,1,300,3,3,NA,NA,NA,246,0,42.775,"ncurve"
"Kumar","FEAST","SC3",300,"estimated","submitted","default",1,1,1,1,1,300,NA,3,NA,NA,NA,NA,NA,43.883,"ncurve"
"Kumar","FEAST","SC3",500,"true","submitted","default",1,1,1,1,1,500,3,3,NA,NA,NA,246,0,42.528,"ncurve"
"Kumar","FEAST","SC3",500,"estimated","submitted","default",1,1,1,1,1,500,NA,3,NA,NA,NA,NA,NA,43.881,"ncurve"
"Kumar","FEAST","SC3",750,"true","submitted","default",1,1,1,1,1,750,3,3,NA,NA,NA,246,0,43.046,"ncurve"
"Kumar","FEAST","SC3",750,"estimated","submitted","default",1,1,1,1,1,750,NA,3,NA,NA,NA,NA,NA,51.105,"ncurve"
"Kumar","FEAST","SC3",1000,"true","submitted","default",1,1,1,1,1,1000,3,3,NA,NA,NA,246,0,45.174,"ncurve"
"Kumar","FEAST","SC3",1000,"estimated","submitted","default",1,1,1,1,1,1000,NA,3,NA,NA,NA,NA,NA,43.582,"ncurve"
"Kumar","FEAST","SC3",1500,"true","submitted","default",1,1,1,1,1,1500,3,3,NA,NA,NA,246,0,43.215,"ncurve"
"Kumar","FEAST","SC3",1500,"estimated","submitted","default",1,1,1,1,1,1500,NA,3,NA,NA,NA,NA,NA,44.785,"ncurve"
"Kumar","FEAST","SC3",2500,"true","submitted","default",1,1,1,1,1,2500,3,3,NA,NA,NA,246,0,43.432,"ncurve"
"Kumar","FEAST","SC3",2500,"estimated","submitted","default",1,1,1,1,1,2500,NA,3,NA,NA,NA,NA,NA,44.019,"ncurve"
"Kumar","GateOnly","Refined Louvain",0,"true","submitted","default",1,0.975764779664105,0.983914754264005,0.968337218337218,0.991869918699187,453,3,3,NA,NA,NA,246,0,10.79,"ncurve"
"Kumar","GateOnly","Refined Louvain",0,"estimated","submitted","default",1,0.975764779664105,0.983914754264005,0.968337218337218,0.991869918699187,453,NA,3,NA,NA,NA,NA,NA,12.143,"ncurve"
"Kumar","GateOnly","Refined Louvain",100,"true","submitted","default",1,0.988771468816226,0.992545322773649,0.985200431245712,0.995934959349594,100,3,3,NA,NA,NA,246,0,11.76,"ncurve"
"Kumar","GateOnly","Refined Louvain",100,"estimated","submitted","default",1,0.988771468816226,0.992545322773649,0.985200431245712,0.995934959349594,100,NA,3,NA,NA,NA,NA,NA,9.4,"ncurve"
"Kumar","GateOnly","Refined Louvain",200,"true","submitted","default",1,0.988771468816226,0.992545322773649,0.985200431245712,0.995934959349594,200,3,3,NA,NA,NA,246,0,11.762,"ncurve"
"Kumar","GateOnly","Refined Louvain",200,"estimated","submitted","default",1,0.988771468816226,0.992545322773649,0.985200431245712,0.995934959349594,200,NA,3,NA,NA,NA,NA,NA,9.457,"ncurve"
"Kumar","GateOnly","Refined Louvain",300,"true","submitted","default",1,0.975764779664105,0.983914754264005,0.968337218337218,0.991869918699187,300,3,3,NA,NA,NA,246,0,9.697,"ncurve"
"Kumar","GateOnly","Refined Louvain",300,"estimated","submitted","default",1,0.975764779664105,0.983914754264005,0.968337218337218,0.991869918699187,300,NA,3,NA,NA,NA,NA,NA,8.912,"ncurve"
"Kumar","GateOnly","Refined Louvain",500,"true","submitted","default",1,0.975764779664105,0.983914754264005,0.968337218337218,0.991869918699187,453,3,3,NA,NA,NA,246,0,10.052,"ncurve"
"Kumar","GateOnly","Refined Louvain",500,"estimated","submitted","default",1,0.975764779664105,0.983914754264005,0.968337218337218,0.991869918699187,453,NA,3,NA,NA,NA,NA,NA,9.667,"ncurve"
"Kumar","GateOnly","Refined Louvain",750,"true","submitted","default",1,0.975764779664105,0.983914754264005,0.968337218337218,0.991869918699187,453,3,3,NA,NA,NA,246,0,10.582,"ncurve"
"Kumar","GateOnly","Refined Louvain",750,"estimated","submitted","default",1,0.975764779664105,0.983914754264005,0.968337218337218,0.991869918699187,453,NA,3,NA,NA,NA,NA,NA,9.657,"ncurve"
"Kumar","GateOnly","Refined Louvain",1000,"true","submitted","default",1,0.975764779664105,0.983914754264005,0.968337218337218,0.991869918699187,453,3,3,NA,NA,NA,246,0,9.418,"ncurve"
"Kumar","GateOnly","Refined Louvain",1000,"estimated","submitted","default",1,0.975764779664105,0.983914754264005,0.968337218337218,0.991869918699187,453,NA,3,NA,NA,NA,NA,NA,9.065,"ncurve"
"Kumar","GateOnly","Refined Louvain",1500,"true","submitted","default",1,0.975764779664105,0.983914754264005,0.968337218337218,0.991869918699187,453,3,3,NA,NA,NA,246,0,9.554,"ncurve"
"Kumar","GateOnly","Refined Louvain",1500,"estimated","submitted","default",1,0.975764779664105,0.983914754264005,0.968337218337218,0.991869918699187,453,NA,3,NA,NA,NA,NA,NA,11.981,"ncurve"
"Kumar","GateOnly","Refined Louvain",2500,"true","submitted","default",1,0.975764779664105,0.983914754264005,0.968337218337218,0.991869918699187,453,3,3,NA,NA,NA,246,0,9.574,"ncurve"
"Kumar","GateOnly","Refined Louvain",2500,"estimated","submitted","default",1,0.975764779664105,0.983914754264005,0.968337218337218,0.991869918699187,453,NA,3,NA,NA,NA,NA,NA,9.443,"ncurve"
"Kumar","GateOnly","SC3",0,"true","submitted","default",1,1,1,1,1,453,3,3,NA,NA,NA,246,0,41.261,"ncurve"
"Kumar","GateOnly","SC3",0,"estimated","submitted","default",1,1,1,1,1,453,NA,3,NA,NA,NA,NA,NA,54.889,"ncurve"
"Kumar","GateOnly","SC3",100,"true","submitted","default",1,1,1,1,1,100,3,3,NA,NA,NA,246,0,41.613,"ncurve"
"Kumar","GateOnly","SC3",100,"estimated","submitted","default",1,1,1,1,1,100,NA,3,NA,NA,NA,NA,NA,42.465,"ncurve"
"Kumar","GateOnly","SC3",200,"true","submitted","default",1,1,1,1,1,200,3,3,NA,NA,NA,246,0,44.073,"ncurve"
"Kumar","GateOnly","SC3",200,"estimated","submitted","default",1,1,1,1,1,200,NA,3,NA,NA,NA,NA,NA,58.73,"ncurve"
"Kumar","GateOnly","SC3",300,"true","submitted","default",1,1,1,1,1,300,3,3,NA,NA,NA,246,0,68.136,"ncurve"
"Kumar","GateOnly","SC3",300,"estimated","submitted","default",1,1,1,1,1,300,NA,3,NA,NA,NA,NA,NA,42.915,"ncurve"
"Kumar","GateOnly","SC3",500,"true","submitted","default",1,1,1,1,1,453,3,3,NA,NA,NA,246,0,41.039,"ncurve"
"Kumar","GateOnly","SC3",500,"estimated","submitted","default",1,1,1,1,1,453,NA,3,NA,NA,NA,NA,NA,42.212,"ncurve"
"Kumar","GateOnly","SC3",750,"true","submitted","default",1,1,1,1,1,453,3,3,NA,NA,NA,246,0,50.165,"ncurve"
"Kumar","GateOnly","SC3",750,"estimated","submitted","default",1,1,1,1,1,453,NA,3,NA,NA,NA,NA,NA,43.158,"ncurve"
"Kumar","GateOnly","SC3",1000,"true","submitted","default",1,1,1,1,1,453,3,3,NA,NA,NA,246,0,41.128,"ncurve"
"Kumar","GateOnly","SC3",1000,"estimated","submitted","default",1,1,1,1,1,453,NA,3,NA,NA,NA,NA,NA,42.959,"ncurve"
"Kumar","GateOnly","SC3",1500,"true","submitted","default",1,1,1,1,1,453,3,3,NA,NA,NA,246,0,41.771,"ncurve"
"Kumar","GateOnly","SC3",1500,"estimated","submitted","default",1,1,1,1,1,453,NA,3,NA,NA,NA,NA,NA,42.467,"ncurve"
"Kumar","GateOnly","SC3",2500,"true","submitted","default",1,1,1,1,1,453,3,3,NA,NA,NA,246,0,43.534,"ncurve"
"Kumar","GateOnly","SC3",2500,"estimated","submitted","default",1,1,1,1,1,453,NA,3,NA,NA,NA,NA,NA,41.683,"ncurve"
"Kumar","Seurat","Refined Louvain",0,"true","submitted","default",1,0.950225438730545,0.966988739152467,0.93608090059149,0.983739837398374,453,3,3,NA,NA,NA,246,0,12.602,"ncurve"
"Kumar","Seurat","Refined Louvain",0,"estimated","submitted","default",1,0.950225438730545,0.966988739152467,0.93608090059149,0.983739837398374,453,NA,3,NA,NA,NA,NA,NA,12.767,"ncurve"
"Kumar","Seurat","Refined Louvain",100,"true","submitted","default",1,0.949211345705182,0.966280195847884,0.934759766930939,0.983739837398374,100,3,3,NA,NA,NA,246,0,11.952,"ncurve"
"Kumar","Seurat","Refined Louvain",100,"estimated","submitted","default",1,0.949211345705182,0.966280195847884,0.934759766930939,0.983739837398374,100,NA,3,NA,NA,NA,NA,NA,10.488,"ncurve"
"Kumar","Seurat","Refined Louvain",200,"true","submitted","default",1,0.950076857950636,0.966890187507629,0.93589621291615,0.983739837398374,200,3,3,NA,NA,NA,246,0,11.604,"ncurve"
"Kumar","Seurat","Refined Louvain",200,"estimated","submitted","default",1,0.950076857950636,0.966890187507629,0.93589621291615,0.983739837398374,200,NA,3,NA,NA,NA,NA,NA,10.472,"ncurve"
"Kumar","Seurat","Refined Louvain",300,"true","submitted","default",1,0.961814739563433,0.974675767449847,0.950595924644368,0.98780487804878,300,3,3,NA,NA,NA,246,0,14.206,"ncurve"
"Kumar","Seurat","Refined Louvain",300,"estimated","submitted","default",1,0.961814739563433,0.974675767449847,0.950595924644368,0.98780487804878,300,NA,3,NA,NA,NA,NA,NA,10.312,"ncurve"
"Kumar","Seurat","Refined Louvain",500,"true","submitted","default",1,0.950225438730545,0.966988739152467,0.93608090059149,0.983739837398374,500,3,3,NA,NA,NA,246,0,15.399,"ncurve"
"Kumar","Seurat","Refined Louvain",500,"estimated","submitted","default",1,0.950225438730545,0.966988739152467,0.93608090059149,0.983739837398374,500,NA,3,NA,NA,NA,NA,NA,10.761,"ncurve"
"Kumar","Seurat","Refined Louvain",750,"true","submitted","default",1,0.963746289702248,0.975956938832744,0.953036281397363,0.98780487804878,750,3,3,NA,NA,NA,246,0,14.358,"ncurve"
"Kumar","Seurat","Refined Louvain",750,"estimated","submitted","default",1,0.963746289702248,0.975956938832744,0.953036281397363,0.98780487804878,750,NA,3,NA,NA,NA,NA,NA,10.455,"ncurve"
"Kumar","Seurat","Refined Louvain",1000,"true","submitted","default",1,0.975764779664105,0.983914754264005,0.968337218337218,0.991869918699187,1000,3,3,NA,NA,NA,246,0,12.318,"ncurve"
"Kumar","Seurat","Refined Louvain",1000,"estimated","submitted","default",1,0.975764779664105,0.983914754264005,0.968337218337218,0.991869918699187,1000,NA,3,NA,NA,NA,NA,NA,14.854,"ncurve"
"Kumar","Seurat","Refined Louvain",1500,"true","submitted","default",1,0.975764779664105,0.983914754264005,0.968337218337218,0.991869918699187,1500,3,3,NA,NA,NA,246,0,13.274,"ncurve"
"Kumar","Seurat","Refined Louvain",1500,"estimated","submitted","default",1,0.975764779664105,0.983914754264005,0.968337218337218,0.991869918699187,1500,NA,3,NA,NA,NA,NA,NA,15.973,"ncurve"
"Kumar","Seurat","Refined Louvain",2500,"true","submitted","default",1,0.988771468816226,0.992545322773649,0.985200431245712,0.995934959349594,2500,3,3,NA,NA,NA,246,0,22.153,"ncurve"
"Kumar","Seurat","Refined Louvain",2500,"estimated","submitted","default",1,0.988771468816226,0.992545322773649,0.985200431245712,0.995934959349594,2500,NA,3,NA,NA,NA,NA,NA,11.812,"ncurve"
"Kumar","Seurat","SC3",0,"true","submitted","default",1,1,1,1,1,453,3,3,NA,NA,NA,246,0,46.052,"ncurve"
"Kumar","Seurat","SC3",0,"estimated","submitted","default",1,1,1,1,1,453,NA,3,NA,NA,NA,NA,NA,44.215,"ncurve"
"Kumar","Seurat","SC3",100,"true","submitted","default",1,0.974806339315736,0.983285017754355,0.967116112135028,0.991869918699187,100,3,3,NA,NA,NA,246,0,45.199,"ncurve"
"Kumar","Seurat","SC3",100,"estimated","submitted","default",1,0.974806339315736,0.983285017754355,0.967116112135028,0.991869918699187,100,NA,3,NA,NA,NA,NA,NA,91.245,"ncurve"
"Kumar","Seurat","SC3",200,"true","submitted","default",1,1,1,1,1,200,3,3,NA,NA,NA,246,0,44.994,"ncurve"
"Kumar","Seurat","SC3",200,"estimated","submitted","default",1,1,1,1,1,200,NA,3,NA,NA,NA,NA,NA,52.08,"ncurve"
"Kumar","Seurat","SC3",300,"true","submitted","default",1,1,1,1,1,300,3,3,NA,NA,NA,246,0,43.695,"ncurve"
"Kumar","Seurat","SC3",300,"estimated","submitted","default",1,1,1,1,1,300,NA,3,NA,NA,NA,NA,NA,44.372,"ncurve"
"Kumar","Seurat","SC3",500,"true","submitted","default",1,1,1,1,1,500,3,3,NA,NA,NA,246,0,43.428,"ncurve"
"Kumar","Seurat","SC3",500,"estimated","submitted","default",1,1,1,1,1,500,NA,3,NA,NA,NA,NA,NA,46.494,"ncurve"
"Kumar","Seurat","SC3",750,"true","submitted","default",1,1,1,1,1,750,3,3,NA,NA,NA,246,0,43.174,"ncurve"
"Kumar","Seurat","SC3",750,"estimated","submitted","default",1,1,1,1,1,750,NA,3,NA,NA,NA,NA,NA,43.388,"ncurve"
"Kumar","Seurat","SC3",1000,"true","submitted","default",1,1,1,1,1,1000,3,3,NA,NA,NA,246,0,45.04,"ncurve"
"Kumar","Seurat","SC3",1000,"estimated","submitted","default",1,1,1,1,1,1000,NA,3,NA,NA,NA,NA,NA,42.278,"ncurve"
"Kumar","Seurat","SC3",1500,"true","submitted","default",1,1,1,1,1,1500,3,3,NA,NA,NA,246,0,43.844,"ncurve"
"Kumar","Seurat","SC3",1500,"estimated","submitted","default",1,1,1,1,1,1500,NA,3,NA,NA,NA,NA,NA,54.087,"ncurve"
"Kumar","Seurat","SC3",2500,"true","submitted","default",1,1,1,1,1,2500,3,3,NA,NA,NA,246,0,43.86,"ncurve"
"Kumar","Seurat","SC3",2500,"estimated","submitted","default",1,1,1,1,1,2500,NA,3,NA,NA,NA,NA,NA,44.977,"ncurve"
"Kumar","Variance","Refined Louvain",0,"true","submitted","default",1,0.976814611412101,0.984619012819794,0.969699912595902,0.991869918699187,453,3,3,NA,NA,NA,246,0,9.709,"ncurve"
"Kumar","Variance","Refined Louvain",0,"estimated","submitted","default",1,0.976814611412101,0.984619012819794,0.969699912595902,0.991869918699187,453,NA,3,NA,NA,NA,NA,NA,23.252,"ncurve"
"Kumar","Variance","Refined Louvain",100,"true","submitted","default",1,0.977700915968083,0.985202490271975,0.970834143496014,0.991869918699187,100,3,3,NA,NA,NA,246,0,11.876,"ncurve"
"Kumar","Variance","Refined Louvain",100,"estimated","submitted","default",1,0.977700915968083,0.985202490271975,0.970834143496014,0.991869918699187,100,NA,3,NA,NA,NA,NA,NA,11.879,"ncurve"
"Kumar","Variance","Refined Louvain",200,"true","submitted","default",1,0.977700915968083,0.985202490271975,0.970834143496014,0.991869918699187,200,3,3,NA,NA,NA,246,0,11.813,"ncurve"
"Kumar","Variance","Refined Louvain",200,"estimated","submitted","default",1,0.977700915968083,0.985202490271975,0.970834143496014,0.991869918699187,200,NA,3,NA,NA,NA,NA,NA,11.914,"ncurve"
"Kumar","Variance","Refined Louvain",300,"true","submitted","default",1,0.976814611412101,0.984619012819794,0.969699912595902,0.991869918699187,300,3,3,NA,NA,NA,246,0,10.851,"ncurve"
"Kumar","Variance","Refined Louvain",300,"estimated","submitted","default",1,0.976814611412101,0.984619012819794,0.969699912595902,0.991869918699187,300,NA,3,NA,NA,NA,NA,NA,10.31,"ncurve"
"Kumar","Variance","Refined Louvain",500,"true","submitted","default",1,0.976814611412101,0.984619012819794,0.969699912595902,0.991869918699187,500,3,3,NA,NA,NA,246,0,12.465,"ncurve"
"Kumar","Variance","Refined Louvain",500,"estimated","submitted","default",1,0.976814611412101,0.984619012819794,0.969699912595902,0.991869918699187,500,NA,3,NA,NA,NA,NA,NA,9.823,"ncurve"
"Kumar","Variance","Refined Louvain",750,"true","submitted","default",1,0.976814611412101,0.984619012819794,0.969699912595902,0.991869918699187,750,3,3,NA,NA,NA,246,0,10.218,"ncurve"
"Kumar","Variance","Refined Louvain",750,"estimated","submitted","default",1,0.976814611412101,0.984619012819794,0.969699912595902,0.991869918699187,750,NA,3,NA,NA,NA,NA,NA,9.645,"ncurve"
"Kumar","Variance","Refined Louvain",1000,"true","submitted","default",1,0.988771468816226,0.992545322773649,0.985200431245712,0.995934959349594,1000,3,3,NA,NA,NA,246,0,12.698,"ncurve"
"Kumar","Variance","Refined Louvain",1000,"estimated","submitted","default",1,0.988771468816226,0.992545322773649,0.985200431245712,0.995934959349594,1000,NA,3,NA,NA,NA,NA,NA,12.222,"ncurve"
"Kumar","Variance","Refined Louvain",1500,"true","submitted","default",1,1,1,1,1,1500,3,3,NA,NA,NA,246,0,10.538,"ncurve"
"Kumar","Variance","Refined Louvain",1500,"estimated","submitted","default",1,1,1,1,1,1500,NA,3,NA,NA,NA,NA,NA,10.313,"ncurve"
"Kumar","Variance","Refined Louvain",2500,"true","submitted","default",1,1,1,1,1,2500,3,3,NA,NA,NA,246,0,9.964,"ncurve"
"Kumar","Variance","Refined Louvain",2500,"estimated","submitted","default",1,1,1,1,1,2500,NA,3,NA,NA,NA,NA,NA,16.823,"ncurve"
"Kumar","Variance","SC3",0,"true","submitted","default",1,1,1,1,1,453,3,3,NA,NA,NA,246,0,46.26,"ncurve"
"Kumar","Variance","SC3",0,"estimated","submitted","default",1,1,1,1,1,453,NA,3,NA,NA,NA,NA,NA,43.563,"ncurve"
"Kumar","Variance","SC3",100,"true","submitted","default",1,1,1,1,1,100,3,3,NA,NA,NA,246,0,41.75,"ncurve"
"Kumar","Variance","SC3",100,"estimated","submitted","default",1,1,1,1,1,100,NA,3,NA,NA,NA,NA,NA,42.73,"ncurve"
"Kumar","Variance","SC3",200,"true","submitted","default",1,1,1,1,1,200,3,3,NA,NA,NA,246,0,67.015,"ncurve"
"Kumar","Variance","SC3",200,"estimated","submitted","default",1,1,1,1,1,200,NA,3,NA,NA,NA,NA,NA,42.497,"ncurve"
"Kumar","Variance","SC3",300,"true","submitted","default",1,1,1,1,1,300,3,3,NA,NA,NA,246,0,42.315,"ncurve"
"Kumar","Variance","SC3",300,"estimated","submitted","default",1,1,1,1,1,300,NA,3,NA,NA,NA,NA,NA,43.331,"ncurve"
"Kumar","Variance","SC3",500,"true","submitted","default",1,1,1,1,1,500,3,3,NA,NA,NA,246,0,42.285,"ncurve"
"Kumar","Variance","SC3",500,"estimated","submitted","default",1,1,1,1,1,500,NA,3,NA,NA,NA,NA,NA,42.891,"ncurve"
"Kumar","Variance","SC3",750,"true","submitted","default",1,1,1,1,1,750,3,3,NA,NA,NA,246,0,50.874,"ncurve"
"Kumar","Variance","SC3",750,"estimated","submitted","default",1,1,1,1,1,750,NA,3,NA,NA,NA,NA,NA,45.305,"ncurve"
"Kumar","Variance","SC3",1000,"true","submitted","default",1,1,1,1,1,1000,3,3,NA,NA,NA,246,0,48.361,"ncurve"
"Kumar","Variance","SC3",1000,"estimated","submitted","default",1,1,1,1,1,1000,NA,3,NA,NA,NA,NA,NA,65.745,"ncurve"
"Kumar","Variance","SC3",1500,"true","submitted","default",1,1,1,1,1,1500,3,3,NA,NA,NA,246,0,41.971,"ncurve"
"Kumar","Variance","SC3",1500,"estimated","submitted","default",1,1,1,1,1,1500,NA,3,NA,NA,NA,NA,NA,57.17,"ncurve"
"Kumar","Variance","SC3",2500,"true","submitted","default",1,1,1,1,1,2500,3,3,NA,NA,NA,246,0,65.326,"ncurve"
"Kumar","Variance","SC3",2500,"estimated","submitted","default",1,1,1,1,1,2500,NA,3,NA,NA,NA,NA,NA,63.438,"ncurve"
"Lawlor","DIFS","Refined Louvain",0,"true","submitted","default",1,0.517149026802024,0.656338172785461,0.450441623988718,0.863636363636364,1652,8,8,1000,2374,"3:2",638,0,225.226,"ncurve"
"Lawlor","DIFS","Refined Louvain",0,"estimated","submitted","default",1,0.474426520377311,0.619771495210396,0.431686541737649,0.846394984326019,1652,NA,7,1000,1771,"3:2",NA,NA,297.646,"ncurve"
"Lawlor","DIFS","Refined Louvain",100,"true","submitted","default",1,0.548657359988964,0.679413804595651,0.483162777000663,0.890282131661442,100,8,8,1000,2374,"3:2",638,0,225.17,"ncurve"
"Lawlor","DIFS","Refined Louvain",100,"estimated","submitted","default",1,0.694602474171878,0.786499520682415,0.633655643369097,0.879310344827586,100,NA,7,1000,1771,"1:1",NA,NA,221.855,"ncurve"
"Lawlor","DIFS","Refined Louvain",200,"true","submitted","default",1,0.746274485509801,0.823922965811647,0.68838729902817,0.893416927899687,200,8,8,1000,2374,"2:3",638,0,223.047,"ncurve"
"Lawlor","DIFS","Refined Louvain",200,"estimated","submitted","default",1,0.903583069280356,0.933778860189441,0.875256536093513,0.890282131661442,200,NA,7,1000,1771,"1:3",NA,NA,219.274,"ncurve"
"Lawlor","DIFS","Refined Louvain",300,"true","submitted","default",1,0.689982456891451,0.784153561772422,0.625843621399177,0.890282131661442,300,8,8,1000,2374,"1:2",638,0,242.791,"ncurve"
"Lawlor","DIFS","Refined Louvain",300,"estimated","submitted","default",1,0.916344363507109,0.942610326462118,0.891096350473916,0.901253918495298,300,NA,7,1000,1771,"1:2",NA,NA,220.506,"ncurve"
"Lawlor","DIFS","Refined Louvain",500,"true","submitted","default",1,0.702117282185355,0.792979602743595,0.638612970020706,0.894984326018809,500,8,8,1000,2374,"1:3",638,0,227.684,"ncurve"
"Lawlor","DIFS","Refined Louvain",500,"estimated","submitted","default",1,0.911465480324926,0.939215628876203,0.884826544197945,0.896551724137931,500,NA,7,1000,1771,"1:2",NA,NA,219.647,"ncurve"
"Lawlor","DIFS","Refined Louvain",750,"true","submitted","default",1,0.513437669954067,0.653426516217114,0.447017460576481,0.857366771159875,750,8,8,1000,2374,"3:1",638,0,229.953,"ncurve"
"Lawlor","DIFS","Refined Louvain",750,"estimated","submitted","default",1,0.881513887347126,0.918435786721671,0.847950436061628,0.882445141065831,750,NA,7,1000,1771,"1:2",NA,NA,244.083,"ncurve"
"Lawlor","DIFS","Refined Louvain",1000,"true","submitted","default",1,0.528137302655066,0.664987647331559,0.460504776927885,0.866771159874608,1000,8,8,1000,2374,"2:1",638,0,223.441,"ncurve"
"Lawlor","DIFS","Refined Louvain",1000,"estimated","submitted","default",1,0.87360548377481,0.913063873051337,0.839474606977967,0.879310344827586,1000,NA,7,1000,1771,"1:3",NA,NA,235.03,"ncurve"
"Lawlor","DIFS","Refined Louvain",1500,"true","submitted","default",1,0.528663270336598,0.664795157175034,0.462319591444009,0.874608150470219,1500,8,8,1000,2374,"2:1",638,0,229.419,"ncurve"
"Lawlor","DIFS","Refined Louvain",1500,"estimated","submitted","default",1,0.474586501997299,0.619887721478319,0.431744127390966,0.847962382445141,1500,NA,7,1000,1771,"2:3",NA,NA,217.514,"ncurve"
"Lawlor","DIFS","Refined Louvain",2500,"true","submitted","default",1,0.413745438233558,0.571122198019903,0.365005562369855,0.844827586206897,2500,8,8,1000,2374,"1:1",638,0,241.547,"ncurve"
"Lawlor","DIFS","Refined Louvain",2500,"estimated","submitted","default",1,0.468194624996385,0.615319598472786,0.42920961274523,0.832288401253918,2329,NA,7,1000,1771,"1:1",NA,NA,253.314,"ncurve"
"Lawlor","DIFS","SC3",0,"true","submitted","default",1,0.945360889704658,0.962750578707797,0.928176383774839,0.923197492163009,1652,8,8,1000,2374,"3:2",638,0,356.639,"ncurve"
"Lawlor","DIFS","SC3",0,"estimated","submitted","default",1,0.940018998970639,0.959207852085192,0.92159124519373,0.893416927899687,1652,NA,7,1000,1771,"3:2",NA,NA,373.064,"ncurve"
"Lawlor","DIFS","SC3",100,"true","submitted","default",1,0.727374307333847,0.809597025702023,0.671344927283558,0.866771159874608,100,8,8,1000,2374,"3:2",638,0,376.699,"ncurve"
"Lawlor","DIFS","SC3",100,"estimated","submitted","default",1,0.713569494484324,0.799623408524638,0.656863312684537,0.85423197492163,100,NA,7,1000,1771,"1:1",NA,NA,382.929,"ncurve"
"Lawlor","DIFS","SC3",200,"true","submitted","default",1,0.904846597015943,0.934647777487963,0.876764548216094,0.890282131661442,200,8,8,1000,2374,"2:3",638,0,377.724,"ncurve"
"Lawlor","DIFS","SC3",200,"estimated","submitted","default",1,0.726911184696441,0.809175446067048,0.671809823477621,0.846394984326019,200,NA,7,1000,1771,"1:3",NA,NA,383.984,"ncurve"
"Lawlor","DIFS","SC3",300,"true","submitted","default",1,0.760440573521634,0.834106505759867,0.703796443458182,0.920062695924765,300,8,8,1000,2374,"1:2",638,0,391.302,"ncurve"
"Lawlor","DIFS","SC3",300,"estimated","submitted","default",1,0.929980798631462,0.952497610185714,0.909231917353195,0.891849529780564,300,NA,7,1000,1771,"1:2",NA,NA,359.153,"ncurve"
"Lawlor","DIFS","SC3",500,"true","submitted","default",1,0.892166935092281,0.925974203749581,0.861838047405058,0.869905956112853,500,8,8,1000,2374,"1:3",638,0,382.03,"ncurve"
"Lawlor","DIFS","SC3",500,"estimated","submitted","default",1,0.942875333439709,0.961453420675634,0.925547509454983,0.907523510971787,500,NA,7,1000,1771,"1:2",NA,NA,361.936,"ncurve"
"Lawlor","DIFS","SC3",750,"true","submitted","default",1,0.931950940437441,0.953717803917544,0.911508981507363,0.890282131661442,750,8,8,1000,2374,"3:1",638,0,358.037,"ncurve"
"Lawlor","DIFS","SC3",750,"estimated","submitted","default",1,0.931755844005205,0.953450823588261,0.911042082686192,0.896551724137931,750,NA,7,1000,1771,"1:2",NA,NA,359.252,"ncurve"
"Lawlor","DIFS","SC3",1000,"true","submitted","default",1,0.932716258718711,0.95411011337577,0.912246951580443,0.913793103448276,1000,8,8,1000,2374,"2:1",638,0,410.544,"ncurve"
"Lawlor","DIFS","SC3",1000,"estimated","submitted","default",1,0.926189135781123,0.949577131126358,0.903978701375536,0.891849529780564,1000,NA,7,1000,1771,"1:3",NA,NA,357.324,"ncurve"
"Lawlor","DIFS","SC3",1500,"true","submitted","default",1,0.945087026099778,0.962614486691083,0.927915204852233,0.91692789968652,1500,8,8,1000,2374,"2:1",638,0,358.424,"ncurve"
"Lawlor","DIFS","SC3",1500,"estimated","submitted","default",1,0.931221514867883,0.952982149263505,0.910151952184127,0.905956112852665,1500,NA,7,1000,1771,"2:3",NA,NA,362.228,"ncurve"
"Lawlor","DIFS","SC3",2500,"true","submitted","default",1,0.946305570077958,0.963457002318085,0.929478410848103,0.923197492163009,2500,8,8,1000,2374,"1:1",638,0,397.149,"ncurve"
"Lawlor","DIFS","SC3",2500,"estimated","submitted","default",1,0.939526476233109,0.958893728708031,0.921003264449992,0.90282131661442,2329,NA,7,1000,1771,"1:1",NA,NA,356.983,"ncurve"
"Lawlor","FEAST","Refined Louvain",0,"true","submitted","default",1,0.546118914394665,0.678391991295023,0.478522502711618,0.876175548589342,1652,8,8,NA,NA,NA,638,0,20.923,"ncurve"
"Lawlor","FEAST","Refined Louvain",0,"estimated","submitted","default",1,0.546508150856646,0.67769314718787,0.481313703284258,0.847962382445141,1652,NA,7,NA,NA,NA,NA,NA,17.485,"ncurve"
"Lawlor","FEAST","Refined Louvain",100,"true","submitted","default",1,0.676184667668436,0.774085152230886,0.611456794544668,0.904388714733542,100,8,8,NA,NA,NA,638,0,17.707,"ncurve"
"Lawlor","FEAST","Refined Louvain",100,"estimated","submitted","default",1,0.726130752368789,0.808576408275089,0.672182302253013,0.896551724137931,100,NA,7,NA,NA,NA,NA,NA,17.036,"ncurve"
"Lawlor","FEAST","Refined Louvain",200,"true","submitted","default",1,0.534118131217057,0.66876475703188,0.468042029349609,0.863636363636364,200,7,8,NA,NA,NA,638,0,17.97,"ncurve"
"Lawlor","FEAST","Refined Louvain",200,"estimated","submitted","default",1,0.511588770779189,0.650910436654685,0.447889143326875,0.851097178683386,200,NA,7,NA,NA,NA,NA,NA,18.324,"ncurve"
"Lawlor","FEAST","Refined Louvain",300,"true","submitted","default",1,0.554000101937304,0.683807633786755,0.487485400866338,0.866771159874608,300,7,8,NA,NA,NA,638,0,27.1,"ncurve"
"Lawlor","FEAST","Refined Louvain",300,"estimated","submitted","default",1,0.531047889078465,0.666531875298383,0.464816650148662,0.86833855799373,300,NA,7,NA,NA,NA,NA,NA,17.46,"ncurve"
"Lawlor","FEAST","Refined Louvain",500,"true","submitted","default",1,0.528130124032156,0.665167055828007,0.460115658628193,0.898119122257053,500,8,8,NA,NA,NA,638,0,18.273,"ncurve"
"Lawlor","FEAST","Refined Louvain",500,"estimated","submitted","default",1,0.523039672773746,0.65820013797108,0.464182599077811,0.84012539184953,500,NA,7,NA,NA,NA,NA,NA,17.589,"ncurve"
"Lawlor","FEAST","Refined Louvain",750,"true","submitted","default",1,0.532837145236065,0.667669368567057,0.467092736638574,0.873040752351097,750,8,8,NA,NA,NA,638,0,21.852,"ncurve"
"Lawlor","FEAST","Refined Louvain",750,"estimated","submitted","default",1,0.576613473761847,0.700005945560229,0.511964947758679,0.862068965517241,750,NA,7,NA,NA,NA,NA,NA,19.211,"ncurve"
"Lawlor","FEAST","Refined Louvain",1000,"true","submitted","default",1,0.509047206128419,0.649836153431766,0.44328797950935,0.865203761755486,1000,8,8,NA,NA,NA,638,0,17.758,"ncurve"
"Lawlor","FEAST","Refined Louvain",1000,"estimated","submitted","default",1,0.513175371121268,0.651556428829658,0.451080458429325,0.838557993730408,1000,NA,7,NA,NA,NA,NA,NA,17.995,"ncurve"
"Lawlor","FEAST","Refined Louvain",1500,"true","submitted","default",1,0.527424878292272,0.664445583711986,0.45981339008021,0.876175548589342,1500,8,8,NA,NA,NA,638,0,17.19,"ncurve"
"Lawlor","FEAST","Refined Louvain",1500,"estimated","submitted","default",1,0.546691619985758,0.677481705275838,0.482483376783151,0.847962382445141,1500,NA,7,NA,NA,NA,NA,NA,16.584,"ncurve"
"Lawlor","FEAST","Refined Louvain",2500,"true","submitted","default",1,0.507850178064268,0.649421629420057,0.441044398846165,0.852664576802508,2500,8,8,NA,NA,NA,638,0,21.63,"ncurve"
"Lawlor","FEAST","Refined Louvain",2500,"estimated","submitted","default",1,0.684240536620741,0.779494554767842,0.621091837188942,0.879310344827586,2500,NA,7,NA,NA,NA,NA,NA,30.346,"ncurve"
"Lawlor","FEAST","SC3",0,"true","submitted","default",1,0.935748952126741,0.956154675427791,0.915989964519529,0.894984326018809,1652,8,8,NA,NA,NA,638,0,138.428,"ncurve"
"Lawlor","FEAST","SC3",0,"estimated","submitted","default",1,0.924190871594857,0.948689720134871,0.902250177951452,0.866771159874608,1652,NA,7,NA,NA,NA,NA,NA,136.078,"ncurve"
"Lawlor","FEAST","SC3",100,"true","submitted","default",1,0.729411977218066,0.810950505931963,0.676275102692834,0.891849529780564,100,8,8,NA,NA,NA,638,0,173.098,"ncurve"
"Lawlor","FEAST","SC3",100,"estimated","submitted","default",1,0.866030239326013,0.908105721249326,0.831502042225163,0.880877742946709,100,NA,7,NA,NA,NA,NA,NA,159.748,"ncurve"
"Lawlor","FEAST","SC3",200,"true","submitted","default",1,0.925412438056753,0.949061839716926,0.903050446857227,0.891849529780564,200,8,8,NA,NA,NA,638,0,161.226,"ncurve"
"Lawlor","FEAST","SC3",200,"estimated","submitted","default",1,0.901953685406308,0.933425852881305,0.875109698024716,0.874608150470219,200,NA,7,NA,NA,NA,NA,NA,163.978,"ncurve"
"Lawlor","FEAST","SC3",300,"true","submitted","default",1,0.926197966925679,0.949983659213692,0.90463282764249,0.891849529780564,300,8,8,NA,NA,NA,638,0,158.381,"ncurve"
"Lawlor","FEAST","SC3",300,"estimated","submitted","default",1,0.928107997053445,0.951372505546962,0.907098576792107,0.890282131661442,300,NA,7,NA,NA,NA,NA,NA,149.554,"ncurve"
"Lawlor","FEAST","SC3",500,"true","submitted","default",1,0.936599750912149,0.956847525574118,0.917254015396664,0.905956112852665,500,8,8,NA,NA,NA,638,0,139.805,"ncurve"
"Lawlor","FEAST","SC3",500,"estimated","submitted","default",1,0.932744211549223,0.954317879078796,0.912582431301129,0.898119122257053,500,NA,7,NA,NA,NA,NA,NA,140.36,"ncurve"
"Lawlor","FEAST","SC3",750,"true","submitted","default",1,0.930475112390177,0.952598231633115,0.909486895533407,0.898119122257053,750,8,8,NA,NA,NA,638,0,141.517,"ncurve"
"Lawlor","FEAST","SC3",750,"estimated","submitted","default",1,0.921565449742204,0.946979417681201,0.899118426195336,0.863636363636364,750,NA,7,NA,NA,NA,NA,NA,144.464,"ncurve"
"Lawlor","FEAST","SC3",1000,"true","submitted","default",1,0.936629378927773,0.956856925449889,0.917274003991426,0.899686520376176,1000,8,8,NA,NA,NA,638,0,161.788,"ncurve"
"Lawlor","FEAST","SC3",1000,"estimated","submitted","default",1,0.916772487890049,0.943554568669711,0.893059603033071,0.874608150470219,1000,NA,7,NA,NA,NA,NA,NA,209.48,"ncurve"
"Lawlor","FEAST","SC3",1500,"true","submitted","default",1,0.915656182179374,0.942824447914315,0.891739294090396,0.865203761755486,1500,8,8,NA,NA,NA,638,0,165.336,"ncurve"
"Lawlor","FEAST","SC3",1500,"estimated","submitted","default",1,0.918813054109552,0.944920378152246,0.895518919311497,0.863636363636364,1500,NA,7,NA,NA,NA,NA,NA,136.57,"ncurve"
"Lawlor","FEAST","SC3",2500,"true","submitted","default",1,0.940815113340085,0.959805302865161,0.922670367308374,0.899686520376176,2500,8,8,NA,NA,NA,638,0,151.279,"ncurve"
"Lawlor","FEAST","SC3",2500,"estimated","submitted","default",1,0.92497433073937,0.949307971464321,0.903313274849561,0.86833855799373,2500,NA,7,NA,NA,NA,NA,NA,134.485,"ncurve"
"Lawlor","GateOnly","Refined Louvain",0,"true","submitted","default",1,0.621786602808945,0.73318302459324,0.558676818062484,0.846394984326019,1652,8,8,NA,NA,NA,638,0,11.779,"ncurve"
"Lawlor","GateOnly","Refined Louvain",0,"estimated","submitted","default",1,0.619386243184741,0.730726245765524,0.559787980803667,0.836990595611285,1652,NA,7,NA,NA,NA,NA,NA,11.237,"ncurve"
"Lawlor","GateOnly","Refined Louvain",100,"true","submitted","default",1,0.32690957262335,0.496869361427519,0.294790717240412,0.818181818181818,100,8,8,NA,NA,NA,638,0,10.946,"ncurve"
"Lawlor","GateOnly","Refined Louvain",100,"estimated","submitted","default",1,0.392560977393728,0.553062547670889,0.3553298791019,0.813479623824451,100,NA,7,NA,NA,NA,NA,NA,12.558,"ncurve"
"Lawlor","GateOnly","Refined Louvain",200,"true","submitted","default",1,0.359506980559645,0.525120850626391,0.323966065747614,0.816614420062696,200,8,8,NA,NA,NA,638,0,10.871,"ncurve"
"Lawlor","GateOnly","Refined Louvain",200,"estimated","submitted","default",1,0.436236090339952,0.588898722644828,0.393371159701079,0.816614420062696,200,NA,7,NA,NA,NA,NA,NA,12.001,"ncurve"
"Lawlor","GateOnly","Refined Louvain",300,"true","submitted","default",1,0.391909751565547,0.552471388957568,0.352589003522548,0.822884012539185,300,8,8,NA,NA,NA,638,0,10.529,"ncurve"
"Lawlor","GateOnly","Refined Louvain",300,"estimated","submitted","default",1,0.441997960892481,0.593543665291893,0.398008846489829,0.822884012539185,300,NA,7,NA,NA,NA,NA,NA,15.101,"ncurve"
"Lawlor","GateOnly","Refined Louvain",500,"true","submitted","default",1,0.588731300032676,0.707577898451716,0.5340100387288,0.847962382445141,500,7,8,NA,NA,NA,638,0,11.036,"ncurve"
"Lawlor","GateOnly","Refined Louvain",500,"estimated","submitted","default",1,0.588731300032676,0.707577898451716,0.5340100387288,0.847962382445141,500,NA,7,NA,NA,NA,NA,NA,12.38,"ncurve"
"Lawlor","GateOnly","Refined Louvain",750,"true","submitted","default",1,0.567270113302885,0.692309982876682,0.505109362090707,0.846394984326019,750,8,8,NA,NA,NA,638,0,17.639,"ncurve"
"Lawlor","GateOnly","Refined Louvain",750,"estimated","submitted","default",1,0.580817050823171,0.701648367521355,0.527421350423311,0.844827586206897,750,NA,7,NA,NA,NA,NA,NA,11.534,"ncurve"
"Lawlor","GateOnly","Refined Louvain",1000,"true","submitted","default",1,0.582733575459656,0.703310447091655,0.523719788142247,0.847962382445141,1000,8,8,NA,NA,NA,638,0,11.004,"ncurve"
"Lawlor","GateOnly","Refined Louvain",1000,"estimated","submitted","default",1,0.613184806510418,0.725886290455886,0.557458997977982,0.852664576802508,1000,NA,7,NA,NA,NA,NA,NA,11.298,"ncurve"
"Lawlor","GateOnly","Refined Louvain",1500,"true","submitted","default",1,0.571245637656691,0.694790729395896,0.511536587463097,0.841692789968652,1500,8,8,NA,NA,NA,638,0,11.429,"ncurve"
"Lawlor","GateOnly","Refined Louvain",1500,"estimated","submitted","default",1,0.584754204260251,0.704596085980969,0.528625739228386,0.843260188087774,1500,NA,7,NA,NA,NA,NA,NA,12.19,"ncurve"
"Lawlor","GateOnly","Refined Louvain",2500,"true","submitted","default",1,0.621786602808945,0.73318302459324,0.558676818062484,0.846394984326019,1652,8,8,NA,NA,NA,638,0,10.501,"ncurve"
"Lawlor","GateOnly","Refined Louvain",2500,"estimated","submitted","default",1,0.619386243184741,0.730726245765524,0.559787980803667,0.836990595611285,1652,NA,7,NA,NA,NA,NA,NA,11.565,"ncurve"
"Lawlor","GateOnly","SC3",0,"true","submitted","default",1,0.681811215179917,0.776824887912659,0.621979236339314,0.863636363636364,1652,8,8,NA,NA,NA,638,0,164.48,"ncurve"
"Lawlor","GateOnly","SC3",0,"estimated","submitted","default",1,0.902908368117852,0.933287549321283,0.874140816448509,0.887147335423197,1652,NA,7,NA,NA,NA,NA,NA,265.692,"ncurve"
"Lawlor","GateOnly","SC3",100,"true","submitted","default",1,0.281556522544422,0.458318068212165,0.271230339792796,0.74294670846395,100,8,8,NA,NA,NA,638,0,207.801,"ncurve"
"Lawlor","GateOnly","SC3",100,"estimated","submitted","default",1,0.360376214286087,0.526042130354002,0.328978132306423,0.782131661442006,100,NA,7,NA,NA,NA,NA,NA,199.099,"ncurve"
"Lawlor","GateOnly","SC3",200,"true","submitted","default",1,0.298433925793924,0.471469027042331,0.270006048585616,0.788401253918495,200,8,8,NA,NA,NA,638,0,211.985,"ncurve"
"Lawlor","GateOnly","SC3",200,"estimated","submitted","default",1,0.44545714901004,0.596445276846848,0.403601302072603,0.804075235109718,200,NA,7,NA,NA,NA,NA,NA,202.381,"ncurve"
"Lawlor","GateOnly","SC3",300,"true","submitted","default",1,0.479342597001339,0.624920077077025,0.420123411978221,0.832288401253918,300,8,8,NA,NA,NA,638,0,200.882,"ncurve"
"Lawlor","GateOnly","SC3",300,"estimated","submitted","default",1,0.664217179766155,0.763754864527193,0.605348670021567,0.829153605015674,300,NA,7,NA,NA,NA,NA,NA,268.352,"ncurve"
"Lawlor","GateOnly","SC3",500,"true","submitted","default",1,0.566226897272114,0.691510677887119,0.504137141532264,0.827586206896552,500,8,8,NA,NA,NA,638,0,200.326,"ncurve"
"Lawlor","GateOnly","SC3",500,"estimated","submitted","default",1,0.621291383725247,0.732652746626723,0.558842340901823,0.830721003134796,500,NA,7,NA,NA,NA,NA,NA,190.221,"ncurve"
"Lawlor","GateOnly","SC3",750,"true","submitted","default",1,0.633608257405515,0.743128617474083,0.566991446634437,0.857366771159875,750,8,8,NA,NA,NA,638,0,199.752,"ncurve"
"Lawlor","GateOnly","SC3",750,"estimated","submitted","default",1,0.673363927774331,0.771014229858618,0.611624873594888,0.844827586206897,750,NA,7,NA,NA,NA,NA,NA,197.015,"ncurve"
"Lawlor","GateOnly","SC3",1000,"true","submitted","default",1,0.609287801962774,0.723203037468304,0.54981829627722,0.827586206896552,1000,8,8,NA,NA,NA,638,0,174.067,"ncurve"
"Lawlor","GateOnly","SC3",1000,"estimated","submitted","default",1,0.672532327155941,0.770626821014515,0.609957162414803,0.847962382445141,1000,NA,7,NA,NA,NA,NA,NA,174.726,"ncurve"
"Lawlor","GateOnly","SC3",1500,"true","submitted","default",1,0.623070738559719,0.733749168442562,0.561668402175171,0.855799373040752,1500,8,8,NA,NA,NA,638,0,179.714,"ncurve"
"Lawlor","GateOnly","SC3",1500,"estimated","submitted","default",1,0.890403278751472,0.924612255883633,0.858687224144101,0.887147335423197,1500,NA,7,NA,NA,NA,NA,NA,165.517,"ncurve"
"Lawlor","GateOnly","SC3",2500,"true","submitted","default",1,0.681811215179917,0.776824887912659,0.621979236339314,0.863636363636364,1652,8,8,NA,NA,NA,638,0,163.968,"ncurve"
"Lawlor","GateOnly","SC3",2500,"estimated","submitted","default",1,0.902908368117852,0.933287549321283,0.874140816448509,0.887147335423197,1652,NA,7,NA,NA,NA,NA,NA,158.61,"ncurve"
"Lawlor","Seurat","Refined Louvain",0,"true","submitted","default",1,0.540548545891698,0.673082357510584,0.475753257628065,0.874608150470219,1652,8,8,NA,NA,NA,638,0,11.371,"ncurve"
"Lawlor","Seurat","Refined Louvain",0,"estimated","submitted","default",1,0.533456648181124,0.666903267825373,0.471264033505904,0.841692789968652,1652,NA,7,NA,NA,NA,NA,NA,11.954,"ncurve"
"Lawlor","Seurat","Refined Louvain",100,"true","submitted","default",1,0.550296214478025,0.678579523168114,0.493741149815916,0.866771159874608,100,8,8,NA,NA,NA,638,0,11.433,"ncurve"
"Lawlor","Seurat","Refined Louvain",100,"estimated","submitted","default",1,0.705783730786608,0.794588215777707,0.656078679853439,0.871473354231975,100,NA,7,NA,NA,NA,NA,NA,14.96,"ncurve"
"Lawlor","Seurat","Refined Louvain",200,"true","submitted","default",1,0.409697441678769,0.567212748086426,0.368066969384628,0.865203761755486,200,8,8,NA,NA,NA,638,0,11.419,"ncurve"
"Lawlor","Seurat","Refined Louvain",200,"estimated","submitted","default",1,0.462918997429515,0.610440450884759,0.419395587043979,0.865203761755486,200,NA,7,NA,NA,NA,NA,NA,12.592,"ncurve"
"Lawlor","Seurat","Refined Louvain",300,"true","submitted","default",1,0.416243521879765,0.57266044893575,0.371791813423516,0.863636363636364,300,8,8,NA,NA,NA,638,0,11.626,"ncurve"
"Lawlor","Seurat","Refined Louvain",300,"estimated","submitted","default",1,0.427698761677593,0.581965875225611,0.383282122905028,0.827586206896552,300,NA,7,NA,NA,NA,NA,NA,14.762,"ncurve"
"Lawlor","Seurat","Refined Louvain",500,"true","submitted","default",1,0.420501408192982,0.577957419747732,0.365666109455629,0.835423197492163,500,8,8,NA,NA,NA,638,0,11.31,"ncurve"
"Lawlor","Seurat","Refined Louvain",500,"estimated","submitted","default",1,0.473148841860905,0.61949330439643,0.416407375396139,0.832288401253918,500,NA,7,NA,NA,NA,NA,NA,12.43,"ncurve"
"Lawlor","Seurat","Refined Louvain",750,"true","submitted","default",1,0.330753979517364,0.500243511628622,0.298230125698911,0.832288401253918,750,8,8,NA,NA,NA,638,0,11.6,"ncurve"
"Lawlor","Seurat","Refined Louvain",750,"estimated","submitted","default",1,0.437715126909346,0.590108581340514,0.391807957025348,0.832288401253918,750,NA,7,NA,NA,NA,NA,NA,12.67,"ncurve"
"Lawlor","Seurat","Refined Louvain",1000,"true","submitted","default",1,0.402958013249497,0.563735221078007,0.349333721692274,0.843260188087774,1000,8,8,NA,NA,NA,638,0,11.557,"ncurve"
"Lawlor","Seurat","Refined Louvain",1000,"estimated","submitted","default",1,0.5049231230459,0.644439501989724,0.445874206578188,0.844827586206897,1000,NA,7,NA,NA,NA,NA,NA,21.977,"ncurve"
"Lawlor","Seurat","Refined Louvain",1500,"true","submitted","default",1,0.523390987364529,0.659293306818799,0.461248380192484,0.876175548589342,1500,8,8,NA,NA,NA,638,0,11.962,"ncurve"
"Lawlor","Seurat","Refined Louvain",1500,"estimated","submitted","default",1,0.518293254893029,0.654726826372143,0.458804197416974,0.843260188087774,1500,NA,7,NA,NA,NA,NA,NA,22.557,"ncurve"
"Lawlor","Seurat","Refined Louvain",2500,"true","submitted","default",1,0.643537793622873,0.748810837883103,0.582629080805742,0.866771159874608,2500,7,8,NA,NA,NA,638,0,12.586,"ncurve"
"Lawlor","Seurat","Refined Louvain",2500,"estimated","submitted","default",1,0.643537793622873,0.748810837883103,0.582629080805742,0.866771159874608,2500,NA,7,NA,NA,NA,NA,NA,11.603,"ncurve"
"Lawlor","Seurat","SC3",0,"true","submitted","default",1,0.740520699145779,0.819058902651693,0.685320191298262,0.879310344827586,1652,8,8,NA,NA,NA,638,0,163.757,"ncurve"
"Lawlor","Seurat","SC3",0,"estimated","submitted","default",1,0.881641580070172,0.919917680586723,0.851553785985571,0.847962382445141,1652,NA,7,NA,NA,NA,NA,NA,159.529,"ncurve"
"Lawlor","Seurat","SC3",100,"true","submitted","default",1,0.415540616894461,0.572090751800715,0.376234759247778,0.836990595611285,100,8,8,NA,NA,NA,638,0,179.495,"ncurve"
"Lawlor","Seurat","SC3",100,"estimated","submitted","default",1,0.455832087574169,0.605662616341854,0.419120505019367,0.832288401253918,100,NA,7,NA,NA,NA,NA,NA,203.329,"ncurve"
"Lawlor","Seurat","SC3",200,"true","submitted","default",1,0.468593954719274,0.615362769892108,0.414798334189058,0.824451410658307,200,8,8,NA,NA,NA,638,0,181.498,"ncurve"
"Lawlor","Seurat","SC3",200,"estimated","submitted","default",1,0.813850019585159,0.871777529989754,0.772188974160389,0.832288401253918,200,NA,7,NA,NA,NA,NA,NA,175.604,"ncurve"
"Lawlor","Seurat","SC3",300,"true","submitted","default",1,0.641414253110716,0.748089571665579,0.577104317606173,0.898119122257053,300,8,8,NA,NA,NA,638,0,184.961,"ncurve"
"Lawlor","Seurat","SC3",300,"estimated","submitted","default",1,0.860704375057801,0.904277645210444,0.824935484336029,0.86833855799373,300,NA,7,NA,NA,NA,NA,NA,183.119,"ncurve"
"Lawlor","Seurat","SC3",500,"true","submitted","default",1,0.891307749652897,0.925382954523162,0.860814301649739,0.882445141065831,500,8,8,NA,NA,NA,638,0,180.503,"ncurve"
"Lawlor","Seurat","SC3",500,"estimated","submitted","default",1,0.8610142602707,0.904208424187783,0.824109717363622,0.876175548589342,500,NA,7,NA,NA,NA,NA,NA,200.458,"ncurve"
"Lawlor","Seurat","SC3",750,"true","submitted","default",1,0.681694585758286,0.776466096631031,0.623891961784355,0.846394984326019,750,8,8,NA,NA,NA,638,0,180.566,"ncurve"
"Lawlor","Seurat","SC3",750,"estimated","submitted","default",1,0.879692449778048,0.918141775448169,0.848656112977621,0.843260188087774,750,NA,7,NA,NA,NA,NA,NA,174.57,"ncurve"
"Lawlor","Seurat","SC3",1000,"true","submitted","default",1,0.880639071306346,0.918805666564925,0.849787852037475,0.847962382445141,1000,8,8,NA,NA,NA,638,0,166.476,"ncurve"
"Lawlor","Seurat","SC3",1000,"estimated","submitted","default",1,0.904434574247525,0.935043393595071,0.877979068928185,0.880877742946709,1000,NA,7,NA,NA,NA,NA,NA,159.499,"ncurve"
"Lawlor","Seurat","SC3",1500,"true","submitted","default",1,0.680311387207682,0.775372728397962,0.624526454688631,0.847962382445141,1500,8,8,NA,NA,NA,638,0,167.91,"ncurve"
"Lawlor","Seurat","SC3",1500,"estimated","submitted","default",1,0.887444775468357,0.923844648480483,0.858311012853762,0.847962382445141,1500,NA,7,NA,NA,NA,NA,NA,159.743,"ncurve"
"Lawlor","Seurat","SC3",2500,"true","submitted","default",1,0.682535435780699,0.777009447308543,0.625872478910632,0.851097178683386,2500,8,8,NA,NA,NA,638,0,162.064,"ncurve"
"Lawlor","Seurat","SC3",2500,"estimated","submitted","default",1,0.902573536298102,0.933821348917719,0.875813698945792,0.885579937304075,2500,NA,7,NA,NA,NA,NA,NA,155.755,"ncurve"
"Lawlor","Variance","Refined Louvain",0,"true","submitted","default",1,0.746546074447294,0.823254125742463,0.694650264625948,0.884012539184953,1652,7,8,NA,NA,NA,638,0,11.273,"ncurve"
"Lawlor","Variance","Refined Louvain",0,"estimated","submitted","default",1,0.746546074447294,0.823254125742463,0.694650264625948,0.884012539184953,1652,NA,7,NA,NA,NA,NA,NA,15.497,"ncurve"
"Lawlor","Variance","Refined Louvain",100,"true","submitted","default",1,0.567771947884295,0.694293767048179,0.50074056519936,0.918495297805643,100,8,8,NA,NA,NA,638,0,11.887,"ncurve"
"Lawlor","Variance","Refined Louvain",100,"estimated","submitted","default",1,0.749896613779239,0.825807833010383,0.69524562096668,0.918495297805643,100,NA,7,NA,NA,NA,NA,NA,15.398,"ncurve"
"Lawlor","Variance","Refined Louvain",200,"true","submitted","default",1,0.733903822963141,0.814679322840441,0.676230113049382,0.887147335423197,200,7,8,NA,NA,NA,638,0,11.499,"ncurve"
"Lawlor","Variance","Refined Louvain",200,"estimated","submitted","default",1,0.733903822963141,0.814679322840441,0.676230113049382,0.887147335423197,200,NA,7,NA,NA,NA,NA,NA,19.707,"ncurve"
"Lawlor","Variance","Refined Louvain",300,"true","submitted","default",1,0.73651997023771,0.817081760313901,0.677324886445135,0.904388714733542,300,8,8,NA,NA,NA,638,0,22.206,"ncurve"
"Lawlor","Variance","Refined Louvain",300,"estimated","submitted","default",1,0.767346013863987,0.838351306708546,0.713868656188257,0.905956112852665,300,NA,7,NA,NA,NA,NA,NA,12.045,"ncurve"
"Lawlor","Variance","Refined Louvain",500,"true","submitted","default",1,0.74201363712525,0.820700733602631,0.68427465489829,0.898119122257053,500,8,8,NA,NA,NA,638,0,12.017,"ncurve"
"Lawlor","Variance","Refined Louvain",500,"estimated","submitted","default",1,0.734368507099264,0.814882744822886,0.677296987340655,0.86833855799373,500,NA,7,NA,NA,NA,NA,NA,11.632,"ncurve"
"Lawlor","Variance","Refined Louvain",750,"true","submitted","default",1,0.561873774940755,0.688776162326971,0.497902629386574,0.873040752351097,750,8,8,NA,NA,NA,638,0,11.884,"ncurve"
"Lawlor","Variance","Refined Louvain",750,"estimated","submitted","default",1,0.726881296190391,0.809432774751509,0.669586488743061,0.877742946708464,750,NA,7,NA,NA,NA,NA,NA,18.313,"ncurve"
"Lawlor","Variance","Refined Louvain",1000,"true","submitted","default",1,0.558283714887006,0.685588448014601,0.496053967793414,0.86833855799373,1000,8,8,NA,NA,NA,638,0,11.617,"ncurve"
"Lawlor","Variance","Refined Louvain",1000,"estimated","submitted","default",1,0.718246236255491,0.803021886505888,0.66161411041165,0.86833855799373,1000,NA,7,NA,NA,NA,NA,NA,12.123,"ncurve"
"Lawlor","Variance","Refined Louvain",1500,"true","submitted","default",1,0.569088581905522,0.694015983136482,0.50564139941691,0.869905956112853,1500,8,8,NA,NA,NA,638,0,14.395,"ncurve"
"Lawlor","Variance","Refined Louvain",1500,"estimated","submitted","default",1,0.754760189876634,0.829163230947937,0.701610324680987,0.88871473354232,1500,NA,7,NA,NA,NA,NA,NA,16.807,"ncurve"
"Lawlor","Variance","Refined Louvain",2500,"true","submitted","default",1,0.576914813186782,0.699319084741274,0.515702765475555,0.843260188087774,2500,8,8,NA,NA,NA,638,0,11.578,"ncurve"
"Lawlor","Variance","Refined Louvain",2500,"estimated","submitted","default",1,0.603102742394523,0.718418871348491,0.545457123009966,0.843260188087774,2500,NA,7,NA,NA,NA,NA,NA,21.835,"ncurve"
"Lawlor","Variance","SC3",0,"true","submitted","default",1,0.914702022092248,0.941452859852011,0.888501847244213,0.915360501567398,1652,8,8,NA,NA,NA,638,0,159.488,"ncurve"
"Lawlor","Variance","SC3",0,"estimated","submitted","default",1,0.935667465511545,0.956310823277383,0.916231444838392,0.890282131661442,1652,NA,7,NA,NA,NA,NA,NA,157.106,"ncurve"
"Lawlor","Variance","SC3",100,"true","submitted","default",1,0.768950360634879,0.839387717123457,0.716269375293565,0.894984326018809,100,8,8,NA,NA,NA,638,0,261.207,"ncurve"
"Lawlor","Variance","SC3",100,"estimated","submitted","default",1,0.755000844991745,0.829575362620914,0.700131030725969,0.904388714733542,100,NA,7,NA,NA,NA,NA,NA,156.823,"ncurve"
"Lawlor","Variance","SC3",200,"true","submitted","default",1,0.72685698670162,0.809816761758661,0.667881265552791,0.893416927899687,200,8,8,NA,NA,NA,638,0,175.678,"ncurve"
"Lawlor","Variance","SC3",200,"estimated","submitted","default",1,0.748182802668201,0.824841803044912,0.692028182744716,0.905956112852665,200,NA,7,NA,NA,NA,NA,NA,169.491,"ncurve"
"Lawlor","Variance","SC3",300,"true","submitted","default",1,0.686592697179289,0.780158473632628,0.627860192488603,0.865203761755486,300,8,8,NA,NA,NA,638,0,154.87,"ncurve"
"Lawlor","Variance","SC3",300,"estimated","submitted","default",1,0.938239468854352,0.958267640360678,0.919697346661008,0.898119122257053,300,NA,7,NA,NA,NA,NA,NA,148.976,"ncurve"
"Lawlor","Variance","SC3",500,"true","submitted","default",1,0.892324520773332,0.926029331949917,0.861802638366866,0.893416927899687,500,8,8,NA,NA,NA,638,0,157.585,"ncurve"
"Lawlor","Variance","SC3",500,"estimated","submitted","default",1,0.935775850770831,0.956408056225501,0.916398382947446,0.896551724137931,500,NA,7,NA,NA,NA,NA,NA,248.344,"ncurve"
"Lawlor","Variance","SC3",750,"true","submitted","default",1,0.909744020139694,0.938040972643831,0.882135250668399,0.923197492163009,750,8,8,NA,NA,NA,638,0,164.819,"ncurve"
"Lawlor","Variance","SC3",750,"estimated","submitted","default",1,0.92667371111867,0.950181792020009,0.905051805888895,0.890282131661442,750,NA,7,NA,NA,NA,NA,NA,207.51,"ncurve"
"Lawlor","Variance","SC3",1000,"true","submitted","default",1,0.69288555092634,0.785471392625341,0.631091207378176,0.880877742946709,1000,8,8,NA,NA,NA,638,0,211.141,"ncurve"
"Lawlor","Variance","SC3",1000,"estimated","submitted","default",1,0.930377528096513,0.952614977748986,0.909505591524426,0.894984326018809,1000,NA,7,NA,NA,NA,NA,NA,158.291,"ncurve"
"Lawlor","Variance","SC3",1500,"true","submitted","default",1,0.909908621115946,0.938158350229821,0.882314714061178,0.923197492163009,1500,8,8,NA,NA,NA,638,0,163.768,"ncurve"
"Lawlor","Variance","SC3",1500,"estimated","submitted","default",1,0.918517886888693,0.944858098753031,0.895335378204757,0.862068965517241,1500,NA,7,NA,NA,NA,NA,NA,157.256,"ncurve"
"Lawlor","Variance","SC3",2500,"true","submitted","default",1,0.884267299804688,0.920349726977793,0.851256266456421,0.893416927899687,2500,8,8,NA,NA,NA,638,0,161.113,"ncurve"
"Lawlor","Variance","SC3",2500,"estimated","submitted","default",1,0.892361253537712,0.926272947597883,0.862565387809818,0.863636363636364,2500,NA,7,NA,NA,NA,NA,NA,196.716,"ncurve"
"Muraro","DIFS","Refined Louvain",0,"estimated","submitted","object",1,0.338738027081009,0.489840011012148,0.252602913723754,0.96142991533396,1125,20,20,1000,2151,"3:2",2126,0,344.682,"ncurve"
"Muraro","DIFS","Refined Louvain",0,"true","submitted","object",1,0.665183365927301,0.743880878985352,0.566180597694175,0.954844778927563,1125,10,10,1125,1678,"2:3",2126,0,424.203,"ncurve"
"Muraro","DIFS","Refined Louvain",100,"estimated","submitted","object",1,0.385180186941581,0.529671736167974,0.291465406367442,0.959078080903104,100,19,20,1000,2151,"3:1",2126,0,429.231,"ncurve"
"Muraro","DIFS","Refined Louvain",100,"true","submitted","object",1,0.719626734361174,0.784926897449889,0.627495636304433,0.95343367826905,100,10,10,1125,1678,"3:2",2126,0,444.807,"ncurve"
"Muraro","DIFS","Refined Louvain",200,"estimated","submitted","object",1,0.355874617947408,0.503835677613747,0.267234951844365,0.959078080903104,200,19,20,1000,2151,"2:1",2126,0,481.073,"ncurve"
"Muraro","DIFS","Refined Louvain",200,"true","submitted","object",1,0.702792128848187,0.772244603843161,0.608196550515718,0.953904045155221,200,10,10,1125,1678,"3:2",2126,0,413.296,"ncurve"
"Muraro","DIFS","Refined Louvain",300,"estimated","submitted","object",1,0.380702428743392,0.525413743952785,0.28790985776643,0.960489181561618,300,19,20,1000,2151,"3:2",2126,0,440.65,"ncurve"
"Muraro","DIFS","Refined Louvain",300,"true","submitted","object",1,0.66412856027082,0.743183573345876,0.564938280975739,0.953904045155221,300,10,10,1125,1678,"1:1",2126,0,306.355,"ncurve"
"Muraro","DIFS","Refined Louvain",500,"estimated","submitted","object",1,0.337659461244112,0.489365020955085,0.251479124643344,0.964252116650988,500,20,20,1000,2151,"2:1",2126,0,344.378,"ncurve"
"Muraro","DIFS","Refined Louvain",500,"true","submitted","object",1,0.670417713358743,0.747903738891013,0.5718778810148,0.954374412041392,500,10,10,1125,1678,"1:2",2126,0,435.488,"ncurve"
"Muraro","DIFS","Refined Louvain",750,"estimated","submitted","object",1,0.347684872625419,0.498051191838783,0.259762809592452,0.964252116650988,750,20,20,1000,2151,"2:1",2126,0,365.4,"ncurve"
"Muraro","DIFS","Refined Louvain",750,"true","submitted","object",1,0.66814510718225,0.746097107929215,0.569453107374623,0.954374412041392,750,10,10,1125,1678,"1:2",2126,0,313.069,"ncurve"
"Muraro","DIFS","Refined Louvain",1000,"estimated","submitted","object",1,0.339716564323759,0.490771007062297,0.253368161895064,0.961900282220132,1000,20,20,1000,2151,"3:2",2126,0,472.393,"ncurve"
"Muraro","DIFS","Refined Louvain",1000,"true","submitted","object",1,0.667327348908107,0.745470224766566,0.568561657339582,0.954844778927563,1000,10,10,1125,1678,"2:3",2126,0,394.749,"ncurve"
"Muraro","DIFS","Refined Louvain",1500,"estimated","submitted","object",1,0.340611925807336,0.492159987953789,0.253796254349523,0.960489181561618,1500,20,20,1000,2151,"3:2",2126,0,354.686,"ncurve"
"Muraro","DIFS","Refined Louvain",1500,"true","submitted","object",1,0.735194726426286,0.796080130600613,0.646218138116902,0.960959548447789,1500,10,10,1125,1678,"3:1",2126,0,455.923,"ncurve"
"Muraro","DIFS","Refined Louvain",2500,"estimated","submitted","object",1,0.355144063846657,0.504946701654342,0.265723901565443,0.964722483537159,2323,20,20,1000,2151,"1:1",2126,0,446.062,"ncurve"
"Muraro","DIFS","Refined Louvain",2500,"true","submitted","object",1,0.668052913643621,0.745673688529613,0.569663435536881,0.954374412041392,1921,10,10,1125,1678,"1:1",2126,0,317.58,"ncurve"
"Muraro","DIFS","SC3",0,"estimated","submitted","object",1,0.405399802819136,0.546195663734381,0.309057220750475,0.959548447789276,1125,20,20,1000,2151,"3:2",2126,0,518.098,"ncurve"
"Muraro","DIFS","SC3",0,"true","submitted","object",1,0.735098770432224,0.796633377917516,0.645458899066245,0.952492944496707,1125,10,10,1125,1678,"2:3",2126,0,444.961,"ncurve"
"Muraro","DIFS","SC3",100,"estimated","submitted","object",1,0.47427199373546,0.601094819286919,0.371200481187237,0.958137347130762,100,20,20,1000,2151,"3:1",2126,0,679.582,"ncurve"
"Muraro","DIFS","SC3",100,"true","submitted","object",1,0.697438550349458,0.764486372707704,0.606527047623557,0.902634054562559,100,10,10,1125,1678,"3:2",2126,0,474.818,"ncurve"
"Muraro","DIFS","SC3",200,"estimated","submitted","object",1,0.392121705161873,0.534098118103481,0.298163727272378,0.946378174976482,200,20,20,1000,2151,"2:1",2126,0,746.522,"ncurve"
"Muraro","DIFS","SC3",200,"true","submitted","object",1,0.931825077343648,0.947102730216745,0.899174313320369,0.959548447789276,200,10,10,1125,1678,"3:2",2126,0,452.22,"ncurve"
"Muraro","DIFS","SC3",300,"estimated","submitted","object",1,0.368101999594562,0.514910536577167,0.277155014729384,0.955315145813735,300,20,20,1000,2151,"3:2",2126,0,661.889,"ncurve"
"Muraro","DIFS","SC3",300,"true","submitted","object",1,0.732792606395704,0.794789852239672,0.642862140762075,0.951081843838194,300,10,10,1125,1678,"1:1",2126,0,454.67,"ncurve"
"Muraro","DIFS","SC3",500,"estimated","submitted","object",1,0.401026939196861,0.540104655439663,0.306649692259096,0.942615239887112,500,20,20,1000,2151,"2:1",2126,0,527.427,"ncurve"
"Muraro","DIFS","SC3",500,"true","submitted","object",1,0.732716720681197,0.794836192393505,0.642670816154228,0.952022577610536,500,10,10,1125,1678,"1:2",2126,0,546.137,"ncurve"
"Muraro","DIFS","SC3",750,"estimated","submitted","object",1,0.427481604135257,0.562685786038148,0.329353610268799,0.959548447789276,750,20,20,1000,2151,"2:1",2126,0,529.46,"ncurve"
"Muraro","DIFS","SC3",750,"true","submitted","object",1,0.729881840901031,0.792263479481738,0.639797311053636,0.950141110065851,750,10,10,1125,1678,"1:2",2126,0,644.323,"ncurve"
"Muraro","DIFS","SC3",1000,"estimated","submitted","object",1,0.430690412197953,0.565615662638426,0.33201776308201,0.959548447789276,1000,20,20,1000,2151,"3:2",2126,0,755.378,"ncurve"
"Muraro","DIFS","SC3",1000,"true","submitted","object",1,0.732036421923695,0.794380744249537,0.641819173640128,0.952022577610536,1000,10,10,1125,1678,"2:3",2126,0,452.97,"ncurve"
"Muraro","DIFS","SC3",1500,"estimated","submitted","object",1,0.439133778411433,0.573340358866675,0.339047130633948,0.959548447789276,1500,20,20,1000,2151,"3:2",2126,0,723.914,"ncurve"
"Muraro","DIFS","SC3",1500,"true","submitted","object",1,0.739445599923379,0.799772569077182,0.65070512505528,0.952492944496707,1500,10,10,1125,1678,"3:1",2126,0,626.055,"ncurve"
"Muraro","DIFS","SC3",2500,"estimated","submitted","object",1,0.46547465237003,0.594037784279028,0.363149375674426,0.959078080903104,2323,20,20,1000,2151,"1:1",2126,0,585.365,"ncurve"
"Muraro","DIFS","SC3",2500,"true","submitted","object",1,0.737690922154214,0.79842835299902,0.64866202945217,0.951552210724365,1921,10,10,1125,1678,"1:1",2126,0,593.887,"ncurve"
"Muraro","FEAST","Refined Louvain",0,"estimated","submitted","object",1,0.368349648380852,0.515790636614781,0.277013813081733,0.962370649106303,1125,19,20,NA,NA,NA,2126,0,60.358,"ncurve"
"Muraro","FEAST","Refined Louvain",0,"true","submitted","object",1,0.709632791595532,0.777126770133057,0.616259824667473,0.954844778927563,1125,10,10,NA,NA,NA,2126,0,52.876,"ncurve"
"Muraro","FEAST","Refined Louvain",100,"estimated","submitted","object",1,0.347982616731433,0.495911597762268,0.261274446885914,0.942615239887112,100,17,20,NA,NA,NA,2126,0,89.809,"ncurve"
"Muraro","FEAST","Refined Louvain",100,"true","submitted","object",1,0.650914579943808,0.733075802914824,0.550643114258513,0.946378174976482,100,10,10,NA,NA,NA,2126,0,48.75,"ncurve"
"Muraro","FEAST","Refined Louvain",200,"estimated","submitted","object",1,0.369684516370265,0.518248568362394,0.277465382859,0.968015051740358,200,20,20,NA,NA,NA,2126,0,69.084,"ncurve"
"Muraro","FEAST","Refined Louvain",200,"true","submitted","object",1,0.667777268456031,0.745663578067327,0.569184474256323,0.946378174976482,200,10,10,NA,NA,NA,2126,0,47.983,"ncurve"
"Muraro","FEAST","Refined Louvain",300,"estimated","submitted","object",1,0.333530738363861,0.487387186370418,0.247288335492353,0.954844778927563,300,20,20,NA,NA,NA,2126,0,63.568,"ncurve"
"Muraro","FEAST","Refined Louvain",300,"true","submitted","object",1,0.716438894718175,0.782497068596234,0.623844389087853,0.955315145813735,300,10,10,NA,NA,NA,2126,0,51.811,"ncurve"
"Muraro","FEAST","Refined Louvain",500,"estimated","submitted","object",1,0.358693227971998,0.509249946458563,0.268057980665368,0.9689557855127,500,20,20,NA,NA,NA,2126,0,62.995,"ncurve"
"Muraro","FEAST","Refined Louvain",500,"true","submitted","object",1,0.711630907583364,0.778928817493257,0.61826688133346,0.956255879586077,500,10,10,NA,NA,NA,2126,0,61.159,"ncurve"
"Muraro","FEAST","Refined Louvain",750,"estimated","submitted","object",1,0.335620124192532,0.488332762870211,0.249430717334754,0.961900282220132,750,20,20,NA,NA,NA,2126,0,86.808,"ncurve"
"Muraro","FEAST","Refined Louvain",750,"true","submitted","object",1,0.711303734610361,0.778252700366926,0.618304881339429,0.955315145813735,750,10,10,NA,NA,NA,2126,0,53.735,"ncurve"
"Muraro","FEAST","Refined Louvain",1000,"estimated","submitted","object",1,0.32777155514447,0.481133295488492,0.243167639596844,0.962841015992474,1000,20,20,NA,NA,NA,2126,0,65.182,"ncurve"
"Muraro","FEAST","Refined Louvain",1000,"true","submitted","object",1,0.713109237284383,0.779847181120457,0.620149483727148,0.955315145813735,1000,10,10,NA,NA,NA,2126,0,53.225,"ncurve"
"Muraro","FEAST","Refined Louvain",1500,"estimated","submitted","object",1,0.338901402336778,0.491175017315197,0.2521364057434,0.961900282220132,1500,20,20,NA,NA,NA,2126,0,61.896,"ncurve"
"Muraro","FEAST","Refined Louvain",1500,"true","submitted","object",1,0.707131869902539,0.775333013592231,0.613312733310388,0.955315145813735,1500,10,10,NA,NA,NA,2126,0,56.639,"ncurve"
"Muraro","FEAST","Refined Louvain",2500,"estimated","submitted","object",1,0.325562261055338,0.479765558038397,0.24108378548969,0.963781749764817,2500,20,20,NA,NA,NA,2126,0,62.484,"ncurve"
"Muraro","FEAST","Refined Louvain",2500,"true","submitted","object",1,0.663881919688374,0.742333472373176,0.565250402290601,0.954374412041392,2500,10,10,NA,NA,NA,2126,0,52.335,"ncurve"
"Muraro","FEAST","SC3",0,"estimated","submitted","object",1,0.437147949288047,0.57104743549577,0.33766206282237,0.96142991533396,1125,20,20,NA,NA,NA,2126,0,241.217,"ncurve"
"Muraro","FEAST","SC3",0,"true","submitted","object",1,0.737744307959242,0.798490202682051,0.648702847573722,0.952963311382879,1125,10,10,NA,NA,NA,2126,0,191.815,"ncurve"
"Muraro","FEAST","SC3",100,"estimated","submitted","object",1,0.426054188490359,0.562713743731368,0.327411441411233,0.960489181561618,100,20,20,NA,NA,NA,2126,0,361.418,"ncurve"
"Muraro","FEAST","SC3",100,"true","submitted","object",1,0.929221705675511,0.94508024634817,0.895484826054774,0.953904045155221,100,10,10,NA,NA,NA,2126,0,301.48,"ncurve"
"Muraro","FEAST","SC3",200,"estimated","submitted","object",1,0.409683322171504,0.549825973072112,0.312735801745222,0.960959548447789,200,20,20,NA,NA,NA,2126,0,324.363,"ncurve"
"Muraro","FEAST","SC3",200,"true","submitted","object",1,0.926709372936162,0.943120902606117,0.892197887966298,0.950611476952023,200,10,10,NA,NA,NA,2126,0,252.461,"ncurve"
"Muraro","FEAST","SC3",300,"estimated","submitted","object",1,0.38804939292311,0.531902337922828,0.294012197660701,0.960959548447789,300,20,20,NA,NA,NA,2126,0,236.292,"ncurve"
"Muraro","FEAST","SC3",300,"true","submitted","object",1,0.92790302929417,0.944048685509791,0.893858618716304,0.951081843838194,300,10,10,NA,NA,NA,2126,0,235.882,"ncurve"
"Muraro","FEAST","SC3",500,"estimated","submitted","object",1,0.441418162127753,0.574941121220471,0.34123272970385,0.962370649106303,500,20,20,NA,NA,NA,2126,0,229.991,"ncurve"
"Muraro","FEAST","SC3",500,"true","submitted","object",1,0.93681530652588,0.950978312459753,0.906384557996508,0.956255879586077,500,10,10,NA,NA,NA,2126,0,217.251,"ncurve"
"Muraro","FEAST","SC3",750,"estimated","submitted","object",1,0.417562403219326,0.556462703924657,0.319544844758862,0.96142991533396,750,20,20,NA,NA,NA,2126,0,346.338,"ncurve"
"Muraro","FEAST","SC3",750,"true","submitted","object",1,0.735611881752919,0.797272420976988,0.645814872652133,0.960489181561618,750,10,10,NA,NA,NA,2126,0,267.268,"ncurve"
"Muraro","FEAST","SC3",1000,"estimated","submitted","object",1,0.442181761144868,0.575813624097413,0.341772444790664,0.96142991533396,1000,20,20,NA,NA,NA,2126,0,232.363,"ncurve"
"Muraro","FEAST","SC3",1000,"true","submitted","object",1,0.739724514437438,0.799882658777841,0.65113662322559,0.952022577610536,1000,10,10,NA,NA,NA,2126,0,192.813,"ncurve"
"Muraro","FEAST","SC3",1500,"estimated","submitted","object",1,0.434401382914464,0.569726062294828,0.334698333645168,0.960489181561618,1500,20,20,NA,NA,NA,2126,0,247.587,"ncurve"
"Muraro","FEAST","SC3",1500,"true","submitted","object",1,0.743012353082182,0.803019496931829,0.654360821960498,0.960018814675447,1500,10,10,NA,NA,NA,2126,0,210.369,"ncurve"
"Muraro","FEAST","SC3",2500,"estimated","submitted","object",1,0.436210598457646,0.570298563926009,0.336818775599724,0.96142991533396,2500,20,20,NA,NA,NA,2126,0,317.667,"ncurve"
"Muraro","FEAST","SC3",2500,"true","submitted","object",1,0.733299253776698,0.795215203900595,0.643411864640858,0.952022577610536,2500,10,10,NA,NA,NA,2126,0,221.783,"ncurve"
"Muraro","GateOnly","Refined Louvain",0,"estimated","submitted","object",1,0.338990659775037,0.491385229375565,0.252144300879728,0.954374412041392,1125,19,20,NA,NA,NA,2126,0,16.853,"ncurve"
"Muraro","GateOnly","Refined Louvain",0,"true","submitted","object",1,0.663145511206524,0.742241999477933,0.564032351592376,0.954374412041392,1125,10,10,NA,NA,NA,2126,0,19.112,"ncurve"
"Muraro","GateOnly","Refined Louvain",100,"estimated","submitted","object",1,0.271657649006135,0.421342757015288,0.203267074894018,0.898871119473189,100,19,20,NA,NA,NA,2126,0,30.201,"ncurve"
"Muraro","GateOnly","Refined Louvain",100,"true","submitted","object",1,0.554388174765377,0.651831545755358,0.45786252354049,0.895578551269991,100,10,10,NA,NA,NA,2126,0,20.091,"ncurve"
"Muraro","GateOnly","Refined Louvain",200,"estimated","submitted","object",1,0.336982703636627,0.487371962267727,0.251645507399983,0.945437441204139,200,20,20,NA,NA,NA,2126,0,30.379,"ncurve"
"Muraro","GateOnly","Refined Louvain",200,"true","submitted","object",1,0.669544593526557,0.746233241819852,0.571827734691995,0.937441204139229,200,10,10,NA,NA,NA,2126,0,26.251,"ncurve"
"Muraro","GateOnly","Refined Louvain",300,"estimated","submitted","object",1,0.323552248541242,0.477117196130292,0.239878641945582,0.951081843838194,300,19,20,NA,NA,NA,2126,0,18.703,"ncurve"
"Muraro","GateOnly","Refined Louvain",300,"true","submitted","object",1,0.718278108994598,0.783141554516924,0.626709194077989,0.944026340545626,300,9,10,NA,NA,NA,2126,0,24.327,"ncurve"
"Muraro","GateOnly","Refined Louvain",500,"estimated","submitted","object",1,0.322450985637986,0.476576100260016,0.238770083892973,0.952963311382879,500,19,20,NA,NA,NA,2126,0,19.015,"ncurve"
"Muraro","GateOnly","Refined Louvain",500,"true","submitted","object",1,0.64909296950175,0.731346108983533,0.548972266425478,0.944026340545626,500,10,10,NA,NA,NA,2126,0,17.682,"ncurve"
"Muraro","GateOnly","Refined Louvain",750,"estimated","submitted","object",1,0.305610222061784,0.462291752847989,0.224829468466625,0.955785512699906,750,20,20,NA,NA,NA,2126,0,19.79,"ncurve"
"Muraro","GateOnly","Refined Louvain",750,"true","submitted","object",1,0.670983459244381,0.748216077528464,0.57260181540077,0.955785512699906,750,10,10,NA,NA,NA,2126,0,19.291,"ncurve"
"Muraro","GateOnly","Refined Louvain",1000,"estimated","submitted","object",1,0.324914408882337,0.478895791435775,0.24070219837239,0.954844778927563,1000,19,20,NA,NA,NA,2126,0,17.982,"ncurve"
"Muraro","GateOnly","Refined Louvain",1000,"true","submitted","object",1,0.665771705163133,0.744141776913675,0.566986080863555,0.954374412041392,1000,10,10,NA,NA,NA,2126,0,29.948,"ncurve"
"Muraro","GateOnly","Refined Louvain",1500,"estimated","submitted","object",1,0.338990659775037,0.491385229375565,0.252144300879728,0.954374412041392,1125,19,20,NA,NA,NA,2126,0,25.708,"ncurve"
"Muraro","GateOnly","Refined Louvain",1500,"true","submitted","object",1,0.663145511206524,0.742241999477933,0.564032351592376,0.954374412041392,1125,10,10,NA,NA,NA,2126,0,25.94,"ncurve"
"Muraro","GateOnly","Refined Louvain",2500,"estimated","submitted","object",1,0.338990659775037,0.491385229375565,0.252144300879728,0.954374412041392,1125,19,20,NA,NA,NA,2126,0,17.796,"ncurve"
"Muraro","GateOnly","Refined Louvain",2500,"true","submitted","object",1,0.663145511206524,0.742241999477933,0.564032351592376,0.954374412041392,1125,10,10,NA,NA,NA,2126,0,19.005,"ncurve"
"Muraro","GateOnly","SC3",0,"estimated","submitted","object",1,0.422437571677647,0.558813768092451,0.324751737071881,0.95719661335842,1125,20,20,NA,NA,NA,2126,0,195.13,"ncurve"
"Muraro","GateOnly","SC3",0,"true","submitted","object",1,0.738838999647229,0.799358561565362,0.649946963093498,0.952492944496707,1125,10,10,NA,NA,NA,2126,0,207.616,"ncurve"
"Muraro","GateOnly","SC3",100,"estimated","submitted","object",1,0.526042518181247,0.63959784369096,0.42141104400246,0.952492944496707,100,20,20,NA,NA,NA,2126,0,303.204,"ncurve"
"Muraro","GateOnly","SC3",100,"true","submitted","object",1,0.673625358231217,0.746070313350666,0.580122221574004,0.906396989651928,100,10,10,NA,NA,NA,2126,0,194.007,"ncurve"
"Muraro","GateOnly","SC3",200,"estimated","submitted","object",1,0.394369619465842,0.535906753152227,0.300135264438134,0.957666980244591,200,20,20,NA,NA,NA,2126,0,233.505,"ncurve"
"Muraro","GateOnly","SC3",200,"true","submitted","object",1,0.68835782136022,0.761026397954467,0.592203869714204,0.952022577610536,200,10,10,NA,NA,NA,2126,0,172.682,"ncurve"
"Muraro","GateOnly","SC3",300,"estimated","submitted","object",1,0.381465309779036,0.52492023361421,0.28917769693712,0.956726246472248,300,20,20,NA,NA,NA,2126,0,204.243,"ncurve"
"Muraro","GateOnly","SC3",300,"true","submitted","object",1,0.704413689586773,0.773984255791332,0.609573628296701,0.959548447789276,300,10,10,NA,NA,NA,2126,0,182.486,"ncurve"
"Muraro","GateOnly","SC3",500,"estimated","submitted","object",1,0.46025927050333,0.588115406718242,0.359437797164082,0.958607714016933,500,20,20,NA,NA,NA,2126,0,198.378,"ncurve"
"Muraro","GateOnly","SC3",500,"true","submitted","object",1,0.705070755390918,0.774575804576563,0.610236827527655,0.960959548447789,500,10,10,NA,NA,NA,2126,0,189.338,"ncurve"
"Muraro","GateOnly","SC3",750,"estimated","submitted","object",1,0.415809618905099,0.554883891053169,0.318083507459951,0.960018814675447,750,20,20,NA,NA,NA,2126,0,203.787,"ncurve"
"Muraro","GateOnly","SC3",750,"true","submitted","object",1,0.736333074056757,0.797623873721179,0.646847597583379,0.952963311382879,750,10,10,NA,NA,NA,2126,0,170.673,"ncurve"
"Muraro","GateOnly","SC3",1000,"estimated","submitted","object",1,0.401646273396147,0.541911975114709,0.306447583837421,0.958137347130762,1000,20,20,NA,NA,NA,2126,0,196.301,"ncurve"
"Muraro","GateOnly","SC3",1000,"true","submitted","object",1,0.736357696448364,0.797682283761255,0.646837373651254,0.95343367826905,1000,10,10,NA,NA,NA,2126,0,198.588,"ncurve"
"Muraro","GateOnly","SC3",1500,"estimated","submitted","object",1,0.422437571677647,0.558813768092451,0.324751737071881,0.95719661335842,1125,20,20,NA,NA,NA,2126,0,190.822,"ncurve"
"Muraro","GateOnly","SC3",1500,"true","submitted","object",1,0.738838999647229,0.799358561565362,0.649946963093498,0.952492944496707,1125,10,10,NA,NA,NA,2126,0,234.98,"ncurve"
"Muraro","GateOnly","SC3",2500,"estimated","submitted","object",1,0.422437571677647,0.558813768092451,0.324751737071881,0.95719661335842,1125,20,20,NA,NA,NA,2126,0,191.72,"ncurve"
"Muraro","GateOnly","SC3",2500,"true","submitted","object",1,0.738838999647229,0.799358561565362,0.649946963093498,0.952492944496707,1125,10,10,NA,NA,NA,2126,0,233.922,"ncurve"
"Muraro","Seurat","Refined Louvain",0,"estimated","submitted","object",1,0.33823452761168,0.490175540556422,0.251796411226341,0.953904045155221,1125,20,20,NA,NA,NA,2126,0,19.658,"ncurve"
"Muraro","Seurat","Refined Louvain",0,"true","submitted","object",1,0.885446357700516,0.911228077063503,0.834763257575758,0.948730009407338,1125,10,10,NA,NA,NA,2126,0,25.713,"ncurve"
"Muraro","Seurat","Refined Louvain",100,"estimated","submitted","object",1,0.196563075012597,0.333021595727237,0.16185016948077,0.742709313264346,100,19,20,NA,NA,NA,2126,0,34.789,"ncurve"
"Muraro","Seurat","Refined Louvain",100,"true","submitted","object",1,0.328356688258058,0.458314177250158,0.288606184702449,0.722013170272813,100,10,10,NA,NA,NA,2126,0,21.097,"ncurve"
"Muraro","Seurat","Refined Louvain",200,"estimated","submitted","object",1,0.249355455558827,0.388963168911022,0.195627643805889,0.827845719661336,200,19,20,NA,NA,NA,2126,0,26.355,"ncurve"
"Muraro","Seurat","Refined Louvain",200,"true","submitted","object",1,0.378173210618369,0.499440019848535,0.319637515679779,0.807619943555974,200,10,10,NA,NA,NA,2126,0,18.422,"ncurve"
"Muraro","Seurat","Refined Louvain",300,"estimated","submitted","object",1,0.340190387112028,0.483788628689247,0.258013449462625,0.909689557855127,300,20,20,NA,NA,NA,2126,0,19.38,"ncurve"
"Muraro","Seurat","Refined Louvain",300,"true","submitted","object",1,0.785095984376456,0.832328298883367,0.711753387358638,0.907337723424271,300,10,10,NA,NA,NA,2126,0,18.303,"ncurve"
"Muraro","Seurat","Refined Louvain",500,"estimated","submitted","object",1,0.336942912363983,0.484279131060757,0.253297620226928,0.930856067732832,500,20,20,NA,NA,NA,2126,0,20.434,"ncurve"
"Muraro","Seurat","Refined Louvain",500,"true","submitted","object",1,0.825851282079194,0.864295437597939,0.75992914547432,0.910159924741298,500,10,10,NA,NA,NA,2126,0,18.825,"ncurve"
"Muraro","Seurat","Refined Louvain",750,"estimated","submitted","object",1,0.331602965345018,0.483412668089969,0.24684491320386,0.947318908748824,750,20,20,NA,NA,NA,2126,0,23.945,"ncurve"
"Muraro","Seurat","Refined Louvain",750,"true","submitted","object",1,0.861607130886229,0.892490213979116,0.803660215069806,0.951552210724365,750,10,10,NA,NA,NA,2126,0,21.168,"ncurve"
"Muraro","Seurat","Refined Louvain",1000,"estimated","submitted","object",1,0.374562069263734,0.519997039004255,0.282821034243268,0.952492944496707,1000,20,20,NA,NA,NA,2126,0,18.225,"ncurve"
"Muraro","Seurat","Refined Louvain",1000,"true","submitted","object",1,0.857080433047398,0.889130682746839,0.797375420641739,0.951081843838194,1000,11,10,NA,NA,NA,2126,0,18.026,"ncurve"
"Muraro","Seurat","Refined Louvain",1500,"estimated","submitted","object",1,0.319039019602084,0.472887698507342,0.236331715655795,0.956726246472248,1500,20,20,NA,NA,NA,2126,0,18.638,"ncurve"
"Muraro","Seurat","Refined Louvain",1500,"true","submitted","object",1,0.895498977926235,0.918949377081178,0.848531278314673,0.962370649106303,1500,10,10,NA,NA,NA,2126,0,27.133,"ncurve"
"Muraro","Seurat","Refined Louvain",2500,"estimated","submitted","object",1,0.352316296618559,0.502667611470166,0.263292913148721,0.958607714016933,2500,20,20,NA,NA,NA,2126,0,18.927,"ncurve"
"Muraro","Seurat","Refined Louvain",2500,"true","submitted","object",1,0.905914569450898,0.927053600803691,0.862737688793356,0.959548447789276,2500,10,10,NA,NA,NA,2126,0,18.974,"ncurve"
"Muraro","Seurat","SC3",0,"estimated","submitted","object",1,0.401357632919592,0.542392734639813,0.305798474328909,0.954844778927563,1125,20,20,NA,NA,NA,2126,0,305.637,"ncurve"
"Muraro","Seurat","SC3",0,"true","submitted","object",1,0.715014272459227,0.780811619230745,0.622808470588235,0.943555973659454,1125,10,10,NA,NA,NA,2126,0,246.036,"ncurve"
"Muraro","Seurat","SC3",100,"estimated","submitted","object",1,0.214644878055767,0.350611183316177,0.177388580577424,0.728127939793039,100,20,20,NA,NA,NA,2126,0,292.08,"ncurve"
"Muraro","Seurat","SC3",100,"true","submitted","object",1,0.266321706892434,0.402281664552392,0.24030248533998,0.660395108184384,100,10,10,NA,NA,NA,2126,0,176.785,"ncurve"
"Muraro","Seurat","SC3",200,"estimated","submitted","object",1,0.385500774202493,0.513064083375763,0.30421739642078,0.869238005644403,200,20,20,NA,NA,NA,2126,0,232.467,"ncurve"
"Muraro","Seurat","SC3",200,"true","submitted","object",1,0.397833085770971,0.516421779306329,0.335890697207153,0.77140169332079,200,10,10,NA,NA,NA,2126,0,231.283,"ncurve"
"Muraro","Seurat","SC3",300,"estimated","submitted","object",1,0.557717260313697,0.662653793098664,0.453456552911358,0.943085606773283,300,20,20,NA,NA,NA,2126,0,215.911,"ncurve"
"Muraro","Seurat","SC3",300,"true","submitted","object",1,0.655567951929434,0.730131378370555,0.564044521906705,0.888993414863594,300,10,10,NA,NA,NA,2126,0,181.128,"ncurve"
"Muraro","Seurat","SC3",500,"estimated","submitted","object",1,0.422797447959077,0.558362206786518,0.325501895228472,0.949200376293509,500,20,20,NA,NA,NA,2126,0,232.1,"ncurve"
"Muraro","Seurat","SC3",500,"true","submitted","object",1,0.713335998445372,0.779146940777315,0.621295483696753,0.948730009407338,500,10,10,NA,NA,NA,2126,0,201.142,"ncurve"
"Muraro","Seurat","SC3",750,"estimated","submitted","object",1,0.424400000396319,0.559844104367463,0.326816682013505,0.94967074317968,750,20,20,NA,NA,NA,2126,0,324.183,"ncurve"
"Muraro","Seurat","SC3",750,"true","submitted","object",1,0.699919475720007,0.766541030400503,0.609088470920506,0.905926622765757,750,10,10,NA,NA,NA,2126,0,219.663,"ncurve"
"Muraro","Seurat","SC3",1000,"estimated","submitted","object",1,0.36711183519885,0.513819188259928,0.276452908896397,0.952492944496707,1000,20,20,NA,NA,NA,2126,0,242.083,"ncurve"
"Muraro","Seurat","SC3",1000,"true","submitted","object",1,0.702341324659289,0.768573309919709,0.611557190740643,0.907337723424271,1000,10,10,NA,NA,NA,2126,0,203.72,"ncurve"
"Muraro","Seurat","SC3",1500,"estimated","submitted","object",1,0.413910612676404,0.551796116384424,0.317270603783443,0.954374412041392,1500,20,20,NA,NA,NA,2126,0,223.765,"ncurve"
"Muraro","Seurat","SC3",1500,"true","submitted","object",1,0.724437907105449,0.787613048525951,0.634036297082507,0.944967074317968,1500,10,10,NA,NA,NA,2126,0,287.923,"ncurve"
"Muraro","Seurat","SC3",2500,"estimated","submitted","object",1,0.405562235587792,0.54551928621383,0.309643586108188,0.956255879586077,2500,20,20,NA,NA,NA,2126,0,206.141,"ncurve"
"Muraro","Seurat","SC3",2500,"true","submitted","object",1,0.728916190678715,0.791507172780352,0.638699633803189,0.948730009407338,2500,10,10,NA,NA,NA,2126,0,179.582,"ncurve"
"Muraro","Variance","Refined Louvain",0,"estimated","submitted","object",1,0.327352829436919,0.481402972831963,0.242513108816693,0.963311382878645,1125,20,20,NA,NA,NA,2126,0,18.906,"ncurve"
"Muraro","Variance","Refined Louvain",0,"true","submitted","object",1,0.644484435845248,0.727834576311727,0.544019117933659,0.94590780809031,1125,10,10,NA,NA,NA,2126,0,18.287,"ncurve"
"Muraro","Variance","Refined Louvain",100,"estimated","submitted","object",1,0.353999798224332,0.506043704625392,0.263748068260921,0.961900282220132,100,20,20,NA,NA,NA,2126,0,23.057,"ncurve"
"Muraro","Variance","Refined Louvain",100,"true","submitted","object",1,0.872221997008238,0.90128043215148,0.816609141622149,0.955785512699906,100,9,10,NA,NA,NA,2126,0,27.342,"ncurve"
"Muraro","Variance","Refined Louvain",200,"estimated","submitted","object",1,0.309765980292359,0.465994262062345,0.228178138277029,0.955785512699906,200,20,20,NA,NA,NA,2126,0,20.716,"ncurve"
"Muraro","Variance","Refined Louvain",200,"true","submitted","object",1,0.713197992350192,0.780375470652878,0.619817986460987,0.956255879586077,200,10,10,NA,NA,NA,2126,0,29.737,"ncurve"
"Muraro","Variance","Refined Louvain",300,"estimated","submitted","object",1,0.336211021064359,0.488962506507769,0.249859569810694,0.954374412041392,300,19,20,NA,NA,NA,2126,0,19.313,"ncurve"
"Muraro","Variance","Refined Louvain",300,"true","submitted","object",1,0.704880622405641,0.773812661006892,0.61057909032021,0.954844778927563,300,10,10,NA,NA,NA,2126,0,26.892,"ncurve"
"Muraro","Variance","Refined Louvain",500,"estimated","submitted","object",1,0.337375895713974,0.490186646862556,0.250714099481445,0.955315145813735,500,20,20,NA,NA,NA,2126,0,17.819,"ncurve"
"Muraro","Variance","Refined Louvain",500,"true","submitted","object",1,0.713033964110375,0.780210208305011,0.619667981129426,0.956255879586077,500,10,10,NA,NA,NA,2126,0,25.683,"ncurve"
"Muraro","Variance","Refined Louvain",750,"estimated","submitted","object",1,0.340183845823939,0.492244871370035,0.253215024546886,0.961900282220132,750,20,20,NA,NA,NA,2126,0,17.793,"ncurve"
"Muraro","Variance","Refined Louvain",750,"true","submitted","object",1,0.704872074916043,0.773888603333827,0.610493116983793,0.955315145813735,750,10,10,NA,NA,NA,2126,0,23.162,"ncurve"
"Muraro","Variance","Refined Louvain",1000,"estimated","submitted","object",1,0.323442317091917,0.477819794963021,0.239395904252445,0.955315145813735,1000,20,20,NA,NA,NA,2126,0,17.221,"ncurve"
"Muraro","Variance","Refined Louvain",1000,"true","submitted","object",1,0.665659026913053,0.744226186703223,0.566714762701999,0.955315145813735,1000,10,10,NA,NA,NA,2126,0,27.16,"ncurve"
"Muraro","Variance","Refined Louvain",1500,"estimated","submitted","object",1,0.343611720041892,0.494935214773425,0.256185435777162,0.96142991533396,1500,20,20,NA,NA,NA,2126,0,26.43,"ncurve"
"Muraro","Variance","Refined Louvain",1500,"true","submitted","object",1,0.663034628190334,0.741908296136713,0.564129678112562,0.954374412041392,1500,10,10,NA,NA,NA,2126,0,17.957,"ncurve"
"Muraro","Variance","Refined Louvain",2500,"estimated","submitted","object",1,0.41107635312213,0.551409128290532,0.313716439874701,0.966133584195673,2500,19,20,NA,NA,NA,2126,0,18.039,"ncurve"
"Muraro","Variance","Refined Louvain",2500,"true","submitted","object",1,0.665176851594432,0.743520257871594,0.566484834270237,0.953904045155221,2500,10,10,NA,NA,NA,2126,0,26.698,"ncurve"
"Muraro","Variance","SC3",0,"estimated","submitted","object",1,0.418644795263778,0.556619925884903,0.320897233133054,0.960018814675447,1125,20,20,NA,NA,NA,2126,0,266.606,"ncurve"
"Muraro","Variance","SC3",0,"true","submitted","object",1,0.733039718548637,0.794841319757511,0.643287057583752,0.950611476952023,1125,10,10,NA,NA,NA,2126,0,227.371,"ncurve"
"Muraro","Variance","SC3",100,"estimated","submitted","object",1,0.413558715711286,0.552548062946118,0.316378509804526,0.962370649106303,100,20,20,NA,NA,NA,2126,0,258.24,"ncurve"
"Muraro","Variance","SC3",100,"true","submitted","object",1,0.736434108220478,0.798115827645602,0.646567476351191,0.95343367826905,100,10,10,NA,NA,NA,2126,0,172.506,"ncurve"
"Muraro","Variance","SC3",200,"estimated","submitted","object",1,0.411801104647139,0.550366879728784,0.315250972302593,0.958607714016933,200,20,20,NA,NA,NA,2126,0,265.287,"ncurve"
"Muraro","Variance","SC3",200,"true","submitted","object",1,0.931343146772216,0.946722153172913,0.898553415625385,0.959548447789276,200,10,10,NA,NA,NA,2126,0,194.962,"ncurve"
"Muraro","Variance","SC3",300,"estimated","submitted","object",1,0.423737788539534,0.561508562876215,0.324985761311311,0.962841015992474,300,20,20,NA,NA,NA,2126,0,194.316,"ncurve"
"Muraro","Variance","SC3",300,"true","submitted","object",1,0.733468361363997,0.795200142253286,0.643752751124537,0.951552210724365,300,10,10,NA,NA,NA,2126,0,160.378,"ncurve"
"Muraro","Variance","SC3",500,"estimated","submitted","object",1,0.40640140421333,0.546491061224049,0.310219484020023,0.96142991533396,500,20,20,NA,NA,NA,2126,0,197.975,"ncurve"
"Muraro","Variance","SC3",500,"true","submitted","object",1,0.73945393958937,0.800504575453417,0.650009992481847,0.96142991533396,500,10,10,NA,NA,NA,2126,0,169.96,"ncurve"
"Muraro","Variance","SC3",750,"estimated","submitted","object",1,0.407770160230044,0.547755482736485,0.311337235618269,0.960489181561618,750,20,20,NA,NA,NA,2126,0,201.625,"ncurve"
"Muraro","Variance","SC3",750,"true","submitted","object",1,0.742746127760762,0.802826379963903,0.654039333881907,0.960489181561618,750,10,10,NA,NA,NA,2126,0,176.783,"ncurve"
"Muraro","Variance","SC3",1000,"estimated","submitted","object",1,0.409656583515963,0.548901840144633,0.313208759663374,0.959548447789276,1000,20,20,NA,NA,NA,2126,0,189.145,"ncurve"
"Muraro","Variance","SC3",1000,"true","submitted","object",1,0.737848315899998,0.798644637269077,0.64874838748728,0.951552210724365,1000,10,10,NA,NA,NA,2126,0,167.532,"ncurve"
"Muraro","Variance","SC3",1500,"estimated","submitted","object",1,0.402542400204825,0.543088423174801,0.306983115543858,0.958137347130762,1500,20,20,NA,NA,NA,2126,0,204.992,"ncurve"
"Muraro","Variance","SC3",1500,"true","submitted","object",1,0.739330520066497,0.800347043175191,0.649924863517909,0.960018814675447,1500,10,10,NA,NA,NA,2126,0,242.236,"ncurve"
"Muraro","Variance","SC3",2500,"estimated","submitted","object",1,0.426383637996031,0.563147372871845,0.327611005070661,0.958137347130762,2500,20,20,NA,NA,NA,2126,0,238.775,"ncurve"
"Muraro","Variance","SC3",2500,"true","submitted","object",1,0.740547708884876,0.801171534562774,0.651445035073482,0.959548447789276,2500,10,10,NA,NA,NA,2126,0,240.311,"ncurve"
"Romanov","DIFS","Refined Louvain",0,"true","submitted","default",1,0.708810510018368,0.788655420642003,0.64828557904235,0.857688302672683,2332,7,7,1100,2976,"1:1",2881,0,859.442,"ncurve"
"Romanov","DIFS","Refined Louvain",0,"estimated","submitted","default",1,0.194428763259948,0.358043987921291,0.145045682526516,0.901770218674071,2332,NA,30,2000,5279,"1:3",NA,NA,877.737,"ncurve"
"Romanov","DIFS","Refined Louvain",100,"true","submitted","default",1,0.514614017679569,0.62401340005045,0.442455091055334,0.834432488719195,100,8,7,1100,2976,"2:1",2881,0,710.481,"ncurve"
"Romanov","DIFS","Refined Louvain",100,"estimated","submitted","default",1,0.219755391501409,0.381806802714098,0.165914223339458,0.884762235334953,100,NA,30,2000,5279,"1:2",NA,NA,884.977,"ncurve"
"Romanov","DIFS","Refined Louvain",200,"true","submitted","default",1,0.540300056814981,0.646773925963244,0.474542727321123,0.827490454703228,200,7,7,1100,2976,"2:3",2881,0,729.819,"ncurve"
"Romanov","DIFS","Refined Louvain",200,"estimated","submitted","default",1,0.212336021149734,0.377422451333635,0.158238909206175,0.8958694897605,200,NA,30,2000,5279,"2:3",NA,NA,872.011,"ncurve"
"Romanov","DIFS","Refined Louvain",300,"true","submitted","default",1,0.582116924893038,0.681627521912094,0.515855787488012,0.829920166608816,300,7,7,1100,2976,"1:2",2881,0,708.944,"ncurve"
"Romanov","DIFS","Refined Louvain",300,"estimated","submitted","default",1,0.203368603872718,0.368998044243213,0.150921793295756,0.903158625477265,300,NA,30,2000,5279,"1:1",NA,NA,871.238,"ncurve"
"Romanov","DIFS","Refined Louvain",500,"true","submitted","default",1,0.603434764681221,0.698073449432462,0.535052278306319,0.824366539396043,500,7,7,1100,2976,"1:2",2881,0,725.767,"ncurve"
"Romanov","DIFS","Refined Louvain",500,"estimated","submitted","default",1,0.20359795773429,0.368871744048194,0.151302511258755,0.903505727178063,500,NA,30,2000,5279,"1:1",NA,NA,858.68,"ncurve"
"Romanov","DIFS","Refined Louvain",750,"true","submitted","default",1,0.606209839840597,0.702582620996431,0.541361873173994,0.836862200624783,750,7,7,1100,2976,"1:3",2881,0,699.736,"ncurve"
"Romanov","DIFS","Refined Louvain",750,"estimated","submitted","default",1,0.182155859641421,0.346292482915581,0.134987815462046,0.90628254078445,750,NA,30,2000,5279,"1:3",NA,NA,873.046,"ncurve"
"Romanov","DIFS","Refined Louvain",1000,"true","submitted","default",1,0.624929489461955,0.717893553550564,0.559917617116827,0.83755640402638,1000,7,7,1100,2976,"1:3",2881,0,704.187,"ncurve"
"Romanov","DIFS","Refined Louvain",1000,"estimated","submitted","default",1,0.190819861902157,0.355264228472484,0.141705556707502,0.906976744186046,1000,NA,30,2000,5279,"1:3",NA,NA,1455.802,"ncurve"
"Romanov","DIFS","Refined Louvain",1500,"true","submitted","default",1,0.719460392101556,0.800657569214035,0.661831857774775,0.848663658451926,1500,6,7,1100,2976,"2:1",2881,0,919.899,"ncurve"
"Romanov","DIFS","Refined Louvain",1500,"estimated","submitted","default",1,0.200088086499453,0.365207510368431,0.148635798821051,0.90836515098924,1500,NA,30,2000,5279,"1:3",NA,NA,858.216,"ncurve"
"Romanov","DIFS","Refined Louvain",2500,"true","submitted","default",1,0.711872581305731,0.79077421517518,0.651239760147875,0.859076709475876,2500,7,7,1100,2976,"2:1",2881,0,707.469,"ncurve"
"Romanov","DIFS","Refined Louvain",2500,"estimated","submitted","default",1,0.192305146501658,0.356321199129843,0.143128179034122,0.905935439083651,2500,NA,30,2000,5279,"1:3",NA,NA,874.379,"ncurve"
"Romanov","DIFS","SC3",0,"true","submitted","default",1,0.53507688374567,0.644440047515444,0.473680438654273,0.77716070808747,2332,7,7,1100,2976,"1:1",2881,0,1169.834,"ncurve"
"Romanov","DIFS","SC3",0,"estimated","submitted","default",1,0.204155943248865,0.361875748890909,0.156869999451549,0.83755640402638,2332,NA,30,2000,5279,"1:3",NA,NA,1597.02,"ncurve"
"Romanov","DIFS","SC3",100,"true","submitted","default",1,0.585073461709872,0.688071814604126,0.524466176366091,0.767094758764318,100,7,7,1100,2976,"2:1",2881,0,995.957,"ncurve"
"Romanov","DIFS","SC3",100,"estimated","submitted","default",1,0.226692522603957,0.386628253238763,0.17279150095179,0.855605692467893,100,NA,30,2000,5279,"1:2",NA,NA,1340.778,"ncurve"
"Romanov","DIFS","SC3",200,"true","submitted","default",1,0.545522203083118,0.654918075980323,0.486352829646439,0.780631725095453,200,7,7,1100,2976,"2:3",2881,0,984.935,"ncurve"
"Romanov","DIFS","SC3",200,"estimated","submitted","default",1,0.18624928697198,0.344298806094985,0.142221815622275,0.841027421034363,200,NA,30,2000,5279,"2:3",NA,NA,1445.749,"ncurve"
"Romanov","DIFS","SC3",300,"true","submitted","default",1,0.55261323780775,0.658749987868339,0.489893506715298,0.784796945505033,300,7,7,1100,2976,"1:2",2881,0,1129.019,"ncurve"
"Romanov","DIFS","SC3",300,"estimated","submitted","default",1,0.206771313382481,0.365157018131793,0.15840703762294,0.84380423464075,300,NA,30,2000,5279,"1:1",NA,NA,1303.649,"ncurve"
"Romanov","DIFS","SC3",500,"true","submitted","default",1,0.624463479139276,0.720683605024525,0.56305299387283,0.780978826796251,500,7,7,1100,2976,"1:2",2881,0,985.127,"ncurve"
"Romanov","DIFS","SC3",500,"estimated","submitted","default",1,0.240058826784168,0.400465009222168,0.182731229892595,0.857341200971885,500,NA,30,2000,5279,"1:1",NA,NA,1267.643,"ncurve"
"Romanov","DIFS","SC3",750,"true","submitted","default",1,0.526817953520827,0.638276312697763,0.467159468966781,0.759805623047553,750,7,7,1100,2976,"1:3",2881,0,1021.938,"ncurve"
"Romanov","DIFS","SC3",750,"estimated","submitted","default",1,0.244055934257586,0.403978450422144,0.186141935363295,0.863589031586255,750,NA,30,2000,5279,"1:3",NA,NA,2166.994,"ncurve"
"Romanov","DIFS","SC3",1000,"true","submitted","default",1,0.537798800479195,0.647271916085986,0.477217359442448,0.766400555362721,1000,7,7,1100,2976,"1:3",2881,0,1236.087,"ncurve"
"Romanov","DIFS","SC3",1000,"estimated","submitted","default",1,0.239919494283122,0.398359183955787,0.184124506524481,0.841374522735161,1000,NA,30,2000,5279,"1:3",NA,NA,1294.771,"ncurve"
"Romanov","DIFS","SC3",1500,"true","submitted","default",1,0.541848021208392,0.650459816715649,0.480743616393037,0.77716070808747,1500,7,7,1100,2976,"2:1",2881,0,1028.92,"ncurve"
"Romanov","DIFS","SC3",1500,"estimated","submitted","default",1,0.192118213676131,0.349327672855531,0.147639833066241,0.830961471711211,1500,NA,30,2000,5279,"1:3",NA,NA,1276.905,"ncurve"
"Romanov","DIFS","SC3",2500,"true","submitted","default",1,0.538116858401518,0.647576409906371,0.477582463980532,0.774730996181881,2500,7,7,1100,2976,"2:1",2881,0,1066.173,"ncurve"
"Romanov","DIFS","SC3",2500,"estimated","submitted","default",1,0.232253090647491,0.390177387429502,0.178663385872467,0.836862200624783,2500,NA,30,2000,5279,"1:3",NA,NA,1380.445,"ncurve"
"Romanov","FEAST","Refined Louvain",0,"true","submitted","default",1,0.63959302957388,0.727299581468771,0.571140801419977,0.846233946546338,2332,7,7,NA,NA,NA,2881,0,66.291,"ncurve"
"Romanov","FEAST","Refined Louvain",0,"estimated","submitted","default",1,0.206274304452496,0.370304959322909,0.154128319064641,0.908712252690038,2332,NA,30,NA,NA,NA,NA,NA,118.945,"ncurve"
"Romanov","FEAST","Refined Louvain",100,"true","submitted","default",1,0.489094855700626,0.608009325604528,0.434642964689591,0.753557792433183,100,6,7,NA,NA,NA,2881,0,63.276,"ncurve"
"Romanov","FEAST","Refined Louvain",100,"estimated","submitted","default",1,0.21002088949443,0.369275762404501,0.160296796154191,0.858729607775078,100,NA,30,NA,NA,NA,NA,NA,129.157,"ncurve"
"Romanov","FEAST","Refined Louvain",200,"true","submitted","default",1,0.562137707069033,0.669870901658951,0.503543178295031,0.809094064560916,200,7,7,NA,NA,NA,2881,0,66.022,"ncurve"
"Romanov","FEAST","Refined Louvain",200,"estimated","submitted","default",1,0.207367853711863,0.366004833556218,0.158680807570719,0.869489760499826,200,NA,30,NA,NA,NA,NA,NA,129.825,"ncurve"
"Romanov","FEAST","Refined Louvain",300,"true","submitted","default",1,0.579845691029639,0.682683460406622,0.518089542054809,0.822283929191253,300,7,7,NA,NA,NA,2881,0,64.312,"ncurve"
"Romanov","FEAST","Refined Louvain",300,"estimated","submitted","default",1,0.183571092809298,0.343661329113797,0.138593455254285,0.873654980909406,300,NA,30,NA,NA,NA,NA,NA,101.925,"ncurve"
"Romanov","FEAST","Refined Louvain",500,"true","submitted","default",1,0.675592506858678,0.765612674966815,0.616896295993171,0.834432488719195,500,6,7,NA,NA,NA,2881,0,62.585,"ncurve"
"Romanov","FEAST","Refined Louvain",500,"estimated","submitted","default",1,0.190803961490681,0.353905931017491,0.142476103073082,0.89795209996529,500,NA,30,NA,NA,NA,NA,NA,102.604,"ncurve"
"Romanov","FEAST","Refined Louvain",750,"true","submitted","default",1,0.663211660756671,0.757707323268768,0.606007193303596,0.825754946199236,750,6,7,NA,NA,NA,2881,0,63.367,"ncurve"
"Romanov","FEAST","Refined Louvain",750,"estimated","submitted","default",1,0.195766811281303,0.359244162683476,0.146187128892381,0.896910794862895,750,NA,30,NA,NA,NA,NA,NA,104.095,"ncurve"
"Romanov","FEAST","Refined Louvain",1000,"true","submitted","default",1,0.608745905285377,0.703596372362631,0.542326142775873,0.829920166608816,1000,7,7,NA,NA,NA,2881,0,63.915,"ncurve"
"Romanov","FEAST","Refined Louvain",1000,"estimated","submitted","default",1,0.176181919074421,0.338667310893401,0.131132507156876,0.901770218674071,1000,NA,30,NA,NA,NA,NA,NA,105.004,"ncurve"
"Romanov","FEAST","Refined Louvain",1500,"true","submitted","default",1,0.61434989063069,0.709421916896872,0.549635578069356,0.829920166608816,1500,7,7,NA,NA,NA,2881,0,65.671,"ncurve"
"Romanov","FEAST","Refined Louvain",1500,"estimated","submitted","default",1,0.182113084041792,0.345437062369626,0.135412528141968,0.906629642485248,1500,NA,30,NA,NA,NA,NA,NA,101.326,"ncurve"
"Romanov","FEAST","Refined Louvain",2500,"true","submitted","default",1,0.704094228502302,0.787011067551261,0.644938026599312,0.835126692120791,2500,6,7,NA,NA,NA,2881,0,68.055,"ncurve"
"Romanov","FEAST","Refined Louvain",2500,"estimated","submitted","default",1,0.187708661423708,0.351421048660029,0.139654056998876,0.906629642485248,2500,NA,30,NA,NA,NA,NA,NA,103.577,"ncurve"
"Romanov","FEAST","SC3",0,"true","submitted","default",1,0.529962975910557,0.641364461365066,0.470865157669273,0.773342589378688,2332,7,7,NA,NA,NA,2881,0,399.207,"ncurve"
"Romanov","FEAST","SC3",0,"estimated","submitted","default",1,0.242348372444404,0.400762829658201,0.186000193493412,0.849704963554321,2332,NA,30,NA,NA,NA,NA,NA,532.59,"ncurve"
"Romanov","FEAST","SC3",100,"true","submitted","default",1,0.526230372690975,0.641689918465331,0.472217444413024,0.741062131204443,100,7,7,NA,NA,NA,2881,0,348.138,"ncurve"
"Romanov","FEAST","SC3",100,"estimated","submitted","default",1,0.228296446009962,0.385998085314416,0.175797603848095,0.852481777160708,100,NA,30,NA,NA,NA,NA,NA,561.496,"ncurve"
"Romanov","FEAST","SC3",200,"true","submitted","default",1,0.49574047163599,0.619502845678822,0.448668744222258,0.715376605345366,200,7,7,NA,NA,NA,2881,0,336.19,"ncurve"
"Romanov","FEAST","SC3",200,"estimated","submitted","default",1,0.273918303275091,0.430460576722524,0.211332643726403,0.834432488719195,200,NA,30,NA,NA,NA,NA,NA,528.294,"ncurve"
"Romanov","FEAST","SC3",300,"true","submitted","default",1,0.52768706612097,0.6500516454537,0.481083521943446,0.721624435959736,300,7,7,NA,NA,NA,2881,0,375.58,"ncurve"
"Romanov","FEAST","SC3",300,"estimated","submitted","default",1,0.221604335991128,0.378338596985783,0.171443083131573,0.838944810829573,300,NA,30,NA,NA,NA,NA,NA,561.6,"ncurve"
"Romanov","FEAST","SC3",500,"true","submitted","default",1,0.530394859789871,0.64278011512409,0.472868973251352,0.76466504685873,500,7,7,NA,NA,NA,2881,0,335.614,"ncurve"
"Romanov","FEAST","SC3",500,"estimated","submitted","default",1,0.210222435507704,0.369417421678434,0.160501048593541,0.84380423464075,500,NA,30,NA,NA,NA,NA,NA,489.703,"ncurve"
"Romanov","FEAST","SC3",750,"true","submitted","default",1,0.472562773695945,0.601799094214065,0.430311386635473,0.706004859423811,750,7,7,NA,NA,NA,2881,0,360.079,"ncurve"
"Romanov","FEAST","SC3",750,"estimated","submitted","default",1,0.218985270083638,0.379640849048809,0.166281787623526,0.846928149947935,750,NA,30,NA,NA,NA,NA,NA,521.95,"ncurve"
"Romanov","FEAST","SC3",1000,"true","submitted","default",1,0.51678432651693,0.63136342623751,0.460192278692123,0.763276640055536,1000,7,7,NA,NA,NA,2881,0,624.566,"ncurve"
"Romanov","FEAST","SC3",1000,"estimated","submitted","default",1,0.231573547168328,0.390052330045616,0.177687764497977,0.830267268309615,1000,NA,30,NA,NA,NA,NA,NA,522.543,"ncurve"
"Romanov","FEAST","SC3",1500,"true","submitted","default",1,0.52719631472086,0.638691673718079,0.467681399117762,0.757723012842763,1500,7,7,NA,NA,NA,2881,0,394.135,"ncurve"
"Romanov","FEAST","SC3",1500,"estimated","submitted","default",1,0.231230553681688,0.38957606877955,0.177530966811611,0.828878861506421,1500,NA,30,NA,NA,NA,NA,NA,564.507,"ncurve"
"Romanov","FEAST","SC3",2500,"true","submitted","default",1,0.487157784565329,0.605389000186337,0.431097747194059,0.749739673724401,2500,7,7,NA,NA,NA,2881,0,394.424,"ncurve"
"Romanov","FEAST","SC3",2500,"estimated","submitted","default",1,0.220996279541498,0.37941284881863,0.16954659096828,0.843110031239153,2500,NA,30,NA,NA,NA,NA,NA,550.978,"ncurve"
"Romanov","GateOnly","Refined Louvain",0,"true","submitted","default",1,0.69979495713338,0.78374831109496,0.640624364568022,0.84796945505033,2332,7,7,NA,NA,NA,2881,0,32.988,"ncurve"
"Romanov","GateOnly","Refined Louvain",0,"estimated","submitted","default",1,0.197373283165606,0.35713102496838,0.149904265652987,0.880597014925373,2332,NA,30,NA,NA,NA,NA,NA,41.535,"ncurve"
"Romanov","GateOnly","Refined Louvain",100,"true","submitted","default",1,0.469286838248402,0.594297239708555,0.421524863786131,0.784796945505033,100,7,7,NA,NA,NA,2881,0,30.746,"ncurve"
"Romanov","GateOnly","Refined Louvain",100,"estimated","submitted","default",1,0.182583766136939,0.335870857454149,0.143422624471036,0.828184658104825,100,NA,30,NA,NA,NA,NA,NA,31.579,"ncurve"
"Romanov","GateOnly","Refined Louvain",200,"true","submitted","default",1,0.528277610371371,0.636846090540903,0.463101970112533,0.830614370010413,200,7,7,NA,NA,NA,2881,0,30.733,"ncurve"
"Romanov","GateOnly","Refined Louvain",200,"estimated","submitted","default",1,0.187081472915023,0.34156420386339,0.145953295683848,0.843457132939951,200,NA,30,NA,NA,NA,NA,NA,31.478,"ncurve"
"Romanov","GateOnly","Refined Louvain",300,"true","submitted","default",1,0.661434198702662,0.752300528116114,0.601191454694899,0.832349878514405,300,6,7,NA,NA,NA,2881,0,33.321,"ncurve"
"Romanov","GateOnly","Refined Louvain",300,"estimated","submitted","default",1,0.203884042010743,0.359391305358074,0.158600766071346,0.847275251648733,300,NA,30,NA,NA,NA,NA,NA,29.893,"ncurve"
"Romanov","GateOnly","Refined Louvain",500,"true","submitted","default",1,0.62491659457317,0.718376049823401,0.560520034962871,0.841027421034363,500,7,7,NA,NA,NA,2881,0,29.675,"ncurve"
"Romanov","GateOnly","Refined Louvain",500,"estimated","submitted","default",1,0.192525668619233,0.351882646157502,0.146316567493732,0.86254772648386,500,NA,30,NA,NA,NA,NA,NA,49.009,"ncurve"
"Romanov","GateOnly","Refined Louvain",750,"true","submitted","default",1,0.6166848458374,0.710938385058335,0.551426956229966,0.842415827837556,750,7,7,NA,NA,NA,2881,0,29.961,"ncurve"
"Romanov","GateOnly","Refined Louvain",750,"estimated","submitted","default",1,0.188458973795384,0.34845799761662,0.142595890622934,0.87712599791739,750,NA,30,NA,NA,NA,NA,NA,30.246,"ncurve"
"Romanov","GateOnly","Refined Louvain",1000,"true","submitted","default",1,0.622366155424574,0.715398569107823,0.556836668061058,0.844498438042346,1000,7,7,NA,NA,NA,2881,0,39.046,"ncurve"
"Romanov","GateOnly","Refined Louvain",1000,"estimated","submitted","default",1,0.167138155963393,0.326135320071384,0.125902859808443,0.87087816730302,1000,NA,30,NA,NA,NA,NA,NA,28.373,"ncurve"
"Romanov","GateOnly","Refined Louvain",1500,"true","submitted","default",1,0.629596238884952,0.722001780080187,0.564947190951772,0.840333217632766,1500,7,7,NA,NA,NA,2881,0,39.31,"ncurve"
"Romanov","GateOnly","Refined Louvain",1500,"estimated","submitted","default",1,0.179275168300404,0.338860078279485,0.13545260229068,0.879902811523776,1500,NA,30,NA,NA,NA,NA,NA,30.625,"ncurve"
"Romanov","GateOnly","Refined Louvain",2500,"true","submitted","default",1,0.69979495713338,0.78374831109496,0.640624364568022,0.84796945505033,2332,7,7,NA,NA,NA,2881,0,36.89,"ncurve"
"Romanov","GateOnly","Refined Louvain",2500,"estimated","submitted","default",1,0.197373283165606,0.35713102496838,0.149904265652987,0.880597014925373,2332,NA,30,NA,NA,NA,NA,NA,29.655,"ncurve"
"Romanov","GateOnly","SC3",0,"true","submitted","default",1,0.493207555517855,0.61045375009162,0.43659045868245,0.753904894133981,2332,7,7,NA,NA,NA,2881,0,342.343,"ncurve"
"Romanov","GateOnly","SC3",0,"estimated","submitted","default",1,0.204039267711552,0.359122977337323,0.159132253872879,0.837209302325581,2332,NA,30,NA,NA,NA,NA,NA,463.737,"ncurve"
"Romanov","GateOnly","SC3",100,"true","submitted","default",1,0.592317116299976,0.704829216241981,0.541299397315008,0.73342589378688,100,7,7,NA,NA,NA,2881,0,379.181,"ncurve"
"Romanov","GateOnly","SC3",100,"estimated","submitted","default",1,0.337337798963821,0.479850781294651,0.271872091328594,0.830961471711211,100,NA,30,NA,NA,NA,NA,NA,583.372,"ncurve"
"Romanov","GateOnly","SC3",200,"true","submitted","default",1,0.553270901443499,0.658725783967432,0.489524618087833,0.771259979173898,200,7,7,NA,NA,NA,2881,0,375.763,"ncurve"
"Romanov","GateOnly","SC3",200,"estimated","submitted","default",1,0.155349794538588,0.307147845180828,0.121499465892636,0.824713641096841,200,NA,30,NA,NA,NA,NA,NA,668.727,"ncurve"
"Romanov","GateOnly","SC3",300,"true","submitted","default",1,0.568006384291137,0.673717261459121,0.507826505766195,0.776466504685873,300,7,7,NA,NA,NA,2881,0,343.244,"ncurve"
"Romanov","GateOnly","SC3",300,"estimated","submitted","default",1,0.193358508928828,0.346677173492092,0.152312290932311,0.830614370010413,300,NA,30,NA,NA,NA,NA,NA,604.58,"ncurve"
"Romanov","GateOnly","SC3",500,"true","submitted","default",1,0.47397264738922,0.598188855409177,0.425578699047236,0.72717806317251,500,7,7,NA,NA,NA,2881,0,337.073,"ncurve"
"Romanov","GateOnly","SC3",500,"estimated","submitted","default",1,0.214406713809103,0.36885012330293,0.168008563659165,0.84588684484554,500,NA,30,NA,NA,NA,NA,NA,534.334,"ncurve"
"Romanov","GateOnly","SC3",750,"true","submitted","default",1,0.53296420047518,0.642692773147777,0.471706141946288,0.760846928149948,750,7,7,NA,NA,NA,2881,0,346.432,"ncurve"
"Romanov","GateOnly","SC3",750,"estimated","submitted","default",1,0.223762818824947,0.378449008351288,0.175073647169451,0.842762929538355,750,NA,30,NA,NA,NA,NA,NA,754.664,"ncurve"
"Romanov","GateOnly","SC3",1000,"true","submitted","default",1,0.485077180790698,0.619775614403752,0.448394928910682,0.709128774730996,1000,7,7,NA,NA,NA,2881,0,332.114,"ncurve"
"Romanov","GateOnly","SC3",1000,"estimated","submitted","default",1,0.224707246276519,0.378575634532371,0.176669845668899,0.844845539743145,1000,NA,30,NA,NA,NA,NA,NA,555.321,"ncurve"
"Romanov","GateOnly","SC3",1500,"true","submitted","default",1,0.523723593777546,0.642231652551887,0.473004038299633,0.753904894133981,1500,7,7,NA,NA,NA,2881,0,333.289,"ncurve"
"Romanov","GateOnly","SC3",1500,"estimated","submitted","default",1,0.223027323926514,0.376827507019638,0.175440811922991,0.843457132939951,1500,NA,30,NA,NA,NA,NA,NA,499.428,"ncurve"
"Romanov","GateOnly","SC3",2500,"true","submitted","default",1,0.493207555517855,0.61045375009162,0.43659045868245,0.753904894133981,2332,7,7,NA,NA,NA,2881,0,341.157,"ncurve"
"Romanov","GateOnly","SC3",2500,"estimated","submitted","default",1,0.204039267711552,0.359122977337323,0.159132253872879,0.837209302325581,2332,NA,30,NA,NA,NA,NA,NA,639.389,"ncurve"
"Romanov","Seurat","Refined Louvain",0,"true","submitted","default",1,0.776735815674872,0.834094158196683,0.715001951012224,0.883026726830962,2332,7,7,NA,NA,NA,2881,0,27.666,"ncurve"
"Romanov","Seurat","Refined Louvain",0,"estimated","submitted","default",1,0.194446701086142,0.360985889539933,0.143422414260044,0.917389795209997,2332,NA,30,NA,NA,NA,NA,NA,49.709,"ncurve"
"Romanov","Seurat","Refined Louvain",100,"true","submitted","default",1,0.680890057840551,0.758380876252401,0.61034813005026,0.851440472058313,100,7,7,NA,NA,NA,2881,0,28.587,"ncurve"
"Romanov","Seurat","Refined Louvain",100,"estimated","submitted","default",1,0.182257684273369,0.341389395252249,0.138189007735159,0.863589031586255,100,NA,30,NA,NA,NA,NA,NA,28.225,"ncurve"
"Romanov","Seurat","Refined Louvain",200,"true","submitted","default",1,0.674803504121321,0.755006853271114,0.606372418126129,0.851440472058313,200,6,7,NA,NA,NA,2881,0,32.597,"ncurve"
"Romanov","Seurat","Refined Louvain",200,"estimated","submitted","default",1,0.181275199499188,0.342893783928005,0.135755892603455,0.88545643873655,200,NA,30,NA,NA,NA,NA,NA,28.907,"ncurve"
"Romanov","Seurat","Refined Louvain",300,"true","submitted","default",1,0.641871137451365,0.725840255305869,0.565068116439612,0.86254772648386,300,7,7,NA,NA,NA,2881,0,28.187,"ncurve"
"Romanov","Seurat","Refined Louvain",300,"estimated","submitted","default",1,0.184947329116379,0.348610092983919,0.137482531906177,0.903852828878862,300,NA,30,NA,NA,NA,NA,NA,29.892,"ncurve"
"Romanov","Seurat","Refined Louvain",500,"true","submitted","default",1,0.733492059543511,0.801770537528099,0.668803624036165,0.872613675807011,500,6,7,NA,NA,NA,2881,0,30.352,"ncurve"
"Romanov","Seurat","Refined Louvain",500,"estimated","submitted","default",1,0.189386266658814,0.354552282176986,0.140167780652308,0.917389795209997,500,NA,30,NA,NA,NA,NA,NA,30.113,"ncurve"
"Romanov","Seurat","Refined Louvain",750,"true","submitted","default",1,0.825069921372388,0.870402261945134,0.769914639691216,0.903158625477265,750,7,7,NA,NA,NA,2881,0,28.811,"ncurve"
"Romanov","Seurat","Refined Louvain",750,"estimated","submitted","default",1,0.189835153658103,0.356460492757809,0.139744967336421,0.92502603262756,750,NA,30,NA,NA,NA,NA,NA,28.182,"ncurve"
"Romanov","Seurat","Refined Louvain",1000,"true","submitted","default",1,0.784600322109366,0.839418967483855,0.723067147206677,0.88753904894134,1000,7,7,NA,NA,NA,2881,0,31.926,"ncurve"
"Romanov","Seurat","Refined Louvain",1000,"estimated","submitted","default",1,0.211510269138896,0.37873132130836,0.156400333763526,0.921555015619577,1000,NA,30,NA,NA,NA,NA,NA,27.42,"ncurve"
"Romanov","Seurat","Refined Louvain",1500,"true","submitted","default",1,0.787576673943119,0.84226133704937,0.727051509235133,0.887191947240542,1500,7,7,NA,NA,NA,2881,0,26.766,"ncurve"
"Romanov","Seurat","Refined Louvain",1500,"estimated","submitted","default",1,0.21000180970445,0.377390840958017,0.155137302773436,0.926414439430753,1500,NA,30,NA,NA,NA,NA,NA,41.018,"ncurve"
"Romanov","Seurat","Refined Louvain",2500,"true","submitted","default",1,0.780766140932947,0.837113838290891,0.719444925801703,0.884415133634155,2500,7,7,NA,NA,NA,2881,0,28.142,"ncurve"
"Romanov","Seurat","Refined Louvain",2500,"estimated","submitted","default",1,0.199613011155079,0.366080682173322,0.14751784903675,0.920166608816383,2500,NA,30,NA,NA,NA,NA,NA,50.324,"ncurve"
"Romanov","Seurat","SC3",0,"true","submitted","default",1,0.593184823044864,0.692921087652015,0.530003184020582,0.77299548767789,2332,7,7,NA,NA,NA,2881,0,369.793,"ncurve"
"Romanov","Seurat","SC3",0,"estimated","submitted","default",1,0.194293081701708,0.353069237795505,0.148163020598898,0.850399166955918,2332,NA,30,NA,NA,NA,NA,NA,474.95,"ncurve"
"Romanov","Seurat","SC3",100,"true","submitted","default",1,0.482011223668307,0.611522894027016,0.440424379608671,0.738285317598056,100,7,7,NA,NA,NA,2881,0,251.205,"ncurve"
"Romanov","Seurat","SC3",100,"estimated","submitted","default",1,0.199251929240504,0.35643701541646,0.15340055782021,0.84588684484554,100,NA,30,NA,NA,NA,NA,NA,383.984,"ncurve"
"Romanov","Seurat","SC3",200,"true","submitted","default",1,0.590782720967846,0.685775235311055,0.517122970214911,0.85005206525512,200,7,7,NA,NA,NA,2881,0,279.276,"ncurve"
"Romanov","Seurat","SC3",200,"estimated","submitted","default",1,0.199022278683634,0.360716907094213,0.14988384850197,0.890315862547726,200,NA,30,NA,NA,NA,NA,NA,419.412,"ncurve"
"Romanov","Seurat","SC3",300,"true","submitted","default",1,0.650918643288336,0.732989047796919,0.56950062571074,0.877473099618188,300,7,7,NA,NA,NA,2881,0,386.307,"ncurve"
"Romanov","Seurat","SC3",300,"estimated","submitted","default",1,0.224874556063925,0.383458349920454,0.172425985181684,0.892745574453315,300,NA,30,NA,NA,NA,NA,NA,454.548,"ncurve"
"Romanov","Seurat","SC3",500,"true","submitted","default",1,0.590526407542683,0.685043450315795,0.5124282453719,0.80423464074974,500,7,7,NA,NA,NA,2881,0,319.874,"ncurve"
"Romanov","Seurat","SC3",500,"estimated","submitted","default",1,0.202282318608253,0.365311049573711,0.151605647717139,0.893439777854911,500,NA,30,NA,NA,NA,NA,NA,496.357,"ncurve"
"Romanov","Seurat","SC3",750,"true","submitted","default",1,0.587407271246669,0.682804640706709,0.512454604558917,0.798681013536966,750,7,7,NA,NA,NA,2881,0,326.442,"ncurve"
"Romanov","Seurat","SC3",750,"estimated","submitted","default",1,0.213398166375987,0.379242482329515,0.158629329780207,0.898646303366886,750,NA,30,NA,NA,NA,NA,NA,513.153,"ncurve"
"Romanov","Seurat","SC3",1000,"true","submitted","default",1,0.674446944866818,0.753475248954231,0.604006313560169,0.82089552238806,1000,7,7,NA,NA,NA,2881,0,322.539,"ncurve"
"Romanov","Seurat","SC3",1000,"estimated","submitted","default",1,0.21318226057395,0.374681613150937,0.161161883509486,0.874349184311003,1000,NA,30,NA,NA,NA,NA,NA,492.92,"ncurve"
"Romanov","Seurat","SC3",1500,"true","submitted","default",1,0.624026995094356,0.717882564090392,0.559918723127683,0.772648385977091,1500,7,7,NA,NA,NA,2881,0,324.119,"ncurve"
"Romanov","Seurat","SC3",1500,"estimated","submitted","default",1,0.197119617353122,0.356567573773497,0.149926595038386,0.863936133287053,1500,NA,30,NA,NA,NA,NA,NA,490.775,"ncurve"
"Romanov","Seurat","SC3",2500,"true","submitted","default",1,0.561501542386014,0.668162458745856,0.501421529768681,0.76674765706352,2500,7,7,NA,NA,NA,2881,0,408.041,"ncurve"
"Romanov","Seurat","SC3",2500,"estimated","submitted","default",1,0.197222632701682,0.356991320186818,0.149776280805258,0.859423811176675,2500,NA,30,NA,NA,NA,NA,NA,492.314,"ncurve"
"Romanov","Variance","Refined Louvain",0,"true","submitted","default",1,0.656472623670257,0.744549158588466,0.592743762811259,0.842068726136758,2332,7,7,NA,NA,NA,2881,0,31.227,"ncurve"
"Romanov","Variance","Refined Louvain",0,"estimated","submitted","default",1,0.180072215267683,0.339339353728947,0.136318237192382,0.878167303019785,2332,NA,30,NA,NA,NA,NA,NA,32.79,"ncurve"
"Romanov","Variance","Refined Louvain",100,"true","submitted","default",1,0.515977445100477,0.627293099399885,0.453108621402107,0.816383200277681,100,7,7,NA,NA,NA,2881,0,31.838,"ncurve"
"Romanov","Variance","Refined Louvain",100,"estimated","submitted","default",1,0.190876424590737,0.350515376441561,0.144790595480931,0.869489760499826,100,NA,30,NA,NA,NA,NA,NA,36.578,"ncurve"
"Romanov","Variance","Refined Louvain",200,"true","submitted","default",1,0.580257408710389,0.682826847987747,0.518225151285959,0.821936827490455,200,7,7,NA,NA,NA,2881,0,32.243,"ncurve"
"Romanov","Variance","Refined Louvain",200,"estimated","submitted","default",1,0.198415693156604,0.36116148656771,0.148730490839177,0.87920860812218,200,NA,30,NA,NA,NA,NA,NA,36.415,"ncurve"
"Romanov","Variance","Refined Louvain",300,"true","submitted","default",1,0.58412469242679,0.686460524273717,0.522530695190677,0.820548420687261,300,7,7,NA,NA,NA,2881,0,29.046,"ncurve"
"Romanov","Variance","Refined Louvain",300,"estimated","submitted","default",1,0.194256822773006,0.354172408118314,0.147303485606757,0.883026726830962,300,NA,30,NA,NA,NA,NA,NA,29.858,"ncurve"
"Romanov","Variance","Refined Louvain",500,"true","submitted","default",1,0.607206049706237,0.703613027644792,0.542635923349411,0.835820895522388,500,7,7,NA,NA,NA,2881,0,28.736,"ncurve"
"Romanov","Variance","Refined Louvain",500,"estimated","submitted","default",1,0.190944437388915,0.351890085834896,0.143948782465473,0.874349184311003,500,NA,30,NA,NA,NA,NA,NA,29.669,"ncurve"
"Romanov","Variance","Refined Louvain",750,"true","submitted","default",1,0.60700857906903,0.705594557864155,0.54509509587538,0.827490454703228,750,7,7,NA,NA,NA,2881,0,39.495,"ncurve"
"Romanov","Variance","Refined Louvain",750,"estimated","submitted","default",1,0.194822746082297,0.355603778025775,0.147156217500835,0.887886150642138,750,NA,30,NA,NA,NA,NA,NA,29.947,"ncurve"
"Romanov","Variance","Refined Louvain",1000,"true","submitted","default",1,0.628248897180416,0.720544389858392,0.563157123896525,0.839291912530371,1000,7,7,NA,NA,NA,2881,0,29.902,"ncurve"
"Romanov","Variance","Refined Louvain",1000,"estimated","submitted","default",1,0.190108902013602,0.34981305490467,0.144127905506116,0.879902811523776,1000,NA,30,NA,NA,NA,NA,NA,28.882,"ncurve"
"Romanov","Variance","Refined Louvain",1500,"true","submitted","default",1,0.644033735823581,0.735618405395283,0.58142358622769,0.835126692120791,1500,7,7,NA,NA,NA,2881,0,35.463,"ncurve"
"Romanov","Variance","Refined Louvain",1500,"estimated","submitted","default",1,0.184879001394064,0.343908317583069,0.140387767960881,0.871225269003818,1500,NA,30,NA,NA,NA,NA,NA,53.88,"ncurve"
"Romanov","Variance","Refined Louvain",2500,"true","submitted","default",1,0.64030419001989,0.730102099192683,0.574928871972592,0.845539743144741,2500,7,7,NA,NA,NA,2881,0,34.006,"ncurve"
"Romanov","Variance","Refined Louvain",2500,"estimated","submitted","default",1,0.187472870262132,0.346353628320829,0.142593909009279,0.87087816730302,2500,NA,30,NA,NA,NA,NA,NA,43.543,"ncurve"
"Romanov","Variance","SC3",0,"true","submitted","default",1,0.532802632202585,0.646990985630015,0.478033800885504,0.759805623047553,2332,7,7,NA,NA,NA,2881,0,355.847,"ncurve"
"Romanov","Variance","SC3",0,"estimated","submitted","default",1,0.210095481000652,0.365378128642651,0.163758677436178,0.82714335300243,2332,NA,30,NA,NA,NA,NA,NA,475.608,"ncurve"
"Romanov","Variance","SC3",100,"true","submitted","default",1,0.575703899692764,0.692777806195748,0.527116351116432,0.721277334258938,100,7,7,NA,NA,NA,2881,0,375.926,"ncurve"
"Romanov","Variance","SC3",100,"estimated","submitted","default",1,0.245307035707892,0.402262573665055,0.189466557751759,0.846928149947935,100,NA,30,NA,NA,NA,NA,NA,492.67,"ncurve"
"Romanov","Variance","SC3",200,"true","submitted","default",1,0.531274352787107,0.643048766557203,0.473002773779851,0.767441860465116,200,7,7,NA,NA,NA,2881,0,299.662,"ncurve"
"Romanov","Variance","SC3",200,"estimated","submitted","default",1,0.224254365295453,0.382358565401746,0.172333184365224,0.84380423464075,200,NA,30,NA,NA,NA,NA,NA,456.651,"ncurve"
"Romanov","Variance","SC3",300,"true","submitted","default",1,0.522607555224831,0.635279606871288,0.46408962977695,0.747309961818813,300,7,7,NA,NA,NA,2881,0,342.433,"ncurve"
"Romanov","Variance","SC3",300,"estimated","submitted","default",1,0.210945086253699,0.367029082509196,0.163672698950333,0.819507115584866,300,NA,30,NA,NA,NA,NA,NA,433.461,"ncurve"
"Romanov","Variance","SC3",500,"true","submitted","default",1,0.509377498387343,0.622693260572574,0.448949420173471,0.744533148212426,500,7,7,NA,NA,NA,2881,0,303.568,"ncurve"
"Romanov","Variance","SC3",500,"estimated","submitted","default",1,0.240018299766739,0.395814201954716,0.186483832147583,0.8333911836168,500,NA,30,NA,NA,NA,NA,NA,553.294,"ncurve"
"Romanov","Variance","SC3",750,"true","submitted","default",1,0.530045427815299,0.645986522580105,0.477049765983321,0.760846928149948,750,7,7,NA,NA,NA,2881,0,326.515,"ncurve"
"Romanov","Variance","SC3",750,"estimated","submitted","default",1,0.227378710352294,0.381678913386868,0.17827419097545,0.83963901423117,750,NA,30,NA,NA,NA,NA,NA,476.56,"ncurve"
"Romanov","Variance","SC3",1000,"true","submitted","default",1,0.557264175274437,0.664125043371612,0.496673268424788,0.81881291218327,1000,7,7,NA,NA,NA,2881,0,403.759,"ncurve"
"Romanov","Variance","SC3",1000,"estimated","submitted","default",1,0.216508939160872,0.372274046414762,0.168350339163464,0.840680319333565,1000,NA,30,NA,NA,NA,NA,NA,529.2,"ncurve"
"Romanov","Variance","SC3",1500,"true","submitted","default",1,0.539403123802741,0.649250907434473,0.479748975987374,0.766400555362721,1500,7,7,NA,NA,NA,2881,0,351.806,"ncurve"
"Romanov","Variance","SC3",1500,"estimated","submitted","default",1,0.195098129543262,0.350189585828348,0.151922082717873,0.835820895522388,1500,NA,30,NA,NA,NA,NA,NA,475.528,"ncurve"
"Romanov","Variance","SC3",2500,"true","submitted","default",1,0.520792061118641,0.640959642898954,0.471615022464662,0.762235334953141,2500,7,7,NA,NA,NA,2881,0,353.149,"ncurve"
"Romanov","Variance","SC3",2500,"estimated","submitted","default",1,0.20267069273602,0.359574142154674,0.156372654493653,0.847622353349531,2500,NA,30,NA,NA,NA,NA,NA,630.59,"ncurve"
"SimKumar4easy","DIFS","Refined Louvain",0,"true","submitted","default",1,1,1,1,1,326,4,4,326,29,"1:1",500,0,114.682,"ncurve"
"SimKumar4easy","DIFS","Refined Louvain",0,"estimated","submitted","default",1,1,1,1,1,326,NA,2,326,35,"1:1",NA,NA,101.868,"ncurve"
"SimKumar4easy","DIFS","Refined Louvain",100,"true","submitted","default",1,1,1,1,1,100,4,4,326,29,"1:1",500,0,107.898,"ncurve"
"SimKumar4easy","DIFS","Refined Louvain",100,"estimated","submitted","default",1,1,1,1,1,100,NA,2,326,35,"1:1",NA,NA,85.135,"ncurve"
"SimKumar4easy","DIFS","Refined Louvain",200,"true","submitted","default",1,1,1,1,1,200,4,4,326,29,"1:1",500,0,109.31,"ncurve"
"SimKumar4easy","DIFS","Refined Louvain",200,"estimated","submitted","default",1,1,1,1,1,200,NA,2,326,35,"1:1",NA,NA,83.921,"ncurve"
"SimKumar4easy","DIFS","Refined Louvain",300,"true","submitted","default",1,1,1,1,1,300,4,4,326,29,"1:1",500,0,109.039,"ncurve"
"SimKumar4easy","DIFS","Refined Louvain",300,"estimated","submitted","default",1,1,1,1,1,300,NA,2,326,35,"1:1",NA,NA,116.421,"ncurve"
"SimKumar4easy","DIFS","Refined Louvain",500,"true","submitted","default",1,1,1,1,1,326,4,4,326,29,"1:1",500,0,135.038,"ncurve"
"SimKumar4easy","DIFS","Refined Louvain",500,"estimated","submitted","default",1,1,1,1,1,326,NA,2,326,35,"1:1",NA,NA,80.088,"ncurve"
"SimKumar4easy","DIFS","Refined Louvain",750,"true","submitted","default",1,1,1,1,1,326,4,4,326,29,"1:1",500,0,108.283,"ncurve"
"SimKumar4easy","DIFS","Refined Louvain",750,"estimated","submitted","default",1,1,1,1,1,326,NA,2,326,35,"1:1",NA,NA,95.185,"ncurve"
"SimKumar4easy","DIFS","Refined Louvain",1000,"true","submitted","default",1,1,1,1,1,326,4,4,326,29,"1:1",500,0,108.104,"ncurve"
"SimKumar4easy","DIFS","Refined Louvain",1000,"estimated","submitted","default",1,1,1,1,1,326,NA,2,326,35,"1:1",NA,NA,110.768,"ncurve"
"SimKumar4easy","DIFS","Refined Louvain",1500,"true","submitted","default",1,1,1,1,1,326,4,4,326,29,"1:1",500,0,106.972,"ncurve"
"SimKumar4easy","DIFS","Refined Louvain",1500,"estimated","submitted","default",1,1,1,1,1,326,NA,2,326,35,"1:1",NA,NA,80.533,"ncurve"
"SimKumar4easy","DIFS","Refined Louvain",2500,"true","submitted","default",1,1,1,1,1,326,4,4,326,29,"1:1",500,0,110.487,"ncurve"
"SimKumar4easy","DIFS","Refined Louvain",2500,"estimated","submitted","default",1,1,1,1,1,326,NA,2,326,35,"1:1",NA,NA,82.279,"ncurve"
"SimKumar4easy","DIFS","SC3",0,"true","submitted","default",1,1,1,1,1,326,4,4,326,29,"1:1",500,0,186.085,"ncurve"
"SimKumar4easy","DIFS","SC3",0,"estimated","submitted","default",1,0.517946056687623,0.76542960131759,0.585882474573205,0.776,326,NA,2,326,35,"1:1",NA,NA,130.443,"ncurve"
"SimKumar4easy","DIFS","SC3",100,"true","submitted","default",1,1,1,1,1,100,4,4,326,29,"1:1",500,0,242.649,"ncurve"
"SimKumar4easy","DIFS","SC3",100,"estimated","submitted","default",1,0.517946056687623,0.76542960131759,0.585882474573205,0.776,100,NA,2,326,35,"1:1",NA,NA,130.011,"ncurve"
"SimKumar4easy","DIFS","SC3",200,"true","submitted","default",1,1,1,1,1,200,4,4,326,29,"1:1",500,0,183.864,"ncurve"
"SimKumar4easy","DIFS","SC3",200,"estimated","submitted","default",1,0.517946056687623,0.76542960131759,0.585882474573205,0.776,200,NA,2,326,35,"1:1",NA,NA,211.636,"ncurve"
"SimKumar4easy","DIFS","SC3",300,"true","submitted","default",1,1,1,1,1,300,4,4,326,29,"1:1",500,0,183.721,"ncurve"
"SimKumar4easy","DIFS","SC3",300,"estimated","submitted","default",1,0.517946056687623,0.76542960131759,0.585882474573205,0.776,300,NA,2,326,35,"1:1",NA,NA,173.607,"ncurve"
"SimKumar4easy","DIFS","SC3",500,"true","submitted","default",1,1,1,1,1,326,4,4,326,29,"1:1",500,0,182.856,"ncurve"
"SimKumar4easy","DIFS","SC3",500,"estimated","submitted","default",1,0.517946056687623,0.76542960131759,0.585882474573205,0.776,326,NA,2,326,35,"1:1",NA,NA,188.65,"ncurve"
"SimKumar4easy","DIFS","SC3",750,"true","submitted","default",1,1,1,1,1,326,4,4,326,29,"1:1",500,0,186.819,"ncurve"
"SimKumar4easy","DIFS","SC3",750,"estimated","submitted","default",1,0.517946056687623,0.76542960131759,0.585882474573205,0.776,326,NA,2,326,35,"1:1",NA,NA,167.485,"ncurve"
"SimKumar4easy","DIFS","SC3",1000,"true","submitted","default",1,1,1,1,1,326,4,4,326,29,"1:1",500,0,182.672,"ncurve"
"SimKumar4easy","DIFS","SC3",1000,"estimated","submitted","default",1,0.517946056687623,0.76542960131759,0.585882474573205,0.776,326,NA,2,326,35,"1:1",NA,NA,148.999,"ncurve"
"SimKumar4easy","DIFS","SC3",1500,"true","submitted","default",1,1,1,1,1,326,4,4,326,29,"1:1",500,0,181.554,"ncurve"
"SimKumar4easy","DIFS","SC3",1500,"estimated","submitted","default",1,0.517946056687623,0.76542960131759,0.585882474573205,0.776,326,NA,2,326,35,"1:1",NA,NA,223.909,"ncurve"
"SimKumar4easy","DIFS","SC3",2500,"true","submitted","default",1,1,1,1,1,326,4,4,326,29,"1:1",500,0,184.332,"ncurve"
"SimKumar4easy","DIFS","SC3",2500,"estimated","submitted","default",1,0.517946056687623,0.76542960131759,0.585882474573205,0.776,326,NA,2,326,35,"1:1",NA,NA,131.308,"ncurve"
"SimKumar4easy","FEAST","Refined Louvain",0,"true","submitted","default",1,0.634621377910468,0.755872548085301,0.591127173032588,0.924,326,4,4,NA,NA,NA,500,0,17.838,"ncurve"
"SimKumar4easy","FEAST","Refined Louvain",0,"estimated","submitted","default",1,1,1,1,1,326,NA,2,NA,NA,NA,NA,NA,17.46,"ncurve"
"SimKumar4easy","FEAST","Refined Louvain",100,"true","submitted","default",1,0.636629187043368,0.757273394492412,0.593700787401575,0.922,100,4,4,NA,NA,NA,500,0,17.466,"ncurve"
"SimKumar4easy","FEAST","Refined Louvain",100,"estimated","submitted","default",1,0.951921847455925,0.97035845456973,0.941595530354955,0.924,100,NA,2,NA,NA,NA,NA,NA,23.937,"ncurve"
"SimKumar4easy","FEAST","Refined Louvain",200,"true","submitted","default",1,0.704899750040398,0.805029584989922,0.663904293102374,0.924,200,4,4,NA,NA,NA,500,0,17.59,"ncurve"
"SimKumar4easy","FEAST","Refined Louvain",200,"estimated","submitted","default",1,0.951921847455925,0.97035845456973,0.941595530354955,0.924,200,NA,2,NA,NA,NA,NA,NA,24.358,"ncurve"
"SimKumar4easy","FEAST","Refined Louvain",300,"true","submitted","default",1,0.98897459128478,0.992976627884698,0.986049266270372,0.988,300,4,4,NA,NA,NA,500,0,17.612,"ncurve"
"SimKumar4easy","FEAST","Refined Louvain",300,"estimated","submitted","default",1,1,1,1,1,300,NA,2,NA,NA,NA,NA,NA,17.389,"ncurve"
"SimKumar4easy","FEAST","Refined Louvain",500,"true","submitted","default",1,0.998076601267035,0.998775382022391,0.997553611178454,0.998,500,4,4,NA,NA,NA,500,0,17.436,"ncurve"
"SimKumar4easy","FEAST","Refined Louvain",500,"estimated","submitted","default",1,1,1,1,1,500,NA,2,NA,NA,NA,NA,NA,17.315,"ncurve"
"SimKumar4easy","FEAST","Refined Louvain",750,"true","submitted","default",1,1,1,1,1,750,4,4,NA,NA,NA,500,0,21.825,"ncurve"
"SimKumar4easy","FEAST","Refined Louvain",750,"estimated","submitted","default",1,1,1,1,1,750,NA,2,NA,NA,NA,NA,NA,17.548,"ncurve"
"SimKumar4easy","FEAST","Refined Louvain",1000,"true","submitted","default",1,1,1,1,1,1000,4,4,NA,NA,NA,500,0,22.173,"ncurve"
"SimKumar4easy","FEAST","Refined Louvain",1000,"estimated","submitted","default",1,1,1,1,1,1000,NA,2,NA,NA,NA,NA,NA,17.068,"ncurve"
"SimKumar4easy","FEAST","Refined Louvain",1500,"true","submitted","default",1,1,1,1,1,1500,4,4,NA,NA,NA,500,0,17.295,"ncurve"
"SimKumar4easy","FEAST","Refined Louvain",1500,"estimated","submitted","default",1,1,1,1,1,1500,NA,2,NA,NA,NA,NA,NA,17.203,"ncurve"
"SimKumar4easy","FEAST","Refined Louvain",2500,"true","submitted","default",1,1,1,1,1,2500,4,4,NA,NA,NA,500,0,18.197,"ncurve"
"SimKumar4easy","FEAST","Refined Louvain",2500,"estimated","submitted","default",1,1,1,1,1,2500,NA,2,NA,NA,NA,NA,NA,17.439,"ncurve"
"SimKumar4easy","FEAST","SC3",0,"true","submitted","default",1,0.994332054139068,0.996390168060669,0.992805122224911,0.994,326,4,4,NA,NA,NA,500,0,93.539,"ncurve"
"SimKumar4easy","FEAST","SC3",0,"estimated","submitted","default",1,0.517946056687623,0.76542960131759,0.585882474573205,0.776,326,NA,2,NA,NA,NA,NA,NA,74.823,"ncurve"
"SimKumar4easy","FEAST","SC3",100,"true","submitted","default",1,0.903666362237472,0.938698804001982,0.884478783724843,0.924,100,4,4,NA,NA,NA,500,0,99.462,"ncurve"
"SimKumar4easy","FEAST","SC3",100,"estimated","submitted","default",1,0.726872970607939,0.852560988747667,0.726860239534399,0.776,100,NA,2,NA,NA,NA,NA,NA,64.065,"ncurve"
"SimKumar4easy","FEAST","SC3",200,"true","submitted","default",1,0.996187262765033,0.997572078499899,0.995155358833763,0.996,200,4,4,NA,NA,NA,500,0,95.787,"ncurve"
"SimKumar4easy","FEAST","SC3",200,"estimated","submitted","default",1,0.726872970607939,0.852560988747667,0.726860239534399,0.776,200,NA,2,NA,NA,NA,NA,NA,64.001,"ncurve"
"SimKumar4easy","FEAST","SC3",300,"true","submitted","default",1,0.994332054139068,0.996390168060669,0.992805122224911,0.994,300,4,4,NA,NA,NA,500,0,93.003,"ncurve"
"SimKumar4easy","FEAST","SC3",300,"estimated","submitted","default",1,0.726872970607939,0.852560988747667,0.726860239534399,0.776,300,NA,2,NA,NA,NA,NA,NA,64.802,"ncurve"
"SimKumar4easy","FEAST","SC3",500,"true","submitted","default",1,0.998076601267035,0.998775382022391,0.997553611178454,0.998,500,4,4,NA,NA,NA,500,0,92.565,"ncurve"
"SimKumar4easy","FEAST","SC3",500,"estimated","submitted","default",1,0.517946056687623,0.76542960131759,0.585882474573205,0.776,500,NA,2,NA,NA,NA,NA,NA,66.069,"ncurve"
"SimKumar4easy","FEAST","SC3",750,"true","submitted","default",1,1,1,1,1,750,4,4,NA,NA,NA,500,0,90.919,"ncurve"
"SimKumar4easy","FEAST","SC3",750,"estimated","submitted","default",1,0.517946056687623,0.76542960131759,0.585882474573205,0.776,750,NA,2,NA,NA,NA,NA,NA,74.652,"ncurve"
"SimKumar4easy","FEAST","SC3",1000,"true","submitted","default",1,1,1,1,1,1000,4,4,NA,NA,NA,500,0,91.148,"ncurve"
"SimKumar4easy","FEAST","SC3",1000,"estimated","submitted","default",1,0.517946056687623,0.76542960131759,0.585882474573205,0.776,1000,NA,2,NA,NA,NA,NA,NA,63.84,"ncurve"
"SimKumar4easy","FEAST","SC3",1500,"true","submitted","default",1,1,1,1,1,1500,4,4,NA,NA,NA,500,0,100.387,"ncurve"
"SimKumar4easy","FEAST","SC3",1500,"estimated","submitted","default",1,0.517946056687623,0.76542960131759,0.585882474573205,0.776,1500,NA,2,NA,NA,NA,NA,NA,64.125,"ncurve"
"SimKumar4easy","FEAST","SC3",2500,"true","submitted","default",1,1,1,1,1,2500,4,4,NA,NA,NA,500,0,87.361,"ncurve"
"SimKumar4easy","FEAST","SC3",2500,"estimated","submitted","default",1,0.517946056687623,0.76542960131759,0.585882474573205,0.776,2500,NA,2,NA,NA,NA,NA,NA,73.597,"ncurve"
"SimKumar4easy","GateOnly","Refined Louvain",0,"true","submitted","default",1,1,1,1,1,326,4,4,NA,NA,NA,500,0,13.23,"ncurve"
"SimKumar4easy","GateOnly","Refined Louvain",0,"estimated","submitted","default",1,1,1,1,1,326,NA,2,NA,NA,NA,NA,NA,12.602,"ncurve"
"SimKumar4easy","GateOnly","Refined Louvain",100,"true","submitted","default",1,0.994831705846302,0.99670829147619,0.993432217398012,0.998,100,4,4,NA,NA,NA,500,0,13.187,"ncurve"
"SimKumar4easy","GateOnly","Refined Louvain",100,"estimated","submitted","default",1,0.994831705846302,0.99670829147619,0.993432217398012,0.998,100,NA,2,NA,NA,NA,NA,NA,13.144,"ncurve"
"SimKumar4easy","GateOnly","Refined Louvain",200,"true","submitted","default",1,1,1,1,1,200,4,4,NA,NA,NA,500,0,14.242,"ncurve"
"SimKumar4easy","GateOnly","Refined Louvain",200,"estimated","submitted","default",1,1,1,1,1,200,NA,2,NA,NA,NA,NA,NA,17.633,"ncurve"
"SimKumar4easy","GateOnly","Refined Louvain",300,"true","submitted","default",1,1,1,1,1,300,4,4,NA,NA,NA,500,0,15.854,"ncurve"
"SimKumar4easy","GateOnly","Refined Louvain",300,"estimated","submitted","default",1,1,1,1,1,300,NA,2,NA,NA,NA,NA,NA,13.441,"ncurve"
"SimKumar4easy","GateOnly","Refined Louvain",500,"true","submitted","default",1,1,1,1,1,326,4,4,NA,NA,NA,500,0,16.537,"ncurve"
"SimKumar4easy","GateOnly","Refined Louvain",500,"estimated","submitted","default",1,1,1,1,1,326,NA,2,NA,NA,NA,NA,NA,12.588,"ncurve"
"SimKumar4easy","GateOnly","Refined Louvain",750,"true","submitted","default",1,1,1,1,1,326,4,4,NA,NA,NA,500,0,12.738,"ncurve"
"SimKumar4easy","GateOnly","Refined Louvain",750,"estimated","submitted","default",1,1,1,1,1,326,NA,2,NA,NA,NA,NA,NA,20.106,"ncurve"
"SimKumar4easy","GateOnly","Refined Louvain",1000,"true","submitted","default",1,1,1,1,1,326,4,4,NA,NA,NA,500,0,12.663,"ncurve"
"SimKumar4easy","GateOnly","Refined Louvain",1000,"estimated","submitted","default",1,1,1,1,1,326,NA,2,NA,NA,NA,NA,NA,13.066,"ncurve"
"SimKumar4easy","GateOnly","Refined Louvain",1500,"true","submitted","default",1,1,1,1,1,326,4,4,NA,NA,NA,500,0,12.939,"ncurve"
"SimKumar4easy","GateOnly","Refined Louvain",1500,"estimated","submitted","default",1,1,1,1,1,326,NA,2,NA,NA,NA,NA,NA,13.33,"ncurve"
"SimKumar4easy","GateOnly","Refined Louvain",2500,"true","submitted","default",1,1,1,1,1,326,4,4,NA,NA,NA,500,0,12.839,"ncurve"
"SimKumar4easy","GateOnly","Refined Louvain",2500,"estimated","submitted","default",1,1,1,1,1,326,NA,2,NA,NA,NA,NA,NA,22.748,"ncurve"
"SimKumar4easy","GateOnly","SC3",0,"true","submitted","default",1,1,1,1,1,326,4,4,NA,NA,NA,500,0,87.887,"ncurve"
"SimKumar4easy","GateOnly","SC3",0,"estimated","submitted","default",1,0.517946056687623,0.76542960131759,0.585882474573205,0.776,326,NA,2,NA,NA,NA,NA,NA,60.427,"ncurve"
"SimKumar4easy","GateOnly","SC3",100,"true","submitted","default",1,1,1,1,1,100,4,4,NA,NA,NA,500,0,96.925,"ncurve"
"SimKumar4easy","GateOnly","SC3",100,"estimated","submitted","default",1,0.517946056687623,0.76542960131759,0.585882474573205,0.776,100,NA,2,NA,NA,NA,NA,NA,110.351,"ncurve"
"SimKumar4easy","GateOnly","SC3",200,"true","submitted","default",1,1,1,1,1,200,4,4,NA,NA,NA,500,0,92.078,"ncurve"
"SimKumar4easy","GateOnly","SC3",200,"estimated","submitted","default",1,0.517946056687623,0.76542960131759,0.585882474573205,0.776,200,NA,2,NA,NA,NA,NA,NA,75.043,"ncurve"
"SimKumar4easy","GateOnly","SC3",300,"true","submitted","default",1,1,1,1,1,300,4,4,NA,NA,NA,500,0,90.527,"ncurve"
"SimKumar4easy","GateOnly","SC3",300,"estimated","submitted","default",1,0.517946056687623,0.76542960131759,0.585882474573205,0.776,300,NA,2,NA,NA,NA,NA,NA,61.609,"ncurve"
"SimKumar4easy","GateOnly","SC3",500,"true","submitted","default",1,1,1,1,1,326,4,4,NA,NA,NA,500,0,88.884,"ncurve"
"SimKumar4easy","GateOnly","SC3",500,"estimated","submitted","default",1,0.517946056687623,0.76542960131759,0.585882474573205,0.776,326,NA,2,NA,NA,NA,NA,NA,61.984,"ncurve"
"SimKumar4easy","GateOnly","SC3",750,"true","submitted","default",1,1,1,1,1,326,4,4,NA,NA,NA,500,0,89.466,"ncurve"
"SimKumar4easy","GateOnly","SC3",750,"estimated","submitted","default",1,0.517946056687623,0.76542960131759,0.585882474573205,0.776,326,NA,2,NA,NA,NA,NA,NA,60.989,"ncurve"
"SimKumar4easy","GateOnly","SC3",1000,"true","submitted","default",1,1,1,1,1,326,4,4,NA,NA,NA,500,0,88.041,"ncurve"
"SimKumar4easy","GateOnly","SC3",1000,"estimated","submitted","default",1,0.517946056687623,0.76542960131759,0.585882474573205,0.776,326,NA,2,NA,NA,NA,NA,NA,61.634,"ncurve"
"SimKumar4easy","GateOnly","SC3",1500,"true","submitted","default",1,1,1,1,1,326,4,4,NA,NA,NA,500,0,88.244,"ncurve"
"SimKumar4easy","GateOnly","SC3",1500,"estimated","submitted","default",1,0.517946056687623,0.76542960131759,0.585882474573205,0.776,326,NA,2,NA,NA,NA,NA,NA,61.405,"ncurve"
"SimKumar4easy","GateOnly","SC3",2500,"true","submitted","default",1,1,1,1,1,326,4,4,NA,NA,NA,500,0,105.756,"ncurve"
"SimKumar4easy","GateOnly","SC3",2500,"estimated","submitted","default",1,0.517946056687623,0.76542960131759,0.585882474573205,0.776,326,NA,2,NA,NA,NA,NA,NA,61.328,"ncurve"
"SimKumar4easy","Seurat","Refined Louvain",0,"true","submitted","default",1,1,1,1,1,326,4,4,NA,NA,NA,500,0,16.198,"ncurve"
"SimKumar4easy","Seurat","Refined Louvain",0,"estimated","submitted","default",1,1,1,1,1,326,NA,2,NA,NA,NA,NA,NA,14.738,"ncurve"
"SimKumar4easy","Seurat","Refined Louvain",100,"true","submitted","default",1,1,1,1,1,100,4,4,NA,NA,NA,500,0,16.356,"ncurve"
"SimKumar4easy","Seurat","Refined Louvain",100,"estimated","submitted","default",1,1,1,1,1,100,NA,2,NA,NA,NA,NA,NA,25.002,"ncurve"
"SimKumar4easy","Seurat","Refined Louvain",200,"true","submitted","default",1,1,1,1,1,200,4,4,NA,NA,NA,500,0,16.355,"ncurve"
"SimKumar4easy","Seurat","Refined Louvain",200,"estimated","submitted","default",1,1,1,1,1,200,NA,2,NA,NA,NA,NA,NA,14.519,"ncurve"
"SimKumar4easy","Seurat","Refined Louvain",300,"true","submitted","default",1,1,1,1,1,300,4,4,NA,NA,NA,500,0,14.802,"ncurve"
"SimKumar4easy","Seurat","Refined Louvain",300,"estimated","submitted","default",1,1,1,1,1,300,NA,2,NA,NA,NA,NA,NA,14.125,"ncurve"
"SimKumar4easy","Seurat","Refined Louvain",500,"true","submitted","default",1,1,1,1,1,500,4,4,NA,NA,NA,500,0,15.841,"ncurve"
"SimKumar4easy","Seurat","Refined Louvain",500,"estimated","submitted","default",1,1,1,1,1,500,NA,2,NA,NA,NA,NA,NA,15.347,"ncurve"
"SimKumar4easy","Seurat","Refined Louvain",750,"true","submitted","default",1,1,1,1,1,750,4,4,NA,NA,NA,500,0,15.38,"ncurve"
"SimKumar4easy","Seurat","Refined Louvain",750,"estimated","submitted","default",1,1,1,1,1,750,NA,2,NA,NA,NA,NA,NA,15.548,"ncurve"
"SimKumar4easy","Seurat","Refined Louvain",1000,"true","submitted","default",1,1,1,1,1,1000,4,4,NA,NA,NA,500,0,15.27,"ncurve"
"SimKumar4easy","Seurat","Refined Louvain",1000,"estimated","submitted","default",1,1,1,1,1,1000,NA,2,NA,NA,NA,NA,NA,14.549,"ncurve"
"SimKumar4easy","Seurat","Refined Louvain",1500,"true","submitted","default",1,1,1,1,1,1500,4,4,NA,NA,NA,500,0,16.034,"ncurve"
"SimKumar4easy","Seurat","Refined Louvain",1500,"estimated","submitted","default",1,1,1,1,1,1500,NA,2,NA,NA,NA,NA,NA,14.633,"ncurve"
"SimKumar4easy","Seurat","Refined Louvain",2500,"true","submitted","default",1,1,1,1,1,2500,4,4,NA,NA,NA,500,0,15.769,"ncurve"
"SimKumar4easy","Seurat","Refined Louvain",2500,"estimated","submitted","default",1,1,1,1,1,2500,NA,2,NA,NA,NA,NA,NA,19.976,"ncurve"
"SimKumar4easy","Seurat","SC3",0,"true","submitted","default",1,0.996189860390945,0.997576000572541,0.995163027944507,0.996,326,4,4,NA,NA,NA,500,0,101.384,"ncurve"
"SimKumar4easy","Seurat","SC3",0,"estimated","submitted","default",1,0.726872970607939,0.852560988747667,0.726860239534399,0.776,326,NA,2,NA,NA,NA,NA,NA,104.294,"ncurve"
"SimKumar4easy","Seurat","SC3",100,"true","submitted","default",1,0.606963456689151,0.736107847868031,0.567479343058247,0.922,100,4,4,NA,NA,NA,500,0,107.188,"ncurve"
"SimKumar4easy","Seurat","SC3",100,"estimated","submitted","default",1,0.520035232515541,0.766018556994751,0.58698215650957,0.776,100,NA,2,NA,NA,NA,NA,NA,65.376,"ncurve"
"SimKumar4easy","Seurat","SC3",200,"true","submitted","default",1,0.943498287431496,0.964781713454074,0.931461258450338,0.924,200,4,4,NA,NA,NA,500,0,105.708,"ncurve"
"SimKumar4easy","Seurat","SC3",200,"estimated","submitted","default",1,0.726872970607939,0.852560988747667,0.726860239534399,0.776,200,NA,2,NA,NA,NA,NA,NA,83.337,"ncurve"
"SimKumar4easy","Seurat","SC3",300,"true","submitted","default",1,0.952529843393628,0.970686074650945,0.942275289663637,0.926,300,4,4,NA,NA,NA,500,0,103.319,"ncurve"
"SimKumar4easy","Seurat","SC3",300,"estimated","submitted","default",1,0.726872970607939,0.852560988747667,0.726860239534399,0.776,300,NA,2,NA,NA,NA,NA,NA,74.909,"ncurve"
"SimKumar4easy","Seurat","SC3",500,"true","submitted","default",1,1,1,1,1,500,4,4,NA,NA,NA,500,0,99.507,"ncurve"
"SimKumar4easy","Seurat","SC3",500,"estimated","submitted","default",1,0.517946056687623,0.76542960131759,0.585882474573205,0.776,500,NA,2,NA,NA,NA,NA,NA,62.719,"ncurve"
"SimKumar4easy","Seurat","SC3",750,"true","submitted","default",1,1,1,1,1,750,4,4,NA,NA,NA,500,0,115.081,"ncurve"
"SimKumar4easy","Seurat","SC3",750,"estimated","submitted","default",1,0.517946056687623,0.76542960131759,0.585882474573205,0.776,750,NA,2,NA,NA,NA,NA,NA,64.039,"ncurve"
"SimKumar4easy","Seurat","SC3",1000,"true","submitted","default",1,1,1,1,1,1000,4,4,NA,NA,NA,500,0,96.413,"ncurve"
"SimKumar4easy","Seurat","SC3",1000,"estimated","submitted","default",1,0.517946056687623,0.76542960131759,0.585882474573205,0.776,1000,NA,2,NA,NA,NA,NA,NA,65.619,"ncurve"
"SimKumar4easy","Seurat","SC3",1500,"true","submitted","default",1,1,1,1,1,1500,4,4,NA,NA,NA,500,0,95.351,"ncurve"
"SimKumar4easy","Seurat","SC3",1500,"estimated","submitted","default",1,0.517946056687623,0.76542960131759,0.585882474573205,0.776,1500,NA,2,NA,NA,NA,NA,NA,65.195,"ncurve"
"SimKumar4easy","Seurat","SC3",2500,"true","submitted","default",1,1,1,1,1,2500,4,4,NA,NA,NA,500,0,119.733,"ncurve"
"SimKumar4easy","Seurat","SC3",2500,"estimated","submitted","default",1,0.517946056687623,0.76542960131759,0.585882474573205,0.776,2500,NA,2,NA,NA,NA,NA,NA,88.913,"ncurve"
"SimKumar4easy","Variance","Refined Louvain",0,"true","submitted","default",1,1,1,1,1,326,4,4,NA,NA,NA,500,0,13.826,"ncurve"
"SimKumar4easy","Variance","Refined Louvain",0,"estimated","submitted","default",1,1,1,1,1,326,NA,2,NA,NA,NA,NA,NA,15.828,"ncurve"
"SimKumar4easy","Variance","Refined Louvain",100,"true","submitted","default",1,1,1,1,1,100,4,4,NA,NA,NA,500,0,14.754,"ncurve"
"SimKumar4easy","Variance","Refined Louvain",100,"estimated","submitted","default",1,1,1,1,1,100,NA,2,NA,NA,NA,NA,NA,22.304,"ncurve"
"SimKumar4easy","Variance","Refined Louvain",200,"true","submitted","default",1,1,1,1,1,200,4,4,NA,NA,NA,500,0,14.23,"ncurve"
"SimKumar4easy","Variance","Refined Louvain",200,"estimated","submitted","default",1,1,1,1,1,200,NA,2,NA,NA,NA,NA,NA,20.037,"ncurve"
"SimKumar4easy","Variance","Refined Louvain",300,"true","submitted","default",1,1,1,1,1,300,4,4,NA,NA,NA,500,0,14.052,"ncurve"
"SimKumar4easy","Variance","Refined Louvain",300,"estimated","submitted","default",1,1,1,1,1,300,NA,2,NA,NA,NA,NA,NA,14.092,"ncurve"
"SimKumar4easy","Variance","Refined Louvain",500,"true","submitted","default",1,1,1,1,1,500,4,4,NA,NA,NA,500,0,13.874,"ncurve"
"SimKumar4easy","Variance","Refined Louvain",500,"estimated","submitted","default",1,1,1,1,1,500,NA,2,NA,NA,NA,NA,NA,21.303,"ncurve"
"SimKumar4easy","Variance","Refined Louvain",750,"true","submitted","default",1,1,1,1,1,750,4,4,NA,NA,NA,500,0,13.606,"ncurve"
"SimKumar4easy","Variance","Refined Louvain",750,"estimated","submitted","default",1,1,1,1,1,750,NA,2,NA,NA,NA,NA,NA,18.263,"ncurve"
"SimKumar4easy","Variance","Refined Louvain",1000,"true","submitted","default",1,1,1,1,1,1000,4,4,NA,NA,NA,500,0,14.224,"ncurve"
"SimKumar4easy","Variance","Refined Louvain",1000,"estimated","submitted","default",1,1,1,1,1,1000,NA,2,NA,NA,NA,NA,NA,13.552,"ncurve"
"SimKumar4easy","Variance","Refined Louvain",1500,"true","submitted","default",1,1,1,1,1,1500,4,4,NA,NA,NA,500,0,14.195,"ncurve"
"SimKumar4easy","Variance","Refined Louvain",1500,"estimated","submitted","default",1,1,1,1,1,1500,NA,2,NA,NA,NA,NA,NA,13.84,"ncurve"
"SimKumar4easy","Variance","Refined Louvain",2500,"true","submitted","default",1,1,1,1,1,2500,4,4,NA,NA,NA,500,0,13.958,"ncurve"
"SimKumar4easy","Variance","Refined Louvain",2500,"estimated","submitted","default",1,1,1,1,1,2500,NA,2,NA,NA,NA,NA,NA,14.158,"ncurve"
"SimKumar4easy","Variance","SC3",0,"true","submitted","default",1,1,1,1,1,326,4,4,NA,NA,NA,500,0,88.083,"ncurve"
"SimKumar4easy","Variance","SC3",0,"estimated","submitted","default",1,0.517946056687623,0.76542960131759,0.585882474573205,0.776,326,NA,2,NA,NA,NA,NA,NA,62.015,"ncurve"
"SimKumar4easy","Variance","SC3",100,"true","submitted","default",1,1,1,1,1,100,4,4,NA,NA,NA,500,0,90.729,"ncurve"
"SimKumar4easy","Variance","SC3",100,"estimated","submitted","default",1,0.517946056687623,0.76542960131759,0.585882474573205,0.776,100,NA,2,NA,NA,NA,NA,NA,78.228,"ncurve"
"SimKumar4easy","Variance","SC3",200,"true","submitted","default",1,1,1,1,1,200,4,4,NA,NA,NA,500,0,89.235,"ncurve"
"SimKumar4easy","Variance","SC3",200,"estimated","submitted","default",1,0.517946056687623,0.76542960131759,0.585882474573205,0.776,200,NA,2,NA,NA,NA,NA,NA,59.626,"ncurve"
"SimKumar4easy","Variance","SC3",300,"true","submitted","default",1,1,1,1,1,300,4,4,NA,NA,NA,500,0,95.804,"ncurve"
"SimKumar4easy","Variance","SC3",300,"estimated","submitted","default",1,0.517946056687623,0.76542960131759,0.585882474573205,0.776,300,NA,2,NA,NA,NA,NA,NA,106.79,"ncurve"
"SimKumar4easy","Variance","SC3",500,"true","submitted","default",1,1,1,1,1,500,4,4,NA,NA,NA,500,0,90.491,"ncurve"
"SimKumar4easy","Variance","SC3",500,"estimated","submitted","default",1,0.517946056687623,0.76542960131759,0.585882474573205,0.776,500,NA,2,NA,NA,NA,NA,NA,60.092,"ncurve"
"SimKumar4easy","Variance","SC3",750,"true","submitted","default",1,1,1,1,1,750,4,4,NA,NA,NA,500,0,88.276,"ncurve"
"SimKumar4easy","Variance","SC3",750,"estimated","submitted","default",1,0.517946056687623,0.76542960131759,0.585882474573205,0.776,750,NA,2,NA,NA,NA,NA,NA,61.675,"ncurve"
"SimKumar4easy","Variance","SC3",1000,"true","submitted","default",1,1,1,1,1,1000,4,4,NA,NA,NA,500,0,119.588,"ncurve"
"SimKumar4easy","Variance","SC3",1000,"estimated","submitted","default",1,0.517946056687623,0.76542960131759,0.585882474573205,0.776,1000,NA,2,NA,NA,NA,NA,NA,85.513,"ncurve"
"SimKumar4easy","Variance","SC3",1500,"true","submitted","default",1,1,1,1,1,1500,4,4,NA,NA,NA,500,0,88.847,"ncurve"
"SimKumar4easy","Variance","SC3",1500,"estimated","submitted","default",1,0.517946056687623,0.76542960131759,0.585882474573205,0.776,1500,NA,2,NA,NA,NA,NA,NA,61.322,"ncurve"
"SimKumar4easy","Variance","SC3",2500,"true","submitted","default",1,1,1,1,1,2500,4,4,NA,NA,NA,500,0,90.782,"ncurve"
"SimKumar4easy","Variance","SC3",2500,"estimated","submitted","default",1,0.517946056687623,0.76542960131759,0.585882474573205,0.776,2500,NA,2,NA,NA,NA,NA,NA,60.877,"ncurve"
"SimKumar4hard","DIFS","Refined Louvain",0,"true","submitted","default",1,1,1,1,1,325,4,4,325,18,"1:1",499,0,116.919,"ncurve"
"SimKumar4hard","DIFS","Refined Louvain",0,"estimated","submitted","default",1,1,1,1,1,325,NA,1,325,0,NA,NA,NA,52.704,"ncurve"
"SimKumar4hard","DIFS","Refined Louvain",100,"true","submitted","default",1,1,1,1,1,100,4,4,325,18,"1:1",499,0,118.21,"ncurve"
"SimKumar4hard","DIFS","Refined Louvain",100,"estimated","submitted","default",1,1,1,1,1,325,NA,1,325,0,NA,NA,NA,51.824,"ncurve"
"SimKumar4hard","DIFS","Refined Louvain",200,"true","submitted","default",1,1,1,1,1,200,4,4,325,18,"1:1",499,0,128.798,"ncurve"
"SimKumar4hard","DIFS","Refined Louvain",200,"estimated","submitted","default",1,1,1,1,1,325,NA,1,325,0,NA,NA,NA,77.408,"ncurve"
"SimKumar4hard","DIFS","Refined Louvain",300,"true","submitted","default",1,1,1,1,1,300,4,4,325,18,"1:1",499,0,116.453,"ncurve"
"SimKumar4hard","DIFS","Refined Louvain",300,"estimated","submitted","default",1,1,1,1,1,325,NA,1,325,0,NA,NA,NA,52.252,"ncurve"
"SimKumar4hard","DIFS","Refined Louvain",500,"true","submitted","default",1,1,1,1,1,327,4,4,325,18,"1:1",499,0,118.534,"ncurve"
"SimKumar4hard","DIFS","Refined Louvain",500,"estimated","submitted","default",1,1,1,1,1,325,NA,1,325,0,NA,NA,NA,50.704,"ncurve"
"SimKumar4hard","DIFS","Refined Louvain",750,"true","submitted","default",1,1,1,1,1,327,4,4,325,18,"1:1",499,0,116.934,"ncurve"
"SimKumar4hard","DIFS","Refined Louvain",750,"estimated","submitted","default",1,1,1,1,1,325,NA,1,325,0,NA,NA,NA,62.579,"ncurve"
"SimKumar4hard","DIFS","Refined Louvain",1000,"true","submitted","default",1,1,1,1,1,327,4,4,325,18,"1:1",499,0,138.969,"ncurve"
"SimKumar4hard","DIFS","Refined Louvain",1000,"estimated","submitted","default",1,1,1,1,1,325,NA,1,325,0,NA,NA,NA,62.098,"ncurve"
"SimKumar4hard","DIFS","Refined Louvain",1500,"true","submitted","default",1,1,1,1,1,327,4,4,325,18,"1:1",499,0,116.708,"ncurve"
"SimKumar4hard","DIFS","Refined Louvain",1500,"estimated","submitted","default",1,1,1,1,1,325,NA,1,325,0,NA,NA,NA,84.316,"ncurve"
"SimKumar4hard","DIFS","Refined Louvain",2500,"true","submitted","default",1,1,1,1,1,327,4,4,325,18,"1:1",499,0,117.338,"ncurve"
"SimKumar4hard","DIFS","Refined Louvain",2500,"estimated","submitted","default",1,1,1,1,1,325,NA,1,325,0,NA,NA,NA,72.882,"ncurve"
"SimKumar4hard","DIFS","SC3",0,"true","submitted","default",1,1,1,1,1,325,4,4,325,18,"1:1",499,0,201.31,"ncurve"
"SimKumar4hard","DIFS","SC3",0,"estimated","submitted","default",1,0,0.543760690678217,0.295675688726851,0.420841683366733,325,NA,1,325,0,NA,NA,NA,103.104,"ncurve"
"SimKumar4hard","DIFS","SC3",100,"true","submitted","default",1,1,1,1,1,100,4,4,325,18,"1:1",499,0,203.496,"ncurve"
"SimKumar4hard","DIFS","SC3",100,"estimated","submitted","default",1,0,0.543760690678217,0.295675688726851,0.420841683366733,325,NA,1,325,0,NA,NA,NA,81.237,"ncurve"
"SimKumar4hard","DIFS","SC3",200,"true","submitted","default",1,1,1,1,1,200,4,4,325,18,"1:1",499,0,198.858,"ncurve"
"SimKumar4hard","DIFS","SC3",200,"estimated","submitted","default",1,0,0.543760690678217,0.295675688726851,0.420841683366733,325,NA,1,325,0,NA,NA,NA,83.9,"ncurve"
"SimKumar4hard","DIFS","SC3",300,"true","submitted","default",1,1,1,1,1,300,4,4,325,18,"1:1",499,0,199.682,"ncurve"
"SimKumar4hard","DIFS","SC3",300,"estimated","submitted","default",1,0,0.543760690678217,0.295675688726851,0.420841683366733,325,NA,1,325,0,NA,NA,NA,98.311,"ncurve"
"SimKumar4hard","DIFS","SC3",500,"true","submitted","default",1,1,1,1,1,327,4,4,325,18,"1:1",499,0,201.248,"ncurve"
"SimKumar4hard","DIFS","SC3",500,"estimated","submitted","default",1,0,0.543760690678217,0.295675688726851,0.420841683366733,325,NA,1,325,0,NA,NA,NA,85.441,"ncurve"
"SimKumar4hard","DIFS","SC3",750,"true","submitted","default",1,1,1,1,1,327,4,4,325,18,"1:1",499,0,201.844,"ncurve"
"SimKumar4hard","DIFS","SC3",750,"estimated","submitted","default",1,0,0.543760690678217,0.295675688726851,0.420841683366733,325,NA,1,325,0,NA,NA,NA,84.766,"ncurve"
"SimKumar4hard","DIFS","SC3",1000,"true","submitted","default",1,1,1,1,1,327,4,4,325,18,"1:1",499,0,202.174,"ncurve"
"SimKumar4hard","DIFS","SC3",1000,"estimated","submitted","default",1,0,0.543760690678217,0.295675688726851,0.420841683366733,325,NA,1,325,0,NA,NA,NA,85.324,"ncurve"
"SimKumar4hard","DIFS","SC3",1500,"true","submitted","default",1,1,1,1,1,327,4,4,325,18,"1:1",499,0,212.275,"ncurve"
"SimKumar4hard","DIFS","SC3",1500,"estimated","submitted","default",1,0,0.543760690678217,0.295675688726851,0.420841683366733,325,NA,1,325,0,NA,NA,NA,98.174,"ncurve"
"SimKumar4hard","DIFS","SC3",2500,"true","submitted","default",1,1,1,1,1,327,4,4,325,18,"1:1",499,0,200.445,"ncurve"
"SimKumar4hard","DIFS","SC3",2500,"estimated","submitted","default",1,0,0.543760690678217,0.295675688726851,0.420841683366733,325,NA,1,325,0,NA,NA,NA,122.451,"ncurve"
"SimKumar4hard","FEAST","Refined Louvain",0,"true","submitted","default",1,-0.0108073344326939,0.282904706666139,0.164728650915249,0.420841683366733,325,4,4,NA,NA,NA,499,0,20.276,"ncurve"
"SimKumar4hard","FEAST","Refined Louvain",100,"true","submitted","default",1,-0.0107856407746975,0.283842172906415,0.165374344454812,0.420841683366733,100,4,4,NA,NA,NA,499,0,18.308,"ncurve"
"SimKumar4hard","FEAST","Refined Louvain",200,"true","submitted","default",1,-0.00151814294089472,0.275508886413683,0.159351755242166,0.420841683366733,200,4,4,NA,NA,NA,499,0,18.199,"ncurve"
"SimKumar4hard","FEAST","Refined Louvain",300,"true","submitted","default",1,-0.00753068225954441,0.28476709722464,0.165987516574496,0.420841683366733,300,4,4,NA,NA,NA,499,0,17.901,"ncurve"
"SimKumar4hard","FEAST","Refined Louvain",500,"true","submitted","default",1,-0.008970747959815,0.2805257474154,0.163060668807983,0.420841683366733,500,4,4,NA,NA,NA,499,0,17.446,"ncurve"
"SimKumar4hard","FEAST","Refined Louvain",750,"true","submitted","default",1,-0.00931808008711553,0.28226508428537,0.164272512078861,0.420841683366733,750,4,4,NA,NA,NA,499,0,18.416,"ncurve"
"SimKumar4hard","FEAST","Refined Louvain",1000,"true","submitted","default",1,0.0363946118535094,0.302632508429594,0.177808974337026,0.432865731462926,1000,4,4,NA,NA,NA,499,0,17.586,"ncurve"
"SimKumar4hard","FEAST","Refined Louvain",1500,"true","submitted","default",1,0.0349207182305541,0.308847078096071,0.182444090794874,0.428857715430862,1500,4,4,NA,NA,NA,499,0,17.985,"ncurve"
"SimKumar4hard","FEAST","Refined Louvain",2500,"true","submitted","default",1,0.116255900691977,0.357369123338981,0.216670846619612,0.511022044088176,2500,4,4,NA,NA,NA,499,0,18.1,"ncurve"
"SimKumar4hard","FEAST","SC3",0,"true","submitted","default",1,-0.00630070050311972,0.272601588963688,0.157429611121359,0.420841683366733,325,4,4,NA,NA,NA,499,0,102.902,"ncurve"
"SimKumar4hard","FEAST","SC3",100,"true","submitted","default",1,-0.00174525639584726,0.270077672588108,0.155458813486983,0.420841683366733,100,4,4,NA,NA,NA,499,0,102.52,"ncurve"
"SimKumar4hard","FEAST","SC3",200,"true","submitted","default",1,-0.00414383780902331,0.268981610423599,0.154766768811713,0.420841683366733,200,4,4,NA,NA,NA,499,0,102.454,"ncurve"
"SimKumar4hard","FEAST","SC3",300,"true","submitted","default",1,-0.00667513742553796,0.272217596956359,0.157168254394204,0.420841683366733,300,4,4,NA,NA,NA,499,0,112.568,"ncurve"
"SimKumar4hard","FEAST","SC3",500,"true","submitted","default",1,-0.00475467075085778,0.271920128388666,0.156894487445406,0.420841683366733,500,4,4,NA,NA,NA,499,0,116.07,"ncurve"
"SimKumar4hard","FEAST","SC3",750,"true","submitted","default",1,-0.00672990252718925,0.276648952594717,0.160304837640822,0.420841683366733,750,4,4,NA,NA,NA,499,0,108.392,"ncurve"
"SimKumar4hard","FEAST","SC3",1000,"true","submitted","default",1,-0.00834183879343588,0.279232305090772,0.162149318300996,0.420841683366733,1000,4,4,NA,NA,NA,499,0,109.35,"ncurve"
"SimKumar4hard","FEAST","SC3",1500,"true","submitted","default",1,-0.00856006369463126,0.280299232699034,0.162897036008818,0.420841683366733,1500,4,4,NA,NA,NA,499,0,133.871,"ncurve"
"SimKumar4hard","FEAST","SC3",2500,"true","submitted","default",1,-0.0085066638655551,0.279059620981399,0.162031498385749,0.420841683366733,2500,4,4,NA,NA,NA,499,0,107.242,"ncurve"
"SimKumar4hard","GateOnly","Refined Louvain",0,"true","submitted","default",1,1,1,1,1,325,4,4,NA,NA,NA,499,0,12.975,"ncurve"
"SimKumar4hard","GateOnly","Refined Louvain",0,"estimated","submitted","default",1,1,1,1,1,325,NA,1,NA,NA,NA,NA,NA,12.813,"ncurve"
"SimKumar4hard","GateOnly","Refined Louvain",100,"true","submitted","default",1,0.592462316975652,0.706849720201902,0.544985596569974,0.845691382765531,100,4,4,NA,NA,NA,499,0,12.649,"ncurve"
"SimKumar4hard","GateOnly","Refined Louvain",100,"estimated","submitted","default",1,0.398590533227554,0.686281199882456,0.470981885312103,0.667334669338677,100,NA,1,NA,NA,NA,NA,NA,19.138,"ncurve"
"SimKumar4hard","GateOnly","Refined Louvain",200,"true","submitted","default",1,0.985580540818373,0.98986976928933,0.97992646861498,0.993987975951904,200,4,4,NA,NA,NA,499,0,23.5,"ncurve"
"SimKumar4hard","GateOnly","Refined Louvain",200,"estimated","submitted","default",1,0.874554100011518,0.917692059673166,0.842738311942671,0.875751503006012,200,NA,1,NA,NA,NA,NA,NA,13.117,"ncurve"
"SimKumar4hard","GateOnly","Refined Louvain",300,"true","submitted","default",1,1,1,1,1,300,4,4,NA,NA,NA,499,0,13.508,"ncurve"
"SimKumar4hard","GateOnly","Refined Louvain",300,"estimated","submitted","default",1,0.882192440123387,0.92278937287335,0.851540226687991,0.877755511022044,300,NA,1,NA,NA,NA,NA,NA,15.017,"ncurve"
"SimKumar4hard","GateOnly","Refined Louvain",500,"true","submitted","default",1,1,1,1,1,325,4,4,NA,NA,NA,499,0,13.1,"ncurve"
"SimKumar4hard","GateOnly","Refined Louvain",500,"estimated","submitted","default",1,1,1,1,1,325,NA,1,NA,NA,NA,NA,NA,13.153,"ncurve"
"SimKumar4hard","GateOnly","Refined Louvain",750,"true","submitted","default",1,1,1,1,1,325,4,4,NA,NA,NA,499,0,20.433,"ncurve"
"SimKumar4hard","GateOnly","Refined Louvain",750,"estimated","submitted","default",1,1,1,1,1,325,NA,1,NA,NA,NA,NA,NA,17.932,"ncurve"
"SimKumar4hard","GateOnly","Refined Louvain",1000,"true","submitted","default",1,1,1,1,1,325,4,4,NA,NA,NA,499,0,13.492,"ncurve"
"SimKumar4hard","GateOnly","Refined Louvain",1000,"estimated","submitted","default",1,1,1,1,1,325,NA,1,NA,NA,NA,NA,NA,13.245,"ncurve"
"SimKumar4hard","GateOnly","Refined Louvain",1500,"true","submitted","default",1,1,1,1,1,325,4,4,NA,NA,NA,499,0,13.292,"ncurve"
"SimKumar4hard","GateOnly","Refined Louvain",1500,"estimated","submitted","default",1,1,1,1,1,325,NA,1,NA,NA,NA,NA,NA,13.086,"ncurve"
"SimKumar4hard","GateOnly","Refined Louvain",2500,"true","submitted","default",1,1,1,1,1,325,4,4,NA,NA,NA,499,0,12.916,"ncurve"
"SimKumar4hard","GateOnly","Refined Louvain",2500,"estimated","submitted","default",1,1,1,1,1,325,NA,1,NA,NA,NA,NA,NA,16.207,"ncurve"
"SimKumar4hard","GateOnly","SC3",0,"true","submitted","default",1,1,1,1,1,325,4,4,NA,NA,NA,499,0,96.273,"ncurve"
"SimKumar4hard","GateOnly","SC3",0,"estimated","submitted","default",1,0,0.543760690678217,0.295675688726851,0.420841683366733,325,NA,1,NA,NA,NA,NA,NA,46.453,"ncurve"
"SimKumar4hard","GateOnly","SC3",100,"true","submitted","default",1,0.922745833703036,0.945474480845598,0.896560674886437,0.965931863727455,100,4,4,NA,NA,NA,499,0,104.378,"ncurve"
"SimKumar4hard","GateOnly","SC3",100,"estimated","submitted","default",1,0,0.543760690678217,0.295675688726851,0.420841683366733,100,NA,1,NA,NA,NA,NA,NA,44.194,"ncurve"
"SimKumar4hard","GateOnly","SC3",200,"true","submitted","default",1,1,1,1,1,200,4,4,NA,NA,NA,499,0,100.996,"ncurve"
"SimKumar4hard","GateOnly","SC3",200,"estimated","submitted","default",1,0,0.543760690678217,0.295675688726851,0.420841683366733,200,NA,1,NA,NA,NA,NA,NA,45.428,"ncurve"
"SimKumar4hard","GateOnly","SC3",300,"true","submitted","default",1,1,1,1,1,300,4,4,NA,NA,NA,499,0,100.597,"ncurve"
"SimKumar4hard","GateOnly","SC3",300,"estimated","submitted","default",1,0,0.543760690678217,0.295675688726851,0.420841683366733,300,NA,1,NA,NA,NA,NA,NA,57.327,"ncurve"
"SimKumar4hard","GateOnly","SC3",500,"true","submitted","default",1,1,1,1,1,325,4,4,NA,NA,NA,499,0,97.073,"ncurve"
"SimKumar4hard","GateOnly","SC3",500,"estimated","submitted","default",1,0,0.543760690678217,0.295675688726851,0.420841683366733,325,NA,1,NA,NA,NA,NA,NA,45.975,"ncurve"
"SimKumar4hard","GateOnly","SC3",750,"true","submitted","default",1,1,1,1,1,325,4,4,NA,NA,NA,499,0,96.191,"ncurve"
"SimKumar4hard","GateOnly","SC3",750,"estimated","submitted","default",1,0,0.543760690678217,0.295675688726851,0.420841683366733,325,NA,1,NA,NA,NA,NA,NA,57.182,"ncurve"
"SimKumar4hard","GateOnly","SC3",1000,"true","submitted","default",1,1,1,1,1,325,4,4,NA,NA,NA,499,0,97.23,"ncurve"
"SimKumar4hard","GateOnly","SC3",1000,"estimated","submitted","default",1,0,0.543760690678217,0.295675688726851,0.420841683366733,325,NA,1,NA,NA,NA,NA,NA,47.351,"ncurve"
"SimKumar4hard","GateOnly","SC3",1500,"true","submitted","default",1,1,1,1,1,325,4,4,NA,NA,NA,499,0,97.507,"ncurve"
"SimKumar4hard","GateOnly","SC3",1500,"estimated","submitted","default",1,0,0.543760690678217,0.295675688726851,0.420841683366733,325,NA,1,NA,NA,NA,NA,NA,46.247,"ncurve"
"SimKumar4hard","GateOnly","SC3",2500,"true","submitted","default",1,1,1,1,1,325,4,4,NA,NA,NA,499,0,102.395,"ncurve"
"SimKumar4hard","GateOnly","SC3",2500,"estimated","submitted","default",1,0,0.543760690678217,0.295675688726851,0.420841683366733,325,NA,1,NA,NA,NA,NA,NA,45.91,"ncurve"
"SimKumar4hard","Seurat","Refined Louvain",0,"true","submitted","default",1,1,1,1,1,325,4,4,NA,NA,NA,499,0,15.943,"ncurve"
"SimKumar4hard","Seurat","Refined Louvain",0,"estimated","submitted","default",1,1,1,1,1,325,NA,1,NA,NA,NA,NA,NA,15.834,"ncurve"
"SimKumar4hard","Seurat","Refined Louvain",100,"true","submitted","default",1,0.528251007306277,0.661747450369662,0.493616386384466,0.771543086172345,100,4,4,NA,NA,NA,499,0,19.649,"ncurve"
"SimKumar4hard","Seurat","Refined Louvain",100,"estimated","submitted","default",1,0.398590533227554,0.686281199882456,0.470981885312103,0.667334669338677,100,NA,1,NA,NA,NA,NA,NA,15.178,"ncurve"
"SimKumar4hard","Seurat","Refined Louvain",200,"true","submitted","default",1,0.956507120127451,0.969438533341806,0.940669277884388,0.981963927855711,200,4,4,NA,NA,NA,499,0,18.944,"ncurve"
"SimKumar4hard","Seurat","Refined Louvain",200,"estimated","submitted","default",1,0.398590533227554,0.686281199882456,0.470981885312103,0.667334669338677,200,NA,1,NA,NA,NA,NA,NA,15.584,"ncurve"
"SimKumar4hard","Seurat","Refined Louvain",300,"true","submitted","default",1,1,1,1,1,300,4,4,NA,NA,NA,499,0,17.941,"ncurve"
"SimKumar4hard","Seurat","Refined Louvain",300,"estimated","submitted","default",1,1,1,1,1,300,NA,1,NA,NA,NA,NA,NA,19.93,"ncurve"
"SimKumar4hard","Seurat","Refined Louvain",500,"true","submitted","default",1,1,1,1,1,500,4,4,NA,NA,NA,499,0,15.603,"ncurve"
"SimKumar4hard","Seurat","Refined Louvain",500,"estimated","submitted","default",1,0.882192440123387,0.92278937287335,0.851540226687991,0.877755511022044,500,NA,1,NA,NA,NA,NA,NA,15.195,"ncurve"
"SimKumar4hard","Seurat","Refined Louvain",750,"true","submitted","default",1,1,1,1,1,750,4,4,NA,NA,NA,499,0,15.865,"ncurve"
"SimKumar4hard","Seurat","Refined Louvain",750,"estimated","submitted","default",1,1,1,1,1,750,NA,1,NA,NA,NA,NA,NA,15.252,"ncurve"
"SimKumar4hard","Seurat","Refined Louvain",1000,"true","submitted","default",1,1,1,1,1,1000,4,4,NA,NA,NA,499,0,15.967,"ncurve"
"SimKumar4hard","Seurat","Refined Louvain",1000,"estimated","submitted","default",1,1,1,1,1,1000,NA,1,NA,NA,NA,NA,NA,14.46,"ncurve"
"SimKumar4hard","Seurat","Refined Louvain",1500,"true","submitted","default",1,1,1,1,1,1500,4,4,NA,NA,NA,499,0,16.019,"ncurve"
"SimKumar4hard","Seurat","Refined Louvain",1500,"estimated","submitted","default",1,1,1,1,1,1500,NA,1,NA,NA,NA,NA,NA,15.352,"ncurve"
"SimKumar4hard","Seurat","Refined Louvain",2500,"true","submitted","default",1,1,1,1,1,2500,4,4,NA,NA,NA,499,0,19.57,"ncurve"
"SimKumar4hard","Seurat","Refined Louvain",2500,"estimated","submitted","default",1,1,1,1,1,2500,NA,1,NA,NA,NA,NA,NA,15.237,"ncurve"
"SimKumar4hard","Seurat","SC3",0,"true","submitted","default",1,0.958207274785667,0.970501245445085,0.942647176292036,0.977955911823647,325,4,4,NA,NA,NA,499,0,103.579,"ncurve"
"SimKumar4hard","Seurat","SC3",0,"estimated","submitted","default",1,0,0.543760690678217,0.295675688726851,0.420841683366733,325,NA,1,NA,NA,NA,NA,NA,46.138,"ncurve"
"SimKumar4hard","Seurat","SC3",100,"true","submitted","default",1,0.282343402848782,0.504161382154298,0.336623150565709,0.645290581162325,100,4,4,NA,NA,NA,499,0,102.47,"ncurve"
"SimKumar4hard","Seurat","SC3",100,"estimated","submitted","default",1,0,0.543760690678217,0.295675688726851,0.420841683366733,100,NA,1,NA,NA,NA,NA,NA,47.067,"ncurve"
"SimKumar4hard","Seurat","SC3",200,"true","submitted","default",1,0.333035754775711,0.562581453147946,0.386262251310605,0.661322645290581,200,4,4,NA,NA,NA,499,0,101.279,"ncurve"
"SimKumar4hard","Seurat","SC3",200,"estimated","submitted","default",1,0,0.543760690678217,0.295675688726851,0.420841683366733,200,NA,1,NA,NA,NA,NA,NA,47.845,"ncurve"
"SimKumar4hard","Seurat","SC3",300,"true","submitted","default",1,0.599366116597485,0.710588433845453,0.548319519081884,0.851703406813627,300,4,4,NA,NA,NA,499,0,124.277,"ncurve"
"SimKumar4hard","Seurat","SC3",300,"estimated","submitted","default",1,0,0.543760690678217,0.295675688726851,0.420841683366733,300,NA,1,NA,NA,NA,NA,NA,60.487,"ncurve"
"SimKumar4hard","Seurat","SC3",500,"true","submitted","default",1,0.939570942535961,0.957374291280752,0.918219705905481,0.969939879759519,500,4,4,NA,NA,NA,499,0,135.123,"ncurve"
"SimKumar4hard","Seurat","SC3",500,"estimated","submitted","default",1,0,0.543760690678217,0.295675688726851,0.420841683366733,500,NA,1,NA,NA,NA,NA,NA,47.526,"ncurve"
"SimKumar4hard","Seurat","SC3",750,"true","submitted","default",1,0.944085054058222,0.96048930680933,0.923857464564843,0.971943887775551,750,4,4,NA,NA,NA,499,0,105.696,"ncurve"
"SimKumar4hard","Seurat","SC3",750,"estimated","submitted","default",1,0,0.543760690678217,0.295675688726851,0.420841683366733,750,NA,1,NA,NA,NA,NA,NA,46.681,"ncurve"
"SimKumar4hard","Seurat","SC3",1000,"true","submitted","default",1,0.978449065861791,0.984804773996266,0.97005246872057,0.985971943887776,1000,4,4,NA,NA,NA,499,0,106.457,"ncurve"
"SimKumar4hard","Seurat","SC3",1000,"estimated","submitted","default",1,0,0.543760690678217,0.295675688726851,0.420841683366733,1000,NA,1,NA,NA,NA,NA,NA,50.282,"ncurve"
"SimKumar4hard","Seurat","SC3",1500,"true","submitted","default",1,1,1,1,1,1500,4,4,NA,NA,NA,499,0,105.834,"ncurve"
"SimKumar4hard","Seurat","SC3",1500,"estimated","submitted","default",1,0,0.543760690678217,0.295675688726851,0.420841683366733,1500,NA,1,NA,NA,NA,NA,NA,48.19,"ncurve"
"SimKumar4hard","Seurat","SC3",2500,"true","submitted","default",1,1,1,1,1,2500,4,4,NA,NA,NA,499,0,100.629,"ncurve"
"SimKumar4hard","Seurat","SC3",2500,"estimated","submitted","default",1,0,0.543760690678217,0.295675688726851,0.420841683366733,2500,NA,1,NA,NA,NA,NA,NA,49.415,"ncurve"
"SimKumar4hard","Variance","Refined Louvain",0,"true","submitted","default",1,1,1,1,1,325,4,4,NA,NA,NA,499,0,18.198,"ncurve"
"SimKumar4hard","Variance","Refined Louvain",0,"estimated","submitted","default",1,1,1,1,1,325,NA,1,NA,NA,NA,NA,NA,14.457,"ncurve"
"SimKumar4hard","Variance","Refined Louvain",100,"true","submitted","default",1,1,1,1,1,100,4,4,NA,NA,NA,499,0,17.319,"ncurve"
"SimKumar4hard","Variance","Refined Louvain",100,"estimated","submitted","default",1,1,1,1,1,100,NA,1,NA,NA,NA,NA,NA,20.928,"ncurve"
"SimKumar4hard","Variance","Refined Louvain",200,"true","submitted","default",1,1,1,1,1,200,4,4,NA,NA,NA,499,0,14.074,"ncurve"
"SimKumar4hard","Variance","Refined Louvain",200,"estimated","submitted","default",1,1,1,1,1,200,NA,1,NA,NA,NA,NA,NA,13.754,"ncurve"
"SimKumar4hard","Variance","Refined Louvain",300,"true","submitted","default",1,1,1,1,1,300,4,4,NA,NA,NA,499,0,14.736,"ncurve"
"SimKumar4hard","Variance","Refined Louvain",300,"estimated","submitted","default",1,1,1,1,1,300,NA,1,NA,NA,NA,NA,NA,14.008,"ncurve"
"SimKumar4hard","Variance","Refined Louvain",500,"true","submitted","default",1,1,1,1,1,500,4,4,NA,NA,NA,499,0,14.364,"ncurve"
"SimKumar4hard","Variance","Refined Louvain",500,"estimated","submitted","default",1,1,1,1,1,500,NA,1,NA,NA,NA,NA,NA,22.303,"ncurve"
"SimKumar4hard","Variance","Refined Louvain",750,"true","submitted","default",1,1,1,1,1,750,4,4,NA,NA,NA,499,0,14.172,"ncurve"
"SimKumar4hard","Variance","Refined Louvain",750,"estimated","submitted","default",1,1,1,1,1,750,NA,1,NA,NA,NA,NA,NA,14.603,"ncurve"
"SimKumar4hard","Variance","Refined Louvain",1000,"true","submitted","default",1,1,1,1,1,1000,4,4,NA,NA,NA,499,0,14.136,"ncurve"
"SimKumar4hard","Variance","Refined Louvain",1000,"estimated","submitted","default",1,1,1,1,1,1000,NA,1,NA,NA,NA,NA,NA,15.161,"ncurve"
"SimKumar4hard","Variance","Refined Louvain",1500,"true","submitted","default",1,1,1,1,1,1500,4,4,NA,NA,NA,499,0,15.365,"ncurve"
"SimKumar4hard","Variance","Refined Louvain",1500,"estimated","submitted","default",1,1,1,1,1,1500,NA,1,NA,NA,NA,NA,NA,14.152,"ncurve"
"SimKumar4hard","Variance","Refined Louvain",2500,"true","submitted","default",1,1,1,1,1,2500,4,4,NA,NA,NA,499,0,14.913,"ncurve"
"SimKumar4hard","Variance","Refined Louvain",2500,"estimated","submitted","default",1,1,1,1,1,2500,NA,1,NA,NA,NA,NA,NA,15.055,"ncurve"
"SimKumar4hard","Variance","SC3",0,"true","submitted","default",1,1,1,1,1,325,4,4,NA,NA,NA,499,0,97.006,"ncurve"
"SimKumar4hard","Variance","SC3",0,"estimated","submitted","default",1,0,0.543760690678217,0.295675688726851,0.420841683366733,325,NA,1,NA,NA,NA,NA,NA,46.842,"ncurve"
"SimKumar4hard","Variance","SC3",100,"true","submitted","default",1,1,1,1,1,100,4,4,NA,NA,NA,499,0,99.55,"ncurve"
"SimKumar4hard","Variance","SC3",100,"estimated","submitted","default",1,0,0.543760690678217,0.295675688726851,0.420841683366733,100,NA,1,NA,NA,NA,NA,NA,45.854,"ncurve"
"SimKumar4hard","Variance","SC3",200,"true","submitted","default",1,1,1,1,1,200,4,4,NA,NA,NA,499,0,96.866,"ncurve"
"SimKumar4hard","Variance","SC3",200,"estimated","submitted","default",1,0,0.543760690678217,0.295675688726851,0.420841683366733,200,NA,1,NA,NA,NA,NA,NA,66.646,"ncurve"
"SimKumar4hard","Variance","SC3",300,"true","submitted","default",1,1,1,1,1,300,4,4,NA,NA,NA,499,0,155.287,"ncurve"
"SimKumar4hard","Variance","SC3",300,"estimated","submitted","default",1,0,0.543760690678217,0.295675688726851,0.420841683366733,300,NA,1,NA,NA,NA,NA,NA,46.375,"ncurve"
"SimKumar4hard","Variance","SC3",500,"true","submitted","default",1,1,1,1,1,500,4,4,NA,NA,NA,499,0,93.05,"ncurve"
"SimKumar4hard","Variance","SC3",500,"estimated","submitted","default",1,0,0.543760690678217,0.295675688726851,0.420841683366733,500,NA,1,NA,NA,NA,NA,NA,47.578,"ncurve"
"SimKumar4hard","Variance","SC3",750,"true","submitted","default",1,1,1,1,1,750,4,4,NA,NA,NA,499,0,95.157,"ncurve"
"SimKumar4hard","Variance","SC3",750,"estimated","submitted","default",1,0,0.543760690678217,0.295675688726851,0.420841683366733,750,NA,1,NA,NA,NA,NA,NA,47.409,"ncurve"
"SimKumar4hard","Variance","SC3",1000,"true","submitted","default",1,1,1,1,1,1000,4,4,NA,NA,NA,499,0,93.038,"ncurve"
"SimKumar4hard","Variance","SC3",1000,"estimated","submitted","default",1,0,0.543760690678217,0.295675688726851,0.420841683366733,1000,NA,1,NA,NA,NA,NA,NA,68.905,"ncurve"
"SimKumar4hard","Variance","SC3",1500,"true","submitted","default",1,1,1,1,1,1500,4,4,NA,NA,NA,499,0,95.272,"ncurve"
"SimKumar4hard","Variance","SC3",1500,"estimated","submitted","default",1,0,0.543760690678217,0.295675688726851,0.420841683366733,1500,NA,1,NA,NA,NA,NA,NA,47.983,"ncurve"
"SimKumar4hard","Variance","SC3",2500,"true","submitted","default",1,1,1,1,1,2500,4,4,NA,NA,NA,499,0,92.322,"ncurve"
"SimKumar4hard","Variance","SC3",2500,"estimated","submitted","default",1,0,0.543760690678217,0.295675688726851,0.420841683366733,2500,NA,1,NA,NA,NA,NA,NA,49.59,"ncurve"
"Trapnell","DIFS","Refined Louvain",0,"true","submitted","default",1,0.40731058020647,0.603182476231904,0.431826209819852,0.657657657657658,775,3,3,775,867,"3:1",222,0,52.432,"ncurve"
"Trapnell","DIFS","Refined Louvain",0,"estimated","submitted","default",1,0.40731058020647,0.603182476231904,0.431826209819852,0.657657657657658,775,NA,3,775,867,"3:1",NA,NA,53.483,"ncurve"
"Trapnell","DIFS","Refined Louvain",100,"true","submitted","default",1,0.421155504048502,0.612770661870432,0.441722148246782,0.671171171171171,100,3,3,775,867,"1:3",222,0,51.602,"ncurve"
"Trapnell","DIFS","Refined Louvain",100,"estimated","submitted","default",1,0.421155504048502,0.612770661870432,0.441722148246782,0.671171171171171,100,NA,3,775,867,"1:3",NA,NA,52.442,"ncurve"
"Trapnell","DIFS","Refined Louvain",200,"true","submitted","default",1,0.427790914697616,0.617034431436908,0.446167557932264,0.671171171171171,200,3,3,775,867,"1:3",222,0,54.198,"ncurve"
"Trapnell","DIFS","Refined Louvain",200,"estimated","submitted","default",1,0.427790914697616,0.617034431436908,0.446167557932264,0.671171171171171,200,NA,3,775,867,"1:3",NA,NA,63.295,"ncurve"
"Trapnell","DIFS","Refined Louvain",300,"true","submitted","default",1,0.421605112878002,0.612823674475956,0.441777777777778,0.666666666666667,300,3,3,775,867,"1:1",222,0,52.675,"ncurve"
"Trapnell","DIFS","Refined Louvain",300,"estimated","submitted","default",1,0.421605112878002,0.612823674475956,0.441777777777778,0.666666666666667,300,NA,3,775,867,"1:1",NA,NA,53.941,"ncurve"
"Trapnell","DIFS","Refined Louvain",500,"true","submitted","default",1,0.394895794842113,0.594944512946979,0.423431329530496,0.653153153153153,500,3,3,775,867,"3:1",222,0,52.038,"ncurve"
"Trapnell","DIFS","Refined Louvain",500,"estimated","submitted","default",1,0.394895794842113,0.594944512946979,0.423431329530496,0.653153153153153,500,NA,3,775,867,"3:1",NA,NA,53.322,"ncurve"
"Trapnell","DIFS","Refined Louvain",750,"true","submitted","default",1,0.419503367597968,0.611487777538653,0.440390590324012,0.662162162162162,750,3,3,775,867,"3:1",222,0,52.27,"ncurve"
"Trapnell","DIFS","Refined Louvain",750,"estimated","submitted","default",1,0.419503367597968,0.611487777538653,0.440390590324012,0.662162162162162,750,NA,3,775,867,"3:1",NA,NA,57.705,"ncurve"
"Trapnell","DIFS","Refined Louvain",1000,"true","submitted","default",1,0.419285964815292,0.611200239208401,0.440092370548006,0.657657657657658,1000,3,3,775,867,"3:1",222,0,72.278,"ncurve"
"Trapnell","DIFS","Refined Louvain",1000,"estimated","submitted","default",1,0.419285964815292,0.611200239208401,0.440092370548006,0.657657657657658,1000,NA,3,775,867,"3:1",NA,NA,62.497,"ncurve"
"Trapnell","DIFS","Refined Louvain",1500,"true","submitted","default",1,0.393492828734752,0.593931211259022,0.4224054741644,0.644144144144144,1170,3,3,775,867,"1:1",222,0,54.223,"ncurve"
"Trapnell","DIFS","Refined Louvain",1500,"estimated","submitted","default",1,0.393492828734752,0.593931211259022,0.4224054741644,0.644144144144144,1170,NA,3,775,867,"1:1",NA,NA,58.281,"ncurve"
"Trapnell","DIFS","Refined Louvain",2500,"true","submitted","default",1,0.393492828734752,0.593931211259022,0.4224054741644,0.644144144144144,1170,3,3,775,867,"1:1",222,0,56.53,"ncurve"
"Trapnell","DIFS","Refined Louvain",2500,"estimated","submitted","default",1,0.393492828734752,0.593931211259022,0.4224054741644,0.644144144144144,1170,NA,3,775,867,"1:1",NA,NA,58.803,"ncurve"
"Trapnell","DIFS","SC3",0,"true","submitted","default",1,0.455190810384428,0.635405852836046,0.465637135374334,0.684684684684685,775,3,3,775,867,"3:1",222,0,83.454,"ncurve"
"Trapnell","DIFS","SC3",0,"estimated","submitted","default",1,0.455190810384428,0.635405852836046,0.465637135374334,0.684684684684685,775,NA,3,775,867,"3:1",NA,NA,89.745,"ncurve"
"Trapnell","DIFS","SC3",100,"true","submitted","default",1,0.209565871365121,0.478785796090898,0.314559899315661,0.572072072072072,100,3,3,775,867,"1:3",222,0,83.148,"ncurve"
"Trapnell","DIFS","SC3",100,"estimated","submitted","default",1,0.209565871365121,0.478785796090898,0.314559899315661,0.572072072072072,100,NA,3,775,867,"1:3",NA,NA,133.736,"ncurve"
"Trapnell","DIFS","SC3",200,"true","submitted","default",1,0.215904383603479,0.484873839501719,0.319742825780147,0.585585585585586,200,3,3,775,867,"1:3",222,0,117.523,"ncurve"
"Trapnell","DIFS","SC3",200,"estimated","submitted","default",1,0.215904383603479,0.484873839501719,0.319742825780147,0.585585585585586,200,NA,3,775,867,"1:3",NA,NA,108.026,"ncurve"
"Trapnell","DIFS","SC3",300,"true","submitted","default",1,0.455784407123095,0.635769795715455,0.466028189374774,0.689189189189189,300,3,3,775,867,"1:1",222,0,85.006,"ncurve"
"Trapnell","DIFS","SC3",300,"estimated","submitted","default",1,0.455784407123095,0.635769795715455,0.466028189374774,0.689189189189189,300,NA,3,775,867,"1:1",NA,NA,90.288,"ncurve"
"Trapnell","DIFS","SC3",500,"true","submitted","default",1,0.455087400334474,0.635570313872227,0.465812736785134,0.689189189189189,500,3,3,775,867,"3:1",222,0,145.663,"ncurve"
"Trapnell","DIFS","SC3",500,"estimated","submitted","default",1,0.455087400334474,0.635570313872227,0.465812736785134,0.689189189189189,500,NA,3,775,867,"3:1",NA,NA,89.727,"ncurve"
"Trapnell","DIFS","SC3",750,"true","submitted","default",1,0.453574394563188,0.634290688009254,0.464440433212996,0.68018018018018,750,3,3,775,867,"3:1",222,0,83.383,"ncurve"
"Trapnell","DIFS","SC3",750,"estimated","submitted","default",1,0.453574394563188,0.634290688009254,0.464440433212996,0.68018018018018,750,NA,3,775,867,"3:1",NA,NA,139.639,"ncurve"
"Trapnell","DIFS","SC3",1000,"true","submitted","default",1,0.455190810384428,0.635405852836046,0.465637135374334,0.684684684684685,1000,3,3,775,867,"3:1",222,0,101.776,"ncurve"
"Trapnell","DIFS","SC3",1000,"estimated","submitted","default",1,0.455190810384428,0.635405852836046,0.465637135374334,0.684684684684685,1000,NA,3,775,867,"3:1",NA,NA,82.86,"ncurve"
"Trapnell","DIFS","SC3",1500,"true","submitted","default",1,0.455190810384428,0.635405852836046,0.465637135374334,0.684684684684685,1170,3,3,775,867,"1:1",222,0,85.34,"ncurve"
"Trapnell","DIFS","SC3",1500,"estimated","submitted","default",1,0.455190810384428,0.635405852836046,0.465637135374334,0.684684684684685,1170,NA,3,775,867,"1:1",NA,NA,93.622,"ncurve"
"Trapnell","DIFS","SC3",2500,"true","submitted","default",1,0.455190810384428,0.635405852836046,0.465637135374334,0.684684684684685,1170,3,3,775,867,"1:1",222,0,82.774,"ncurve"
"Trapnell","DIFS","SC3",2500,"estimated","submitted","default",1,0.455190810384428,0.635405852836046,0.465637135374334,0.684684684684685,1170,NA,3,775,867,"1:1",NA,NA,93.922,"ncurve"
"Trapnell","FEAST","Refined Louvain",0,"true","submitted","default",1,0.383722214553224,0.587867248343523,0.416296296296296,0.653153153153153,775,3,3,NA,NA,NA,222,0,9.694,"ncurve"
"Trapnell","FEAST","Refined Louvain",0,"estimated","submitted","default",1,0.383722214553224,0.587867248343523,0.416296296296296,0.653153153153153,775,NA,3,NA,NA,NA,NA,NA,13.238,"ncurve"
"Trapnell","FEAST","Refined Louvain",100,"true","submitted","default",1,0.110483834712464,0.44721486037644,0.284780964170277,0.509009009009009,100,3,3,NA,NA,NA,222,0,10.007,"ncurve"
"Trapnell","FEAST","Refined Louvain",100,"estimated","submitted","default",1,0.110483834712464,0.44721486037644,0.284780964170277,0.509009009009009,100,NA,3,NA,NA,NA,NA,NA,9.712,"ncurve"
"Trapnell","FEAST","Refined Louvain",200,"true","submitted","default",1,0.0011024101037112,0.411099894440714,0.25130540376442,0.378378378378378,200,2,3,NA,NA,NA,222,0,10.517,"ncurve"
"Trapnell","FEAST","Refined Louvain",200,"estimated","submitted","default",1,0.0011024101037112,0.411099894440714,0.25130540376442,0.378378378378378,200,NA,3,NA,NA,NA,NA,NA,9.6,"ncurve"
"Trapnell","FEAST","Refined Louvain",300,"true","submitted","default",1,0.108350869700101,0.443171657122936,0.281838316722038,0.504504504504504,300,3,3,NA,NA,NA,222,0,9.548,"ncurve"
"Trapnell","FEAST","Refined Louvain",300,"estimated","submitted","default",1,0.108350869700101,0.443171657122936,0.281838316722038,0.504504504504504,300,NA,3,NA,NA,NA,NA,NA,9.067,"ncurve"
"Trapnell","FEAST","Refined Louvain",500,"true","submitted","default",1,0.0966559133135552,0.438283943017391,0.277542082934173,0.495495495495495,500,3,3,NA,NA,NA,222,0,10.069,"ncurve"
"Trapnell","FEAST","Refined Louvain",500,"estimated","submitted","default",1,0.0966559133135552,0.438283943017391,0.277542082934173,0.495495495495495,500,NA,3,NA,NA,NA,NA,NA,9.41,"ncurve"
"Trapnell","FEAST","Refined Louvain",750,"true","submitted","default",1,0.415264893817798,0.608830014527214,0.437638311056033,0.666666666666667,750,3,3,NA,NA,NA,222,0,14.224,"ncurve"
"Trapnell","FEAST","Refined Louvain",750,"estimated","submitted","default",1,0.415264893817798,0.608830014527214,0.437638311056033,0.666666666666667,750,NA,3,NA,NA,NA,NA,NA,11.013,"ncurve"
"Trapnell","FEAST","Refined Louvain",1000,"true","submitted","default",1,0.383722214553224,0.587867248343523,0.416296296296296,0.653153153153153,1000,3,3,NA,NA,NA,222,0,9.748,"ncurve"
"Trapnell","FEAST","Refined Louvain",1000,"estimated","submitted","default",1,0.383722214553224,0.587867248343523,0.416296296296296,0.653153153153153,1000,NA,3,NA,NA,NA,NA,NA,14.89,"ncurve"
"Trapnell","FEAST","Refined Louvain",1500,"true","submitted","default",1,0.278418875558761,0.518741039125149,0.350190051231201,0.603603603603604,1500,3,3,NA,NA,NA,222,0,10.085,"ncurve"
"Trapnell","FEAST","Refined Louvain",1500,"estimated","submitted","default",1,0.278418875558761,0.518741039125149,0.350190051231201,0.603603603603604,1500,NA,3,NA,NA,NA,NA,NA,10.72,"ncurve"
"Trapnell","FEAST","Refined Louvain",2500,"true","submitted","default",1,0.26934299562177,0.512151056452029,0.344216341000907,0.599099099099099,2500,3,3,NA,NA,NA,222,0,9.833,"ncurve"
"Trapnell","FEAST","Refined Louvain",2500,"estimated","submitted","default",1,0.26934299562177,0.512151056452029,0.344216341000907,0.599099099099099,2500,NA,3,NA,NA,NA,NA,NA,9.595,"ncurve"
"Trapnell","FEAST","SC3",0,"true","submitted","default",1,0.213574005215485,0.482338593064095,0.317592519839711,0.581081081081081,775,3,3,NA,NA,NA,222,0,39.895,"ncurve"
"Trapnell","FEAST","SC3",0,"estimated","submitted","default",1,0.213574005215485,0.482338593064095,0.317592519839711,0.581081081081081,775,NA,3,NA,NA,NA,NA,NA,52.059,"ncurve"
"Trapnell","FEAST","SC3",100,"true","submitted","default",1,0.209313209690326,0.478811115030631,0.31457318031756,0.576576576576577,100,3,3,NA,NA,NA,222,0,48.661,"ncurve"
"Trapnell","FEAST","SC3",100,"estimated","submitted","default",1,0.209313209690326,0.478811115030631,0.31457318031756,0.576576576576577,100,NA,3,NA,NA,NA,NA,NA,40.639,"ncurve"
"Trapnell","FEAST","SC3",200,"true","submitted","default",1,0.206314077582256,0.4767682507877,0.312814070351759,0.558558558558559,200,3,3,NA,NA,NA,222,0,40.628,"ncurve"
"Trapnell","FEAST","SC3",200,"estimated","submitted","default",1,0.206314077582256,0.4767682507877,0.312814070351759,0.558558558558559,200,NA,3,NA,NA,NA,NA,NA,41.426,"ncurve"
"Trapnell","FEAST","SC3",300,"true","submitted","default",1,0.173149441389365,0.451446139744631,0.291467897082975,0.554054054054054,300,3,3,NA,NA,NA,222,0,40.112,"ncurve"
"Trapnell","FEAST","SC3",300,"estimated","submitted","default",1,0.173149441389365,0.451446139744631,0.291467897082975,0.554054054054054,300,NA,3,NA,NA,NA,NA,NA,40.929,"ncurve"
"Trapnell","FEAST","SC3",500,"true","submitted","default",1,0.210408196234582,0.480971100393149,0.316370468957958,0.576576576576577,500,3,3,NA,NA,NA,222,0,41.033,"ncurve"
"Trapnell","FEAST","SC3",500,"estimated","submitted","default",1,0.210408196234582,0.480971100393149,0.316370468957958,0.576576576576577,500,NA,3,NA,NA,NA,NA,NA,39.78,"ncurve"
"Trapnell","FEAST","SC3",750,"true","submitted","default",1,0.213574005215485,0.482338593064095,0.317592519839711,0.581081081081081,750,3,3,NA,NA,NA,222,0,40.424,"ncurve"
"Trapnell","FEAST","SC3",750,"estimated","submitted","default",1,0.213574005215485,0.482338593064095,0.317592519839711,0.581081081081081,750,NA,3,NA,NA,NA,NA,NA,48.099,"ncurve"
"Trapnell","FEAST","SC3",1000,"true","submitted","default",1,0.213574005215485,0.482338593064095,0.317592519839711,0.581081081081081,1000,3,3,NA,NA,NA,222,0,49.076,"ncurve"
"Trapnell","FEAST","SC3",1000,"estimated","submitted","default",1,0.213574005215485,0.482338593064095,0.317592519839711,0.581081081081081,1000,NA,3,NA,NA,NA,NA,NA,42.522,"ncurve"
"Trapnell","FEAST","SC3",1500,"true","submitted","default",1,0.326017180790273,0.550653949459743,0.379915611814346,0.630630630630631,1500,3,3,NA,NA,NA,222,0,45.874,"ncurve"
"Trapnell","FEAST","SC3",1500,"estimated","submitted","default",1,0.326017180790273,0.550653949459743,0.379915611814346,0.630630630630631,1500,NA,3,NA,NA,NA,NA,NA,42.918,"ncurve"
"Trapnell","FEAST","SC3",2500,"true","submitted","default",1,0.337454490528269,0.558442546332474,0.387367528613819,0.635135135135135,2500,3,3,NA,NA,NA,222,0,41.726,"ncurve"
"Trapnell","FEAST","SC3",2500,"estimated","submitted","default",1,0.337454490528269,0.558442546332474,0.387367528613819,0.635135135135135,2500,NA,3,NA,NA,NA,NA,NA,42.338,"ncurve"
"Trapnell","GateOnly","Refined Louvain",0,"true","submitted","default",1,0.443744090304395,0.627666137183119,0.4573713053634,0.662162162162162,775,3,3,NA,NA,NA,222,0,8.402,"ncurve"
"Trapnell","GateOnly","Refined Louvain",0,"estimated","submitted","default",1,0.443744090304395,0.627666137183119,0.4573713053634,0.662162162162162,775,NA,3,NA,NA,NA,NA,NA,7.937,"ncurve"
"Trapnell","GateOnly","Refined Louvain",100,"true","submitted","default",1,0.350245923436057,0.565851508823531,0.394551995888299,0.626126126126126,100,3,3,NA,NA,NA,222,0,11.853,"ncurve"
"Trapnell","GateOnly","Refined Louvain",100,"estimated","submitted","default",1,0.350245923436057,0.565851508823531,0.394551995888299,0.626126126126126,100,NA,3,NA,NA,NA,NA,NA,9.179,"ncurve"
"Trapnell","GateOnly","Refined Louvain",200,"true","submitted","default",1,0.419210484364439,0.611220715166461,0.440113646452988,0.662162162162162,200,3,3,NA,NA,NA,222,0,7.644,"ncurve"
"Trapnell","GateOnly","Refined Louvain",200,"estimated","submitted","default",1,0.419210484364439,0.611220715166461,0.440113646452988,0.662162162162162,200,NA,3,NA,NA,NA,NA,NA,8.035,"ncurve"
"Trapnell","GateOnly","Refined Louvain",300,"true","submitted","default",1,0.44392828100297,0.627789426544184,0.457502246181491,0.666666666666667,300,3,3,NA,NA,NA,222,0,8.16,"ncurve"
"Trapnell","GateOnly","Refined Louvain",300,"estimated","submitted","default",1,0.44392828100297,0.627789426544184,0.457502246181491,0.666666666666667,300,NA,3,NA,NA,NA,NA,NA,7.858,"ncurve"
"Trapnell","GateOnly","Refined Louvain",500,"true","submitted","default",1,0.444630387046871,0.628236744759556,0.457977528089888,0.666666666666667,500,3,3,NA,NA,NA,222,0,10.4,"ncurve"
"Trapnell","GateOnly","Refined Louvain",500,"estimated","submitted","default",1,0.444630387046871,0.628236744759556,0.457977528089888,0.666666666666667,500,NA,3,NA,NA,NA,NA,NA,12.041,"ncurve"
"Trapnell","GateOnly","Refined Louvain",750,"true","submitted","default",1,0.444630387046871,0.628236744759556,0.457977528089888,0.666666666666667,750,3,3,NA,NA,NA,222,0,7.816,"ncurve"
"Trapnell","GateOnly","Refined Louvain",750,"estimated","submitted","default",1,0.444630387046871,0.628236744759556,0.457977528089888,0.666666666666667,750,NA,3,NA,NA,NA,NA,NA,7.48,"ncurve"
"Trapnell","GateOnly","Refined Louvain",1000,"true","submitted","default",1,0.443744090304395,0.627666137183119,0.4573713053634,0.662162162162162,775,3,3,NA,NA,NA,222,0,8.551,"ncurve"
"Trapnell","GateOnly","Refined Louvain",1000,"estimated","submitted","default",1,0.443744090304395,0.627666137183119,0.4573713053634,0.662162162162162,775,NA,3,NA,NA,NA,NA,NA,7.754,"ncurve"
"Trapnell","GateOnly","Refined Louvain",1500,"true","submitted","default",1,0.443744090304395,0.627666137183119,0.4573713053634,0.662162162162162,775,3,3,NA,NA,NA,222,0,7.976,"ncurve"
"Trapnell","GateOnly","Refined Louvain",1500,"estimated","submitted","default",1,0.443744090304395,0.627666137183119,0.4573713053634,0.662162162162162,775,NA,3,NA,NA,NA,NA,NA,9.206,"ncurve"
"Trapnell","GateOnly","Refined Louvain",2500,"true","submitted","default",1,0.443744090304395,0.627666137183119,0.4573713053634,0.662162162162162,775,3,3,NA,NA,NA,222,0,11.582,"ncurve"
"Trapnell","GateOnly","Refined Louvain",2500,"estimated","submitted","default",1,0.443744090304395,0.627666137183119,0.4573713053634,0.662162162162162,775,NA,3,NA,NA,NA,NA,NA,8.817,"ncurve"
"Trapnell","GateOnly","SC3",0,"true","submitted","default",1,0.453737941887082,0.634567367487608,0.464736652236652,0.684684684684685,775,3,3,NA,NA,NA,222,0,51.869,"ncurve"
"Trapnell","GateOnly","SC3",0,"estimated","submitted","default",1,0.453737941887082,0.634567367487608,0.464736652236652,0.684684684684685,775,NA,3,NA,NA,NA,NA,NA,43.252,"ncurve"
"Trapnell","GateOnly","SC3",100,"true","submitted","default",1,0.0893692192255059,0.395848131120326,0.246715989732749,0.486486486486487,100,3,3,NA,NA,NA,222,0,38.909,"ncurve"
"Trapnell","GateOnly","SC3",100,"estimated","submitted","default",1,0.0893692192255059,0.395848131120326,0.246715989732749,0.486486486486487,100,NA,3,NA,NA,NA,NA,NA,48.27,"ncurve"
"Trapnell","GateOnly","SC3",200,"true","submitted","default",1,0.105431658333174,0.406507444320629,0.255053959568323,0.518018018018018,200,3,3,NA,NA,NA,222,0,39.755,"ncurve"
"Trapnell","GateOnly","SC3",200,"estimated","submitted","default",1,0.105431658333174,0.406507444320629,0.255053959568323,0.518018018018018,200,NA,3,NA,NA,NA,NA,NA,40.11,"ncurve"
"Trapnell","GateOnly","SC3",300,"true","submitted","default",1,0.196659779342637,0.467862317300112,0.305279747832939,0.567567567567568,300,3,3,NA,NA,NA,222,0,39.53,"ncurve"
"Trapnell","GateOnly","SC3",300,"estimated","submitted","default",1,0.196659779342637,0.467862317300112,0.305279747832939,0.567567567567568,300,NA,3,NA,NA,NA,NA,NA,54.807,"ncurve"
"Trapnell","GateOnly","SC3",500,"true","submitted","default",1,0.445713109258756,0.629187669249973,0.458988410744767,0.675675675675676,500,3,3,NA,NA,NA,222,0,41.159,"ncurve"
"Trapnell","GateOnly","SC3",500,"estimated","submitted","default",1,0.445713109258756,0.629187669249973,0.458988410744767,0.675675675675676,500,NA,3,NA,NA,NA,NA,NA,40.488,"ncurve"
"Trapnell","GateOnly","SC3",750,"true","submitted","default",1,0.455784407123095,0.635769795715455,0.466028189374774,0.689189189189189,750,3,3,NA,NA,NA,222,0,38.776,"ncurve"
"Trapnell","GateOnly","SC3",750,"estimated","submitted","default",1,0.455784407123095,0.635769795715455,0.466028189374774,0.689189189189189,750,NA,3,NA,NA,NA,NA,NA,40.666,"ncurve"
"Trapnell","GateOnly","SC3",1000,"true","submitted","default",1,0.453737941887082,0.634567367487608,0.464736652236652,0.684684684684685,775,3,3,NA,NA,NA,222,0,39.449,"ncurve"
"Trapnell","GateOnly","SC3",1000,"estimated","submitted","default",1,0.453737941887082,0.634567367487608,0.464736652236652,0.684684684684685,775,NA,3,NA,NA,NA,NA,NA,37.707,"ncurve"
"Trapnell","GateOnly","SC3",1500,"true","submitted","default",1,0.453737941887082,0.634567367487608,0.464736652236652,0.684684684684685,775,3,3,NA,NA,NA,222,0,40.097,"ncurve"
"Trapnell","GateOnly","SC3",1500,"estimated","submitted","default",1,0.453737941887082,0.634567367487608,0.464736652236652,0.684684684684685,775,NA,3,NA,NA,NA,NA,NA,41.857,"ncurve"
"Trapnell","GateOnly","SC3",2500,"true","submitted","default",1,0.453737941887082,0.634567367487608,0.464736652236652,0.684684684684685,775,3,3,NA,NA,NA,222,0,40.827,"ncurve"
"Trapnell","GateOnly","SC3",2500,"estimated","submitted","default",1,0.453737941887082,0.634567367487608,0.464736652236652,0.684684684684685,775,NA,3,NA,NA,NA,NA,NA,41.507,"ncurve"
"Trapnell","Seurat","Refined Louvain",0,"true","submitted","default",1,0.286473428182583,0.523618223414129,0.35465647586608,0.617117117117117,775,3,3,NA,NA,NA,222,0,8.897,"ncurve"
"Trapnell","Seurat","Refined Louvain",0,"estimated","submitted","default",1,0.286473428182583,0.523618223414129,0.35465647586608,0.617117117117117,775,NA,3,NA,NA,NA,NA,NA,12.555,"ncurve"
"Trapnell","Seurat","Refined Louvain",100,"true","submitted","default",1,0.0951549344152329,0.420037508898074,0.264737482988325,0.490990990990991,100,3,3,NA,NA,NA,222,0,8.752,"ncurve"
"Trapnell","Seurat","Refined Louvain",100,"estimated","submitted","default",1,0.0951549344152329,0.420037508898074,0.264737482988325,0.490990990990991,100,NA,3,NA,NA,NA,NA,NA,8.553,"ncurve"
"Trapnell","Seurat","Refined Louvain",200,"true","submitted","default",1,0.102727952202324,0.42497119030054,0.26867816091954,0.495495495495495,200,3,3,NA,NA,NA,222,0,12.18,"ncurve"
"Trapnell","Seurat","Refined Louvain",200,"estimated","submitted","default",1,0.102727952202324,0.42497119030054,0.26867816091954,0.495495495495495,200,NA,3,NA,NA,NA,NA,NA,8.647,"ncurve"
"Trapnell","Seurat","Refined Louvain",300,"true","submitted","default",1,0.291506965548094,0.526545264595451,0.357351346843466,0.621621621621622,300,3,3,NA,NA,NA,222,0,9.257,"ncurve"
"Trapnell","Seurat","Refined Louvain",300,"estimated","submitted","default",1,0.291506965548094,0.526545264595451,0.357351346843466,0.621621621621622,300,NA,3,NA,NA,NA,NA,NA,9.019,"ncurve"
"Trapnell","Seurat","Refined Louvain",500,"true","submitted","default",1,0.293713536119966,0.528019837098402,0.358711077719342,0.626126126126126,500,3,3,NA,NA,NA,222,0,9.216,"ncurve"
"Trapnell","Seurat","Refined Louvain",500,"estimated","submitted","default",1,0.293713536119966,0.528019837098402,0.358711077719342,0.626126126126126,500,NA,3,NA,NA,NA,NA,NA,9.095,"ncurve"
"Trapnell","Seurat","Refined Louvain",750,"true","submitted","default",1,0.28540984384911,0.52305391782894,0.354137272802722,0.617117117117117,750,3,3,NA,NA,NA,222,0,9.034,"ncurve"
"Trapnell","Seurat","Refined Louvain",750,"estimated","submitted","default",1,0.28540984384911,0.52305391782894,0.354137272802722,0.617117117117117,750,NA,3,NA,NA,NA,NA,NA,8.557,"ncurve"
"Trapnell","Seurat","Refined Louvain",1000,"true","submitted","default",1,0.288780881966083,0.524563950463532,0.355529627468956,0.626126126126126,1000,3,3,NA,NA,NA,222,0,8.946,"ncurve"
"Trapnell","Seurat","Refined Louvain",1000,"estimated","submitted","default",1,0.288780881966083,0.524563950463532,0.355529627468956,0.626126126126126,1000,NA,3,NA,NA,NA,NA,NA,8.65,"ncurve"
"Trapnell","Seurat","Refined Louvain",1500,"true","submitted","default",1,0.282144030747127,0.519937015752854,0.351292924253762,0.617117117117117,1500,3,3,NA,NA,NA,222,0,9.028,"ncurve"
"Trapnell","Seurat","Refined Louvain",1500,"estimated","submitted","default",1,0.282144030747127,0.519937015752854,0.351292924253762,0.617117117117117,1500,NA,3,NA,NA,NA,NA,NA,10.082,"ncurve"
"Trapnell","Seurat","Refined Louvain",2500,"true","submitted","default",1,0.268591930845707,0.512843075716666,0.344824755807272,0.59009009009009,2500,3,3,NA,NA,NA,222,0,9.055,"ncurve"
"Trapnell","Seurat","Refined Louvain",2500,"estimated","submitted","default",1,0.268591930845707,0.512843075716666,0.344824755807272,0.59009009009009,2500,NA,3,NA,NA,NA,NA,NA,13.855,"ncurve"
"Trapnell","Seurat","SC3",0,"true","submitted","default",1,0.200687435862436,0.474960708392434,0.311166484971188,0.572072072072072,775,3,3,NA,NA,NA,222,0,40.379,"ncurve"
"Trapnell","Seurat","SC3",0,"estimated","submitted","default",1,0.200687435862436,0.474960708392434,0.311166484971188,0.572072072072072,775,NA,3,NA,NA,NA,NA,NA,49.753,"ncurve"
"Trapnell","Seurat","SC3",100,"true","submitted","default",1,0.406465494639818,0.602907132341668,0.431543683328925,0.675675675675676,100,3,3,NA,NA,NA,222,0,41.228,"ncurve"
"Trapnell","Seurat","SC3",100,"estimated","submitted","default",1,0.406465494639818,0.602907132341668,0.431543683328925,0.675675675675676,100,NA,3,NA,NA,NA,NA,NA,42.202,"ncurve"
"Trapnell","Seurat","SC3",200,"true","submitted","default",1,0.202044847077311,0.468920130208247,0.306241044419678,0.567567567567568,200,3,3,NA,NA,NA,222,0,51.618,"ncurve"
"Trapnell","Seurat","SC3",200,"estimated","submitted","default",1,0.202044847077311,0.468920130208247,0.306241044419678,0.567567567567568,200,NA,3,NA,NA,NA,NA,NA,54.878,"ncurve"
"Trapnell","Seurat","SC3",300,"true","submitted","default",1,0.208159136789382,0.474775628429666,0.311215175807604,0.576576576576577,300,3,3,NA,NA,NA,222,0,39.218,"ncurve"
"Trapnell","Seurat","SC3",300,"estimated","submitted","default",1,0.208159136789382,0.474775628429666,0.311215175807604,0.576576576576577,300,NA,3,NA,NA,NA,NA,NA,40.345,"ncurve"
"Trapnell","Seurat","SC3",500,"true","submitted","default",1,0.314915680018047,0.542104588149407,0.371838111298482,0.621621621621622,500,3,3,NA,NA,NA,222,0,40.329,"ncurve"
"Trapnell","Seurat","SC3",500,"estimated","submitted","default",1,0.314915680018047,0.542104588149407,0.371838111298482,0.621621621621622,500,NA,3,NA,NA,NA,NA,NA,40.521,"ncurve"
"Trapnell","Seurat","SC3",750,"true","submitted","default",1,0.324574384072896,0.548863695231602,0.378225192454107,0.626126126126126,750,3,3,NA,NA,NA,222,0,41.519,"ncurve"
"Trapnell","Seurat","SC3",750,"estimated","submitted","default",1,0.324574384072896,0.548863695231602,0.378225192454107,0.626126126126126,750,NA,3,NA,NA,NA,NA,NA,40.011,"ncurve"
"Trapnell","Seurat","SC3",1000,"true","submitted","default",1,0.31415406742491,0.541819505112114,0.371568132053226,0.621621621621622,1000,3,3,NA,NA,NA,222,0,39.361,"ncurve"
"Trapnell","Seurat","SC3",1000,"estimated","submitted","default",1,0.31415406742491,0.541819505112114,0.371568132053226,0.621621621621622,1000,NA,3,NA,NA,NA,NA,NA,39.24,"ncurve"
"Trapnell","Seurat","SC3",1500,"true","submitted","default",1,0.441339731010984,0.626170698465676,0.455784753363229,0.68018018018018,1500,3,3,NA,NA,NA,222,0,40.253,"ncurve"
"Trapnell","Seurat","SC3",1500,"estimated","submitted","default",1,0.441339731010984,0.626170698465676,0.455784753363229,0.68018018018018,1500,NA,3,NA,NA,NA,NA,NA,42.532,"ncurve"
"Trapnell","Seurat","SC3",2500,"true","submitted","default",1,0.441538773079542,0.626133080948605,0.455745062836625,0.675675675675676,2500,3,3,NA,NA,NA,222,0,40.622,"ncurve"
"Trapnell","Seurat","SC3",2500,"estimated","submitted","default",1,0.441538773079542,0.626133080948605,0.455745062836625,0.675675675675676,2500,NA,3,NA,NA,NA,NA,NA,41.445,"ncurve"
"Trapnell","Variance","Refined Louvain",0,"true","submitted","default",1,0.389633240161969,0.591533765246901,0.419984250590603,0.648648648648649,775,3,3,NA,NA,NA,222,0,8.506,"ncurve"
"Trapnell","Variance","Refined Louvain",0,"estimated","submitted","default",1,0.389633240161969,0.591533765246901,0.419984250590603,0.648648648648649,775,NA,3,NA,NA,NA,NA,NA,7.583,"ncurve"
"Trapnell","Variance","Refined Louvain",100,"true","submitted","default",1,0.39589435641917,0.595723796084067,0.424221149627029,0.657657657657658,100,3,3,NA,NA,NA,222,0,17.317,"ncurve"
"Trapnell","Variance","Refined Louvain",100,"estimated","submitted","default",1,0.39589435641917,0.595723796084067,0.424221149627029,0.657657657657658,100,NA,3,NA,NA,NA,NA,NA,11.917,"ncurve"
"Trapnell","Variance","Refined Louvain",200,"true","submitted","default",1,0.40963197031019,0.604808877928483,0.433495360141405,0.662162162162162,200,3,3,NA,NA,NA,222,0,8.645,"ncurve"
"Trapnell","Variance","Refined Louvain",200,"estimated","submitted","default",1,0.40963197031019,0.604808877928483,0.433495360141405,0.662162162162162,200,NA,3,NA,NA,NA,NA,NA,7.705,"ncurve"
"Trapnell","Variance","Refined Louvain",300,"true","submitted","default",1,0.41987488548164,0.611618173516013,0.440525894998668,0.662162162162162,300,3,3,NA,NA,NA,222,0,8.423,"ncurve"
"Trapnell","Variance","Refined Louvain",300,"estimated","submitted","default",1,0.41987488548164,0.611618173516013,0.440525894998668,0.662162162162162,300,NA,3,NA,NA,NA,NA,NA,9.635,"ncurve"
"Trapnell","Variance","Refined Louvain",500,"true","submitted","default",1,0.394966722225069,0.594918012856129,0.423404442103415,0.653153153153153,500,3,3,NA,NA,NA,222,0,8.652,"ncurve"
"Trapnell","Variance","Refined Louvain",500,"estimated","submitted","default",1,0.394966722225069,0.594918012856129,0.423404442103415,0.653153153153153,500,NA,3,NA,NA,NA,NA,NA,9.005,"ncurve"
"Trapnell","Variance","Refined Louvain",750,"true","submitted","default",1,0.40034701563758,0.598544665471508,0.427087916923348,0.648648648648649,750,3,3,NA,NA,NA,222,0,8.213,"ncurve"
"Trapnell","Variance","Refined Louvain",750,"estimated","submitted","default",1,0.40034701563758,0.598544665471508,0.427087916923348,0.648648648648649,750,NA,3,NA,NA,NA,NA,NA,12.613,"ncurve"
"Trapnell","Variance","Refined Louvain",1000,"true","submitted","default",1,0.408195285479477,0.603871290497528,0.432532673966796,0.657657657657658,1000,3,3,NA,NA,NA,222,0,8.485,"ncurve"
"Trapnell","Variance","Refined Louvain",1000,"estimated","submitted","default",1,0.408195285479477,0.603871290497528,0.432532673966796,0.657657657657658,1000,NA,3,NA,NA,NA,NA,NA,12.165,"ncurve"
"Trapnell","Variance","Refined Louvain",1500,"true","submitted","default",1,0.409521491802491,0.604843274964957,0.433530606836852,0.662162162162162,1500,3,3,NA,NA,NA,222,0,8.684,"ncurve"
"Trapnell","Variance","Refined Louvain",1500,"estimated","submitted","default",1,0.409521491802491,0.604843274964957,0.433530606836852,0.662162162162162,1500,NA,3,NA,NA,NA,NA,NA,9.592,"ncurve"
"Trapnell","Variance","Refined Louvain",2500,"true","submitted","default",1,0.408195285479477,0.603871290497528,0.432532673966796,0.657657657657658,2500,3,3,NA,NA,NA,222,0,9.027,"ncurve"
"Trapnell","Variance","Refined Louvain",2500,"estimated","submitted","default",1,0.408195285479477,0.603871290497528,0.432532673966796,0.657657657657658,2500,NA,3,NA,NA,NA,NA,NA,9.527,"ncurve"
"Trapnell","Variance","SC3",0,"true","submitted","default",1,0.454263103262495,0.634840694366874,0.465030231928526,0.68018018018018,775,3,3,NA,NA,NA,222,0,38.768,"ncurve"
"Trapnell","Variance","SC3",0,"estimated","submitted","default",1,0.454263103262495,0.634840694366874,0.465030231928526,0.68018018018018,775,NA,3,NA,NA,NA,NA,NA,66.529,"ncurve"
"Trapnell","Variance","SC3",100,"true","submitted","default",1,0.171853308555892,0.454030809108568,0.293516942596317,0.558558558558559,100,3,3,NA,NA,NA,222,0,47.794,"ncurve"
"Trapnell","Variance","SC3",100,"estimated","submitted","default",1,0.171853308555892,0.454030809108568,0.293516942596317,0.558558558558559,100,NA,3,NA,NA,NA,NA,NA,45.243,"ncurve"
"Trapnell","Variance","SC3",200,"true","submitted","default",1,0.455784407123095,0.635769795715455,0.466028189374774,0.689189189189189,200,3,3,NA,NA,NA,222,0,39.021,"ncurve"
"Trapnell","Variance","SC3",200,"estimated","submitted","default",1,0.455784407123095,0.635769795715455,0.466028189374774,0.689189189189189,200,NA,3,NA,NA,NA,NA,NA,37.93,"ncurve"
"Trapnell","Variance","SC3",300,"true","submitted","default",1,0.455784407123095,0.635769795715455,0.466028189374774,0.689189189189189,300,3,3,NA,NA,NA,222,0,39.503,"ncurve"
"Trapnell","Variance","SC3",300,"estimated","submitted","default",1,0.455784407123095,0.635769795715455,0.466028189374774,0.689189189189189,300,NA,3,NA,NA,NA,NA,NA,54.446,"ncurve"
"Trapnell","Variance","SC3",500,"true","submitted","default",1,0.45408590751551,0.634666435629488,0.46484339741854,0.684684684684685,500,3,3,NA,NA,NA,222,0,39.797,"ncurve"
"Trapnell","Variance","SC3",500,"estimated","submitted","default",1,0.45408590751551,0.634666435629488,0.46484339741854,0.684684684684685,500,NA,3,NA,NA,NA,NA,NA,66.038,"ncurve"
"Trapnell","Variance","SC3",750,"true","submitted","default",1,0.453574394563188,0.634290688009254,0.464440433212996,0.68018018018018,750,3,3,NA,NA,NA,222,0,39.002,"ncurve"
"Trapnell","Variance","SC3",750,"estimated","submitted","default",1,0.453574394563188,0.634290688009254,0.464440433212996,0.68018018018018,750,NA,3,NA,NA,NA,NA,NA,38.536,"ncurve"
"Trapnell","Variance","SC3",1000,"true","submitted","default",1,0.455190810384428,0.635405852836046,0.465637135374334,0.684684684684685,1000,3,3,NA,NA,NA,222,0,38.785,"ncurve"
"Trapnell","Variance","SC3",1000,"estimated","submitted","default",1,0.455190810384428,0.635405852836046,0.465637135374334,0.684684684684685,1000,NA,3,NA,NA,NA,NA,NA,37.914,"ncurve"
"Trapnell","Variance","SC3",1500,"true","submitted","default",1,0.455190810384428,0.635405852836046,0.465637135374334,0.684684684684685,1500,3,3,NA,NA,NA,222,0,39.027,"ncurve"
"Trapnell","Variance","SC3",1500,"estimated","submitted","default",1,0.455190810384428,0.635405852836046,0.465637135374334,0.684684684684685,1500,NA,3,NA,NA,NA,NA,NA,41.868,"ncurve"
"Trapnell","Variance","SC3",2500,"true","submitted","default",1,0.455190810384428,0.635405852836046,0.465637135374334,0.684684684684685,2500,3,3,NA,NA,NA,222,0,40.263,"ncurve"
"Trapnell","Variance","SC3",2500,"estimated","submitted","default",1,0.455190810384428,0.635405852836046,0.465637135374334,0.684684684684685,2500,NA,3,NA,NA,NA,NA,NA,54.815,"ncurve"
"Zhengmix4eq","DIFS","Refined Louvain",0,"true","submitted","default",1,0.982056896971247,0.98653960273102,0.973436753171814,0.993239859789685,1935,4,4,1900,1535,"1:2",3994,0,1278.434,"ncurve"
"Zhengmix4eq","DIFS","Refined Louvain",0,"estimated","submitted","default",1,0.290795927130309,0.461649997255786,0.215401848838507,0.992488733099649,1935,NA,26,600,2371,"3:1",NA,NA,2145.666,"ncurve"
"Zhengmix4eq","DIFS","Refined Louvain",100,"true","submitted","default",1,0.932724156417917,0.949531067860253,0.903911612981843,0.973710565848773,100,4,4,1900,1535,"2:3",3994,0,1264.064,"ncurve"
"Zhengmix4eq","DIFS","Refined Louvain",100,"estimated","submitted","default",1,0.223635441980778,0.393457039654602,0.164601200569207,0.949173760640961,100,NA,26,600,2371,"2:3",NA,NA,2341.091,"ncurve"
"Zhengmix4eq","DIFS","Refined Louvain",200,"true","submitted","default",1,0.971573414026945,0.978675195594294,0.958240891919973,0.989233850776164,200,4,4,1900,1535,"1:3",3994,0,1264.685,"ncurve"
"Zhengmix4eq","DIFS","Refined Louvain",200,"estimated","submitted","default",1,0.253085933418001,0.424538377019016,0.186371947013416,0.978217325988983,200,NA,26,600,2371,"1:3",NA,NA,2813.501,"ncurve"
"Zhengmix4eq","DIFS","Refined Louvain",300,"true","submitted","default",1,0.975490551633489,0.98161370705183,0.963891315106143,0.990736104156234,300,4,4,1900,1535,"1:2",3994,0,1436.355,"ncurve"
"Zhengmix4eq","DIFS","Refined Louvain",300,"estimated","submitted","default",1,0.274374126999703,0.44656270364927,0.202251451048496,0.988733099649474,300,NA,26,600,2371,"1:2",NA,NA,2127.45,"ncurve"
"Zhengmix4eq","DIFS","Refined Louvain",500,"true","submitted","default",1,0.979406340601255,0.984551329855307,0.96957271396186,0.992238357536304,500,4,4,1900,1535,"1:3",3994,0,1285.402,"ncurve"
"Zhengmix4eq","DIFS","Refined Louvain",500,"estimated","submitted","default",1,0.259876188642033,0.433548781021869,0.19050557122648,0.990736104156234,500,NA,26,600,2371,"1:3",NA,NA,2142.962,"ncurve"
"Zhengmix4eq","DIFS","Refined Louvain",750,"true","submitted","default",1,0.981383255712278,0.986034327560109,0.972453356250916,0.992989484226339,750,4,4,1900,1535,"1:3",3994,0,1274.001,"ncurve"
"Zhengmix4eq","DIFS","Refined Louvain",750,"estimated","submitted","default",1,0.245809580279335,0.420983010482264,0.179091829288388,0.992238357536304,750,NA,26,600,2371,"1:2",NA,NA,2153.522,"ncurve"
"Zhengmix4eq","DIFS","Refined Louvain",1000,"true","submitted","default",1,0.983367811811684,0.987523036621006,0.975353580825451,0.993740610916375,1000,4,4,1900,1535,"2:3",3994,0,1493.922,"ncurve"
"Zhengmix4eq","DIFS","Refined Louvain",1000,"estimated","submitted","default",1,0.28332166903325,0.455462586929474,0.209092730724723,0.992488733099649,1000,NA,26,600,2371,"1:1",NA,NA,2153.534,"ncurve"
"Zhengmix4eq","DIFS","Refined Louvain",1500,"true","submitted","default",1,0.984035952555774,0.988024256671795,0.976331950899029,0.99399098647972,1500,4,4,1900,1535,"1:1",3994,0,1293.216,"ncurve"
"Zhengmix4eq","DIFS","Refined Louvain",1500,"estimated","submitted","default",1,0.298793392728439,0.468385225501445,0.222110951931234,0.991236855282924,1500,NA,26,600,2371,"3:1",NA,NA,3491.354,"ncurve"
"Zhengmix4eq","DIFS","Refined Louvain",2500,"true","submitted","default",1,0.982704511191687,0.987025506989333,0.974383369878966,0.993490235353029,2023,4,4,1900,1535,"1:1",3994,0,1466.737,"ncurve"
"Zhengmix4eq","DIFS","Refined Louvain",2500,"estimated","submitted","default",1,0.281263099911695,0.453157424091204,0.207640448538366,0.992488733099649,2496,NA,26,600,2371,"1:1",NA,NA,2150.021,"ncurve"
"Zhengmix4eq","DIFS","SC3",0,"true","submitted","default",1,0.984708792426562,0.988529007640679,0.97731819293928,0.994241362043065,1935,4,4,1900,1535,"1:2",3994,0,1917.197,"ncurve"
"Zhengmix4eq","DIFS","SC3",0,"estimated","submitted","default",1,0.521030807657404,0.647808759990862,0.420624137687366,0.993490235353029,1935,NA,26,600,2371,"3:1",NA,NA,4024.689,"ncurve"
"Zhengmix4eq","DIFS","SC3",100,"true","submitted","default",1,0.706321201885592,0.810937802032336,0.658950452433651,0.748122183274912,100,4,4,1900,1535,"2:3",3994,0,1746.117,"ncurve"
"Zhengmix4eq","DIFS","SC3",100,"estimated","submitted","default",1,0.476851769501989,0.608791518277341,0.381968285469169,0.943164747120681,100,NA,26,600,2371,"2:3",NA,NA,3638.547,"ncurve"
"Zhengmix4eq","DIFS","SC3",200,"true","submitted","default",1,0.694175354753831,0.800883790268116,0.646746640851372,0.747871807711567,200,4,4,1900,1535,"1:3",3994,0,1803.363,"ncurve"
"Zhengmix4eq","DIFS","SC3",200,"estimated","submitted","default",1,0.455385625183608,0.595749166716963,0.359394009775869,0.968452679018528,200,NA,26,600,2371,"1:3",NA,NA,3152.621,"ncurve"
"Zhengmix4eq","DIFS","SC3",300,"true","submitted","default",1,0.693712195914477,0.800701285421697,0.646370332409761,0.747120681021532,300,4,4,1900,1535,"1:2",3994,0,1831.852,"ncurve"
"Zhengmix4eq","DIFS","SC3",300,"estimated","submitted","default",1,0.479888274804262,0.615383612623156,0.381861274828534,0.975463194792188,300,NA,26,600,2371,"1:2",NA,NA,3180.592,"ncurve"
"Zhengmix4eq","DIFS","SC3",500,"true","submitted","default",1,0.704539311653033,0.809588551296144,0.657204314377701,0.747621432148222,500,4,4,1900,1535,"1:3",3994,0,1993.919,"ncurve"
"Zhengmix4eq","DIFS","SC3",500,"estimated","submitted","default",1,0.49799769544852,0.629951245406847,0.398618303795986,0.986479719579369,500,NA,26,600,2371,"1:3",NA,NA,3423.069,"ncurve"
"Zhengmix4eq","DIFS","SC3",750,"true","submitted","default",1,0.984704526639901,0.988525712129068,0.977311753460608,0.994241362043065,750,4,4,1900,1535,"1:3",3994,0,2380.436,"ncurve"
"Zhengmix4eq","DIFS","SC3",750,"estimated","submitted","default",1,0.367737107391231,0.527388056387495,0.27997606601374,0.992238357536304,750,NA,26,600,2371,"1:2",NA,NA,5782.669,"ncurve"
"Zhengmix4eq","DIFS","SC3",1000,"true","submitted","default",1,0.980714602469705,0.985532910690943,0.97147843193719,0.992739108662995,1000,4,4,1900,1535,"2:3",3994,0,2446.442,"ncurve"
"Zhengmix4eq","DIFS","SC3",1000,"estimated","submitted","default",1,0.398061888696052,0.552059448506957,0.306503592799379,0.991987981972959,1000,NA,26,600,2371,"1:1",NA,NA,3525.581,"ncurve"
"Zhengmix4eq","DIFS","SC3",1500,"true","submitted","default",1,0.982698500554799,0.98702100243335,0.97437458994785,0.993490235353029,1500,4,4,1900,1535,"1:1",3994,0,1943.546,"ncurve"
"Zhengmix4eq","DIFS","SC3",1500,"estimated","submitted","default",1,0.51854978108372,0.645790838560308,0.418301318207046,0.990485728592889,1500,NA,26,600,2371,"3:1",NA,NA,3577.605,"ncurve"
"Zhengmix4eq","DIFS","SC3",2500,"true","submitted","default",1,0.984033169068228,0.988022127887019,0.97632779478897,0.99399098647972,2023,4,4,1900,1535,"1:1",3994,0,2070.509,"ncurve"
"Zhengmix4eq","DIFS","SC3",2500,"estimated","submitted","default",1,0.528179526397811,0.653113352010716,0.42767403048906,0.99399098647972,2496,NA,26,600,2371,"1:1",NA,NA,3726.31,"ncurve"
"Zhengmix4eq","FEAST","Refined Louvain",0,"true","submitted","default",1,0.980061933516047,0.985043072780806,0.970526966542199,0.992488733099649,1935,4,4,NA,NA,NA,3994,0,44.288,"ncurve"
"Zhengmix4eq","FEAST","Refined Louvain",0,"estimated","submitted","default",1,0.31934819186624,0.486620469794963,0.238938256871916,0.992488733099649,1935,NA,26,NA,NA,NA,NA,NA,62.252,"ncurve"
"Zhengmix4eq","FEAST","Refined Louvain",100,"true","submitted","default",1,0.970294669421659,0.977715914443517,0.956403336652702,0.988733099649474,100,4,4,NA,NA,NA,3994,0,43.31,"ncurve"
"Zhengmix4eq","FEAST","Refined Louvain",100,"estimated","submitted","default",1,0.281570532744015,0.450481426516585,0.209350168142351,0.980220330495744,100,NA,26,NA,NA,NA,NA,NA,62.979,"ncurve"
"Zhengmix4eq","FEAST","Refined Louvain",200,"true","submitted","default",1,0.97677635637195,0.982578551729591,0.965753711885186,0.991236855282924,200,4,4,NA,NA,NA,3994,0,42.54,"ncurve"
"Zhengmix4eq","FEAST","Refined Louvain",200,"estimated","submitted","default",1,0.258937358097071,0.43278901474235,0.189707456698576,0.991487230846269,200,NA,26,NA,NA,NA,NA,NA,60.211,"ncurve"
"Zhengmix4eq","FEAST","Refined Louvain",300,"true","submitted","default",1,0.980734263266718,0.985547501573841,0.97150679400467,0.992739108662995,300,4,4,NA,NA,NA,3994,0,42.87,"ncurve"
"Zhengmix4eq","FEAST","Refined Louvain",300,"estimated","submitted","default",1,0.258469587880814,0.432062587013223,0.189468771291619,0.990736104156234,300,NA,26,NA,NA,NA,NA,NA,67.188,"ncurve"
"Zhengmix4eq","FEAST","Refined Louvain",500,"true","submitted","default",1,0.980084324234994,0.985059733201312,0.970559316115541,0.992488733099649,500,4,4,NA,NA,NA,3994,0,45.111,"ncurve"
"Zhengmix4eq","FEAST","Refined Louvain",500,"estimated","submitted","default",1,0.278553352674756,0.450459217764063,0.205570211490731,0.991987981972959,500,NA,26,NA,NA,NA,NA,NA,53.929,"ncurve"
"Zhengmix4eq","FEAST","Refined Louvain",750,"true","submitted","default",1,0.978758485829256,0.984065154253219,0.968630179222237,0.991987981972959,750,4,4,NA,NA,NA,3994,0,43.573,"ncurve"
"Zhengmix4eq","FEAST","Refined Louvain",750,"estimated","submitted","default",1,0.259367679679116,0.43335420810225,0.189974482631218,0.991987981972959,750,NA,26,NA,NA,NA,NA,NA,64.184,"ncurve"
"Zhengmix4eq","FEAST","Refined Louvain",1000,"true","submitted","default",1,0.980062244722093,0.985043297365023,0.970527402808977,0.992488733099649,1000,4,4,NA,NA,NA,3994,0,55.62,"ncurve"
"Zhengmix4eq","FEAST","Refined Louvain",1000,"estimated","submitted","default",1,0.273321532107836,0.445897414409975,0.201266728021303,0.990986479719579,1000,NA,26,NA,NA,NA,NA,NA,87.705,"ncurve"
"Zhengmix4eq","FEAST","Refined Louvain",1500,"true","submitted","default",1,0.97939537919616,0.984543137180939,0.969556822552054,0.992238357536304,1500,4,4,NA,NA,NA,3994,0,57.739,"ncurve"
"Zhengmix4eq","FEAST","Refined Louvain",1500,"estimated","submitted","default",1,0.284508408270134,0.456423807984776,0.210103562972969,0.992488733099649,1500,NA,26,NA,NA,NA,NA,NA,67.185,"ncurve"
"Zhengmix4eq","FEAST","Refined Louvain",2500,"true","submitted","default",1,0.9813733121981,0.986026903916495,0.972438914031629,0.992989484226339,2500,4,4,NA,NA,NA,3994,0,47.335,"ncurve"
"Zhengmix4eq","FEAST","Refined Louvain",2500,"estimated","submitted","default",1,0.269481022117305,0.44277922607596,0.198003132811999,0.991737606409614,2500,NA,26,NA,NA,NA,NA,NA,63.826,"ncurve"
"Zhengmix4eq","FEAST","SC3",0,"true","submitted","default",1,0.982698500554799,0.98702100243335,0.97437458994785,0.993490235353029,1935,4,4,NA,NA,NA,3994,0,707.943,"ncurve"
"Zhengmix4eq","FEAST","SC3",0,"estimated","submitted","default",1,0.455676155934063,0.597891117850851,0.358464804912817,0.994241362043065,1935,NA,26,NA,NA,NA,NA,NA,1352.619,"ncurve"
"Zhengmix4eq","FEAST","SC3",100,"true","submitted","default",1,0.700248332840249,0.806760232060123,0.653188686966419,0.746369554331497,100,4,4,NA,NA,NA,3994,0,533.147,"ncurve"
"Zhengmix4eq","FEAST","SC3",100,"estimated","submitted","default",1,0.46309459780153,0.603094680370661,0.365691091411888,0.979218828242364,100,NA,26,NA,NA,NA,NA,NA,1179.553,"ncurve"
"Zhengmix4eq","FEAST","SC3",200,"true","submitted","default",1,0.982033439418293,0.986522246848751,0.973402948646325,0.993239859789685,200,4,4,NA,NA,NA,3994,0,597.147,"ncurve"
"Zhengmix4eq","FEAST","SC3",200,"estimated","submitted","default",1,0.461481631623021,0.60229787018623,0.363910280051633,0.991737606409614,200,NA,26,NA,NA,NA,NA,NA,952.081,"ncurve"
"Zhengmix4eq","FEAST","SC3",300,"true","submitted","default",1,0.68844833848954,0.796520406351872,0.641201222856581,0.746369554331497,300,4,4,NA,NA,NA,3994,0,695.597,"ncurve"
"Zhengmix4eq","FEAST","SC3",300,"estimated","submitted","default",1,0.546412280579487,0.665639004773328,0.446502755574001,0.991487230846269,300,NA,26,NA,NA,NA,NA,NA,1046.594,"ncurve"
"Zhengmix4eq","FEAST","SC3",500,"true","submitted","default",1,0.985382601934703,0.989034345870071,0.978306573025451,0.99449173760641,500,4,4,NA,NA,NA,3994,0,688.945,"ncurve"
"Zhengmix4eq","FEAST","SC3",500,"estimated","submitted","default",1,0.483465403436198,0.619075747044629,0.384635380927433,0.991737606409614,500,NA,26,NA,NA,NA,NA,NA,1229.066,"ncurve"
"Zhengmix4eq","FEAST","SC3",750,"true","submitted","default",1,0.985376608900584,0.989029861142752,0.97829779690885,0.99449173760641,750,4,4,NA,NA,NA,3994,0,1365.117,"ncurve"
"Zhengmix4eq","FEAST","SC3",750,"estimated","submitted","default",1,0.471209028319082,0.609744178996539,0.373035264906386,0.990485728592889,750,NA,26,NA,NA,NA,NA,NA,1390.524,"ncurve"
"Zhengmix4eq","FEAST","SC3",1000,"true","submitted","default",1,0.982082645646614,0.986558786879085,0.973474112592367,0.993239859789685,1000,4,4,NA,NA,NA,3994,0,707.663,"ncurve"
"Zhengmix4eq","FEAST","SC3",1000,"estimated","submitted","default",1,0.494510390748732,0.62762916942884,0.395066794533781,0.990736104156234,1000,NA,26,NA,NA,NA,NA,NA,1377.879,"ncurve"
"Zhengmix4eq","FEAST","SC3",1500,"true","submitted","default",1,0.98603569880754,0.989524412117365,0.979266019679845,0.994742113169755,1500,4,4,NA,NA,NA,3994,0,712.484,"ncurve"
"Zhengmix4eq","FEAST","SC3",1500,"estimated","submitted","default",1,0.389116418010972,0.545218251448611,0.298402221253264,0.992238357536304,1500,NA,26,NA,NA,NA,NA,NA,1397.442,"ncurve"
"Zhengmix4eq","FEAST","SC3",2500,"true","submitted","default",1,0.982033439418293,0.986522246848751,0.973402948646325,0.993239859789685,2500,4,4,NA,NA,NA,3994,0,761.475,"ncurve"
"Zhengmix4eq","FEAST","SC3",2500,"estimated","submitted","default",1,0.433842889913948,0.580766589702031,0.33846435237964,0.992238357536304,2500,NA,26,NA,NA,NA,NA,NA,1447.686,"ncurve"
"Zhengmix4eq","GateOnly","Refined Louvain",0,"true","submitted","default",1,0.982708630217353,0.987028636759916,0.974389468577633,0.993490235353029,1935,4,4,NA,NA,NA,3994,0,39.848,"ncurve"
"Zhengmix4eq","GateOnly","Refined Louvain",0,"estimated","submitted","default",1,0.251744216737345,0.426860085097714,0.18365046944028,0.993490235353029,1935,NA,26,NA,NA,NA,NA,NA,41.408,"ncurve"
"Zhengmix4eq","GateOnly","Refined Louvain",100,"true","submitted","default",1,0.636579059394834,0.758717011895554,0.593273441356258,0.729093640460691,100,4,4,NA,NA,NA,3994,0,42.375,"ncurve"
"Zhengmix4eq","GateOnly","Refined Louvain",100,"estimated","submitted","default",1,0.186754247569242,0.348008534345352,0.140582587997199,0.883825738607912,100,NA,26,NA,NA,NA,NA,NA,46.024,"ncurve"
"Zhengmix4eq","GateOnly","Refined Louvain",200,"true","submitted","default",1,0.678368637284131,0.789056333733883,0.631617494444246,0.744116174261392,200,4,4,NA,NA,NA,3994,0,37.055,"ncurve"
"Zhengmix4eq","GateOnly","Refined Louvain",200,"estimated","submitted","default",1,0.214742551830491,0.383975991873706,0.158026206079763,0.948923385077616,200,NA,26,NA,NA,NA,NA,NA,42.221,"ncurve"
"Zhengmix4eq","GateOnly","Refined Louvain",300,"true","submitted","default",1,0.703551506967289,0.809035050508066,0.656318448740435,0.746870305458187,300,3,4,NA,NA,NA,3994,0,42.482,"ncurve"
"Zhengmix4eq","GateOnly","Refined Louvain",300,"estimated","submitted","default",1,0.236125786118898,0.408116536442386,0.173136976420145,0.975963945918878,300,NA,26,NA,NA,NA,NA,NA,43.908,"ncurve"
"Zhengmix4eq","GateOnly","Refined Louvain",500,"true","submitted","default",1,0.959445494414031,0.969576796307431,0.940950079652355,0.984476715072609,500,4,4,NA,NA,NA,3994,0,38.531,"ncurve"
"Zhengmix4eq","GateOnly","Refined Louvain",500,"estimated","submitted","default",1,0.231709918825382,0.405875233596988,0.168747368215991,0.984226339509264,500,NA,26,NA,NA,NA,NA,NA,41.213,"ncurve"
"Zhengmix4eq","GateOnly","Refined Louvain",750,"true","submitted","default",1,0.967779118276047,0.975828478880344,0.952797903741093,0.987731597396094,750,4,4,NA,NA,NA,3994,0,37.764,"ncurve"
"Zhengmix4eq","GateOnly","Refined Louvain",750,"estimated","submitted","default",1,0.248062878123314,0.421622549482544,0.181537708251623,0.987481221832749,750,NA,26,NA,NA,NA,NA,NA,45.792,"ncurve"
"Zhengmix4eq","GateOnly","Refined Louvain",1000,"true","submitted","default",1,0.982055173039717,0.986538290095439,0.973434197693949,0.993239859789685,1000,4,4,NA,NA,NA,3994,0,37.849,"ncurve"
"Zhengmix4eq","GateOnly","Refined Louvain",1000,"estimated","submitted","default",1,0.259749002987757,0.434015455320252,0.190138873235909,0.992739108662995,1000,NA,26,NA,NA,NA,NA,NA,50.702,"ncurve"
"Zhengmix4eq","GateOnly","Refined Louvain",1500,"true","submitted","default",1,0.980090639927853,0.985064582147986,0.970568728278443,0.992488733099649,1500,4,4,NA,NA,NA,3994,0,39.069,"ncurve"
"Zhengmix4eq","GateOnly","Refined Louvain",1500,"estimated","submitted","default",1,0.304018133735794,0.473259994930219,0.226264585792035,0.992488733099649,1500,NA,26,NA,NA,NA,NA,NA,51.145,"ncurve"
"Zhengmix4eq","GateOnly","Refined Louvain",2500,"true","submitted","default",1,0.982708630217353,0.987028636759916,0.974389468577633,0.993490235353029,1935,4,4,NA,NA,NA,3994,0,42.199,"ncurve"
"Zhengmix4eq","GateOnly","Refined Louvain",2500,"estimated","submitted","default",1,0.251744216737345,0.426860085097714,0.18365046944028,0.993490235353029,1935,NA,26,NA,NA,NA,NA,NA,41.469,"ncurve"
"Zhengmix4eq","GateOnly","SC3",0,"true","submitted","default",1,0.979507790326001,0.984627209109145,0.969719906165723,0.992238357536304,1935,4,4,NA,NA,NA,3994,0,691.481,"ncurve"
"Zhengmix4eq","GateOnly","SC3",0,"estimated","submitted","default",1,0.518165024833575,0.645551968793364,0.417892621027297,0.99399098647972,1935,NA,26,NA,NA,NA,NA,NA,1375.373,"ncurve"
"Zhengmix4eq","GateOnly","SC3",100,"true","submitted","default",1,0.268642043763846,0.548209011206867,0.346311137732551,0.541812719078618,100,4,4,NA,NA,NA,3994,0,567.921,"ncurve"
"Zhengmix4eq","GateOnly","SC3",100,"estimated","submitted","default",1,0.256093766581026,0.405307747374022,0.206801626882023,0.790185277916875,100,NA,26,NA,NA,NA,NA,NA,1351.944,"ncurve"
"Zhengmix4eq","GateOnly","SC3",200,"true","submitted","default",1,0.67024603173356,0.781923008464943,0.623460540671195,0.742113169754632,200,4,4,NA,NA,NA,3994,0,609.899,"ncurve"
"Zhengmix4eq","GateOnly","SC3",200,"estimated","submitted","default",1,0.309857952518066,0.461728656569387,0.242184073799579,0.834251377065598,200,NA,26,NA,NA,NA,NA,NA,1065.889,"ncurve"
"Zhengmix4eq","GateOnly","SC3",300,"true","submitted","default",1,0.696956570160536,0.803744030616704,0.649767067015223,0.745117676514772,300,4,4,NA,NA,NA,3994,0,751.014,"ncurve"
"Zhengmix4eq","GateOnly","SC3",300,"estimated","submitted","default",1,0.231787378141632,0.387784934267355,0.1802808351617,0.880821231847772,300,NA,26,NA,NA,NA,NA,NA,1201.034,"ncurve"
"Zhengmix4eq","GateOnly","SC3",500,"true","submitted","default",1,0.703300634978629,0.808353947764477,0.655868770121015,0.746870305458187,500,4,4,NA,NA,NA,3994,0,783.532,"ncurve"
"Zhengmix4eq","GateOnly","SC3",500,"estimated","submitted","default",1,0.284782556486838,0.448305886819216,0.214803389331512,0.957185778668002,500,NA,26,NA,NA,NA,NA,NA,1768.436,"ncurve"
"Zhengmix4eq","GateOnly","SC3",750,"true","submitted","default",1,0.704861702151548,0.809857371550913,0.657530223956416,0.747621432148222,750,4,4,NA,NA,NA,3994,0,759.35,"ncurve"
"Zhengmix4eq","GateOnly","SC3",750,"estimated","submitted","default",1,0.373393373999835,0.53067977460694,0.285634426227053,0.980220330495744,750,NA,26,NA,NA,NA,NA,NA,1709.162,"ncurve"
"Zhengmix4eq","GateOnly","SC3",1000,"true","submitted","default",1,0.979447731511243,0.984582216751792,0.969632628363544,0.992238357536304,1000,4,4,NA,NA,NA,3994,0,759.2,"ncurve"
"Zhengmix4eq","GateOnly","SC3",1000,"estimated","submitted","default",1,0.534595869443488,0.657522890439792,0.434267261325576,0.988733099649474,1000,NA,26,NA,NA,NA,NA,NA,1651.522,"ncurve"
"Zhengmix4eq","GateOnly","SC3",1500,"true","submitted","default",1,0.985399154860866,0.989046697103909,0.978330743787946,0.99449173760641,1500,4,4,NA,NA,NA,3994,0,751.038,"ncurve"
"Zhengmix4eq","GateOnly","SC3",1500,"estimated","submitted","default",1,0.505075009306722,0.635632428417848,0.405221839241699,0.993740610916375,1500,NA,26,NA,NA,NA,NA,NA,1411.889,"ncurve"
"Zhengmix4eq","GateOnly","SC3",2500,"true","submitted","default",1,0.979507790326001,0.984627209109145,0.969719906165723,0.992238357536304,1935,4,4,NA,NA,NA,3994,0,730.22,"ncurve"
"Zhengmix4eq","GateOnly","SC3",2500,"estimated","submitted","default",1,0.518165024833575,0.645551968793364,0.417892621027297,0.99399098647972,1935,NA,26,NA,NA,NA,NA,NA,1298.783,"ncurve"
"Zhengmix4eq","Seurat","Refined Louvain",0,"true","submitted","default",1,0.691054086366012,0.798961321966568,0.643917314388747,0.745868803204807,1935,4,4,NA,NA,NA,3994,0,39.876,"ncurve"
"Zhengmix4eq","Seurat","Refined Louvain",0,"estimated","submitted","default",1,0.249533943306956,0.420690940661745,0.183803515644049,0.965197796695043,1935,NA,26,NA,NA,NA,NA,NA,41.217,"ncurve"
"Zhengmix4eq","Seurat","Refined Louvain",100,"true","submitted","default",1,0.69466934632195,0.794871289372878,0.644320594333863,0.751377065598398,100,4,4,NA,NA,NA,3994,0,37.711,"ncurve"
"Zhengmix4eq","Seurat","Refined Louvain",100,"estimated","submitted","default",1,0.211501551387747,0.373603185563815,0.159648792461887,0.890335503254882,100,NA,26,NA,NA,NA,NA,NA,34.92,"ncurve"
"Zhengmix4eq","Seurat","Refined Louvain",200,"true","submitted","default",1,0.690377161612762,0.798329978413268,0.643212631937859,0.745618427641462,200,4,4,NA,NA,NA,3994,0,34.88,"ncurve"
"Zhengmix4eq","Seurat","Refined Louvain",200,"estimated","submitted","default",1,0.227014660436982,0.391622178112599,0.170106472878083,0.916875312969454,200,NA,26,NA,NA,NA,NA,NA,39.73,"ncurve"
"Zhengmix4eq","Seurat","Refined Louvain",300,"true","submitted","default",1,0.690437386363027,0.798447760947399,0.643301943628507,0.745618427641462,300,4,4,NA,NA,NA,3994,0,39.402,"ncurve"
"Zhengmix4eq","Seurat","Refined Louvain",300,"estimated","submitted","default",1,0.208250792148459,0.372045869945407,0.156011911497515,0.908362543815724,300,NA,26,NA,NA,NA,NA,NA,41.034,"ncurve"
"Zhengmix4eq","Seurat","Refined Louvain",500,"true","submitted","default",1,0.69067963072503,0.798581941577417,0.643514460054376,0.745618427641462,500,4,4,NA,NA,NA,3994,0,43.988,"ncurve"
"Zhengmix4eq","Seurat","Refined Louvain",500,"estimated","submitted","default",1,0.235116097666939,0.403891332194271,0.173977008263506,0.952428642964447,500,NA,26,NA,NA,NA,NA,NA,40.86,"ncurve"
"Zhengmix4eq","Seurat","Refined Louvain",750,"true","submitted","default",1,0.690992053412418,0.798842000447909,0.643826215821249,0.745868803204807,750,4,4,NA,NA,NA,3994,0,37.715,"ncurve"
"Zhengmix4eq","Seurat","Refined Louvain",750,"estimated","submitted","default",1,0.221052925800093,0.392174663309677,0.161967622273436,0.956184276414622,750,NA,26,NA,NA,NA,NA,NA,50.253,"ncurve"
"Zhengmix4eq","Seurat","Refined Louvain",1000,"true","submitted","default",1,0.690573743723808,0.798696478970903,0.643496271967756,0.745868803204807,1000,4,4,NA,NA,NA,3994,0,38.809,"ncurve"
"Zhengmix4eq","Seurat","Refined Louvain",1000,"estimated","submitted","default",1,0.25800484959672,0.426968512208886,0.191385635153045,0.961191787681522,1000,NA,26,NA,NA,NA,NA,NA,38.476,"ncurve"
"Zhengmix4eq","Seurat","Refined Louvain",1500,"true","submitted","default",1,0.691054086366012,0.798961321966568,0.643917314388747,0.745868803204807,1500,4,4,NA,NA,NA,3994,0,42.417,"ncurve"
"Zhengmix4eq","Seurat","Refined Louvain",1500,"estimated","submitted","default",1,0.286288709776333,0.453219658726294,0.213983342058449,0.969954932398598,1500,NA,26,NA,NA,NA,NA,NA,46.071,"ncurve"
"Zhengmix4eq","Seurat","Refined Louvain",2500,"true","submitted","default",1,0.691054086366012,0.798961321966568,0.643917314388747,0.745868803204807,2500,4,4,NA,NA,NA,3994,0,54.113,"ncurve"
"Zhengmix4eq","Seurat","Refined Louvain",2500,"estimated","submitted","default",1,0.284033855507867,0.452255910325314,0.211581134481322,0.973209814722083,2500,NA,26,NA,NA,NA,NA,NA,43.715,"ncurve"
"Zhengmix4eq","Seurat","SC3",0,"true","submitted","default",1,0.693075049684459,0.80010261565853,0.645703324340543,0.747621432148222,1935,4,4,NA,NA,NA,3994,0,630.552,"ncurve"
"Zhengmix4eq","Seurat","SC3",0,"estimated","submitted","default",1,0.348003782340428,0.507307660272035,0.265104959472864,0.959188783174762,1935,NA,26,NA,NA,NA,NA,NA,1758.311,"ncurve"
"Zhengmix4eq","Seurat","SC3",100,"true","submitted","default",1,0.685250515802998,0.793462079765345,0.637844113376324,0.747621432148222,100,4,4,NA,NA,NA,3994,0,464.249,"ncurve"
"Zhengmix4eq","Seurat","SC3",100,"estimated","submitted","default",1,0.279777209758949,0.436846538757203,0.215540075243018,0.849023535302954,100,NA,26,NA,NA,NA,NA,NA,825.568,"ncurve"
"Zhengmix4eq","Seurat","SC3",200,"true","submitted","default",1,0.706076104529934,0.810800977593392,0.658730208895065,0.747871807711567,200,4,4,NA,NA,NA,3994,0,422.737,"ncurve"
"Zhengmix4eq","Seurat","SC3",200,"estimated","submitted","default",1,0.311101296730391,0.468650708721179,0.238501380507757,0.874561842764146,200,NA,26,NA,NA,NA,NA,NA,764.763,"ncurve"
"Zhengmix4eq","Seurat","SC3",300,"true","submitted","default",1,0.694569164751572,0.800941448185448,0.647024630410596,0.748372558838257,300,4,4,NA,NA,NA,3994,0,426.232,"ncurve"
"Zhengmix4eq","Seurat","SC3",300,"estimated","submitted","default",1,0.302155485257185,0.461453683913585,0.230600154260681,0.888582874311467,300,NA,26,NA,NA,NA,NA,NA,969.364,"ncurve"
"Zhengmix4eq","Seurat","SC3",500,"true","submitted","default",1,0.693075049684459,0.80010261565853,0.645703324340543,0.747621432148222,500,4,4,NA,NA,NA,3994,0,518.13,"ncurve"
"Zhengmix4eq","Seurat","SC3",500,"estimated","submitted","default",1,0.278433235540894,0.445661590779848,0.20785806889816,0.925388082123185,500,NA,26,NA,NA,NA,NA,NA,839.621,"ncurve"
"Zhengmix4eq","Seurat","SC3",750,"true","submitted","default",1,0.693075049684459,0.80010261565853,0.645703324340543,0.747621432148222,750,4,4,NA,NA,NA,3994,0,486.279,"ncurve"
"Zhengmix4eq","Seurat","SC3",750,"estimated","submitted","default",1,0.3158073591617,0.477978533093584,0.239041564705114,0.937406109163746,750,NA,26,NA,NA,NA,NA,NA,930.651,"ncurve"
"Zhengmix4eq","Seurat","SC3",1000,"true","submitted","default",1,0.693075049684459,0.80010261565853,0.645703324340543,0.747621432148222,1000,4,4,NA,NA,NA,3994,0,556.678,"ncurve"
"Zhengmix4eq","Seurat","SC3",1000,"estimated","submitted","default",1,0.406594499653722,0.555665837703651,0.316034382440609,0.940911367050576,1000,NA,26,NA,NA,NA,NA,NA,944.882,"ncurve"
"Zhengmix4eq","Seurat","SC3",1500,"true","submitted","default",1,0.703976883114792,0.809187653783422,0.656664223154192,0.747621432148222,1500,4,4,NA,NA,NA,3994,0,609.315,"ncurve"
"Zhengmix4eq","Seurat","SC3",1500,"estimated","submitted","default",1,0.342886690681656,0.503185640522267,0.260639169788602,0.964697045568353,1500,NA,26,NA,NA,NA,NA,NA,1168.868,"ncurve"
"Zhengmix4eq","Seurat","SC3",2500,"true","submitted","default",1,0.704463175188262,0.809456814047516,0.657099039577907,0.747871807711567,2500,4,4,NA,NA,NA,3994,0,759.214,"ncurve"
"Zhengmix4eq","Seurat","SC3",2500,"estimated","submitted","default",1,0.304181329427148,0.467750201710735,0.229433107832072,0.937406109163746,2500,NA,26,NA,NA,NA,NA,NA,1280.285,"ncurve"
"Zhengmix4eq","Variance","Refined Louvain",0,"true","submitted","default",1,0.983374670225232,0.987528245298701,0.975363740792761,0.993740610916375,1935,4,4,NA,NA,NA,3994,0,47.785,"ncurve"
"Zhengmix4eq","Variance","Refined Louvain",0,"estimated","submitted","default",1,0.268942170280661,0.442623483721833,0.197416548918217,0.993740610916375,1935,NA,26,NA,NA,NA,NA,NA,41.813,"ncurve"
"Zhengmix4eq","Variance","Refined Louvain",100,"true","submitted","default",1,0.688600146114812,0.796376529431608,0.641234215257609,0.747371056584877,100,4,4,NA,NA,NA,3994,0,49.529,"ncurve"
"Zhengmix4eq","Variance","Refined Louvain",100,"estimated","submitted","default",1,0.261015731589213,0.430160672527395,0.193585838255156,0.966950425638458,100,NA,26,NA,NA,NA,NA,NA,40.603,"ncurve"
"Zhengmix4eq","Variance","Refined Louvain",200,"true","submitted","default",1,0.961967880779625,0.971469161313255,0.944521178412495,0.985478217325989,200,4,4,NA,NA,NA,3994,0,42.098,"ncurve"
"Zhengmix4eq","Variance","Refined Louvain",200,"estimated","submitted","default",1,0.281195877023236,0.451342509372981,0.208438811829025,0.983975963945919,200,NA,26,NA,NA,NA,NA,NA,45.251,"ncurve"
"Zhengmix4eq","Variance","Refined Louvain",300,"true","submitted","default",1,0.969065919288595,0.976793813673053,0.954640253585984,0.988232348522784,300,4,4,NA,NA,NA,3994,0,39.332,"ncurve"
"Zhengmix4eq","Variance","Refined Louvain",300,"estimated","submitted","default",1,0.278003685278564,0.44922918724478,0.205478137960702,0.987731597396094,300,NA,26,NA,NA,NA,NA,NA,41.934,"ncurve"
"Zhengmix4eq","Variance","Refined Louvain",500,"true","submitted","default",1,0.97093436062916,0.978195662096062,0.957321890014443,0.988983475212819,500,4,4,NA,NA,NA,3994,0,40.59,"ncurve"
"Zhengmix4eq","Variance","Refined Louvain",500,"estimated","submitted","default",1,0.269969346032815,0.442557675020389,0.198705716585145,0.989233850776164,500,NA,26,NA,NA,NA,NA,NA,67.356,"ncurve"
"Zhengmix4eq","Variance","Refined Louvain",750,"true","submitted","default",1,0.978763144621179,0.984068766333127,0.968637175977189,0.991987981972959,750,4,4,NA,NA,NA,3994,0,39.76,"ncurve"
"Zhengmix4eq","Variance","Refined Louvain",750,"estimated","submitted","default",1,0.272702591924449,0.445299831939559,0.20078494876015,0.990736104156234,750,NA,26,NA,NA,NA,NA,NA,48.007,"ncurve"
"Zhengmix4eq","Variance","Refined Louvain",1000,"true","submitted","default",1,0.978745180918704,0.98405545710263,0.968611380931253,0.991987981972959,1000,4,4,NA,NA,NA,3994,0,43.235,"ncurve"
"Zhengmix4eq","Variance","Refined Louvain",1000,"estimated","submitted","default",1,0.27290199961234,0.445849685072762,0.200773440050635,0.991487230846269,1000,NA,26,NA,NA,NA,NA,NA,46.085,"ncurve"
"Zhengmix4eq","Variance","Refined Louvain",1500,"true","submitted","default",1,0.979437818189005,0.984574826951119,0.969618293289409,0.992238357536304,1500,4,4,NA,NA,NA,3994,0,42.407,"ncurve"
"Zhengmix4eq","Variance","Refined Louvain",1500,"estimated","submitted","default",1,0.276698046747155,0.449195065825537,0.203877229574727,0.992488733099649,1500,NA,26,NA,NA,NA,NA,NA,46.965,"ncurve"
"Zhengmix4eq","Variance","Refined Louvain",2500,"true","submitted","default",1,0.981383255712278,0.986034327560109,0.972453356250916,0.992989484226339,2500,4,4,NA,NA,NA,3994,0,57.451,"ncurve"
"Zhengmix4eq","Variance","Refined Louvain",2500,"estimated","submitted","default",1,0.258453259187536,0.432989559072272,0.189029006499945,0.993239859789685,2500,NA,26,NA,NA,NA,NA,NA,43.433,"ncurve"
"Zhengmix4eq","Variance","SC3",0,"true","submitted","default",1,0.984041391181789,0.988028369176493,0.976339981260079,0.99399098647972,1935,4,4,NA,NA,NA,3994,0,696.668,"ncurve"
"Zhengmix4eq","Variance","SC3",0,"estimated","submitted","default",1,0.520682596333564,0.647563102177324,0.420273199531887,0.99449173760641,1935,NA,26,NA,NA,NA,NA,NA,1388.947,"ncurve"
"Zhengmix4eq","Variance","SC3",100,"true","submitted","default",1,0.706400713252361,0.811072427804568,0.659059138980096,0.747871807711567,100,4,4,NA,NA,NA,3994,0,671.854,"ncurve"
"Zhengmix4eq","Variance","SC3",100,"estimated","submitted","default",1,0.525872621955585,0.648678108893814,0.427292579885344,0.953430145217827,100,NA,26,NA,NA,NA,NA,NA,1065.39,"ncurve"
"Zhengmix4eq","Variance","SC3",200,"true","submitted","default",1,0.973622449835673,0.980211988875778,0.961191912409708,0.989984977466199,200,4,4,NA,NA,NA,3994,0,686.083,"ncurve"
"Zhengmix4eq","Variance","SC3",200,"estimated","submitted","default",1,0.453967540113001,0.595016209572832,0.357844130312208,0.984727090635954,200,NA,26,NA,NA,NA,NA,NA,1478.979,"ncurve"
"Zhengmix4eq","Variance","SC3",300,"true","submitted","default",1,0.967175074566981,0.975375793787913,0.951935140780935,0.987481221832749,300,4,4,NA,NA,NA,3994,0,750.571,"ncurve"
"Zhengmix4eq","Variance","SC3",300,"estimated","submitted","default",1,0.395950376999685,0.547046547033903,0.30660733550422,0.973710565848773,300,NA,26,NA,NA,NA,NA,NA,2014.42,"ncurve"
"Zhengmix4eq","Variance","SC3",500,"true","submitted","default",1,0.982738325025026,0.987050754228554,0.974432584046939,0.993490235353029,500,4,4,NA,NA,NA,3994,0,1001.283,"ncurve"
"Zhengmix4eq","Variance","SC3",500,"estimated","submitted","default",1,0.386011524571554,0.542191123146655,0.295961544141093,0.986229344016024,500,NA,26,NA,NA,NA,NA,NA,1958.935,"ncurve"
"Zhengmix4eq","Variance","SC3",750,"true","submitted","default",1,0.982728403465064,0.98704335526792,0.974418160959982,0.993490235353029,750,4,4,NA,NA,NA,3994,0,793.024,"ncurve"
"Zhengmix4eq","Variance","SC3",750,"estimated","submitted","default",1,0.466570490170792,0.606190234571701,0.368679823836222,0.987230846269404,750,NA,26,NA,NA,NA,NA,NA,1588.243,"ncurve"
"Zhengmix4eq","Variance","SC3",1000,"true","submitted","default",1,0.979507790326001,0.984627209109145,0.969719906165723,0.992238357536304,1000,4,4,NA,NA,NA,3994,0,763.33,"ncurve"
"Zhengmix4eq","Variance","SC3",1000,"estimated","submitted","default",1,0.424937715543985,0.573710995289113,0.330410039442672,0.991236855282924,1000,NA,26,NA,NA,NA,NA,NA,1540.292,"ncurve"
"Zhengmix4eq","Variance","SC3",1500,"true","submitted","default",1,0.98015824906823,0.985115183583671,0.970666981905271,0.992488733099649,1500,4,4,NA,NA,NA,3994,0,745.835,"ncurve"
"Zhengmix4eq","Variance","SC3",1500,"estimated","submitted","default",1,0.504459216275303,0.635267819493619,0.404562263922112,0.993490235353029,1500,NA,26,NA,NA,NA,NA,NA,1384.484,"ncurve"
"Zhengmix4eq","Variance","SC3",2500,"true","submitted","default",1,0.978800713292912,0.984096859077071,0.968691616723565,0.991987981972959,2500,4,4,NA,NA,NA,3994,0,852.965,"ncurve"
"Zhengmix4eq","Variance","SC3",2500,"estimated","submitted","default",1,0.535282965413257,0.658486562446308,0.434643134704316,0.995242864296445,2500,NA,26,NA,NA,NA,NA,NA,2357.061,"ncurve"
"Zhengmix8eq","DIFS","Refined Louvain",0,"true","submitted","object",1,0.742182853104296,0.779560480639451,0.635899643845041,0.832248372558838,2134,8,8,1700,1774,"3:2",3994,0,1589.242,"ncurve"
"Zhengmix8eq","DIFS","Refined Louvain",0,"estimated","submitted","default",1,0.481163268041318,0.559371926296442,0.355150521851108,0.843515272909364,2134,NA,22,1600,2101,"3:2",NA,NA,3062.457,"ncurve"
"Zhengmix8eq","DIFS","Refined Louvain",100,"true","submitted","default",1,0.590950347981019,0.651507993293008,0.479551285077986,0.711817726589885,100,8,8,1700,1774,"1:2",3994,0,1700.292,"ncurve"
"Zhengmix8eq","DIFS","Refined Louvain",100,"estimated","submitted","default",1,0.401576586924475,0.490530433528822,0.287059260708701,0.766900350525789,100,NA,22,1600,2101,"2:3",NA,NA,1813.836,"ncurve"
"Zhengmix8eq","DIFS","Refined Louvain",200,"true","submitted","object",1,0.705300580267405,0.749234201990694,0.595145254855532,0.816975463194792,200,8,8,1700,1774,"1:2",3994,0,1499.059,"ncurve"
"Zhengmix8eq","DIFS","Refined Louvain",200,"estimated","submitted","default",1,0.407708155836918,0.49681803242571,0.291760037411371,0.819979969954932,200,NA,22,1600,2101,"1:3",NA,NA,1887.211,"ncurve"
"Zhengmix8eq","DIFS","Refined Louvain",300,"true","submitted","object",1,0.712816122239834,0.756121011252978,0.603593607387655,0.822233350025038,300,8,8,1700,1774,"1:3",3994,0,1421.724,"ncurve"
"Zhengmix8eq","DIFS","Refined Louvain",300,"estimated","submitted","default",1,0.453339064101891,0.538546019034428,0.329563253560631,0.829243865798698,300,NA,22,1600,2101,"1:3",NA,NA,1931.951,"ncurve"
"Zhengmix8eq","DIFS","Refined Louvain",500,"true","submitted","object",1,0.725872108440017,0.766946066171819,0.617974698427052,0.827491236855283,500,8,8,1700,1774,"1:3",3994,0,1489.508,"ncurve"
"Zhengmix8eq","DIFS","Refined Louvain",500,"estimated","submitted","default",1,0.407588566665984,0.496770701331252,0.29163970446422,0.831997996995493,500,NA,22,1600,2101,"2:3",NA,NA,1906.058,"ncurve"
"Zhengmix8eq","DIFS","Refined Louvain",750,"true","submitted","object",1,0.736754974773863,0.77571724663374,0.630055441433084,0.834001001502253,750,8,8,1700,1774,"1:3",3994,0,1608.342,"ncurve"
"Zhengmix8eq","DIFS","Refined Louvain",750,"estimated","submitted","default",1,0.418706620880268,0.505836451387621,0.30111988517872,0.835002503755633,750,NA,22,1600,2101,"1:1",NA,NA,1906.867,"ncurve"
"Zhengmix8eq","DIFS","Refined Louvain",1000,"true","submitted","object",1,0.738712490291205,0.776577308576464,0.631910852863169,0.831997996995493,1000,8,8,1700,1774,"1:2",3994,0,1457.469,"ncurve"
"Zhengmix8eq","DIFS","Refined Louvain",1000,"estimated","submitted","default",1,0.406265730803855,0.497608771851722,0.289821672927501,0.841261892839259,1000,NA,22,1600,2101,"2:1",NA,NA,1875.584,"ncurve"
"Zhengmix8eq","DIFS","Refined Louvain",1500,"true","submitted","object",1,0.742801823320289,0.781048646529306,0.63705558448465,0.835252879318979,1500,8,8,1700,1774,"2:3",3994,0,1461.23,"ncurve"
"Zhengmix8eq","DIFS","Refined Louvain",1500,"estimated","submitted","default",1,0.455910540787146,0.541286106210748,0.331605669075175,0.845518277416124,1500,NA,22,1600,2101,"1:1",NA,NA,1861.451,"ncurve"
"Zhengmix8eq","DIFS","Refined Louvain",2500,"true","submitted","object",1,0.76647194030324,0.800566722933019,0.664437623494712,0.848773159739609,2259,8,8,1700,1774,"1:1",3994,0,1721.71,"ncurve"
"Zhengmix8eq","DIFS","Refined Louvain",2500,"estimated","submitted","default",1,0.475562634644959,0.553255743617715,0.350712677162748,0.842513770655984,2500,NA,22,1600,2101,"1:1",NA,NA,1860.886,"ncurve"
"Zhengmix8eq","DIFS","SC3",0,"true","submitted","object",1,0.762445053070693,0.79713192376501,0.659659786161247,0.846519779669504,2134,8,8,1700,1774,"3:2",3994,0,2365.991,"ncurve"
"Zhengmix8eq","DIFS","SC3",0,"estimated","submitted","default",1,0.537947245967497,0.59446858399847,0.416797459430318,0.831997996995493,2134,NA,22,1600,2101,"3:2",NA,NA,3058.895,"ncurve"
"Zhengmix8eq","DIFS","SC3",100,"true","submitted","default",1,0.540788113731556,0.628978879904249,0.441476669510566,0.688532799198798,100,8,8,1700,1774,"1:2",3994,0,2383.357,"ncurve"
"Zhengmix8eq","DIFS","SC3",100,"estimated","submitted","default",1,0.615356428404271,0.664639697351803,0.489040309648974,0.735102653980971,100,NA,22,1600,2101,"2:3",NA,NA,2589.48,"ncurve"
"Zhengmix8eq","DIFS","SC3",200,"true","submitted","object",1,0.594913570419011,0.669046096679526,0.488591513969864,0.725087631447171,200,8,8,1700,1774,"1:2",3994,0,2164.176,"ncurve"
"Zhengmix8eq","DIFS","SC3",200,"estimated","submitted","default",1,0.584800261267977,0.639120353873931,0.45743133191776,0.766399599399099,200,NA,22,1600,2101,"1:3",NA,NA,2833.426,"ncurve"
"Zhengmix8eq","DIFS","SC3",300,"true","submitted","object",1,0.632159253223291,0.692355908310319,0.521541881423781,0.741362043064597,300,8,8,1700,1774,"1:3",3994,0,2191.921,"ncurve"
"Zhengmix8eq","DIFS","SC3",300,"estimated","submitted","default",1,0.509406850253588,0.572892900180651,0.38645518080428,0.753630445668503,300,NA,22,1600,2101,"1:3",NA,NA,2871.392,"ncurve"
"Zhengmix8eq","DIFS","SC3",500,"true","submitted","object",1,0.648177429943636,0.701230372464563,0.535569506555967,0.746870305458187,500,8,8,1700,1774,"1:3",3994,0,2329.891,"ncurve"
"Zhengmix8eq","DIFS","SC3",500,"estimated","submitted","default",1,0.416671845325796,0.494868342764022,0.303698215453932,0.769404106159239,500,NA,22,1600,2101,"2:3",NA,NA,2916.009,"ncurve"
"Zhengmix8eq","DIFS","SC3",750,"true","submitted","object",1,0.73954336807788,0.778125363065962,0.633253606872313,0.836755132699049,750,8,8,1700,1774,"1:3",3994,0,3088.421,"ncurve"
"Zhengmix8eq","DIFS","SC3",750,"estimated","submitted","default",1,0.45065954229299,0.521252855759269,0.334714745959473,0.809213820731097,750,NA,22,1600,2101,"1:1",NA,NA,3870.142,"ncurve"
"Zhengmix8eq","DIFS","SC3",1000,"true","submitted","object",1,0.73380438510077,0.773981150886508,0.627042758329296,0.824236354531798,1000,8,8,1700,1774,"1:2",3994,0,2298.557,"ncurve"
"Zhengmix8eq","DIFS","SC3",1000,"estimated","submitted","default",1,0.476067877835817,0.541363843679837,0.358781648799366,0.812969454181272,1000,NA,22,1600,2101,"2:1",NA,NA,3288.933,"ncurve"
"Zhengmix8eq","DIFS","SC3",1500,"true","submitted","object",1,0.711124521074012,0.754281946683855,0.601557330102592,0.820981472208313,1500,8,8,1700,1774,"2:3",3994,0,2570.702,"ncurve"
"Zhengmix8eq","DIFS","SC3",1500,"estimated","submitted","default",1,0.485976423592386,0.55524926151115,0.363450163023167,0.816474712068102,1500,NA,22,1600,2101,"1:1",NA,NA,2979.019,"ncurve"
"Zhengmix8eq","DIFS","SC3",2500,"true","submitted","object",1,0.754878618026892,0.790608329891152,0.650724964823969,0.842263395092639,2259,8,8,1700,1774,"1:1",3994,0,2278.891,"ncurve"
"Zhengmix8eq","DIFS","SC3",2500,"estimated","submitted","default",1,0.537041675853692,0.593962256687481,0.415385691284598,0.835002503755633,2500,NA,22,1600,2101,"1:1",NA,NA,3021.708,"ncurve"
"Zhengmix8eq","FEAST","Refined Louvain",0,"true","submitted","object",1,0.76767378113651,0.802532056141572,0.666283861176228,0.844016024036054,2134,7,8,NA,NA,NA,3994,0,43.408,"ncurve"
"Zhengmix8eq","FEAST","Refined Louvain",0,"estimated","submitted","default",1,0.435490525348953,0.522455140098667,0.314500251321479,0.8542814221332,2134,NA,22,NA,NA,NA,NA,NA,63.672,"ncurve"
"Zhengmix8eq","FEAST","Refined Louvain",100,"true","submitted","object",1,0.536052709004221,0.605832374091136,0.430479057536079,0.64822233350025,100,8,8,NA,NA,NA,3994,0,47.705,"ncurve"
"Zhengmix8eq","FEAST","Refined Louvain",100,"estimated","submitted","default",1,0.290586437639047,0.380007811809654,0.205609763400935,0.711817726589885,100,NA,22,NA,NA,NA,NA,NA,58.806,"ncurve"
"Zhengmix8eq","FEAST","Refined Louvain",200,"true","submitted","object",1,0.607102647382229,0.663650129677049,0.494004429178647,0.733350025037556,200,8,8,NA,NA,NA,3994,0,42.254,"ncurve"
"Zhengmix8eq","FEAST","Refined Louvain",200,"estimated","submitted","default",1,0.343327102626843,0.433609903860808,0.242736511541976,0.778668002003004,200,NA,22,NA,NA,NA,NA,NA,62.348,"ncurve"
"Zhengmix8eq","FEAST","Refined Louvain",300,"true","submitted","object",1,0.720453003237105,0.761687530838878,0.611628996335526,0.823234852278418,300,8,8,NA,NA,NA,3994,0,42.036,"ncurve"
"Zhengmix8eq","FEAST","Refined Louvain",300,"estimated","submitted","default",1,0.433511647983248,0.513318778317566,0.31589028091322,0.809464196294442,300,NA,22,NA,NA,NA,NA,NA,54.092,"ncurve"
"Zhengmix8eq","FEAST","Refined Louvain",500,"true","submitted","object",1,0.745036308355745,0.78260469176828,0.639471397053908,0.838507761642464,500,8,8,NA,NA,NA,3994,0,61.842,"ncurve"
"Zhengmix8eq","FEAST","Refined Louvain",500,"estimated","submitted","default",1,0.386821715762828,0.478086970672259,0.274825633200769,0.842764146219329,500,NA,22,NA,NA,NA,NA,NA,52.295,"ncurve"
"Zhengmix8eq","FEAST","Refined Louvain",750,"true","submitted","object",1,0.756177100295401,0.79213390725344,0.652438023313085,0.844266399599399,750,8,8,NA,NA,NA,3994,0,45.342,"ncurve"
"Zhengmix8eq","FEAST","Refined Louvain",750,"estimated","submitted","default",1,0.446589299740716,0.530734254171597,0.324473325609348,0.838758137205809,750,NA,22,NA,NA,NA,NA,NA,57.268,"ncurve"
"Zhengmix8eq","FEAST","Refined Louvain",1000,"true","submitted","object",1,0.758409680887976,0.793668420603944,0.654889865448933,0.847270906359539,1000,8,8,NA,NA,NA,3994,0,45.43,"ncurve"
"Zhengmix8eq","FEAST","Refined Louvain",1000,"estimated","submitted","default",1,0.447096712460086,0.528853885534066,0.325825087524183,0.843014521782674,1000,NA,22,NA,NA,NA,NA,NA,60.743,"ncurve"
"Zhengmix8eq","FEAST","Refined Louvain",1500,"true","submitted","object",1,0.766775056074034,0.800588628254298,0.664687667820702,0.85177766649975,1500,8,8,NA,NA,NA,3994,0,51.037,"ncurve"
"Zhengmix8eq","FEAST","Refined Louvain",1500,"estimated","submitted","default",1,0.444356764797867,0.528990932784904,0.322486843246682,0.85127691537306,1500,NA,22,NA,NA,NA,NA,NA,76.197,"ncurve"
"Zhengmix8eq","FEAST","Refined Louvain",2500,"true","submitted","object",1,0.77395477709265,0.807807839251744,0.67376851046697,0.847771657486229,2500,7,8,NA,NA,NA,3994,0,47.664,"ncurve"
"Zhengmix8eq","FEAST","Refined Louvain",2500,"estimated","submitted","default",1,0.436000084218023,0.523716970176735,0.314640060290311,0.854031046569855,2500,NA,22,NA,NA,NA,NA,NA,88.239,"ncurve"
"Zhengmix8eq","FEAST","SC3",0,"true","submitted","object",1,0.752237425524955,0.788730890667501,0.647813856972103,0.840260390585879,2134,8,8,NA,NA,NA,3994,0,827.478,"ncurve"
"Zhengmix8eq","FEAST","SC3",0,"estimated","submitted","default",1,0.532844964004311,0.593618306292192,0.40782225269529,0.832498748122183,2134,NA,22,NA,NA,NA,NA,NA,1375.754,"ncurve"
"Zhengmix8eq","FEAST","SC3",100,"true","submitted","object",1,0.368523078235419,0.552046836006141,0.321726054504522,0.559589384076114,100,8,8,NA,NA,NA,3994,0,738.537,"ncurve"
"Zhengmix8eq","FEAST","SC3",100,"estimated","submitted","default",1,0.56930106854244,0.626210979761984,0.441838272611888,0.668753129694542,100,NA,22,NA,NA,NA,NA,NA,1019.439,"ncurve"
"Zhengmix8eq","FEAST","SC3",200,"true","submitted","object",1,0.427520934986989,0.541150951374987,0.351713935512485,0.561842764146219,200,8,8,NA,NA,NA,3994,0,760.12,"ncurve"
"Zhengmix8eq","FEAST","SC3",200,"estimated","submitted","default",1,0.61472777668107,0.669001223031035,0.484969783010527,0.741362043064597,200,NA,22,NA,NA,NA,NA,NA,1016.806,"ncurve"
"Zhengmix8eq","FEAST","SC3",300,"true","submitted","object",1,0.493026239276438,0.575894932636167,0.396777632722856,0.623435152729094,300,8,8,NA,NA,NA,3994,0,675.616,"ncurve"
"Zhengmix8eq","FEAST","SC3",300,"estimated","submitted","default",1,0.629239814252657,0.678076073157539,0.502137960386654,0.776915373059589,300,NA,22,NA,NA,NA,NA,NA,906.602,"ncurve"
"Zhengmix8eq","FEAST","SC3",500,"true","submitted","object",1,0.739372564775446,0.778040121897768,0.633085326199535,0.824987481221833,500,8,8,NA,NA,NA,3994,0,881.7,"ncurve"
"Zhengmix8eq","FEAST","SC3",500,"estimated","submitted","default",1,0.613512310427139,0.665333867483041,0.485293900377614,0.78893340010015,500,NA,22,NA,NA,NA,NA,NA,1021.675,"ncurve"
"Zhengmix8eq","FEAST","SC3",750,"true","submitted","object",1,0.753898336459684,0.791250365142743,0.650229157605399,0.835503254882323,750,8,8,NA,NA,NA,3994,0,836.01,"ncurve"
"Zhengmix8eq","FEAST","SC3",750,"estimated","submitted","default",1,0.570672582834861,0.62802224445697,0.442733385064148,0.827741612418628,750,NA,22,NA,NA,NA,NA,NA,1124.713,"ncurve"
"Zhengmix8eq","FEAST","SC3",1000,"true","submitted","object",1,0.74138377721509,0.779442221708397,0.635247577865439,0.834251377065598,1000,8,8,NA,NA,NA,3994,0,1314.509,"ncurve"
"Zhengmix8eq","FEAST","SC3",1000,"estimated","submitted","default",1,0.539812253811675,0.599295351396427,0.414664087524789,0.829243865798698,1000,NA,22,NA,NA,NA,NA,NA,1214.243,"ncurve"
"Zhengmix8eq","FEAST","SC3",1500,"true","submitted","object",1,0.767629866585118,0.802374293621913,0.666180451750637,0.842513770655984,1500,8,8,NA,NA,NA,3994,0,808.113,"ncurve"
"Zhengmix8eq","FEAST","SC3",1500,"estimated","submitted","default",1,0.547138997158281,0.60594763357803,0.421352988224126,0.828743114672008,1500,NA,22,NA,NA,NA,NA,NA,1224.513,"ncurve"
"Zhengmix8eq","FEAST","SC3",2500,"true","submitted","object",1,0.750372849011546,0.787246062692236,0.64569135557666,0.839509263895844,2500,8,8,NA,NA,NA,3994,0,821.271,"ncurve"
"Zhengmix8eq","FEAST","SC3",2500,"estimated","submitted","default",1,0.516292292646955,0.578850873721418,0.392785035704293,0.830746119178768,2500,NA,22,NA,NA,NA,NA,NA,1817.807,"ncurve"
"Zhengmix8eq","GateOnly","Refined Louvain",0,"true","submitted","object",1,0.754286911708078,0.790426891326423,0.650182444835725,0.840761141712569,2134,8,8,NA,NA,NA,3994,0,42.159,"ncurve"
"Zhengmix8eq","GateOnly","Refined Louvain",0,"estimated","submitted","default",1,0.451824310123959,0.534133189253736,0.329417655699653,0.836004006009013,2134,NA,22,NA,NA,NA,NA,NA,66.356,"ncurve"
"Zhengmix8eq","GateOnly","Refined Louvain",100,"true","submitted","default",1,0.318162663984676,0.41106314119457,0.258091459594905,0.477466199298948,100,7,8,NA,NA,NA,3994,0,35.57,"ncurve"
"Zhengmix8eq","GateOnly","Refined Louvain",100,"estimated","submitted","default",1,0.195099523451958,0.281250521694076,0.144339088961354,0.50550826239359,100,NA,22,NA,NA,NA,NA,NA,39.665,"ncurve"
"Zhengmix8eq","GateOnly","Refined Louvain",200,"true","submitted","object",1,0.476567222649047,0.54825251885826,0.376694939005126,0.626439659489234,200,8,8,NA,NA,NA,3994,0,36.562,"ncurve"
"Zhengmix8eq","GateOnly","Refined Louvain",200,"estimated","submitted","default",1,0.298345519165972,0.385304922185682,0.21259959587222,0.636454682023035,200,NA,22,NA,NA,NA,NA,NA,39.008,"ncurve"
"Zhengmix8eq","GateOnly","Refined Louvain",300,"true","submitted","object",1,0.533802240993269,0.596835944614807,0.424603759392981,0.668502754131197,300,8,8,NA,NA,NA,3994,0,41.851,"ncurve"
"Zhengmix8eq","GateOnly","Refined Louvain",300,"estimated","submitted","default",1,0.342128383484793,0.428673595616932,0.243765172396286,0.71056584877316,300,NA,22,NA,NA,NA,NA,NA,48.54,"ncurve"
"Zhengmix8eq","GateOnly","Refined Louvain",500,"true","submitted","object",1,0.566358475411319,0.633308833493624,0.458168543701047,0.687030545818728,500,8,8,NA,NA,NA,3994,0,38.778,"ncurve"
"Zhengmix8eq","GateOnly","Refined Louvain",500,"estimated","submitted","default",1,0.370444136937519,0.454336582934563,0.265863025021957,0.753880821231848,500,NA,22,NA,NA,NA,NA,NA,42.591,"ncurve"
"Zhengmix8eq","GateOnly","Refined Louvain",750,"true","submitted","object",1,0.70086317751064,0.743632688310081,0.589439867282895,0.813470205307962,750,8,8,NA,NA,NA,3994,0,40.657,"ncurve"
"Zhengmix8eq","GateOnly","Refined Louvain",750,"estimated","submitted","default",1,0.428507319785691,0.513891938074117,0.309531398567556,0.808963445167752,750,NA,22,NA,NA,NA,NA,NA,43.184,"ncurve"
"Zhengmix8eq","GateOnly","Refined Louvain",1000,"true","submitted","object",1,0.712706138168064,0.754998031644991,0.603008397732345,0.820480721081622,1000,8,8,NA,NA,NA,3994,0,36.215,"ncurve"
"Zhengmix8eq","GateOnly","Refined Louvain",1000,"estimated","submitted","default",1,0.466542734703505,0.545318677742455,0.342840293786522,0.824486730095143,1000,NA,22,NA,NA,NA,NA,NA,41.216,"ncurve"
"Zhengmix8eq","GateOnly","Refined Louvain",1500,"true","submitted","object",1,0.746834328627253,0.782842260067931,0.640919247451697,0.836504757135704,1500,8,8,NA,NA,NA,3994,0,38.106,"ncurve"
"Zhengmix8eq","GateOnly","Refined Louvain",1500,"estimated","submitted","default",1,0.428535205832138,0.513482344243255,0.309726415711537,0.836755132699049,1500,NA,22,NA,NA,NA,NA,NA,55.449,"ncurve"
"Zhengmix8eq","GateOnly","Refined Louvain",2500,"true","submitted","object",1,0.754286911708078,0.790426891326423,0.650182444835725,0.840761141712569,2134,8,8,NA,NA,NA,3994,0,38.454,"ncurve"
"Zhengmix8eq","GateOnly","Refined Louvain",2500,"estimated","submitted","default",1,0.451824310123959,0.534133189253736,0.329417655699653,0.836004006009013,2134,NA,22,NA,NA,NA,NA,NA,64.256,"ncurve"
"Zhengmix8eq","GateOnly","SC3",0,"true","submitted","object",1,0.743228122899606,0.780784673904682,0.637259832865102,0.835252879318979,2134,8,8,NA,NA,NA,3994,0,894.28,"ncurve"
"Zhengmix8eq","GateOnly","SC3",0,"estimated","submitted","default",1,0.5403494613098,0.597944032156993,0.416954177565527,0.836004006009013,2134,NA,22,NA,NA,NA,NA,NA,1256.586,"ncurve"
"Zhengmix8eq","GateOnly","SC3",100,"true","submitted","default",1,0.0741023131001177,0.242147578365091,0.129645560223521,0.324737105658488,100,8,8,NA,NA,NA,3994,0,850.998,"ncurve"
"Zhengmix8eq","GateOnly","SC3",100,"estimated","submitted","default",1,0.119293929830684,0.21979371981135,0.122510126258602,0.388833249874812,100,NA,22,NA,NA,NA,NA,NA,941.345,"ncurve"
"Zhengmix8eq","GateOnly","SC3",200,"true","submitted","object",1,0.270293306656425,0.454205340330587,0.2540594282627,0.516775162744116,200,8,8,NA,NA,NA,3994,0,734.347,"ncurve"
"Zhengmix8eq","GateOnly","SC3",200,"estimated","submitted","default",1,0.185804409357957,0.271515753826761,0.150291041120364,0.519278918377566,200,NA,22,NA,NA,NA,NA,NA,974.766,"ncurve"
"Zhengmix8eq","GateOnly","SC3",300,"true","submitted","object",1,0.426287570892183,0.514715086626968,0.341922211639004,0.558087130696044,300,8,8,NA,NA,NA,3994,0,872.355,"ncurve"
"Zhengmix8eq","GateOnly","SC3",300,"estimated","submitted","default",1,0.227092878378083,0.310324012242641,0.174748356748201,0.5728592889334,300,NA,22,NA,NA,NA,NA,NA,1187.087,"ncurve"
"Zhengmix8eq","GateOnly","SC3",500,"true","submitted","object",1,0.499808365377673,0.578646292931905,0.401189076943714,0.621682523785679,500,8,8,NA,NA,NA,3994,0,1087.698,"ncurve"
"Zhengmix8eq","GateOnly","SC3",500,"estimated","submitted","default",1,0.314065174927931,0.392115147899998,0.233794060310156,0.619929894842263,500,NA,22,NA,NA,NA,NA,NA,1683.681,"ncurve"
"Zhengmix8eq","GateOnly","SC3",750,"true","submitted","object",1,0.682434609095862,0.732824111622122,0.571904017426066,0.78993490235353,750,8,8,NA,NA,NA,3994,0,1044.59,"ncurve"
"Zhengmix8eq","GateOnly","SC3",750,"estimated","submitted","default",1,0.546633477604277,0.606937253016316,0.419810092315284,0.796945418127191,750,NA,22,NA,NA,NA,NA,NA,1796.107,"ncurve"
"Zhengmix8eq","GateOnly","SC3",1000,"true","submitted","object",1,0.702577122046823,0.747501491616828,0.592443342801318,0.811467200801202,1000,8,8,NA,NA,NA,3994,0,1045.109,"ncurve"
"Zhengmix8eq","GateOnly","SC3",1000,"estimated","submitted","default",1,0.480279817829437,0.546469296495674,0.361131944773215,0.803455182774161,1000,NA,22,NA,NA,NA,NA,NA,1447.344,"ncurve"
"Zhengmix8eq","GateOnly","SC3",1500,"true","submitted","object",1,0.745777733479465,0.782822782695593,0.640134571008237,0.837005508262394,1500,8,8,NA,NA,NA,3994,0,942.114,"ncurve"
"Zhengmix8eq","GateOnly","SC3",1500,"estimated","submitted","default",1,0.554114926007243,0.609860140775967,0.430138876469753,0.829243865798698,1500,NA,22,NA,NA,NA,NA,NA,1543.378,"ncurve"
"Zhengmix8eq","GateOnly","SC3",2500,"true","submitted","object",1,0.743228122899606,0.780784673904682,0.637259832865102,0.835252879318979,2134,8,8,NA,NA,NA,3994,0,863.419,"ncurve"
"Zhengmix8eq","GateOnly","SC3",2500,"estimated","submitted","default",1,0.5403494613098,0.597944032156993,0.416954177565527,0.836004006009013,2134,NA,22,NA,NA,NA,NA,NA,1280.854,"ncurve"
"Zhengmix8eq","Seurat","Refined Louvain",0,"true","submitted","object",1,0.596845747330842,0.655166662176199,0.484405554981035,0.730345518277416,2134,8,8,NA,NA,NA,3994,0,40.958,"ncurve"
"Zhengmix8eq","Seurat","Refined Louvain",0,"estimated","submitted","default",1,0.316701220452286,0.403499063236657,0.22551221442583,0.727090635953931,2134,NA,22,NA,NA,NA,NA,NA,47.784,"ncurve"
"Zhengmix8eq","Seurat","Refined Louvain",100,"true","submitted","object",1,0.471713629749976,0.600104028915245,0.391234812285471,0.635202804206309,100,7,8,NA,NA,NA,3994,0,33.082,"ncurve"
"Zhengmix8eq","Seurat","Refined Louvain",100,"estimated","submitted","default",1,0.355032995238047,0.436719837074674,0.256065292486037,0.697045568352529,100,NA,22,NA,NA,NA,NA,NA,35.903,"ncurve"
"Zhengmix8eq","Seurat","Refined Louvain",200,"true","submitted","object",1,0.525092034731331,0.59799157510655,0.421662485770579,0.63820731096645,200,8,8,NA,NA,NA,3994,0,35.471,"ncurve"
"Zhengmix8eq","Seurat","Refined Louvain",200,"estimated","submitted","default",1,0.312846002710073,0.397675199890404,0.224170145166993,0.675763645468202,200,NA,22,NA,NA,NA,NA,NA,46.668,"ncurve"
"Zhengmix8eq","Seurat","Refined Louvain",300,"true","submitted","object",1,0.582398579280212,0.652994636198875,0.475188839385597,0.704056084126189,300,8,8,NA,NA,NA,3994,0,37.002,"ncurve"
"Zhengmix8eq","Seurat","Refined Louvain",300,"estimated","submitted","default",1,0.334249535196474,0.415943268478751,0.241463929560498,0.728843264897346,300,NA,22,NA,NA,NA,NA,NA,38.296,"ncurve"
"Zhengmix8eq","Seurat","Refined Louvain",500,"true","submitted","object",1,0.568331009662938,0.641434220946885,0.462472744688628,0.710816224336505,500,8,8,NA,NA,NA,3994,0,49.883,"ncurve"
"Zhengmix8eq","Seurat","Refined Louvain",500,"estimated","submitted","default",1,0.323949564305341,0.408691335873629,0.231963926589396,0.734101151727591,500,NA,22,NA,NA,NA,NA,NA,42.382,"ncurve"
"Zhengmix8eq","Seurat","Refined Louvain",750,"true","submitted","object",1,0.562065353366399,0.635837230532183,0.456722967006983,0.715823735603405,750,8,8,NA,NA,NA,3994,0,37.342,"ncurve"
"Zhengmix8eq","Seurat","Refined Louvain",750,"estimated","submitted","default",1,0.342360648402146,0.426506022763701,0.245370782610171,0.728843264897346,750,NA,22,NA,NA,NA,NA,NA,43.826,"ncurve"
"Zhengmix8eq","Seurat","Refined Louvain",1000,"true","submitted","object",1,0.587533580230748,0.64652519860141,0.47530732845539,0.713820731096645,1000,8,8,NA,NA,NA,3994,0,39.085,"ncurve"
"Zhengmix8eq","Seurat","Refined Louvain",1000,"estimated","submitted","default",1,0.333276825715856,0.419639354555827,0.237521243622635,0.728843264897346,1000,NA,22,NA,NA,NA,NA,NA,47.916,"ncurve"
"Zhengmix8eq","Seurat","Refined Louvain",1500,"true","submitted","object",1,0.585661912136463,0.656295316429144,0.47838919247116,0.732348522784176,1500,8,8,NA,NA,NA,3994,0,39.491,"ncurve"
"Zhengmix8eq","Seurat","Refined Louvain",1500,"estimated","submitted","default",1,0.337632042934377,0.427448428322632,0.238811563590049,0.758387581372058,1500,NA,22,NA,NA,NA,NA,NA,43.124,"ncurve"
"Zhengmix8eq","Seurat","Refined Louvain",2500,"true","submitted","object",1,0.590738681366745,0.663588502518368,0.484097713964273,0.71607411116675,2500,7,8,NA,NA,NA,3994,0,39.149,"ncurve"
"Zhengmix8eq","Seurat","Refined Louvain",2500,"estimated","submitted","default",1,0.342432114178935,0.42546240274819,0.246170508009893,0.732849273910866,2500,NA,22,NA,NA,NA,NA,NA,78.733,"ncurve"
"Zhengmix8eq","Seurat","SC3",0,"true","submitted","object",1,0.46577226701802,0.600597701893094,0.387670088156113,0.629694541812719,2134,8,8,NA,NA,NA,3994,0,769.576,"ncurve"
"Zhengmix8eq","Seurat","SC3",0,"estimated","submitted","default",1,0.425069135325754,0.501068629911967,0.311420674499917,0.726339509263896,2134,NA,22,NA,NA,NA,NA,NA,1096.919,"ncurve"
"Zhengmix8eq","Seurat","SC3",200,"true","submitted","object",1,0.399862136168117,0.540504433011276,0.336814196779098,0.580120180270406,200,8,8,NA,NA,NA,3994,0,554.911,"ncurve"
"Zhengmix8eq","Seurat","SC3",200,"estimated","submitted","default",1,0.430509017559494,0.502846713253127,0.318123978214091,0.688282423635453,200,NA,22,NA,NA,NA,NA,NA,1057.766,"ncurve"
"Zhengmix8eq","Seurat","SC3",300,"true","submitted","object",1,0.36478560506782,0.545237426099438,0.318513106582505,0.577115673510265,300,8,8,NA,NA,NA,3994,0,545.46,"ncurve"
"Zhengmix8eq","Seurat","SC3",300,"estimated","submitted","default",1,0.425449507915994,0.497065640465314,0.315028835366134,0.714321482223335,300,NA,22,NA,NA,NA,NA,NA,715.171,"ncurve"
"Zhengmix8eq","Seurat","SC3",500,"true","submitted","object",1,0.436361665067161,0.58255581366938,0.366287149060959,0.620931397095643,500,8,8,NA,NA,NA,3994,0,580.414,"ncurve"
"Zhengmix8eq","Seurat","SC3",500,"estimated","submitted","default",1,0.461728895995757,0.533704438093999,0.342377396942078,0.706810215322984,500,NA,22,NA,NA,NA,NA,NA,818.938,"ncurve"
"Zhengmix8eq","Seurat","SC3",750,"true","submitted","object",1,0.471228319611488,0.59224349240002,0.389221096971447,0.64922383575363,750,8,8,NA,NA,NA,3994,0,626.351,"ncurve"
"Zhengmix8eq","Seurat","SC3",750,"estimated","submitted","default",1,0.59028867847385,0.642276440601167,0.46435351094846,0.730345518277416,750,NA,22,NA,NA,NA,NA,NA,928.698,"ncurve"
"Zhengmix8eq","Seurat","SC3",1000,"true","submitted","object",1,0.484717879917102,0.584032461530291,0.395034784857293,0.643465197796695,1000,8,8,NA,NA,NA,3994,0,676.636,"ncurve"
"Zhengmix8eq","Seurat","SC3",1000,"estimated","submitted","default",1,0.602386423431256,0.653048380438617,0.476197633197702,0.712819228843265,1000,NA,22,NA,NA,NA,NA,NA,910.968,"ncurve"
"Zhengmix8eq","Seurat","SC3",1500,"true","submitted","object",1,0.473157741055829,0.58081058905432,0.387542519433025,0.631947921882824,1500,8,8,NA,NA,NA,3994,0,771.609,"ncurve"
"Zhengmix8eq","Seurat","SC3",1500,"estimated","submitted","default",1,0.490097587749524,0.556030708686526,0.369050036842397,0.694541812719079,1500,NA,22,NA,NA,NA,NA,NA,944.046,"ncurve"
"Zhengmix8eq","Seurat","SC3",2500,"true","submitted","object",1,0.495762424754023,0.600289612973675,0.405961014339981,0.639959939909865,2500,8,8,NA,NA,NA,3994,0,754.495,"ncurve"
"Zhengmix8eq","Seurat","SC3",2500,"estimated","submitted","default",1,0.432568549333137,0.506503963120001,0.318485741549218,0.731597396094141,2500,NA,22,NA,NA,NA,NA,NA,1395.775,"ncurve"
"Zhengmix8eq","Variance","Refined Louvain",0,"true","submitted","object",1,0.740237864595572,0.777852207279666,0.633644030843654,0.832749123685528,2134,8,8,NA,NA,NA,3994,0,40.373,"ncurve"
"Zhengmix8eq","Variance","Refined Louvain",0,"estimated","submitted","default",1,0.457682452750839,0.537393770780722,0.335226867311699,0.839008512769154,2134,NA,22,NA,NA,NA,NA,NA,50.749,"ncurve"
"Zhengmix8eq","Variance","Refined Louvain",100,"true","submitted","default",1,0.605260495237487,0.660836238568622,0.491566529574761,0.742113169754632,100,8,8,NA,NA,NA,3994,0,40.891,"ncurve"
"Zhengmix8eq","Variance","Refined Louvain",100,"estimated","submitted","default",1,0.40277001258403,0.486166208635656,0.29036018786317,0.768903355032549,100,NA,22,NA,NA,NA,NA,NA,44.889,"ncurve"
"Zhengmix8eq","Variance","Refined Louvain",200,"true","submitted","object",1,0.685391791305979,0.73117053809123,0.573219423487929,0.802453680520781,200,8,8,NA,NA,NA,3994,0,40.798,"ncurve"
"Zhengmix8eq","Variance","Refined Louvain",200,"estimated","submitted","default",1,0.430055351206824,0.513826171964816,0.311406225179511,0.803705558337506,200,NA,22,NA,NA,NA,NA,NA,61.215,"ncurve"
"Zhengmix8eq","Variance","Refined Louvain",300,"true","submitted","object",1,0.710434729192319,0.752847918576531,0.600409018969594,0.816725087631447,300,8,8,NA,NA,NA,3994,0,39.364,"ncurve"
"Zhengmix8eq","Variance","Refined Louvain",300,"estimated","submitted","default",1,0.486275447251498,0.558100422632634,0.362269059856258,0.821482223335003,300,NA,22,NA,NA,NA,NA,NA,39.474,"ncurve"
"Zhengmix8eq","Variance","Refined Louvain",500,"true","submitted","object",1,0.726357589689883,0.766956992451799,0.618340035070195,0.827240861291938,500,8,8,NA,NA,NA,3994,0,39.02,"ncurve"
"Zhengmix8eq","Variance","Refined Louvain",500,"estimated","submitted","default",1,0.469361512668582,0.547464624518228,0.345434441349682,0.828743114672008,500,NA,22,NA,NA,NA,NA,NA,49.188,"ncurve"
"Zhengmix8eq","Variance","Refined Louvain",750,"true","submitted","object",1,0.727701114743616,0.766648802893748,0.619150986578789,0.822734101151728,750,8,8,NA,NA,NA,3994,0,38.414,"ncurve"
"Zhengmix8eq","Variance","Refined Louvain",750,"estimated","submitted","default",1,0.454978637089676,0.535672991724692,0.332624399545305,0.834251377065598,750,NA,22,NA,NA,NA,NA,NA,43.399,"ncurve"
"Zhengmix8eq","Variance","Refined Louvain",1000,"true","submitted","object",1,0.747481683672815,0.784005936122615,0.641975299379859,0.836004006009013,1000,8,8,NA,NA,NA,3994,0,39.623,"ncurve"
"Zhengmix8eq","Variance","Refined Louvain",1000,"estimated","submitted","default",1,0.471146679774129,0.55257006225056,0.345585154145465,0.842764146219329,1000,NA,22,NA,NA,NA,NA,NA,45.359,"ncurve"
"Zhengmix8eq","Variance","Refined Louvain",1500,"true","submitted","object",1,0.74536319139351,0.78179876700091,0.639327572506953,0.833750625938908,1500,8,8,NA,NA,NA,3994,0,41.541,"ncurve"
"Zhengmix8eq","Variance","Refined Louvain",1500,"estimated","submitted","default",1,0.461078449154858,0.539847149403917,0.338386764602485,0.836504757135704,1500,NA,22,NA,NA,NA,NA,NA,43.164,"ncurve"
"Zhengmix8eq","Variance","Refined Louvain",2500,"true","submitted","object",1,0.744617443007343,0.781691278944613,0.638727997578846,0.833750625938908,2500,8,8,NA,NA,NA,3994,0,49.114,"ncurve"
"Zhengmix8eq","Variance","Refined Louvain",2500,"estimated","submitted","default",1,0.446177056558463,0.529527922627006,0.324446088064439,0.835753630445669,2500,NA,22,NA,NA,NA,NA,NA,65.717,"ncurve"
"Zhengmix8eq","Variance","SC3",0,"true","submitted","object",1,0.748617120481214,0.785782922630476,0.643668650588443,0.838007010515774,2134,8,8,NA,NA,NA,3994,0,1060.547,"ncurve"
"Zhengmix8eq","Variance","SC3",0,"estimated","submitted","default",1,0.576158705550541,0.628112184671475,0.453307097564134,0.834501752628943,2134,NA,22,NA,NA,NA,NA,NA,2141.146,"ncurve"
"Zhengmix8eq","Variance","SC3",100,"true","submitted","default",1,0.524613467309635,0.627071068325489,0.430676464108814,0.652729093640461,100,8,8,NA,NA,NA,3994,0,747.927,"ncurve"
"Zhengmix8eq","Variance","SC3",100,"estimated","submitted","default",1,0.599297351741578,0.651415463380727,0.472105946728554,0.743365047571357,100,NA,22,NA,NA,NA,NA,NA,1219.69,"ncurve"
"Zhengmix8eq","Variance","SC3",200,"true","submitted","object",1,0.628329795790284,0.693251886115015,0.519227088558509,0.7185778668002,200,8,8,NA,NA,NA,3994,0,929.997,"ncurve"
"Zhengmix8eq","Variance","SC3",200,"estimated","submitted","default",1,0.517988346086642,0.579017263338582,0.395509634919912,0.809464196294442,200,NA,22,NA,NA,NA,NA,NA,1630.139,"ncurve"
"Zhengmix8eq","Variance","SC3",300,"true","submitted","object",1,0.688305867163345,0.731709090324136,0.575274340296436,0.801452178267401,300,8,8,NA,NA,NA,3994,0,1018.457,"ncurve"
"Zhengmix8eq","Variance","SC3",300,"estimated","submitted","default",1,0.354148271182631,0.43766640403617,0.280095425618252,0.713820731096645,300,NA,22,NA,NA,NA,NA,NA,1467.642,"ncurve"
"Zhengmix8eq","Variance","SC3",500,"true","submitted","object",1,0.70739583712847,0.75029527232213,0.59709683960028,0.820731096644967,500,8,8,NA,NA,NA,3994,0,1002.548,"ncurve"
"Zhengmix8eq","Variance","SC3",500,"estimated","submitted","default",1,0.399355710675495,0.471491506724856,0.296206608612669,0.773410115172759,500,NA,22,NA,NA,NA,NA,NA,1568.7,"ncurve"
"Zhengmix8eq","Variance","SC3",750,"true","submitted","object",1,0.728978090333015,0.769490592321243,0.621421901336329,0.828242363545318,750,8,8,NA,NA,NA,3994,0,988.454,"ncurve"
"Zhengmix8eq","Variance","SC3",750,"estimated","submitted","default",1,0.479705955440169,0.553230934051486,0.356014004620787,0.806960440660991,750,NA,22,NA,NA,NA,NA,NA,1533.872,"ncurve"
"Zhengmix8eq","Variance","SC3",1000,"true","submitted","object",1,0.74159653182466,0.778775938546039,0.635086687424655,0.834001001502253,1000,8,8,NA,NA,NA,3994,0,896.97,"ncurve"
"Zhengmix8eq","Variance","SC3",1000,"estimated","submitted","default",1,0.535756822195374,0.593342307271462,0.413392062608441,0.827491236855283,1000,NA,22,NA,NA,NA,NA,NA,1354.138,"ncurve"
"Zhengmix8eq","Variance","SC3",1500,"true","submitted","object",1,0.730885448209178,0.770560128761013,0.623323822272322,0.819729594391587,1500,8,8,NA,NA,NA,3994,0,951.355,"ncurve"
"Zhengmix8eq","Variance","SC3",1500,"estimated","submitted","default",1,0.547292649578806,0.606330116039406,0.421299958165303,0.826740110165248,1500,NA,22,NA,NA,NA,NA,NA,1452.567,"ncurve"
"Zhengmix8eq","Variance","SC3",2500,"true","submitted","object",1,0.754706762568142,0.790967790454303,0.650755954549229,0.835753630445669,2500,8,8,NA,NA,NA,3994,0,847.212,"ncurve"
"Zhengmix8eq","Variance","SC3",2500,"estimated","submitted","default",1,0.55680255978425,0.611378960963017,0.433973195723435,0.843014521782674,2500,NA,22,NA,NA,NA,NA,NA,1225.771,"ncurve"
