"data.name","clustering.method","feature.selection.method","k_policy","n_policy","seed","gate_rule","gate_k","min.expression","k_true","k_estimated","k_used_feature_selection","k_used_clustering","n_features","gate_n","n_clusters_found","k_hit","n_cells_total","n_cells_dropped","difs_stage1_n","difs_stage2_n","difs_ratio","ARI","Purity","Jaccard","FM","elapsed_sec","n_requested","n_cells_unlabelled","n_label"
"Baron","Refined Louvain","DIFS","estimated","original",1,"submitted",66,1.6094379124341,14,66,66,66,1940,1940,37,FALSE,8569,0,1800,6619,"3:2",0.264633878180399,0.963122884817365,0.184351718201536,0.423355831228719,5055.379,0,NA,"gate_n"
"Baron","Refined Louvain","DIFS","true","original",1,"submitted",14,1.6094379124341,14,66,14,14,1940,1940,14,TRUE,8569,0,1700,2491,"1:1",0.505980506397891,0.927062667755864,0.395950865607552,0.61059596319913,2898.441,0,NA,"gate_n"
"Baron","Refined Louvain","DIFS","estimated","original",1,"submitted",66,1.6094379124341,14,66,66,66,100,1940,27,FALSE,8569,0,1800,6619,"1:1",0.26132486864251,0.923328276344964,0.185306578302318,0.4100865181647,4638.369,100,NA,"100"
"Baron","Refined Louvain","DIFS","true","original",1,"submitted",14,1.6094379124341,14,66,14,14,100,1940,14,TRUE,8569,0,1700,2491,"3:1",0.551850382469491,0.944801026957638,0.43760566057127,0.651155952764803,3250.704,100,NA,"100"
"Baron","Refined Louvain","DIFS","estimated","original",1,"submitted",66,1.6094379124341,14,66,66,66,200,1940,26,FALSE,8569,0,1800,6619,"2:3",0.321082149517197,0.957054498774653,0.230222199685283,0.468797653618356,3699.446,200,NA,"200"
"Baron","Refined Louvain","DIFS","true","original",1,"submitted",14,1.6094379124341,14,66,14,14,200,1940,14,TRUE,8569,0,1700,2491,"2:3",0.538444848454247,0.929630061850858,0.424914769241262,0.639894643193739,3346.793,200,NA,"200"
"Baron","Refined Louvain","DIFS","estimated","original",1,"submitted",66,1.6094379124341,14,66,66,66,300,1940,29,FALSE,8569,0,1800,6619,"2:3",0.309455928423625,0.944567627494457,0.220942063979834,0.458633064070907,3789.212,300,NA,"300"
"Baron","Refined Louvain","DIFS","true","original",1,"submitted",14,1.6094379124341,14,66,14,14,300,1940,14,TRUE,8569,0,1700,2491,"3:2",0.575425836778816,0.943517329910141,0.460530777960286,0.670518970514643,3554.455,300,NA,"300"
"Baron","Refined Louvain","DIFS","estimated","original",1,"submitted",66,1.6094379124341,14,66,66,66,500,1940,33,FALSE,8569,0,1800,6619,"1:2",0.259486842557615,0.941066635546738,0.181534071654543,0.41507078372083,3787.216,500,NA,"500"
"Baron","Refined Louvain","DIFS","true","original",1,"submitted",14,1.6094379124341,14,66,14,14,500,1940,13,FALSE,8569,0,1700,2491,"1:2",0.520542461764284,0.917026490839071,0.40991346104056,0.621917132720675,3122.434,500,NA,"500"
"Baron","Refined Louvain","DIFS","estimated","original",1,"submitted",66,1.6094379124341,14,66,66,66,750,1940,33,FALSE,8569,0,1800,6619,"1:1",0.252006390405606,0.938382541720154,0.176078624647371,0.407385559242392,3770.918,750,NA,"750"
"Baron","Refined Louvain","DIFS","true","original",1,"submitted",14,1.6094379124341,14,66,14,14,750,1940,14,TRUE,8569,0,1700,2491,"1:3",0.496747141379758,0.913292099428171,0.387215636798498,0.603358639302203,3219.864,750,NA,"750"
"Baron","Refined Louvain","DIFS","estimated","original",1,"submitted",66,1.6094379124341,14,66,66,66,1000,1940,36,FALSE,8569,0,1800,6619,"2:3",0.249724614095447,0.957871396895787,0.173074418987968,0.409333075196073,4258.65,1000,NA,"1000"
"Baron","Refined Louvain","DIFS","true","original",1,"submitted",14,1.6094379124341,14,66,14,14,1000,1940,14,TRUE,8569,0,1700,2491,"1:1",0.51126991022288,0.931497257556308,0.400191184252161,0.616076925799401,2901.395,1000,NA,"1000"
"Baron","Refined Louvain","DIFS","estimated","original",1,"submitted",66,1.6094379124341,14,66,66,66,1500,1940,35,FALSE,8569,0,1800,6619,"3:2",0.259094011444235,0.96218928696464,0.18012801205647,0.418235180276778,4930.4,1500,NA,"1500"
"Baron","Refined Louvain","DIFS","true","original",1,"submitted",14,1.6094379124341,14,66,14,14,1500,1940,13,FALSE,8569,0,1700,2491,"3:2",0.534407498162423,0.932430855409033,0.422352512493106,0.634340740780549,3250.93,1500,NA,"1500"
"Baron","Refined Louvain","DIFS","estimated","original",1,"submitted",66,1.6094379124341,14,66,66,66,2500,1940,36,FALSE,8569,0,1800,6619,"3:2",0.271642986983146,0.956704399579881,0.189944355717068,0.429070177486174,4151.926,2500,NA,"2500"
"Baron","Refined Louvain","DIFS","true","original",1,"submitted",14,1.6094379124341,14,66,14,14,2500,1940,14,TRUE,8569,0,1700,2491,"1:1",0.499409931260588,0.920294083323608,0.390701236760796,0.603869019286603,2945.724,2500,NA,"2500"
"Baron","SC3","DIFS","estimated","original",1,"submitted",66,1.6094379124341,14,66,66,66,1940,1940,66,TRUE,8569,3569,1800,6619,"3:2",0.22208885778789,0.9696,0.152047161904701,0.385356947119198,7351.802,0,NA,"gate_n"
"Baron","SC3","DIFS","true","original",1,"submitted",14,1.6094379124341,14,66,14,14,1940,1940,14,TRUE,8569,3569,1700,2491,"1:1",0.524671991021464,0.884,0.419101798970156,0.619164956418445,4806.358,0,NA,"gate_n"
"Baron","SC3","DIFS","estimated","original",1,"submitted",66,1.6094379124341,14,66,66,66,100,1940,66,TRUE,8569,3569,1800,6619,"1:1",0.170421857109679,0.9524,0.115246123765639,0.331006688131223,9093.68,100,NA,"100"
"Baron","SC3","DIFS","true","original",1,"submitted",14,1.6094379124341,14,66,14,14,100,1940,14,TRUE,8569,3569,1700,2491,"3:1",0.75618244892515,0.913,0.663905864704095,0.806033752625015,6223.606,100,NA,"100"
"Baron","SC3","DIFS","estimated","original",1,"submitted",66,1.6094379124341,14,66,66,66,200,1940,66,TRUE,8569,3569,1800,6619,"2:3",0.149567561839257,0.9328,0.102295261122743,0.300033923528257,5927.033,200,NA,"200"
"Baron","SC3","DIFS","true","original",1,"submitted",14,1.6094379124341,14,66,14,14,200,1940,14,TRUE,8569,3569,1700,2491,"2:3",0.573708114517584,0.9204,0.461600040064865,0.664998159618278,4997.425,200,NA,"200"
"Baron","SC3","DIFS","estimated","original",1,"submitted",66,1.6094379124341,14,66,66,66,300,1940,66,TRUE,8569,3569,1800,6619,"2:3",0.161776298762018,0.9298,0.113092157268689,0.308039059858492,6173.743,300,NA,"300"
"Baron","SC3","DIFS","true","original",1,"submitted",14,1.6094379124341,14,66,14,14,300,1940,14,TRUE,8569,3569,1700,2491,"3:2",0.629657429904229,0.9238,0.518659447315315,0.710500003087445,4676.906,300,NA,"300"
"Baron","SC3","DIFS","estimated","original",1,"submitted",66,1.6094379124341,14,66,66,66,500,1940,66,TRUE,8569,3569,1800,6619,"1:2",0.18748398515568,0.9616,0.127010330639909,0.349658118030689,6506.721,500,NA,"500"
"Baron","SC3","DIFS","true","original",1,"submitted",14,1.6094379124341,14,66,14,14,500,1940,14,TRUE,8569,3569,1700,2491,"1:2",0.563604136831586,0.8958,0.453882437708407,0.653911807000863,4279.644,500,NA,"500"
"Baron","SC3","DIFS","estimated","original",1,"submitted",66,1.6094379124341,14,66,66,66,750,1940,66,TRUE,8569,3569,1800,6619,"1:1",0.172522391588205,0.965,0.115767604779252,0.334123370384589,8333.019,750,NA,"750"
"Baron","SC3","DIFS","true","original",1,"submitted",14,1.6094379124341,14,66,14,14,750,1940,14,TRUE,8569,3569,1700,2491,"1:3",0.55683818999579,0.892,0.447326942317806,0.646428421360369,5020.431,750,NA,"750"
"Baron","SC3","DIFS","estimated","original",1,"submitted",66,1.6094379124341,14,66,66,66,1000,1940,66,TRUE,8569,3569,1800,6619,"2:3",0.188971595205566,0.967,0.127291881095188,0.351224885192201,6241.514,1000,NA,"1000"
"Baron","SC3","DIFS","true","original",1,"submitted",14,1.6094379124341,14,66,14,14,1000,1940,14,TRUE,8569,3569,1700,2491,"1:1",0.546755201341046,0.9084,0.436406089365681,0.638711361881055,4744.728,1000,NA,"1000"
"Baron","SC3","DIFS","estimated","original",1,"submitted",66,1.6094379124341,14,66,66,66,1500,1940,66,TRUE,8569,3569,1800,6619,"3:2",0.204266382610368,0.9744,0.13868587611274,0.368884453976665,6268.872,1500,NA,"1500"
"Baron","SC3","DIFS","true","original",1,"submitted",14,1.6094379124341,14,66,14,14,1500,1940,14,TRUE,8569,3569,1700,2491,"3:2",0.555868054255656,0.8986,0.446778270366273,0.647299799276533,4450.835,1500,NA,"1500"
"Baron","SC3","DIFS","estimated","original",1,"submitted",66,1.6094379124341,14,66,66,66,2500,1940,66,TRUE,8569,3569,1800,6619,"3:2",0.223030876892621,0.9654,0.152173948578462,0.385640308253854,7099.892,2500,NA,"2500"
"Baron","SC3","DIFS","true","original",1,"submitted",14,1.6094379124341,14,66,14,14,2500,1940,14,TRUE,8569,3569,1700,2491,"1:1",0.539592001399071,0.8972,0.429691459693813,0.633312287590121,4336.74,2500,NA,"2500"
"Baron","Refined Louvain","FEAST","estimated","original",1,"submitted",66,1.6094379124341,14,66,66,66,1940,1940,40,FALSE,8569,0,NA,NA,NA,0.266286357316538,0.961138989380324,0.185475391503496,0.425336902180133,178.439,0,NA,"gate_n"
"Baron","Refined Louvain","FEAST","true","original",1,"submitted",14,1.6094379124341,14,66,14,14,1940,1940,14,TRUE,8569,0,NA,NA,NA,0.514979605410807,0.932080756214261,0.404055613322157,0.618428410801799,134.737,0,NA,"gate_n"
"Baron","Refined Louvain","FEAST","estimated","original",1,"submitted",66,1.6094379124341,14,66,66,66,100,1940,2,FALSE,8569,0,NA,NA,NA,0.0111547021808908,0.300385109114249,0.199216342528616,0.436584927512022,24804.739,100,NA,"100"
"Baron","Refined Louvain","FEAST","true","original",1,"submitted",14,1.6094379124341,14,66,14,14,100,1940,14,TRUE,8569,0,NA,NA,NA,0.532274691097211,0.893336445326176,0.423146372079254,0.62827935948237,127.573,100,NA,"100"
"Baron","Refined Louvain","FEAST","estimated","original",1,"submitted",66,1.6094379124341,14,66,66,66,200,1940,32,FALSE,8569,0,NA,NA,NA,0.253946846671242,0.92251137822383,0.178379597978065,0.406752489072302,164.152,200,NA,"200"
"Baron","Refined Louvain","FEAST","true","original",1,"submitted",14,1.6094379124341,14,66,14,14,200,1940,14,TRUE,8569,0,NA,NA,NA,0.585599929805954,0.951102812463531,0.470623988160195,0.678783304443357,147.51,200,NA,"200"
"Baron","Refined Louvain","FEAST","estimated","original",1,"submitted",66,1.6094379124341,14,66,66,66,300,1940,31,FALSE,8569,0,NA,NA,NA,0.27300118977267,0.949819115416035,0.191428693531804,0.428926474837209,176.914,300,NA,"300"
"Baron","Refined Louvain","FEAST","true","original",1,"submitted",14,1.6094379124341,14,66,14,14,300,1940,14,TRUE,8569,0,NA,NA,NA,0.592147985640595,0.94888551756331,0.477522007975924,0.683438570111831,175.032,300,NA,"300"
"Baron","Refined Louvain","FEAST","estimated","original",1,"submitted",66,1.6094379124341,14,66,66,66,500,1940,32,FALSE,8569,0,NA,NA,NA,0.299034088279991,0.968257673007352,0.211200553421721,0.453827760605162,170.332,500,NA,"500"
"Baron","Refined Louvain","FEAST","true","original",1,"submitted",14,1.6094379124341,14,66,14,14,500,1940,14,TRUE,8569,0,NA,NA,NA,0.584051878903005,0.942000233399463,0.469544328041566,0.676662060677949,133.981,500,NA,"500"
"Baron","Refined Louvain","FEAST","estimated","original",1,"submitted",66,1.6094379124341,14,66,66,66,750,1940,35,FALSE,8569,0,NA,NA,NA,0.271297220355416,0.962422686427821,0.18955419818765,0.429154226978295,196.369,750,NA,"750"
"Baron","Refined Louvain","FEAST","true","original",1,"submitted",14,1.6094379124341,14,66,14,14,750,1940,13,FALSE,8569,0,NA,NA,NA,0.573981257666233,0.932780954603804,0.461709919963766,0.664839775245932,149.302,750,NA,"750"
"Baron","Refined Louvain","FEAST","estimated","original",1,"submitted",66,1.6094379124341,14,66,66,66,1000,1940,35,FALSE,8569,0,NA,NA,NA,0.279575566802568,0.96604037810713,0.195837303395991,0.437000314392033,142.461,1000,NA,"1000"
"Baron","Refined Louvain","FEAST","true","original",1,"submitted",14,1.6094379124341,14,66,14,14,1000,1940,13,FALSE,8569,0,NA,NA,NA,0.568272838982044,0.91107480452795,0.458376475891964,0.656911046413129,150.628,1000,NA,"1000"
"Baron","Refined Louvain","FEAST","estimated","original",1,"submitted",66,1.6094379124341,14,66,66,66,1500,1940,35,FALSE,8569,0,NA,NA,NA,0.27342179936858,0.965223479985996,0.191194420825475,0.431072919552092,159.392,1500,NA,"1500"
"Baron","Refined Louvain","FEAST","true","original",1,"submitted",14,1.6094379124341,14,66,14,14,1500,1940,14,TRUE,8569,0,NA,NA,NA,0.511860928101925,0.931263858093126,0.401169587542428,0.615831856394873,149.189,1500,NA,"1500"
"Baron","Refined Louvain","FEAST","estimated","original",1,"submitted",66,1.6094379124341,14,66,66,66,2500,1940,38,FALSE,8569,0,NA,NA,NA,0.27233680520552,0.956354300385109,0.19027893056006,0.430344136188444,182.659,2500,NA,"2500"
"Baron","Refined Louvain","FEAST","true","original",1,"submitted",14,1.6094379124341,14,66,14,14,2500,1940,14,TRUE,8569,0,NA,NA,NA,0.518426354405341,0.934064651651301,0.406835124177643,0.622013727751196,159.038,2500,NA,"2500"
"Baron","SC3","FEAST","estimated","original",1,"submitted",66,1.6094379124341,14,66,66,66,1940,1940,66,TRUE,8569,3569,NA,NA,NA,0.185158308396229,0.9706,0.125097714701192,0.348307177992547,3471.87,0,NA,"gate_n"
"Baron","SC3","FEAST","true","original",1,"submitted",14,1.6094379124341,14,66,14,14,1940,1940,14,TRUE,8569,3569,NA,NA,NA,0.536350394307651,0.9014,0.427466997634029,0.63204372420785,1889.831,0,NA,"gate_n"
"Baron","SC3","FEAST","estimated","original",1,"submitted",66,1.6094379124341,14,66,66,66,100,1940,66,TRUE,8569,3569,NA,NA,NA,0.174939274386022,0.9332,0.119610108726383,0.331706859472427,2517.674,100,NA,"100"
"Baron","SC3","FEAST","true","original",1,"submitted",14,1.6094379124341,14,66,14,14,100,1940,14,TRUE,8569,3569,NA,NA,NA,0.78658713311136,0.9082,0.701555665258698,0.829432101509326,2355.545,100,NA,"100"
"Baron","SC3","FEAST","estimated","original",1,"submitted",66,1.6094379124341,14,66,66,66,200,1940,66,TRUE,8569,3569,NA,NA,NA,0.148213456157802,0.907,0.101768245830016,0.297084450962918,2341.746,200,NA,"200"
"Baron","SC3","FEAST","true","original",1,"submitted",14,1.6094379124341,14,66,14,14,200,1940,14,TRUE,8569,3569,NA,NA,NA,0.539545318310701,0.9208,0.427632607321195,0.638546506041649,1611.688,200,NA,"200"
"Baron","SC3","FEAST","estimated","original",1,"submitted",66,1.6094379124341,14,66,66,66,300,1940,66,TRUE,8569,3569,NA,NA,NA,0.169273909808917,0.9528,0.114660141775961,0.328360933544806,2258.083,300,NA,"300"
"Baron","SC3","FEAST","true","original",1,"submitted",14,1.6094379124341,14,66,14,14,300,1940,14,TRUE,8569,3569,NA,NA,NA,0.627684141694525,0.9202,0.51737597499676,0.707730058571937,1593.807,300,NA,"300"
"Baron","SC3","FEAST","estimated","original",1,"submitted",66,1.6094379124341,14,66,66,66,500,1940,66,TRUE,8569,3569,NA,NA,NA,0.14713095811226,0.9558,0.0994362236496705,0.301636854998786,2308.26,500,NA,"500"
"Baron","SC3","FEAST","true","original",1,"submitted",14,1.6094379124341,14,66,14,14,500,1940,14,TRUE,8569,3569,NA,NA,NA,0.57011623914092,0.9244,0.45782959873923,0.662778589172434,1741.272,500,NA,"500"
"Baron","SC3","FEAST","estimated","original",1,"submitted",66,1.6094379124341,14,66,66,66,750,1940,66,TRUE,8569,3569,NA,NA,NA,0.175204627100869,0.9544,0.118241909623004,0.334700167228452,2732.79,750,NA,"750"
"Baron","SC3","FEAST","true","original",1,"submitted",14,1.6094379124341,14,66,14,14,750,1940,14,TRUE,8569,3569,NA,NA,NA,0.571054116002889,0.9216,0.458343234152611,0.662104150172327,1652.746,750,NA,"750"
"Baron","SC3","FEAST","estimated","original",1,"submitted",66,1.6094379124341,14,66,66,66,1000,1940,66,TRUE,8569,3569,NA,NA,NA,0.183999581196077,0.959,0.124164536944589,0.344313678370722,3213.731,1000,NA,"1000"
"Baron","SC3","FEAST","true","original",1,"submitted",14,1.6094379124341,14,66,14,14,1000,1940,14,TRUE,8569,3569,NA,NA,NA,0.57847580962621,0.9216,0.465562702194093,0.667164263562806,1428.05,1000,NA,"1000"
"Baron","SC3","FEAST","estimated","original",1,"submitted",66,1.6094379124341,14,66,66,66,1500,1940,66,TRUE,8569,3569,NA,NA,NA,0.174797493017614,0.97,0.117650341676503,0.337629072965907,3120.62,1500,NA,"1500"
"Baron","SC3","FEAST","true","original",1,"submitted",14,1.6094379124341,14,66,14,14,1500,1940,14,TRUE,8569,3569,NA,NA,NA,0.536637022686614,0.901,0.427854844256377,0.632226861525908,1735.059,1500,NA,"1500"
"Baron","SC3","FEAST","estimated","original",1,"submitted",66,1.6094379124341,14,66,66,66,2500,1940,66,TRUE,8569,3569,NA,NA,NA,0.182701015742142,0.9654,0.122978033424539,0.344634913795646,3009.585,2500,NA,"2500"
"Baron","SC3","FEAST","true","original",1,"submitted",14,1.6094379124341,14,66,14,14,2500,1940,14,TRUE,8569,3569,NA,NA,NA,0.542323126843668,0.9084,0.432429390508311,0.635368663867545,1739.525,2500,NA,"2500"
"Baron","Refined Louvain","GateOnly","estimated","original",1,"submitted",66,1.6094379124341,14,66,66,66,1940,1940,37,FALSE,8569,0,NA,NA,NA,0.241184100743162,0.926945968024274,0.167760767138331,0.397628486314278,114.485,0,NA,"gate_n"
"Baron","Refined Louvain","GateOnly","true","original",1,"submitted",14,1.6094379124341,14,66,14,14,1940,1940,14,TRUE,8569,0,NA,NA,NA,0.498550282917641,0.912125102112265,0.389068882848165,0.60451813806729,144.828,0,NA,"gate_n"
"Baron","Refined Louvain","GateOnly","estimated","original",1,"submitted",66,1.6094379124341,14,66,66,66,100,1940,25,FALSE,8569,0,NA,NA,NA,0.219212335218694,0.802427354417085,0.161263820549946,0.353771826375994,158.448,100,NA,"100"
"Baron","Refined Louvain","GateOnly","true","original",1,"submitted",14,1.6094379124341,14,66,14,14,100,1940,14,TRUE,8569,0,NA,NA,NA,0.345754689463575,0.785739292799627,0.267430959320715,0.462278267092742,152.215,100,NA,"100"
"Baron","Refined Louvain","GateOnly","estimated","original",1,"submitted",66,1.6094379124341,14,66,66,66,200,1940,25,FALSE,8569,0,NA,NA,NA,0.261933399118232,0.861594118333528,0.190520751089814,0.400114437410404,109.438,200,NA,"200"
"Baron","Refined Louvain","GateOnly","true","original",1,"submitted",14,1.6094379124341,14,66,14,14,200,1940,14,TRUE,8569,0,NA,NA,NA,0.405606006482994,0.827050997782705,0.320704498193024,0.511917313096343,119.879,200,NA,"200"
"Baron","Refined Louvain","GateOnly","estimated","original",1,"submitted",66,1.6094379124341,14,66,66,66,300,1940,28,FALSE,8569,0,NA,NA,NA,0.271531428251163,0.898354533784572,0.193114823066739,0.419609504325503,139.703,300,NA,"300"
"Baron","Refined Louvain","GateOnly","true","original",1,"submitted",14,1.6094379124341,14,66,14,14,300,1940,14,TRUE,8569,0,NA,NA,NA,0.478809864416221,0.899171431905707,0.372514656479913,0.5859077748873,148.183,300,NA,"300"
"Baron","Refined Louvain","GateOnly","estimated","original",1,"submitted",66,1.6094379124341,14,66,66,66,500,1940,33,FALSE,8569,0,NA,NA,NA,0.263529587926026,0.915859493523165,0.185931745775343,0.414993224927382,145.365,500,NA,"500"
"Baron","Refined Louvain","GateOnly","true","original",1,"submitted",14,1.6094379124341,14,66,14,14,500,1940,14,TRUE,8569,0,NA,NA,NA,0.485887025786449,0.902205624927063,0.379056114042753,0.591583926823007,177.316,500,NA,"500"
"Baron","Refined Louvain","GateOnly","estimated","original",1,"submitted",66,1.6094379124341,14,66,66,66,750,1940,30,FALSE,8569,0,NA,NA,NA,0.29383510269333,0.916209592717937,0.209021634628789,0.443656474468904,107.022,750,NA,"750"
"Baron","Refined Louvain","GateOnly","true","original",1,"submitted",14,1.6094379124341,14,66,14,14,750,1940,14,TRUE,8569,0,NA,NA,NA,0.493517495765554,0.907107013653869,0.384990885982049,0.599484728772295,145.636,750,NA,"750"
"Baron","Refined Louvain","GateOnly","estimated","original",1,"submitted",66,1.6094379124341,14,66,66,66,1000,1940,36,FALSE,8569,0,NA,NA,NA,0.247554056943513,0.93756564359902,0.172355141763753,0.404301030288795,102.529,1000,NA,"1000"
"Baron","Refined Louvain","GateOnly","true","original",1,"submitted",14,1.6094379124341,14,66,14,14,1000,1940,14,TRUE,8569,0,NA,NA,NA,0.496184221322952,0.909441008285681,0.38709789372353,0.602232424559065,147.664,1000,NA,"1000"
"Baron","Refined Louvain","GateOnly","estimated","original",1,"submitted",66,1.6094379124341,14,66,66,66,1500,1940,36,FALSE,8569,0,NA,NA,NA,0.260231677674999,0.932547555140623,0.182005104556738,0.416059742091484,98.826,1500,NA,"1500"
"Baron","Refined Louvain","GateOnly","true","original",1,"submitted",14,1.6094379124341,14,66,14,14,1500,1940,14,TRUE,8569,0,NA,NA,NA,0.494209717510643,0.910024506943634,0.385727826298099,0.59989193594612,135.615,1500,NA,"1500"
"Baron","Refined Louvain","GateOnly","estimated","original",1,"submitted",66,1.6094379124341,14,66,66,66,1940,1940,37,FALSE,8569,0,NA,NA,NA,0.241184100743162,0.926945968024274,0.167760767138331,0.397628486314278,102.681,2500,NA,"2500"
"Baron","Refined Louvain","GateOnly","true","original",1,"submitted",14,1.6094379124341,14,66,14,14,1940,1940,14,TRUE,8569,0,NA,NA,NA,0.498550282917641,0.912125102112265,0.389068882848165,0.60451813806729,128.667,2500,NA,"2500"
"Baron","SC3","GateOnly","estimated","original",1,"submitted",66,1.6094379124341,14,66,66,66,1940,1940,66,TRUE,8569,3569,NA,NA,NA,0.182416030254714,0.9676,0.123067730828591,0.345688555414317,2856.447,0,NA,"gate_n"
"Baron","SC3","GateOnly","true","original",1,"submitted",14,1.6094379124341,14,66,14,14,1940,1940,14,TRUE,8569,3569,NA,NA,NA,0.573537985408364,0.9264,0.461215875111646,0.665661746528477,1720.961,0,NA,"gate_n"
"Baron","SC3","GateOnly","estimated","original",1,"submitted",66,1.6094379124341,14,66,66,66,100,1940,66,TRUE,8569,3569,NA,NA,NA,0.17745068466387,0.8586,0.125615108417894,0.322320363978365,4078.842,100,NA,"100"
"Baron","SC3","GateOnly","true","original",1,"submitted",14,1.6094379124341,14,66,14,14,100,1940,14,TRUE,8569,3569,NA,NA,NA,0.604911775117262,0.8526,0.505787993069288,0.679702735445766,2185.806,100,NA,"100"
"Baron","SC3","GateOnly","estimated","original",1,"submitted",66,1.6094379124341,14,66,66,66,200,1940,66,TRUE,8569,3569,NA,NA,NA,0.155051563952412,0.926,0.10497554108689,0.310420730122258,3588.096,200,NA,"200"
"Baron","SC3","GateOnly","true","original",1,"submitted",14,1.6094379124341,14,66,14,14,200,1940,14,TRUE,8569,3569,NA,NA,NA,0.683597740322455,0.8724,0.582599400391159,0.745659364801642,1921.933,200,NA,"200"
"Baron","SC3","GateOnly","estimated","original",1,"submitted",66,1.6094379124341,14,66,66,66,300,1940,66,TRUE,8569,3569,NA,NA,NA,0.141476616694761,0.9106,0.0973808534734255,0.288987611389083,3769.418,300,NA,"300"
"Baron","SC3","GateOnly","true","original",1,"submitted",14,1.6094379124341,14,66,14,14,300,1940,14,TRUE,8569,3569,NA,NA,NA,0.500842617638459,0.8726,0.397064362344951,0.599841517659443,2404.609,300,NA,"300"
"Baron","SC3","GateOnly","estimated","original",1,"submitted",66,1.6094379124341,14,66,66,66,500,1940,66,TRUE,8569,3569,NA,NA,NA,0.17436592544677,0.9358,0.118542768860713,0.332317692797243,3723.791,500,NA,"500"
"Baron","SC3","GateOnly","true","original",1,"submitted",14,1.6094379124341,14,66,14,14,500,1940,14,TRUE,8569,3569,NA,NA,NA,0.504060138430295,0.9106,0.394312425571382,0.609776317028198,2018.879,500,NA,"500"
"Baron","SC3","GateOnly","estimated","original",1,"submitted",66,1.6094379124341,14,66,66,66,750,1940,66,TRUE,8569,3569,NA,NA,NA,0.177830133154709,0.951,0.119894478711173,0.338350019879601,3244.053,750,NA,"750"
"Baron","SC3","GateOnly","true","original",1,"submitted",14,1.6094379124341,14,66,14,14,750,1940,14,TRUE,8569,3569,NA,NA,NA,0.558838640712709,0.8994,0.449012628549706,0.648389598777277,2051.265,750,NA,"750"
"Baron","SC3","GateOnly","estimated","original",1,"submitted",66,1.6094379124341,14,66,66,66,1000,1940,66,TRUE,8569,3569,NA,NA,NA,0.194099252966478,0.9614,0.130924579750466,0.356718332463787,2717.067,1000,NA,"1000"
"Baron","SC3","GateOnly","true","original",1,"submitted",14,1.6094379124341,14,66,14,14,1000,1940,14,TRUE,8569,3569,NA,NA,NA,0.572846540014049,0.9048,0.461214363591327,0.660768897156508,1589.682,1000,NA,"1000"
"Baron","SC3","GateOnly","estimated","original",1,"submitted",66,1.6094379124341,14,66,66,66,1500,1940,66,TRUE,8569,3569,NA,NA,NA,0.169194862815176,0.9708,0.113454761444518,0.332501813613681,2506.155,1500,NA,"1500"
"Baron","SC3","GateOnly","true","original",1,"submitted",14,1.6094379124341,14,66,14,14,1500,1940,14,TRUE,8569,3569,NA,NA,NA,0.561675542736263,0.9084,0.452028854961367,0.652541982057281,1812.58,1500,NA,"1500"
"Baron","SC3","GateOnly","estimated","original",1,"submitted",66,1.6094379124341,14,66,66,66,1940,1940,66,TRUE,8569,3569,NA,NA,NA,0.182416030254714,0.9676,0.123067730828591,0.345688555414317,2931.736,2500,NA,"2500"
"Baron","SC3","GateOnly","true","original",1,"submitted",14,1.6094379124341,14,66,14,14,1940,1940,14,TRUE,8569,3569,NA,NA,NA,0.573537985408364,0.9264,0.461215875111646,0.665661746528477,1809.473,2500,NA,"2500"
"Baron","Refined Louvain","Seurat","estimated","original",1,"submitted",66,1.6094379124341,14,66,66,66,1940,1940,37,FALSE,8569,0,NA,NA,NA,0.246015968959089,0.975843155560742,0.169789850435235,0.407519023704425,138.171,0,NA,"gate_n"
"Baron","Refined Louvain","Seurat","true","original",1,"submitted",14,1.6094379124341,14,66,14,14,1940,1940,14,TRUE,8569,0,NA,NA,NA,0.59506418977656,0.954370404948069,0.480772509598344,0.685211487831388,145.232,0,NA,"gate_n"
"Baron","Refined Louvain","Seurat","estimated","original",1,"submitted",66,1.6094379124341,14,66,66,66,100,1940,44,FALSE,8569,0,NA,NA,NA,0.118751669207668,0.731473917609989,0.089366799632818,0.243487487053532,122.219,100,NA,"100"
"Baron","Refined Louvain","Seurat","true","original",1,"submitted",14,1.6094379124341,14,66,14,14,100,1940,13,FALSE,8569,0,NA,NA,NA,0.27271284828482,0.628544754347065,0.244816641054019,0.398331928965751,110.983,100,NA,"100"
"Baron","Refined Louvain","Seurat","estimated","original",1,"submitted",66,1.6094379124341,14,66,66,66,200,1940,43,FALSE,8569,0,NA,NA,NA,0.154790209826368,0.853425137122185,0.109671841085334,0.295056197951348,168.905,200,NA,"200"
"Baron","Refined Louvain","Seurat","true","original",1,"submitted",14,1.6094379124341,14,66,14,14,200,1940,14,TRUE,8569,0,NA,NA,NA,0.526476028997345,0.825183802077255,0.427849740745503,0.61422985760564,138.238,200,NA,"200"
"Baron","Refined Louvain","Seurat","estimated","original",1,"submitted",66,1.6094379124341,14,66,66,66,300,1940,34,FALSE,8569,0,NA,NA,NA,0.24887645535932,0.91866028708134,0.175022064367887,0.400599734152424,151.484,300,NA,"300"
"Baron","Refined Louvain","Seurat","true","original",1,"submitted",14,1.6094379124341,14,66,14,14,300,1940,14,TRUE,8569,0,NA,NA,NA,0.561415318664332,0.889251954720504,0.455817885227734,0.646730988786146,139.807,300,NA,"300"
"Baron","Refined Louvain","Seurat","estimated","original",1,"submitted",66,1.6094379124341,14,66,66,66,500,1940,32,FALSE,8569,0,NA,NA,NA,0.236991671013712,0.906873614190687,0.168494275742412,0.382952746544483,145.112,500,NA,"500"
"Baron","Refined Louvain","Seurat","true","original",1,"submitted",14,1.6094379124341,14,66,14,14,500,1940,14,TRUE,8569,0,NA,NA,NA,0.581845982054346,0.904189520364103,0.476489036466875,0.662870900464681,137.541,500,NA,"500"
"Baron","Refined Louvain","Seurat","estimated","original",1,"submitted",66,1.6094379124341,14,66,66,66,750,1940,34,FALSE,8569,0,NA,NA,NA,0.263615016023016,0.951919710584666,0.184654764104476,0.418988928599344,145.072,750,NA,"750"
"Baron","Refined Louvain","Seurat","true","original",1,"submitted",14,1.6094379124341,14,66,14,14,750,1940,14,TRUE,8569,0,NA,NA,NA,0.634416625207295,0.921577780371105,0.525852230035138,0.709706867861361,121.734,750,NA,"750"
"Baron","Refined Louvain","Seurat","estimated","original",1,"submitted",66,1.6094379124341,14,66,66,66,1000,1940,33,FALSE,8569,0,NA,NA,NA,0.266768877732608,0.968140973275761,0.185928385543388,0.425504049824624,144.837,1000,NA,"1000"
"Baron","Refined Louvain","Seurat","true","original",1,"submitted",14,1.6094379124341,14,66,14,14,1000,1940,14,TRUE,8569,0,NA,NA,NA,0.588347853255975,0.950285914342397,0.474300396234093,0.679293370087849,119.735,1000,NA,"1000"
"Baron","Refined Louvain","Seurat","estimated","original",1,"submitted",66,1.6094379124341,14,66,66,66,1500,1940,34,FALSE,8569,0,NA,NA,NA,0.275171178125036,0.971525265491889,0.19244615761186,0.43297415556646,137.882,1500,NA,"1500"
"Baron","Refined Louvain","Seurat","true","original",1,"submitted",14,1.6094379124341,14,66,14,14,1500,1940,14,TRUE,8569,0,NA,NA,NA,0.588414034004075,0.950752713268759,0.474245046025215,0.679564723685439,129.164,1500,NA,"1500"
"Baron","Refined Louvain","Seurat","estimated","original",1,"submitted",66,1.6094379124341,14,66,66,66,2500,1940,35,FALSE,8569,0,NA,NA,NA,0.280274325201735,0.976309954487105,0.19605784720833,0.438669938170279,114.398,2500,NA,"2500"
"Baron","Refined Louvain","Seurat","true","original",1,"submitted",14,1.6094379124341,14,66,14,14,2500,1940,14,TRUE,8569,0,NA,NA,NA,0.589740570540096,0.960555490722371,0.474678544778349,0.682299712859694,146.124,2500,NA,"2500"
"Baron","SC3","Seurat","estimated","original",1,"submitted",66,1.6094379124341,14,66,66,66,1940,1940,66,TRUE,8569,3569,NA,NA,NA,0.180142913318722,0.973,0.121274363584235,0.343971750354925,3142.008,0,NA,"gate_n"
"Baron","SC3","Seurat","true","original",1,"submitted",14,1.6094379124341,14,66,14,14,1940,1940,14,TRUE,8569,3569,NA,NA,NA,0.583830686910146,0.9102,0.474296118626866,0.669809585820263,1911.676,0,NA,"gate_n"
"Baron","SC3","Seurat","estimated","original",1,"submitted",66,1.6094379124341,14,66,66,66,100,1940,66,TRUE,8569,3569,NA,NA,NA,0.160901004565153,0.9272,0.110541596600213,0.313271985134753,2305.68,100,NA,"100"
"Baron","SC3","Seurat","true","original",1,"submitted",14,1.6094379124341,14,66,14,14,100,1940,14,TRUE,8569,3569,NA,NA,NA,0.914250095647562,0.8988,0.871095913722077,0.931217104733208,1947.938,100,NA,"100"
"Baron","SC3","Seurat","estimated","original",1,"submitted",66,1.6094379124341,14,66,66,66,200,1940,66,TRUE,8569,3569,NA,NA,NA,0.137504784483588,0.8746,0.0958686612131658,0.279790931004843,2677.037,200,NA,"200"
"Baron","SC3","Seurat","true","original",1,"submitted",14,1.6094379124341,14,66,14,14,200,1940,14,TRUE,8569,3569,NA,NA,NA,0.530003051256151,0.848,0.425644713239026,0.621579650210868,1423.437,200,NA,"200"
"Baron","SC3","Seurat","estimated","original",1,"submitted",66,1.6094379124341,14,66,66,66,300,1940,66,TRUE,8569,3569,NA,NA,NA,0.154086569978132,0.9028,0.107527805803008,0.299722033690958,2149.691,300,NA,"300"
"Baron","SC3","Seurat","true","original",1,"submitted",14,1.6094379124341,14,66,14,14,300,1940,14,TRUE,8569,3569,NA,NA,NA,0.725288852368851,0.8864,0.627490241280259,0.781365084816937,1690.168,300,NA,"300"
"Baron","SC3","Seurat","estimated","original",1,"submitted",66,1.6094379124341,14,66,66,66,500,1940,66,TRUE,8569,3569,NA,NA,NA,0.130458456659293,0.9082,0.0890187372078661,0.277671260521603,2194.253,500,NA,"500"
"Baron","SC3","Seurat","true","original",1,"submitted",14,1.6094379124341,14,66,14,14,500,1940,14,TRUE,8569,3569,NA,NA,NA,0.707370183058598,0.907,0.605561240080376,0.768332312058305,1934.506,500,NA,"500"
"Baron","SC3","Seurat","estimated","original",1,"submitted",66,1.6094379124341,14,66,66,66,750,1940,66,TRUE,8569,3569,NA,NA,NA,0.145138204862378,0.9552,0.0967892154470354,0.302695878416271,2391.304,750,NA,"750"
"Baron","SC3","Seurat","true","original",1,"submitted",14,1.6094379124341,14,66,14,14,750,1940,14,TRUE,8569,3569,NA,NA,NA,0.730490273270986,0.9274,0.631805721052408,0.785461331900084,1775.478,750,NA,"750"
"Baron","SC3","Seurat","estimated","original",1,"submitted",66,1.6094379124341,14,66,66,66,1000,1940,66,TRUE,8569,3569,NA,NA,NA,0.152593228022496,0.9628,0.101555501963757,0.312047876373159,2808.134,1000,NA,"1000"
"Baron","SC3","Seurat","true","original",1,"submitted",14,1.6094379124341,14,66,14,14,1000,1940,14,TRUE,8569,3569,NA,NA,NA,0.638401227431185,0.9492,0.525736816007291,0.71721945059487,1773.365,1000,NA,"1000"
"Baron","SC3","Seurat","estimated","original",1,"submitted",66,1.6094379124341,14,66,66,66,1500,1940,66,TRUE,8569,3569,NA,NA,NA,0.155650162013726,0.969,0.104503988958831,0.315085099960382,3269.909,1500,NA,"1500"
"Baron","SC3","Seurat","true","original",1,"submitted",14,1.6094379124341,14,66,14,14,1500,1940,14,TRUE,8569,3569,NA,NA,NA,0.569663923671506,0.9252,0.457401504170146,0.662635657831685,2016.734,1500,NA,"1500"
"Baron","SC3","Seurat","estimated","original",1,"submitted",66,1.6094379124341,14,66,66,66,2500,1940,66,TRUE,8569,3569,NA,NA,NA,0.17043862632793,0.975,0.113845486732542,0.333360774025383,2826.05,2500,NA,"2500"
"Baron","SC3","Seurat","true","original",1,"submitted",14,1.6094379124341,14,66,14,14,2500,1940,14,TRUE,8569,3569,NA,NA,NA,0.550901276519882,0.9058,0.440475882311351,0.642639530412604,1904.824,2500,NA,"2500"
"Baron","Refined Louvain","Variance","estimated","original",1,"submitted",66,1.6094379124341,14,66,66,66,1940,1940,37,FALSE,8569,0,NA,NA,NA,0.237525299219863,0.933597852724939,0.165118964065659,0.39381272471605,116.546,0,NA,"gate_n"
"Baron","Refined Louvain","Variance","true","original",1,"submitted",14,1.6094379124341,14,66,14,14,1940,1940,14,TRUE,8569,0,NA,NA,NA,0.499550173331532,0.912591901038628,0.389929673015227,0.605440880410066,133.421,0,NA,"gate_n"
"Baron","Refined Louvain","Variance","estimated","original",1,"submitted",66,1.6094379124341,14,66,66,66,100,1940,26,FALSE,8569,0,NA,NA,NA,0.316132131463261,0.938966040378107,0.226498267682234,0.463835894658067,151.037,100,NA,"100"
"Baron","Refined Louvain","Variance","true","original",1,"submitted",14,1.6094379124341,14,66,14,14,100,1940,14,TRUE,8569,0,NA,NA,NA,0.53769073995138,0.93569844789357,0.424480892119924,0.63876009954608,142.332,100,NA,"100"
"Baron","Refined Louvain","Variance","estimated","original",1,"submitted",66,1.6094379124341,14,66,66,66,200,1940,29,FALSE,8569,0,NA,NA,NA,0.317965441067247,0.954137005484887,0.226948782006113,0.468258273264053,217.342,200,NA,"200"
"Baron","Refined Louvain","Variance","true","original",1,"submitted",14,1.6094379124341,14,66,14,14,200,1940,14,TRUE,8569,0,NA,NA,NA,0.533406307089764,0.944450927762866,0.419281499259165,0.63735675454568,143.57,200,NA,"200"
"Baron","Refined Louvain","Variance","estimated","original",1,"submitted",66,1.6094379124341,14,66,66,66,300,1940,34,FALSE,8569,0,NA,NA,NA,0.304449021344951,0.957287898237834,0.215786483783492,0.457647110562843,133.606,300,NA,"300"
"Baron","Refined Louvain","Variance","true","original",1,"submitted",14,1.6094379124341,14,66,14,14,300,1940,14,TRUE,8569,0,NA,NA,NA,0.51804964198668,0.947835219978994,0.404354814567042,0.625655290740468,136.232,300,NA,"300"
"Baron","Refined Louvain","Variance","estimated","original",1,"submitted",66,1.6094379124341,14,66,66,66,500,1940,35,FALSE,8569,0,NA,NA,NA,0.283612554684824,0.956120900921928,0.19944217043421,0.439146219603021,144.833,500,NA,"500"
"Baron","Refined Louvain","Variance","true","original",1,"submitted",14,1.6094379124341,14,66,14,14,500,1940,13,FALSE,8569,0,NA,NA,NA,0.506112285340281,0.919827284397246,0.396481924444089,0.610036221598052,122.022,500,NA,"500"
"Baron","Refined Louvain","Variance","estimated","original",1,"submitted",66,1.6094379124341,14,66,66,66,750,1940,36,FALSE,8569,0,NA,NA,NA,0.271652161004242,0.945617925078772,0.190605163125349,0.427031905001841,150.819,750,NA,"750"
"Baron","Refined Louvain","Variance","true","original",1,"submitted",14,1.6094379124341,14,66,14,14,750,1940,13,FALSE,8569,0,NA,NA,NA,0.505148023252678,0.91866028708134,0.395606687747555,0.60921487653198,141.266,750,NA,"750"
"Baron","Refined Louvain","Variance","estimated","original",1,"submitted",66,1.6094379124341,14,66,66,66,1000,1940,38,FALSE,8569,0,NA,NA,NA,0.264929114032157,0.943167230715369,0.185435341240067,0.420892397805524,136.873,1000,NA,"1000"
"Baron","Refined Louvain","Variance","true","original",1,"submitted",14,1.6094379124341,14,66,14,14,1000,1940,14,TRUE,8569,0,NA,NA,NA,0.495472523177209,0.918076788423387,0.386487870132478,0.601574953410608,137.219,1000,NA,"1000"
"Baron","Refined Louvain","Variance","estimated","original",1,"submitted",66,1.6094379124341,14,66,66,66,1500,1940,37,FALSE,8569,0,NA,NA,NA,0.258687524374952,0.938966040378107,0.180640210318146,0.415211155202117,158.249,1500,NA,"1500"
"Baron","Refined Louvain","Variance","true","original",1,"submitted",14,1.6094379124341,14,66,14,14,1500,1940,14,TRUE,8569,0,NA,NA,NA,0.499526606141332,0.912825300501809,0.38990468502576,0.605426939575513,125.59,1500,NA,"1500"
"Baron","Refined Louvain","Variance","estimated","original",1,"submitted",66,1.6094379124341,14,66,66,66,2500,1940,37,FALSE,8569,0,NA,NA,NA,0.242429351429108,0.928463064534952,0.168596781491451,0.399126917595981,117.647,2500,NA,"2500"
"Baron","Refined Louvain","Variance","true","original",1,"submitted",14,1.6094379124341,14,66,14,14,2500,1940,14,TRUE,8569,0,NA,NA,NA,0.495774623281023,0.913292099428171,0.386780355221335,0.601799173986234,144.709,2500,NA,"2500"
"Baron","SC3","Variance","estimated","original",1,"submitted",66,1.6094379124341,14,66,66,66,1940,1940,66,TRUE,8569,3569,NA,NA,NA,0.176241462134246,0.971,0.118469002114434,0.33992646960279,3371.595,0,NA,"gate_n"
"Baron","SC3","Variance","true","original",1,"submitted",14,1.6094379124341,14,66,14,14,1940,1940,14,TRUE,8569,3569,NA,NA,NA,0.574666557426332,0.927,0.462347886330663,0.66654590270323,1930.295,0,NA,"gate_n"
"Baron","SC3","Variance","estimated","original",1,"submitted",66,1.6094379124341,14,66,66,66,100,1940,66,TRUE,8569,3569,NA,NA,NA,0.207824624310611,0.9564,0.142343878827623,0.369497861798464,3027.953,100,NA,"100"
"Baron","SC3","Variance","true","original",1,"submitted",14,1.6094379124341,14,66,14,14,100,1940,14,TRUE,8569,3569,NA,NA,NA,0.553048444311223,0.9036,0.444696437621913,0.645081039011456,2023.323,100,NA,"100"
"Baron","SC3","Variance","estimated","original",1,"submitted",66,1.6094379124341,14,66,66,66,200,1940,66,TRUE,8569,3569,NA,NA,NA,0.214145541751617,0.9586,0.14627548336011,0.376798114106009,2714.649,200,NA,"200"
"Baron","SC3","Variance","true","original",1,"submitted",14,1.6094379124341,14,66,14,14,200,1940,14,TRUE,8569,3569,NA,NA,NA,0.536853301131833,0.9204,0.425245765962171,0.636051710088598,1396.226,200,NA,"200"
"Baron","SC3","Variance","estimated","original",1,"submitted",66,1.6094379124341,14,66,66,66,300,1940,66,TRUE,8569,3569,NA,NA,NA,0.179588386984459,0.9634,0.121234152041914,0.342427307447827,2504.596,300,NA,"300"
"Baron","SC3","Variance","true","original",1,"submitted",14,1.6094379124341,14,66,14,14,300,1940,14,TRUE,8569,3569,NA,NA,NA,0.54434628069714,0.92,0.432790320013721,0.642524505375214,1739.656,300,NA,"300"
"Baron","SC3","Variance","estimated","original",1,"submitted",66,1.6094379124341,14,66,66,66,500,1940,66,TRUE,8569,3569,NA,NA,NA,0.198867374124322,0.9606,0.135137263504867,0.361738376033874,2610.377,500,NA,"500"
"Baron","SC3","Variance","true","original",1,"submitted",14,1.6094379124341,14,66,14,14,500,1940,14,TRUE,8569,3569,NA,NA,NA,0.54460503899755,0.9222,0.432943830565909,0.642230534799138,1782.925,500,NA,"500"
"Baron","SC3","Variance","estimated","original",1,"submitted",66,1.6094379124341,14,66,66,66,750,1940,66,TRUE,8569,3569,NA,NA,NA,0.191644314871819,0.9652,0.129379722311389,0.354411708809823,2492.191,750,NA,"750"
"Baron","SC3","Variance","true","original",1,"submitted",14,1.6094379124341,14,66,14,14,750,1940,14,TRUE,8569,3569,NA,NA,NA,0.575393711082289,0.9264,0.46167586679869,0.667188235250994,1606.343,750,NA,"750"
"Baron","SC3","Variance","estimated","original",1,"submitted",66,1.6094379124341,14,66,66,66,1000,1940,66,TRUE,8569,3569,NA,NA,NA,0.184514191556167,0.9608,0.124124251401834,0.346490925232496,2749.199,1000,NA,"1000"
"Baron","SC3","Variance","true","original",1,"submitted",14,1.6094379124341,14,66,14,14,1000,1940,14,TRUE,8569,3569,NA,NA,NA,0.563153363243058,0.9192,0.45008952154022,0.655364585122931,2019.927,1000,NA,"1000"
"Baron","SC3","Variance","estimated","original",1,"submitted",66,1.6094379124341,14,66,66,66,1500,1940,66,TRUE,8569,3569,NA,NA,NA,0.172576074176715,0.9692,0.115807524498395,0.336337448460891,2954.673,1500,NA,"1500"
"Baron","SC3","Variance","true","original",1,"submitted",14,1.6094379124341,14,66,14,14,1500,1940,14,TRUE,8569,3569,NA,NA,NA,0.550483065363356,0.9246,0.438599800670963,0.647268100838042,2074.492,1500,NA,"1500"
"Baron","SC3","Variance","estimated","original",1,"submitted",66,1.6094379124341,14,66,66,66,2500,1940,66,TRUE,8569,3569,NA,NA,NA,0.197034515803937,0.9668,0.133026605811796,0.360446453981418,3203.526,2500,NA,"2500"
"Baron","SC3","Variance","true","original",1,"submitted",14,1.6094379124341,14,66,14,14,2500,1940,14,TRUE,8569,3569,NA,NA,NA,0.596972563215588,0.9264,0.484292650586425,0.682439733816719,1742.709,2500,NA,"2500"
"Darmanis","Refined Louvain","DIFS","true","original",1,NA,NA,1.6094379124341,9,12,9,9,2346,2346,9,TRUE,466,0,700,3279,"3:1",0.584255682432126,0.815450643776824,0.478700392883945,0.652880323187495,142.977,0,NA,"gate_n"
"Darmanis","Refined Louvain","DIFS","estimated","original",1,NA,NA,1.6094379124341,9,12,12,12,2346,2346,NA,NA,NA,NA,2300,4617,"1:2",0.480418679941267,0.849785407725322,0.378755704152171,0.565789229538822,188.068,0,NA,"gate_n"
"Darmanis","Refined Louvain","DIFS","true","original",1,NA,NA,1.6094379124341,9,12,9,9,100,2346,9,TRUE,466,0,700,3279,"1:3",0.592417297291452,0.781115879828326,0.487592454812027,0.659712111278609,147.668,100,NA,"100"
"Darmanis","Refined Louvain","DIFS","estimated","original",1,NA,NA,1.6094379124341,9,12,12,12,100,2346,NA,NA,NA,NA,2300,4617,"2:1",0.497360760342441,0.836909871244635,0.387912558936991,0.585446522817458,222.723,100,NA,"100"
"Darmanis","Refined Louvain","DIFS","true","original",1,NA,NA,1.6094379124341,9,12,9,9,200,2346,9,TRUE,466,0,700,3279,"1:1",0.551532674631972,0.785407725321888,0.445425217313379,0.625636000998346,143.919,200,NA,"200"
"Darmanis","Refined Louvain","DIFS","estimated","original",1,NA,NA,1.6094379124341,9,12,12,12,200,2346,NA,NA,NA,NA,2300,4617,"3:1",0.564252059576749,0.866952789699571,0.450630604709155,0.641616736399854,150.663,200,NA,"200"
"Darmanis","Refined Louvain","DIFS","true","original",1,NA,NA,1.6094379124341,9,12,9,9,300,2346,9,TRUE,466,0,700,3279,"1:3",0.624047263040861,0.804721030042919,0.517491601343785,0.686661943249482,138.903,300,NA,"300"
"Darmanis","Refined Louvain","DIFS","estimated","original",1,NA,NA,1.6094379124341,9,12,12,12,300,2346,NA,NA,NA,NA,2300,4617,"1:2",0.500568818561505,0.847639484978541,0.39122590447251,0.587701315229887,148.267,300,NA,"300"
"Darmanis","Refined Louvain","DIFS","true","original",1,NA,NA,1.6094379124341,9,12,9,9,500,2346,9,TRUE,466,0,700,3279,"1:3",0.561442635113958,0.78755364806867,0.455501582066937,0.633814041508993,140.442,500,NA,"500"
"Darmanis","Refined Louvain","DIFS","estimated","original",1,NA,NA,1.6094379124341,9,12,12,12,500,2346,NA,NA,NA,NA,2300,4617,"1:3",0.541465623162687,0.879828326180258,0.429541999239833,0.621735650694761,169.432,500,NA,"500"
"Darmanis","Refined Louvain","DIFS","true","original",1,NA,NA,1.6094379124341,9,12,9,9,750,2346,9,TRUE,466,0,700,3279,"1:3",0.602901512506009,0.813304721030043,0.498828226716431,0.668624459103168,138.815,750,NA,"750"
"Darmanis","Refined Louvain","DIFS","estimated","original",1,NA,NA,1.6094379124341,9,12,12,12,750,2346,NA,NA,NA,NA,2300,4617,"1:2",0.53615606265929,0.871244635193133,0.42494914612801,0.616837959438699,152.234,750,NA,"750"
"Darmanis","Refined Louvain","DIFS","true","original",1,NA,NA,1.6094379124341,9,12,9,9,1000,2346,9,TRUE,466,0,700,3279,"3:2",0.571236952169625,0.809012875536481,0.468839679616225,0.641753351334598,138.495,1000,NA,"1000"
"Darmanis","Refined Louvain","DIFS","estimated","original",1,NA,NA,1.6094379124341,9,12,12,12,1000,2346,NA,NA,NA,NA,2300,4617,"1:2",0.475845911675676,0.854077253218884,0.37211986886457,0.563681905222029,147.457,1000,NA,"1000"
"Darmanis","Refined Louvain","DIFS","true","original",1,NA,NA,1.6094379124341,9,12,9,9,1500,2346,9,TRUE,466,0,700,3279,"1:1",0.57850918355424,0.809012875536481,0.474321557694821,0.647889123055703,141.236,1500,NA,"1500"
"Darmanis","Refined Louvain","DIFS","estimated","original",1,NA,NA,1.6094379124341,9,12,12,12,1500,2346,NA,NA,NA,NA,2300,4617,"1:3",0.483625923595452,0.862660944206009,0.379181470031837,0.57020782231154,147.881,1500,NA,"1500"
"Darmanis","Refined Louvain","DIFS","true","original",1,NA,NA,1.6094379124341,9,12,9,9,2500,2346,9,TRUE,466,0,700,3279,"1:1",0.58575535207645,0.815450643776824,0.480206540447504,0.654145050142983,156.866,2500,NA,"2500"
"Darmanis","Refined Louvain","DIFS","estimated","original",1,NA,NA,1.6094379124341,9,12,12,12,2500,2346,NA,NA,NA,NA,2300,4617,"1:3",0.484489277734421,0.851931330472103,0.382705479452055,0.56908783989642,148.933,2500,NA,"2500"
"Darmanis","SC3","DIFS","true","original",1,NA,NA,1.6094379124341,9,12,9,9,2346,2346,9,TRUE,466,0,700,3279,"3:1",0.769091764931861,0.832618025751073,0.684337843378434,0.815187473049859,238.751,0,NA,"gate_n"
"Darmanis","SC3","DIFS","estimated","original",1,NA,NA,1.6094379124341,9,12,12,12,2346,2346,NA,NA,NA,NA,2300,4617,"1:2",0.579302151468418,0.851931330472103,0.467069828970991,0.652346877192001,235.915,0,NA,"gate_n"
"Darmanis","SC3","DIFS","true","original",1,NA,NA,1.6094379124341,9,12,9,9,100,2346,9,TRUE,466,0,700,3279,"1:3",0.61235512079149,0.804721030042919,0.506180524677635,0.676707669236129,233.391,100,NA,"100"
"Darmanis","SC3","DIFS","estimated","original",1,NA,NA,1.6094379124341,9,12,12,12,100,2346,NA,NA,NA,NA,2300,4617,"2:1",0.636928537026599,0.849785407725322,0.525195648024432,0.700493388454465,315.024,100,NA,"100"
"Darmanis","SC3","DIFS","true","original",1,NA,NA,1.6094379124341,9,12,9,9,200,2346,9,TRUE,466,0,700,3279,"1:1",0.677700221388436,0.832618025751073,0.575684131670559,0.731910392624654,224.065,200,NA,"200"
"Darmanis","SC3","DIFS","estimated","original",1,NA,NA,1.6094379124341,9,12,12,12,200,2346,NA,NA,NA,NA,2300,4617,"3:1",0.577270719038347,0.841201716738197,0.463912108908526,0.651820903270441,240.412,200,NA,"200"
"Darmanis","SC3","DIFS","true","original",1,NA,NA,1.6094379124341,9,12,9,9,300,2346,9,TRUE,466,0,700,3279,"1:3",0.691435953039771,0.841201716738197,0.58908058921573,0.743321768165256,235.951,300,NA,"300"
"Darmanis","SC3","DIFS","estimated","original",1,NA,NA,1.6094379124341,9,12,12,12,300,2346,NA,NA,NA,NA,2300,4617,"1:2",0.64540338139632,0.862660944206009,0.532228181374939,0.709476668624851,241.445,300,NA,"300"
"Darmanis","SC3","DIFS","true","original",1,NA,NA,1.6094379124341,9,12,9,9,500,2346,9,TRUE,466,0,700,3279,"1:3",0.668338434845753,0.821888412017167,0.566958102493075,0.724350325575742,222.496,500,NA,"500"
"Darmanis","SC3","DIFS","estimated","original",1,NA,NA,1.6094379124341,9,12,12,12,500,2346,NA,NA,NA,NA,2300,4617,"1:3",0.567653554929931,0.873390557939914,0.455286093217128,0.643005081733455,258.174,500,NA,"500"
"Darmanis","SC3","DIFS","true","original",1,NA,NA,1.6094379124341,9,12,9,9,750,2346,9,TRUE,466,0,700,3279,"1:3",0.681207930233295,0.832618025751073,0.579975473020322,0.73500325811843,218.489,750,NA,"750"
"Darmanis","SC3","DIFS","estimated","original",1,NA,NA,1.6094379124341,9,12,12,12,750,2346,NA,NA,NA,NA,2300,4617,"1:2",0.698081678669671,0.877682403433476,0.595139844108207,0.749007553555551,236.171,750,NA,"750"
"Darmanis","SC3","DIFS","true","original",1,NA,NA,1.6094379124341,9,12,9,9,1000,2346,9,TRUE,466,0,700,3279,"3:2",0.675706746787175,0.800429184549356,0.575086355785838,0.730710525445451,220.678,1000,NA,"1000"
"Darmanis","SC3","DIFS","estimated","original",1,NA,NA,1.6094379124341,9,12,12,12,1000,2346,NA,NA,NA,NA,2300,4617,"1:2",0.656151323564738,0.873390557939914,0.545878989995236,0.716059981349027,263.594,1000,NA,"1000"
"Darmanis","SC3","DIFS","true","original",1,NA,NA,1.6094379124341,9,12,9,9,1500,2346,9,TRUE,466,0,700,3279,"1:1",0.767562261650858,0.830472103004292,0.682773537934131,0.814306639336596,217.617,1500,NA,"1500"
"Darmanis","SC3","DIFS","estimated","original",1,NA,NA,1.6094379124341,9,12,12,12,1500,2346,NA,NA,NA,NA,2300,4617,"1:3",0.657980499190447,0.860515021459227,0.548589785987622,0.71697721378949,233.504,1500,NA,"1500"
"Darmanis","SC3","DIFS","true","original",1,NA,NA,1.6094379124341,9,12,9,9,2500,2346,9,TRUE,466,0,700,3279,"1:1",0.752450645486808,0.811158798283262,0.666280879594525,0.803321594794813,224.293,2500,NA,"2500"
"Darmanis","SC3","DIFS","estimated","original",1,NA,NA,1.6094379124341,9,12,12,12,2500,2346,NA,NA,NA,NA,2300,4617,"1:3",0.505328013488629,0.854077253218884,0.396726862302483,0.590487937257392,233.48,2500,NA,"2500"
"Darmanis","Refined Louvain","FEAST","true","original",1,NA,NA,1.6094379124341,9,12,9,9,2346,2346,9,TRUE,466,0,NA,NA,NA,0.512815824914138,0.774678111587983,0.414331413947537,0.591738933869126,13.232,0,NA,"gate_n"
"Darmanis","Refined Louvain","FEAST","estimated","original",1,NA,NA,1.6094379124341,9,12,12,12,2346,2346,NA,NA,NA,NA,NA,NA,NA,0.474025643381053,0.830472103004292,0.368193156680943,0.564289126878906,15.049,0,NA,"gate_n"
"Darmanis","Refined Louvain","FEAST","true","original",1,NA,NA,1.6094379124341,9,12,9,9,100,2346,9,TRUE,466,0,NA,NA,NA,0.322084510018783,0.650214592274678,0.276082659478886,0.433611691348943,13.951,100,NA,"100"
"Darmanis","Refined Louvain","FEAST","estimated","original",1,NA,NA,1.6094379124341,9,12,12,12,100,2346,NA,NA,NA,NA,NA,NA,NA,0.269969132636663,0.667381974248927,0.217251176794877,0.376368377968663,15.74,100,NA,"100"
"Darmanis","Refined Louvain","FEAST","true","original",1,NA,NA,1.6094379124341,9,12,9,9,200,2346,9,TRUE,466,0,NA,NA,NA,0.677817830043085,0.817596566523605,0.576124643405749,0.73208152836938,13.837,200,NA,"200"
"Darmanis","Refined Louvain","FEAST","estimated","original",1,NA,NA,1.6094379124341,9,12,12,12,200,2346,NA,NA,NA,NA,NA,NA,NA,0.44523235812551,0.8068669527897,0.343388449107687,0.539242760935315,15.871,200,NA,"200"
"Darmanis","Refined Louvain","FEAST","true","original",1,NA,NA,1.6094379124341,9,12,9,9,300,2346,9,TRUE,466,0,NA,NA,NA,0.707542878223658,0.817596566523605,0.607099418892743,0.756869543627761,13.985,300,NA,"300"
"Darmanis","Refined Louvain","FEAST","estimated","original",1,NA,NA,1.6094379124341,9,12,12,12,300,2346,NA,NA,NA,NA,NA,NA,NA,0.521813256035895,0.839055793991416,0.411097936921982,0.605243510382457,22.647,300,NA,"300"
"Darmanis","Refined Louvain","FEAST","true","original",1,NA,NA,1.6094379124341,9,12,9,9,500,2346,9,TRUE,466,0,NA,NA,NA,0.679221838986391,0.824034334763948,0.580443241414312,0.734582223358716,16.327,500,NA,"500"
"Darmanis","Refined Louvain","FEAST","estimated","original",1,NA,NA,1.6094379124341,9,12,12,12,500,2346,NA,NA,NA,NA,NA,NA,NA,0.54276425991014,0.843347639484979,0.433007448789572,0.620705828948278,14.955,500,NA,"500"
"Darmanis","Refined Louvain","FEAST","true","original",1,NA,NA,1.6094379124341,9,12,9,9,750,2346,9,TRUE,466,0,NA,NA,NA,0.631497015668595,0.793991416309013,0.522985074626866,0.693615179787886,13.823,750,NA,"750"
"Darmanis","Refined Louvain","FEAST","estimated","original",1,NA,NA,1.6094379124341,9,12,12,12,750,2346,NA,NA,NA,NA,NA,NA,NA,0.482508096670183,0.830472103004292,0.373573688752517,0.574033587349864,14.4,750,NA,"750"
"Darmanis","Refined Louvain","FEAST","true","original",1,NA,NA,1.6094379124341,9,12,9,9,1000,2346,9,TRUE,466,0,NA,NA,NA,0.665502501888405,0.802575107296137,0.559821469235324,0.721700366110735,12.838,1000,NA,"1000"
"Darmanis","Refined Louvain","FEAST","estimated","original",1,NA,NA,1.6094379124341,9,12,12,12,1000,2346,NA,NA,NA,NA,NA,NA,NA,0.486167805249538,0.832618025751073,0.379982243820382,0.573662460710188,15.106,1000,NA,"1000"
"Darmanis","Refined Louvain","FEAST","true","original",1,NA,NA,1.6094379124341,9,12,9,9,1500,2346,9,TRUE,466,0,NA,NA,NA,0.598204299158464,0.800429184549356,0.491222570532915,0.66493187869281,13.684,1500,NA,"1500"
"Darmanis","Refined Louvain","FEAST","estimated","original",1,NA,NA,1.6094379124341,9,12,12,12,1500,2346,NA,NA,NA,NA,NA,NA,NA,0.473977207737627,0.832618025751073,0.367348872465416,0.565122043574052,24.078,1500,NA,"1500"
"Darmanis","Refined Louvain","FEAST","true","original",1,NA,NA,1.6094379124341,9,12,9,9,2500,2346,9,TRUE,466,0,NA,NA,NA,0.509496431028545,0.783261802575107,0.410574692895799,0.58890165272245,18.271,2500,NA,"2500"
"Darmanis","Refined Louvain","FEAST","estimated","original",1,NA,NA,1.6094379124341,9,12,12,12,2500,2346,NA,NA,NA,NA,NA,NA,NA,0.472061620485448,0.830472103004292,0.366780870136575,0.562276140364652,14.362,2500,NA,"2500"
"Darmanis","SC3","FEAST","true","original",1,NA,NA,1.6094379124341,9,12,9,9,2346,2346,9,TRUE,466,0,NA,NA,NA,0.776597775347239,0.82618025751073,0.695759233926129,0.827464432700437,87.84,0,NA,"gate_n"
"Darmanis","SC3","FEAST","estimated","original",1,NA,NA,1.6094379124341,9,12,12,12,2346,2346,NA,NA,NA,NA,NA,NA,NA,0.688667650682026,0.841201716738197,0.587486744432662,0.741158020114996,97.709,0,NA,"gate_n"
"Darmanis","SC3","FEAST","true","original",1,NA,NA,1.6094379124341,9,12,9,9,100,2346,9,TRUE,466,0,NA,NA,NA,0.351968275409413,0.63519313304721,0.298958370619608,0.460706435849482,88.81,100,NA,"100"
"Darmanis","SC3","FEAST","estimated","original",1,NA,NA,1.6094379124341,9,12,12,12,100,2346,NA,NA,NA,NA,NA,NA,NA,0.367207454550923,0.680257510729614,0.298802085406137,0.466001886148253,106.37,100,NA,"100"
"Darmanis","SC3","FEAST","true","original",1,NA,NA,1.6094379124341,9,12,9,9,200,2346,9,TRUE,466,0,NA,NA,NA,0.658861959466479,0.748927038626609,0.562640449438202,0.720422200006116,99.614,200,NA,"200"
"Darmanis","SC3","FEAST","estimated","original",1,NA,NA,1.6094379124341,9,12,12,12,200,2346,NA,NA,NA,NA,NA,NA,NA,0.613760619890651,0.796137339055794,0.507129766215189,0.6779762034255,113.386,200,NA,"200"
"Darmanis","SC3","FEAST","true","original",1,NA,NA,1.6094379124341,9,12,9,9,300,2346,9,TRUE,466,0,NA,NA,NA,0.736953769012565,0.811158798283262,0.642398381136724,0.782330377929319,95.761,300,NA,"300"
"Darmanis","SC3","FEAST","estimated","original",1,NA,NA,1.6094379124341,9,12,12,12,300,2346,NA,NA,NA,NA,NA,NA,NA,0.686750877494058,0.834763948497854,0.580316742081448,0.740477629906988,126.301,300,NA,"300"
"Darmanis","SC3","FEAST","true","original",1,NA,NA,1.6094379124341,9,12,9,9,500,2346,9,TRUE,466,0,NA,NA,NA,0.764407224117016,0.821888412017167,0.67704280155642,0.80830291627001,94.954,500,NA,"500"
"Darmanis","SC3","FEAST","estimated","original",1,NA,NA,1.6094379124341,9,12,12,12,500,2346,NA,NA,NA,NA,NA,NA,NA,0.776018015041175,0.862660944206009,0.684506642711929,0.814227308996972,104.518,500,NA,"500"
"Darmanis","SC3","FEAST","true","original",1,NA,NA,1.6094379124341,9,12,9,9,750,2346,9,TRUE,466,0,NA,NA,NA,0.779914758644621,0.830472103004292,0.695231601823838,0.821235948068671,119.14,750,NA,"750"
"Darmanis","SC3","FEAST","estimated","original",1,NA,NA,1.6094379124341,9,12,12,12,750,2346,NA,NA,NA,NA,NA,NA,NA,0.790472386636169,0.858369098712446,0.704231156699331,0.826553094228019,101.632,750,NA,"750"
"Darmanis","SC3","FEAST","true","original",1,NA,NA,1.6094379124341,9,12,9,9,1000,2346,9,TRUE,466,0,NA,NA,NA,0.778433212760961,0.856223175965665,0.691964285714286,0.818141611308059,88.406,1000,NA,"1000"
"Darmanis","SC3","FEAST","estimated","original",1,NA,NA,1.6094379124341,9,12,12,12,1000,2346,NA,NA,NA,NA,NA,NA,NA,0.768365258205501,0.854077253218884,0.675899112564222,0.807771655728547,99.871,1000,NA,"1000"
"Darmanis","SC3","FEAST","true","original",1,NA,NA,1.6094379124341,9,12,9,9,1500,2346,9,TRUE,466,0,NA,NA,NA,0.792754986605573,0.836909871244635,0.712893184796854,0.836253200918009,90.484,1500,NA,"1500"
"Darmanis","SC3","FEAST","estimated","original",1,NA,NA,1.6094379124341,9,12,12,12,1500,2346,NA,NA,NA,NA,NA,NA,NA,0.723809266520965,0.873390557939914,0.626755882483272,0.77090098627378,120.43,1500,NA,"1500"
"Darmanis","SC3","FEAST","true","original",1,NA,NA,1.6094379124341,9,12,9,9,2500,2346,9,TRUE,466,0,NA,NA,NA,0.776597775347239,0.82618025751073,0.695759233926129,0.827464432700437,88.254,2500,NA,"2500"
"Darmanis","SC3","FEAST","estimated","original",1,NA,NA,1.6094379124341,9,12,12,12,2500,2346,NA,NA,NA,NA,NA,NA,NA,0.560231962650235,0.830472103004292,0.450843862399705,0.634511690270357,125.524,2500,NA,"2500"
"Darmanis","Refined Louvain","GateOnly","true","original",1,NA,NA,1.6094379124341,9,12,9,9,2346,2346,9,TRUE,466,0,NA,NA,NA,0.59016254759346,0.830472103004292,0.484944393160139,0.657829737184844,8.692,0,NA,"gate_n"
"Darmanis","Refined Louvain","GateOnly","estimated","original",1,NA,NA,1.6094379124341,9,12,12,12,2346,2346,NA,NA,NA,NA,NA,NA,NA,0.503734102063668,0.860515021459227,0.397679130594953,0.587024207510404,9.123,0,NA,"gate_n"
"Darmanis","Refined Louvain","GateOnly","true","original",1,NA,NA,1.6094379124341,9,12,9,9,100,2346,9,TRUE,466,0,NA,NA,NA,0.451742351497557,0.753218884120172,0.358622777801808,0.539211442179358,8.144,100,NA,"100"
"Darmanis","Refined Louvain","GateOnly","estimated","original",1,NA,NA,1.6094379124341,9,12,12,12,100,2346,NA,NA,NA,NA,NA,NA,NA,0.439926717139334,0.78755364806867,0.342106463531451,0.53183739882897,13.417,100,NA,"100"
"Darmanis","Refined Louvain","GateOnly","true","original",1,NA,NA,1.6094379124341,9,12,9,9,200,2346,9,TRUE,466,0,NA,NA,NA,0.542186961545117,0.813304721030043,0.439440790906319,0.616984727001222,10.505,200,NA,"200"
"Darmanis","Refined Louvain","GateOnly","estimated","original",1,NA,NA,1.6094379124341,9,12,12,12,200,2346,NA,NA,NA,NA,NA,NA,NA,0.48257340397528,0.832618025751073,0.376133001455878,0.571225707970408,10.126,200,NA,"200"
"Darmanis","Refined Louvain","GateOnly","true","original",1,NA,NA,1.6094379124341,9,12,9,9,300,2346,9,TRUE,466,0,NA,NA,NA,0.564955654632296,0.821888412017167,0.461250598320352,0.636361285696131,11.483,300,NA,"300"
"Darmanis","Refined Louvain","GateOnly","estimated","original",1,NA,NA,1.6094379124341,9,12,12,12,300,2346,NA,NA,NA,NA,NA,NA,NA,0.496992291315844,0.836909871244635,0.38935022284776,0.58322563303327,9.13,300,NA,"300"
"Darmanis","Refined Louvain","GateOnly","true","original",1,NA,NA,1.6094379124341,9,12,9,9,500,2346,9,TRUE,466,0,NA,NA,NA,0.542026660691074,0.785407725321888,0.439934221914488,0.616790422925556,8.364,500,NA,"500"
"Darmanis","Refined Louvain","GateOnly","estimated","original",1,NA,NA,1.6094379124341,9,12,12,12,500,2346,NA,NA,NA,NA,NA,NA,NA,0.531568198483648,0.843347639484979,0.421977200523267,0.611702247205155,11.533,500,NA,"500"
"Darmanis","Refined Louvain","GateOnly","true","original",1,NA,NA,1.6094379124341,9,12,9,9,750,2346,9,TRUE,466,0,NA,NA,NA,0.518045995280441,0.78755364806867,0.416859172732424,0.596398324883889,8.324,750,NA,"750"
"Darmanis","Refined Louvain","GateOnly","estimated","original",1,NA,NA,1.6094379124341,9,12,12,12,750,2346,NA,NA,NA,NA,NA,NA,NA,0.511538045194339,0.860515021459227,0.403187362714399,0.594996585222588,9.852,750,NA,"750"
"Darmanis","Refined Louvain","GateOnly","true","original",1,NA,NA,1.6094379124341,9,12,9,9,1000,2346,9,TRUE,466,0,NA,NA,NA,0.516325264554112,0.789699570815451,0.415128104403998,0.594954777757652,8.491,1000,NA,"1000"
"Darmanis","Refined Louvain","GateOnly","estimated","original",1,NA,NA,1.6094379124341,9,12,12,12,1000,2346,NA,NA,NA,NA,NA,NA,NA,0.543272337813357,0.879828326180258,0.431780562780799,0.62270073529893,13.269,1000,NA,"1000"
"Darmanis","Refined Louvain","GateOnly","true","original",1,NA,NA,1.6094379124341,9,12,9,9,1500,2346,9,TRUE,466,0,NA,NA,NA,0.575499890564582,0.834763948497854,0.469833119383825,0.645522871811757,8.33,1500,NA,"1500"
"Darmanis","Refined Louvain","GateOnly","estimated","original",1,NA,NA,1.6094379124341,9,12,12,12,1500,2346,NA,NA,NA,NA,NA,NA,NA,0.550576708950081,0.86480686695279,0.442261904761905,0.625957319277463,8.933,1500,NA,"1500"
"Darmanis","Refined Louvain","GateOnly","true","original",1,NA,NA,1.6094379124341,9,12,9,9,2346,2346,9,TRUE,466,0,NA,NA,NA,0.59016254759346,0.830472103004292,0.484944393160139,0.657829737184844,8.086,2500,NA,"2500"
"Darmanis","Refined Louvain","GateOnly","estimated","original",1,NA,NA,1.6094379124341,9,12,12,12,2346,2346,NA,NA,NA,NA,NA,NA,NA,0.503734102063668,0.860515021459227,0.397679130594953,0.587024207510404,8.87,2500,NA,"2500"
"Darmanis","SC3","GateOnly","true","original",1,NA,NA,1.6094379124341,9,12,9,9,2346,2346,9,TRUE,466,0,NA,NA,NA,0.676686272409707,0.793991416309013,0.577093638069248,0.732023534052583,87.27,0,NA,"gate_n"
"Darmanis","SC3","GateOnly","estimated","original",1,NA,NA,1.6094379124341,9,12,12,12,2346,2346,NA,NA,NA,NA,NA,NA,NA,0.535967585041038,0.851931330472103,0.426468533097312,0.615092828303918,96.383,0,NA,"gate_n"
"Darmanis","SC3","GateOnly","true","original",1,NA,NA,1.6094379124341,9,12,9,9,100,2346,9,TRUE,466,0,NA,NA,NA,0.597506034250334,0.785407725321888,0.494120687427316,0.664103018827155,114.6,100,NA,"100"
"Darmanis","SC3","GateOnly","estimated","original",1,NA,NA,1.6094379124341,9,12,12,12,100,2346,NA,NA,NA,NA,NA,NA,NA,0.424015239277166,0.772532188841202,0.328891718586566,0.517828240754317,159.63,100,NA,"100"
"Darmanis","SC3","GateOnly","true","original",1,NA,NA,1.6094379124341,9,12,9,9,200,2346,9,TRUE,466,0,NA,NA,NA,0.556619141148282,0.772532188841202,0.453248052908672,0.629266681162416,114.267,200,NA,"200"
"Darmanis","SC3","GateOnly","estimated","original",1,NA,NA,1.6094379124341,9,12,12,12,200,2346,NA,NA,NA,NA,NA,NA,NA,0.534771077197767,0.809012875536481,0.428156485431606,0.612129718611243,115.946,200,NA,"200"
"Darmanis","SC3","GateOnly","true","original",1,NA,NA,1.6094379124341,9,12,9,9,300,2346,9,TRUE,466,0,NA,NA,NA,0.659380233630626,0.821888412017167,0.55472558930089,0.71635341318686,100.261,300,NA,"300"
"Darmanis","SC3","GateOnly","estimated","original",1,NA,NA,1.6094379124341,9,12,12,12,300,2346,NA,NA,NA,NA,NA,NA,NA,0.522224022663849,0.824034334763948,0.413334577520646,0.603766427312653,186.384,300,NA,"300"
"Darmanis","SC3","GateOnly","true","original",1,NA,NA,1.6094379124341,9,12,9,9,500,2346,9,TRUE,466,0,NA,NA,NA,0.66622934629352,0.82618025751073,0.561739208552307,0.722132903963805,95.714,500,NA,"500"
"Darmanis","SC3","GateOnly","estimated","original",1,NA,NA,1.6094379124341,9,12,12,12,500,2346,NA,NA,NA,NA,NA,NA,NA,0.500275312710698,0.836909871244635,0.394385026737968,0.58420313656088,115.38,500,NA,"500"
"Darmanis","SC3","GateOnly","true","original",1,NA,NA,1.6094379124341,9,12,9,9,750,2346,9,TRUE,466,0,NA,NA,NA,0.636672394708821,0.802575107296137,0.535100012740476,0.69788693224887,92.312,750,NA,"750"
"Darmanis","SC3","GateOnly","estimated","original",1,NA,NA,1.6094379124341,9,12,12,12,750,2346,NA,NA,NA,NA,NA,NA,NA,0.509950006887016,0.828326180257511,0.401211097028588,0.594144977406487,102.367,750,NA,"750"
"Darmanis","SC3","GateOnly","true","original",1,NA,NA,1.6094379124341,9,12,9,9,1000,2346,9,TRUE,466,0,NA,NA,NA,0.655640522796364,0.804721030042919,0.555747005673461,0.714604618923626,92.041,1000,NA,"1000"
"Darmanis","SC3","GateOnly","estimated","original",1,NA,NA,1.6094379124341,9,12,12,12,1000,2346,NA,NA,NA,NA,NA,NA,NA,0.485477905135267,0.824034334763948,0.376790147030743,0.575859953834163,140.404,1000,NA,"1000"
"Darmanis","SC3","GateOnly","true","original",1,NA,NA,1.6094379124341,9,12,9,9,1500,2346,9,TRUE,466,0,NA,NA,NA,0.672648415036348,0.793991416309013,0.573314713723499,0.728901514566053,90.379,1500,NA,"1500"
"Darmanis","SC3","GateOnly","estimated","original",1,NA,NA,1.6094379124341,9,12,12,12,1500,2346,NA,NA,NA,NA,NA,NA,NA,0.523776434388685,0.86480686695279,0.41265690376569,0.607187819119024,98.372,1500,NA,"1500"
"Darmanis","SC3","GateOnly","true","original",1,NA,NA,1.6094379124341,9,12,9,9,2346,2346,9,TRUE,466,0,NA,NA,NA,0.676686272409707,0.793991416309013,0.577093638069248,0.732023534052583,87.571,2500,NA,"2500"
"Darmanis","SC3","GateOnly","estimated","original",1,NA,NA,1.6094379124341,9,12,12,12,2346,2346,NA,NA,NA,NA,NA,NA,NA,0.535967585041038,0.851931330472103,0.426468533097312,0.615092828303918,95.886,2500,NA,"2500"
"Darmanis","Refined Louvain","Seurat","true","original",1,NA,NA,1.6094379124341,9,12,9,9,2346,2346,9,TRUE,466,0,NA,NA,NA,0.584852108019108,0.8068669527897,0.481744291059218,0.653333011825257,8.813,0,NA,"gate_n"
"Darmanis","Refined Louvain","Seurat","estimated","original",1,NA,NA,1.6094379124341,9,12,12,12,2346,2346,NA,NA,NA,NA,NA,NA,NA,0.425856513225799,0.809012875536481,0.327189585180346,0.52214494767195,9.171,0,NA,"gate_n"
"Darmanis","Refined Louvain","Seurat","true","original",1,NA,NA,1.6094379124341,9,12,9,9,100,2346,9,TRUE,466,0,NA,NA,NA,0.518148834781166,0.757510729613734,0.424362766948981,0.597570519512169,8.682,100,NA,"100"
"Darmanis","Refined Louvain","Seurat","estimated","original",1,NA,NA,1.6094379124341,9,12,12,12,100,2346,NA,NA,NA,NA,NA,NA,NA,0.44692798297721,0.791845493562232,0.34993482267272,0.536731587954605,15.684,100,NA,"100"
"Darmanis","Refined Louvain","Seurat","true","original",1,NA,NA,1.6094379124341,9,12,9,9,200,2346,9,TRUE,466,0,NA,NA,NA,0.448284901171952,0.748927038626609,0.359167924844825,0.535993356201119,17.352,200,NA,"200"
"Darmanis","Refined Louvain","Seurat","estimated","original",1,NA,NA,1.6094379124341,9,12,12,12,200,2346,NA,NA,NA,NA,NA,NA,NA,0.445698570983325,0.813304721030043,0.347678060738118,0.536399027914336,10.369,200,NA,"200"
"Darmanis","Refined Louvain","Seurat","true","original",1,NA,NA,1.6094379124341,9,12,9,9,300,2346,9,TRUE,466,0,NA,NA,NA,0.523705022697735,0.809012875536481,0.421843599825251,0.601274135136048,9.117,300,NA,"300"
"Darmanis","Refined Louvain","Seurat","estimated","original",1,NA,NA,1.6094379124341,9,12,12,12,300,2346,NA,NA,NA,NA,NA,NA,NA,0.525286074922107,0.84549356223176,0.414964381752135,0.607499589246434,10.958,300,NA,"300"
"Darmanis","Refined Louvain","Seurat","true","original",1,NA,NA,1.6094379124341,9,12,9,9,500,2346,9,TRUE,466,0,NA,NA,NA,0.630710075744452,0.8068669527897,0.525922013907226,0.692146742370473,8.941,500,NA,"500"
"Darmanis","Refined Louvain","Seurat","estimated","original",1,NA,NA,1.6094379124341,9,12,12,12,500,2346,NA,NA,NA,NA,NA,NA,NA,0.519385587165211,0.847639484978541,0.408121391420528,0.604015157351403,16.894,500,NA,"500"
"Darmanis","Refined Louvain","Seurat","true","original",1,NA,NA,1.6094379124341,9,12,9,9,750,2346,9,TRUE,466,0,NA,NA,NA,0.62994564423788,0.798283261802575,0.524925004411505,0.691498727891376,8.691,750,NA,"750"
"Darmanis","Refined Louvain","Seurat","estimated","original",1,NA,NA,1.6094379124341,9,12,12,12,750,2346,NA,NA,NA,NA,NA,NA,NA,0.492130720556838,0.832618025751073,0.38498687171793,0.579072036258074,10.443,750,NA,"750"
"Darmanis","Refined Louvain","Seurat","true","original",1,NA,NA,1.6094379124341,9,12,9,9,1000,2346,8,FALSE,466,0,NA,NA,NA,0.778615649321051,0.84549356223176,0.695764378174668,0.823699254728505,8.896,1000,NA,"1000"
"Darmanis","Refined Louvain","Seurat","estimated","original",1,NA,NA,1.6094379124341,9,12,12,12,1000,2346,NA,NA,NA,NA,NA,NA,NA,0.484142239281316,0.841201716738197,0.376854038734058,0.57327496539905,9.344,1000,NA,"1000"
"Darmanis","Refined Louvain","Seurat","true","original",1,NA,NA,1.6094379124341,9,12,9,9,1500,2346,9,TRUE,466,0,NA,NA,NA,0.580994967052043,0.793991416309013,0.47929119504854,0.650264631677647,11.154,1500,NA,"1500"
"Darmanis","Refined Louvain","Seurat","estimated","original",1,NA,NA,1.6094379124341,9,12,12,12,1500,2346,NA,NA,NA,NA,NA,NA,NA,0.514337150269425,0.836909871244635,0.405759162303665,0.597364292704098,17.766,1500,NA,"1500"
"Darmanis","Refined Louvain","Seurat","true","original",1,NA,NA,1.6094379124341,9,12,9,9,2500,2346,9,TRUE,466,0,NA,NA,NA,0.54793747116449,0.811158798283262,0.444841408156152,0.621887890026723,8.691,2500,NA,"2500"
"Darmanis","Refined Louvain","Seurat","estimated","original",1,NA,NA,1.6094379124341,9,12,12,12,2500,2346,NA,NA,NA,NA,NA,NA,NA,0.532925027112093,0.858369098712446,0.423033707865169,0.613037083528319,17.441,2500,NA,"2500"
"Darmanis","SC3","Seurat","true","original",1,NA,NA,1.6094379124341,9,12,9,9,2346,2346,9,TRUE,466,0,NA,NA,NA,0.711897381507005,0.824034334763948,0.614596003475239,0.76141152308114,87.425,0,NA,"gate_n"
"Darmanis","SC3","Seurat","estimated","original",1,NA,NA,1.6094379124341,9,12,12,12,2346,2346,NA,NA,NA,NA,NA,NA,NA,0.544922055151873,0.828326180257511,0.438600441302292,0.620273226616509,97.152,0,NA,"gate_n"
"Darmanis","SC3","Seurat","true","original",1,NA,NA,1.6094379124341,9,12,9,9,100,2346,9,TRUE,466,0,NA,NA,NA,0.540839828085809,0.727467811158798,0.445998633385586,0.617671621575457,100.77,100,NA,"100"
"Darmanis","SC3","Seurat","estimated","original",1,NA,NA,1.6094379124341,9,12,12,12,100,2346,NA,NA,NA,NA,NA,NA,NA,0.56620885074256,0.804721030042919,0.462189640877951,0.637446260966327,170.667,100,NA,"100"
"Darmanis","SC3","Seurat","true","original",1,NA,NA,1.6094379124341,9,12,9,9,200,2346,9,TRUE,466,0,NA,NA,NA,0.589028386191298,0.748927038626609,0.488563319141832,0.657608738459954,98.743,200,NA,"200"
"Darmanis","SC3","Seurat","estimated","original",1,NA,NA,1.6094379124341,9,12,12,12,200,2346,NA,NA,NA,NA,NA,NA,NA,0.574238239200567,0.8068669527897,0.471199000473913,0.644267724033714,110.622,200,NA,"200"
"Darmanis","SC3","Seurat","true","original",1,NA,NA,1.6094379124341,9,12,9,9,300,2346,9,TRUE,466,0,NA,NA,NA,0.622588939385156,0.774678111587983,0.518502394427514,0.685325156071166,98.375,300,NA,"300"
"Darmanis","SC3","Seurat","estimated","original",1,NA,NA,1.6094379124341,9,12,12,12,300,2346,NA,NA,NA,NA,NA,NA,NA,0.638684917905867,0.834763948497854,0.529217148182665,0.700274224150483,121.548,300,NA,"300"
"Darmanis","SC3","Seurat","true","original",1,NA,NA,1.6094379124341,9,12,9,9,500,2346,9,TRUE,466,0,NA,NA,NA,0.660211423449945,0.813304721030043,0.557379201680672,0.717189675126987,108.845,500,NA,"500"
"Darmanis","SC3","Seurat","estimated","original",1,NA,NA,1.6094379124341,9,12,12,12,500,2346,NA,NA,NA,NA,NA,NA,NA,0.594272706073405,0.8068669527897,0.488050817341862,0.661444547975759,106.011,500,NA,"500"
"Darmanis","SC3","Seurat","true","original",1,NA,NA,1.6094379124341,9,12,9,9,750,2346,9,TRUE,466,0,NA,NA,NA,0.670479327801618,0.815450643776824,0.568095949389333,0.725838418294296,93.485,750,NA,"750"
"Darmanis","SC3","Seurat","estimated","original",1,NA,NA,1.6094379124341,9,12,12,12,750,2346,NA,NA,NA,NA,NA,NA,NA,0.526583562328651,0.815450643776824,0.421142831371488,0.604866688944806,103.79,750,NA,"750"
"Darmanis","SC3","Seurat","true","original",1,NA,NA,1.6094379124341,9,12,9,9,1000,2346,9,TRUE,466,0,NA,NA,NA,0.670845697527677,0.817596566523605,0.568666988120808,0.726187663669155,91.009,1000,NA,"1000"
"Darmanis","SC3","Seurat","estimated","original",1,NA,NA,1.6094379124341,9,12,12,12,1000,2346,NA,NA,NA,NA,NA,NA,NA,0.53719602013023,0.849785407725322,0.429990884229717,0.614432163358769,101.13,1000,NA,"1000"
"Darmanis","SC3","Seurat","true","original",1,NA,NA,1.6094379124341,9,12,9,9,1500,2346,9,TRUE,466,0,NA,NA,NA,0.657606408272537,0.809012875536481,0.556151798746458,0.715436920954775,89.486,1500,NA,"1500"
"Darmanis","SC3","Seurat","estimated","original",1,NA,NA,1.6094379124341,9,12,12,12,1500,2346,NA,NA,NA,NA,NA,NA,NA,0.542324805052238,0.821888412017167,0.435002275830678,0.618659965751681,122.611,1500,NA,"1500"
"Darmanis","SC3","Seurat","true","original",1,NA,NA,1.6094379124341,9,12,9,9,2500,2346,9,TRUE,466,0,NA,NA,NA,0.767530800812928,0.809012875536481,0.679859052039019,0.809863622332429,93.864,2500,NA,"2500"
"Darmanis","SC3","Seurat","estimated","original",1,NA,NA,1.6094379124341,9,12,12,12,2500,2346,NA,NA,NA,NA,NA,NA,NA,0.555258822515821,0.856223175965665,0.446729571271528,0.629902524023839,151.935,2500,NA,"2500"
"Darmanis","Refined Louvain","Variance","true","original",1,NA,NA,1.6094379124341,9,12,9,9,2346,2346,9,TRUE,466,0,NA,NA,NA,0.57948066090923,0.821888412017167,0.476100004317976,0.648723756394224,13.922,0,NA,"gate_n"
"Darmanis","Refined Louvain","Variance","estimated","original",1,NA,NA,1.6094379124341,9,12,12,12,2346,2346,NA,NA,NA,NA,NA,NA,NA,0.479271149755062,0.862660944206009,0.374634689428028,0.567051277798976,9.375,0,NA,"gate_n"
"Darmanis","Refined Louvain","Variance","true","original",1,NA,NA,1.6094379124341,9,12,9,9,100,2346,9,TRUE,466,0,NA,NA,NA,0.703553647424279,0.854077253218884,0.60100335987481,0.753627117104462,8.811,100,NA,"100"
"Darmanis","Refined Louvain","Variance","estimated","original",1,NA,NA,1.6094379124341,9,12,12,12,100,2346,NA,NA,NA,NA,NA,NA,NA,0.493160360752745,0.847639484978541,0.384447398404861,0.581500660860962,17.977,100,NA,"100"
"Darmanis","Refined Louvain","Variance","true","original",1,NA,NA,1.6094379124341,9,12,9,9,200,2346,9,TRUE,466,0,NA,NA,NA,0.693808602948704,0.847639484978541,0.591140159767611,0.745333203525314,13.068,200,NA,"200"
"Darmanis","Refined Louvain","Variance","estimated","original",1,NA,NA,1.6094379124341,9,12,12,12,200,2346,NA,NA,NA,NA,NA,NA,NA,0.48353319565172,0.847639484978541,0.37774770149811,0.571304322876697,10.309,200,NA,"200"
"Darmanis","Refined Louvain","Variance","true","original",1,NA,NA,1.6094379124341,9,12,9,9,300,2346,9,TRUE,466,0,NA,NA,NA,0.591166606314746,0.830472103004292,0.485672720860518,0.658708526233156,10.417,300,NA,"300"
"Darmanis","Refined Louvain","Variance","estimated","original",1,NA,NA,1.6094379124341,9,12,12,12,300,2346,NA,NA,NA,NA,NA,NA,NA,0.477196113388532,0.84549356223176,0.370576841309586,0.567452622304125,14.883,300,NA,"300"
"Darmanis","Refined Louvain","Variance","true","original",1,NA,NA,1.6094379124341,9,12,9,9,500,2346,9,TRUE,466,0,NA,NA,NA,0.590570237807521,0.830472103004292,0.48562412342216,0.658153397775929,8.474,500,NA,"500"
"Darmanis","Refined Louvain","Variance","estimated","original",1,NA,NA,1.6094379124341,9,12,12,12,500,2346,NA,NA,NA,NA,NA,NA,NA,0.499447398610114,0.849785407725322,0.392941612948106,0.584060342115864,15.682,500,NA,"500"
"Darmanis","Refined Louvain","Variance","true","original",1,NA,NA,1.6094379124341,9,12,9,9,750,2346,9,TRUE,466,0,NA,NA,NA,0.578857317776155,0.824034334763948,0.474583660301683,0.648187919593359,8.533,750,NA,"750"
"Darmanis","Refined Louvain","Variance","estimated","original",1,NA,NA,1.6094379124341,9,12,12,12,750,2346,NA,NA,NA,NA,NA,NA,NA,0.476010954709017,0.824034334763948,0.372388025277919,0.563723583462198,10.19,750,NA,"750"
"Darmanis","Refined Louvain","Variance","true","original",1,NA,NA,1.6094379124341,9,12,9,9,1000,2346,9,TRUE,466,0,NA,NA,NA,0.571046244521813,0.824034334763948,0.466582045782816,0.641582551900388,11.823,1000,NA,"1000"
"Darmanis","Refined Louvain","Variance","estimated","original",1,NA,NA,1.6094379124341,9,12,12,12,1000,2346,NA,NA,NA,NA,NA,NA,NA,0.477469606195992,0.839055793991416,0.372077800635871,0.56639136524259,15.054,1000,NA,"1000"
"Darmanis","Refined Louvain","Variance","true","original",1,NA,NA,1.6094379124341,9,12,9,9,1500,2346,9,TRUE,466,0,NA,NA,NA,0.685300673194015,0.856223175965665,0.583884917483011,0.738328041448655,9.249,1500,NA,"1500"
"Darmanis","Refined Louvain","Variance","estimated","original",1,NA,NA,1.6094379124341,9,12,12,12,1500,2346,NA,NA,NA,NA,NA,NA,NA,0.510406468905883,0.854077253218884,0.404950765864333,0.59186452892931,9.229,1500,NA,"1500"
"Darmanis","Refined Louvain","Variance","true","original",1,NA,NA,1.6094379124341,9,12,9,9,2500,2346,8,FALSE,466,0,NA,NA,NA,0.676463599689493,0.821888412017167,0.576196825669921,0.731488888011832,9.073,2500,NA,"2500"
"Darmanis","Refined Louvain","Variance","estimated","original",1,NA,NA,1.6094379124341,9,12,12,12,2500,2346,NA,NA,NA,NA,NA,NA,NA,0.481050312739931,0.862660944206009,0.376692389445959,0.568167532359869,14.454,2500,NA,"2500"
"Darmanis","SC3","Variance","true","original",1,NA,NA,1.6094379124341,9,12,9,9,2346,2346,9,TRUE,466,0,NA,NA,NA,0.698594216348746,0.836909871244635,0.598990785432207,0.749735669190107,86.801,0,NA,"gate_n"
"Darmanis","SC3","Variance","estimated","original",1,NA,NA,1.6094379124341,9,12,12,12,2346,2346,NA,NA,NA,NA,NA,NA,NA,0.520565783909538,0.851931330472103,0.412054922038632,0.60214281903561,96.174,0,NA,"gate_n"
"Darmanis","SC3","Variance","true","original",1,NA,NA,1.6094379124341,9,12,9,9,100,2346,9,TRUE,466,0,NA,NA,NA,0.625379365634962,0.815450643776824,0.517374869062258,0.688203898719201,96.18,100,NA,"100"
"Darmanis","SC3","Variance","estimated","original",1,NA,NA,1.6094379124341,9,12,12,12,100,2346,NA,NA,NA,NA,NA,NA,NA,0.542084982318449,0.834763948497854,0.432039968249521,0.620407948001916,135.184,100,NA,"100"
"Darmanis","SC3","Variance","true","original",1,NA,NA,1.6094379124341,9,12,9,9,200,2346,9,TRUE,466,0,NA,NA,NA,0.641333936407425,0.789699570815451,0.538341632387963,0.701339284818945,91.19,200,NA,"200"
"Darmanis","SC3","Variance","estimated","original",1,NA,NA,1.6094379124341,9,12,12,12,200,2346,NA,NA,NA,NA,NA,NA,NA,0.543908854283978,0.873390557939914,0.431407167056354,0.624279919636638,102.267,200,NA,"200"
"Darmanis","SC3","Variance","true","original",1,NA,NA,1.6094379124341,9,12,9,9,300,2346,9,TRUE,466,0,NA,NA,NA,0.654697639377064,0.793991416309013,0.549720420487587,0.712414435309779,92.768,300,NA,"300"
"Darmanis","SC3","Variance","estimated","original",1,NA,NA,1.6094379124341,9,12,12,12,300,2346,NA,NA,NA,NA,NA,NA,NA,0.589431864576787,0.821888412017167,0.476561757155082,0.661289813467207,167.201,300,NA,"300"
"Darmanis","SC3","Variance","true","original",1,NA,NA,1.6094379124341,9,12,9,9,500,2346,9,TRUE,466,0,NA,NA,NA,0.63483882877582,0.798283261802575,0.533344638996057,0.696375479249647,99.569,500,NA,"500"
"Darmanis","SC3","Variance","estimated","original",1,NA,NA,1.6094379124341,9,12,12,12,500,2346,NA,NA,NA,NA,NA,NA,NA,0.495199488007343,0.851931330472103,0.387623832104794,0.58180820463594,116.572,500,NA,"500"
"Darmanis","SC3","Variance","true","original",1,NA,NA,1.6094379124341,9,12,9,9,750,2346,9,TRUE,466,0,NA,NA,NA,0.679552531594701,0.824034334763948,0.578488245300301,0.733694921995996,88.677,750,NA,"750"
"Darmanis","SC3","Variance","estimated","original",1,NA,NA,1.6094379124341,9,12,12,12,750,2346,NA,NA,NA,NA,NA,NA,NA,0.563166239298198,0.854077253218884,0.451010077115958,0.639181775456853,99.91,750,NA,"750"
"Darmanis","SC3","Variance","true","original",1,NA,NA,1.6094379124341,9,12,9,9,1000,2346,9,TRUE,466,0,NA,NA,NA,0.697525202535493,0.832618025751073,0.598112465591821,0.748945850189227,88.987,1000,NA,"1000"
"Darmanis","SC3","Variance","estimated","original",1,NA,NA,1.6094379124341,9,12,12,12,1000,2346,NA,NA,NA,NA,NA,NA,NA,0.576155130929914,0.856223175965665,0.464135817024287,0.649577123481818,99.313,1000,NA,"1000"
"Darmanis","SC3","Variance","true","original",1,NA,NA,1.6094379124341,9,12,9,9,1500,2346,9,TRUE,466,0,NA,NA,NA,0.70064511917466,0.839055793991416,0.601255266853933,0.751472685155984,88.226,1500,NA,"1500"
"Darmanis","SC3","Variance","estimated","original",1,NA,NA,1.6094379124341,9,12,12,12,1500,2346,NA,NA,NA,NA,NA,NA,NA,0.519953729831289,0.856223175965665,0.411436021605513,0.601670897732534,97.997,1500,NA,"1500"
"Darmanis","SC3","Variance","true","original",1,NA,NA,1.6094379124341,9,12,9,9,2500,2346,9,TRUE,466,0,NA,NA,NA,0.668529551286411,0.789699570815451,0.567791516400481,0.724770448922528,87.067,2500,NA,"2500"
"Darmanis","SC3","Variance","estimated","original",1,NA,NA,1.6094379124341,9,12,12,12,2500,2346,NA,NA,NA,NA,NA,NA,NA,0.54171491956199,0.851931330472103,0.431569598952977,0.620201097540181,125.414,2500,NA,"2500"
"Fletcher","Refined Louvain","DIFS","true","original",1,NA,NA,1.6094379124341,13,13,13,13,2918,2918,13,TRUE,616,0,1900,3729,"2:3",0.778552101522591,0.871753246753247,0.665842738550508,0.799883187591535,252.723,0,NA,"gate_n"
"Fletcher","Refined Louvain","DIFS","estimated","original",1,NA,NA,1.6094379124341,13,13,13,13,2918,2918,NA,NA,NA,NA,1900,3729,"2:3",0.778552101522591,0.871753246753247,0.665842738550508,0.799883187591535,232.092,0,NA,"gate_n"
"Fletcher","Refined Louvain","DIFS","true","original",1,NA,NA,1.6094379124341,13,13,13,13,100,2918,13,TRUE,616,0,1900,3729,"3:1",0.599847079604166,0.774350649350649,0.466968857550575,0.63768938413252,228.3,100,NA,"100"
"Fletcher","Refined Louvain","DIFS","estimated","original",1,NA,NA,1.6094379124341,13,13,13,13,100,2918,NA,NA,NA,NA,1900,3729,"3:1",0.599847079604166,0.774350649350649,0.466968857550575,0.63768938413252,232.138,100,NA,"100"
"Fletcher","Refined Louvain","DIFS","true","original",1,NA,NA,1.6094379124341,13,13,13,13,200,2918,13,TRUE,616,0,1900,3729,"3:2",0.684678578787136,0.829545454545455,0.554999557169427,0.714804786549411,234.57,200,NA,"200"
"Fletcher","Refined Louvain","DIFS","estimated","original",1,NA,NA,1.6094379124341,13,13,13,13,200,2918,NA,NA,NA,NA,1900,3729,"3:2",0.684678578787136,0.829545454545455,0.554999557169427,0.714804786549411,229.589,200,NA,"200"
"Fletcher","Refined Louvain","DIFS","true","original",1,NA,NA,1.6094379124341,13,13,13,13,300,2918,13,TRUE,616,0,1900,3729,"2:1",0.810343468404158,0.887987012987013,0.707276995305164,0.828651893721088,226.602,300,NA,"300"
"Fletcher","Refined Louvain","DIFS","estimated","original",1,NA,NA,1.6094379124341,13,13,13,13,300,2918,NA,NA,NA,NA,1900,3729,"2:1",0.810343468404158,0.887987012987013,0.707276995305164,0.828651893721088,228.963,300,NA,"300"
"Fletcher","Refined Louvain","DIFS","true","original",1,NA,NA,1.6094379124341,13,13,13,13,500,2918,13,TRUE,616,0,1900,3729,"2:3",0.76244876998914,0.887987012987013,0.647064045093427,0.785725256830456,263.317,500,NA,"500"
"Fletcher","Refined Louvain","DIFS","estimated","original",1,NA,NA,1.6094379124341,13,13,13,13,500,2918,NA,NA,NA,NA,1900,3729,"2:3",0.76244876998914,0.887987012987013,0.647064045093427,0.785725256830456,270.514,500,NA,"500"
"Fletcher","Refined Louvain","DIFS","true","original",1,NA,NA,1.6094379124341,13,13,13,13,750,2918,13,TRUE,616,0,1900,3729,"3:2",0.826519941877969,0.896103896103896,0.729271944600412,0.843443920417511,228.017,750,NA,"750"
"Fletcher","Refined Louvain","DIFS","estimated","original",1,NA,NA,1.6094379124341,13,13,13,13,750,2918,NA,NA,NA,NA,1900,3729,"3:2",0.826519941877969,0.896103896103896,0.729271944600412,0.843443920417511,274.373,750,NA,"750"
"Fletcher","Refined Louvain","DIFS","true","original",1,NA,NA,1.6094379124341,13,13,13,13,1000,2918,13,TRUE,616,0,1900,3729,"2:3",0.76848180531742,0.87012987012987,0.6532437442076,0.790762152710136,227.468,1000,NA,"1000"
"Fletcher","Refined Louvain","DIFS","estimated","original",1,NA,NA,1.6094379124341,13,13,13,13,1000,2918,NA,NA,NA,NA,1900,3729,"2:3",0.76848180531742,0.87012987012987,0.6532437442076,0.790762152710136,229.695,1000,NA,"1000"
"Fletcher","Refined Louvain","DIFS","true","original",1,NA,NA,1.6094379124341,13,13,13,13,1500,2918,13,TRUE,616,0,1900,3729,"1:3",0.716541019475945,0.855519480519481,0.59062386322299,0.743813361728009,228.099,1500,NA,"1500"
"Fletcher","Refined Louvain","DIFS","estimated","original",1,NA,NA,1.6094379124341,13,13,13,13,1500,2918,NA,NA,NA,NA,1900,3729,"1:3",0.716541019475945,0.855519480519481,0.59062386322299,0.743813361728009,227.586,1500,NA,"1500"
"Fletcher","Refined Louvain","DIFS","true","original",1,NA,NA,1.6094379124341,13,13,13,13,2500,2918,13,TRUE,616,0,1900,3729,"1:2",0.772681324016529,0.871753246753247,0.658741129849783,0.794545412896803,246.604,2500,NA,"2500"
"Fletcher","Refined Louvain","DIFS","estimated","original",1,NA,NA,1.6094379124341,13,13,13,13,2500,2918,NA,NA,NA,NA,1900,3729,"1:2",0.772681324016529,0.871753246753247,0.658741129849783,0.794545412896803,379.883,2500,NA,"2500"
"Fletcher","SC3","DIFS","true","original",1,NA,NA,1.6094379124341,13,13,13,13,2918,2918,13,TRUE,616,0,1900,3729,"2:3",0.815658156801025,0.875,0.717009980887662,0.838287063731417,370.307,0,NA,"gate_n"
"Fletcher","SC3","DIFS","estimated","original",1,NA,NA,1.6094379124341,13,13,13,13,2918,2918,NA,NA,NA,NA,1900,3729,"2:3",0.815658156801025,0.875,0.717009980887662,0.838287063731417,371.92,0,NA,"gate_n"
"Fletcher","SC3","DIFS","true","original",1,NA,NA,1.6094379124341,13,13,13,13,100,2918,13,TRUE,616,0,1900,3729,"3:1",0.727032393290053,0.814935064935065,0.605910710542863,0.755074611125353,394.984,100,NA,"100"
"Fletcher","SC3","DIFS","estimated","original",1,NA,NA,1.6094379124341,13,13,13,13,100,2918,NA,NA,NA,NA,1900,3729,"3:1",0.727032393290053,0.814935064935065,0.605910710542863,0.755074611125353,415.714,100,NA,"100"
"Fletcher","SC3","DIFS","true","original",1,NA,NA,1.6094379124341,13,13,13,13,200,2918,13,TRUE,616,0,1900,3729,"3:2",0.744141073848901,0.819805194805195,0.62582654323621,0.770212715688786,382.695,200,NA,"200"
"Fletcher","SC3","DIFS","estimated","original",1,NA,NA,1.6094379124341,13,13,13,13,200,2918,NA,NA,NA,NA,1900,3729,"3:2",0.744141073848901,0.819805194805195,0.62582654323621,0.770212715688786,383.901,200,NA,"200"
"Fletcher","SC3","DIFS","true","original",1,NA,NA,1.6094379124341,13,13,13,13,300,2918,13,TRUE,616,0,1900,3729,"2:1",0.779151201080371,0.855519480519481,0.669113858835652,0.802744062336559,371.127,300,NA,"300"
"Fletcher","SC3","DIFS","estimated","original",1,NA,NA,1.6094379124341,13,13,13,13,300,2918,NA,NA,NA,NA,1900,3729,"2:1",0.779151201080371,0.855519480519481,0.669113858835652,0.802744062336559,369.4,300,NA,"300"
"Fletcher","SC3","DIFS","true","original",1,NA,NA,1.6094379124341,13,13,13,13,500,2918,13,TRUE,616,0,1900,3729,"2:3",0.783965109956336,0.86038961038961,0.67541837431694,0.807648071837363,371.206,500,NA,"500"
"Fletcher","SC3","DIFS","estimated","original",1,NA,NA,1.6094379124341,13,13,13,13,500,2918,NA,NA,NA,NA,1900,3729,"2:3",0.783965109956336,0.86038961038961,0.67541837431694,0.807648071837363,613.116,500,NA,"500"
"Fletcher","SC3","DIFS","true","original",1,NA,NA,1.6094379124341,13,13,13,13,750,2918,13,TRUE,616,0,1900,3729,"3:2",0.780157801079984,0.850649350649351,0.670299375403834,0.803499307812281,377.642,750,NA,"750"
"Fletcher","SC3","DIFS","estimated","original",1,NA,NA,1.6094379124341,13,13,13,13,750,2918,NA,NA,NA,NA,1900,3729,"3:2",0.780157801079984,0.850649350649351,0.670299375403834,0.803499307812281,490.834,750,NA,"750"
"Fletcher","SC3","DIFS","true","original",1,NA,NA,1.6094379124341,13,13,13,13,1000,2918,13,TRUE,616,0,1900,3729,"2:3",0.795992025176235,0.863636363636364,0.689655172413793,0.816522189750264,367.234,1000,NA,"1000"
"Fletcher","SC3","DIFS","estimated","original",1,NA,NA,1.6094379124341,13,13,13,13,1000,2918,NA,NA,NA,NA,1900,3729,"2:3",0.795992025176235,0.863636363636364,0.689655172413793,0.816522189750264,367.574,1000,NA,"1000"
"Fletcher","SC3","DIFS","true","original",1,NA,NA,1.6094379124341,13,13,13,13,1500,2918,13,TRUE,616,0,1900,3729,"1:3",0.811405947908542,0.86038961038961,0.710497431619616,0.831855081227169,371.347,1500,NA,"1500"
"Fletcher","SC3","DIFS","estimated","original",1,NA,NA,1.6094379124341,13,13,13,13,1500,2918,NA,NA,NA,NA,1900,3729,"1:3",0.811405947908542,0.86038961038961,0.710497431619616,0.831855081227169,370.902,1500,NA,"1500"
"Fletcher","SC3","DIFS","true","original",1,NA,NA,1.6094379124341,13,13,13,13,2500,2918,13,TRUE,616,0,1900,3729,"1:2",0.828053135225871,0.871753246753247,0.733053625278615,0.847938390047321,406.81,2500,NA,"2500"
"Fletcher","SC3","DIFS","estimated","original",1,NA,NA,1.6094379124341,13,13,13,13,2500,2918,NA,NA,NA,NA,1900,3729,"1:2",0.828053135225871,0.871753246753247,0.733053625278615,0.847938390047321,393.575,2500,NA,"2500"
"Fletcher","Refined Louvain","FEAST","true","original",1,NA,NA,1.6094379124341,13,13,13,13,2918,2918,13,TRUE,616,0,NA,NA,NA,0.677174068098037,0.797077922077922,0.547411361367877,0.707985936573371,18.697,0,NA,"gate_n"
"Fletcher","Refined Louvain","FEAST","estimated","original",1,NA,NA,1.6094379124341,13,13,13,13,2918,2918,NA,NA,NA,NA,NA,NA,NA,0.677174068098037,0.797077922077922,0.547411361367877,0.707985936573371,18.478,0,NA,"gate_n"
"Fletcher","Refined Louvain","FEAST","true","original",1,NA,NA,1.6094379124341,13,13,13,13,100,2918,13,TRUE,616,0,NA,NA,NA,0.520813994075028,0.724025974025974,0.393373662914146,0.565739106097157,27.004,100,NA,"100"
"Fletcher","Refined Louvain","FEAST","estimated","original",1,NA,NA,1.6094379124341,13,13,13,13,100,2918,NA,NA,NA,NA,NA,NA,NA,0.520813994075028,0.724025974025974,0.393373662914146,0.565739106097157,18.511,100,NA,"100"
"Fletcher","Refined Louvain","FEAST","true","original",1,NA,NA,1.6094379124341,13,13,13,13,200,2918,13,TRUE,616,0,NA,NA,NA,0.639855574249472,0.806818181818182,0.507190837065105,0.674073775482718,18.873,200,NA,"200"
"Fletcher","Refined Louvain","FEAST","estimated","original",1,NA,NA,1.6094379124341,13,13,13,13,200,2918,NA,NA,NA,NA,NA,NA,NA,0.639855574249472,0.806818181818182,0.507190837065105,0.674073775482718,18.207,200,NA,"200"
"Fletcher","Refined Louvain","FEAST","true","original",1,NA,NA,1.6094379124341,13,13,13,13,300,2918,13,TRUE,616,0,NA,NA,NA,0.744904561334752,0.853896103896104,0.625726104559057,0.769780495463217,18.812,300,NA,"300"
"Fletcher","Refined Louvain","FEAST","estimated","original",1,NA,NA,1.6094379124341,13,13,13,13,300,2918,NA,NA,NA,NA,NA,NA,NA,0.744904561334752,0.853896103896104,0.625726104559057,0.769780495463217,18.398,300,NA,"300"
"Fletcher","Refined Louvain","FEAST","true","original",1,NA,NA,1.6094379124341,13,13,13,13,500,2918,13,TRUE,616,0,NA,NA,NA,0.787916924133268,0.866883116883117,0.678574687471485,0.808520693156,18.294,500,NA,"500"
"Fletcher","Refined Louvain","FEAST","estimated","original",1,NA,NA,1.6094379124341,13,13,13,13,500,2918,NA,NA,NA,NA,NA,NA,NA,0.787916924133268,0.866883116883117,0.678574687471485,0.808520693156,17.848,500,NA,"500"
"Fletcher","Refined Louvain","FEAST","true","original",1,NA,NA,1.6094379124341,13,13,13,13,750,2918,13,TRUE,616,0,NA,NA,NA,0.680076995816755,0.808441558441558,0.549907170011493,0.710633330343058,20.715,750,NA,"750"
"Fletcher","Refined Louvain","FEAST","estimated","original",1,NA,NA,1.6094379124341,13,13,13,13,750,2918,NA,NA,NA,NA,NA,NA,NA,0.680076995816755,0.808441558441558,0.549907170011493,0.710633330343058,17.959,750,NA,"750"
"Fletcher","Refined Louvain","FEAST","true","original",1,NA,NA,1.6094379124341,13,13,13,13,1000,2918,14,FALSE,616,0,NA,NA,NA,0.736759135902271,0.875,0.613791172902865,0.762462007756626,18.41,1000,NA,"1000"
"Fletcher","Refined Louvain","FEAST","estimated","original",1,NA,NA,1.6094379124341,13,13,13,13,1000,2918,NA,NA,NA,NA,NA,NA,NA,0.736759135902271,0.875,0.613791172902865,0.762462007756626,29.514,1000,NA,"1000"
"Fletcher","Refined Louvain","FEAST","true","original",1,NA,NA,1.6094379124341,13,13,13,13,1500,2918,13,TRUE,616,0,NA,NA,NA,0.725397678235196,0.818181818181818,0.602288228822882,0.751867812134351,27.84,1500,NA,"1500"
"Fletcher","Refined Louvain","FEAST","estimated","original",1,NA,NA,1.6094379124341,13,13,13,13,1500,2918,NA,NA,NA,NA,NA,NA,NA,0.725397678235196,0.818181818181818,0.602288228822882,0.751867812134351,18.058,1500,NA,"1500"
"Fletcher","Refined Louvain","FEAST","true","original",1,NA,NA,1.6094379124341,13,13,13,13,2500,2918,13,TRUE,616,0,NA,NA,NA,0.672969592200707,0.808441558441558,0.542308198447164,0.704157487908482,18.579,2500,NA,"2500"
"Fletcher","Refined Louvain","FEAST","estimated","original",1,NA,NA,1.6094379124341,13,13,13,13,2500,2918,NA,NA,NA,NA,NA,NA,NA,0.672969592200707,0.808441558441558,0.542308198447164,0.704157487908482,25.299,2500,NA,"2500"
"Fletcher","SC3","FEAST","true","original",1,NA,NA,1.6094379124341,13,13,13,13,2918,2918,13,TRUE,616,0,NA,NA,NA,0.779723910281021,0.863636363636364,0.669504408634843,0.80263894896129,157.285,0,NA,"gate_n"
"Fletcher","SC3","FEAST","estimated","original",1,NA,NA,1.6094379124341,13,13,13,13,2918,2918,NA,NA,NA,NA,NA,NA,NA,0.779723910281021,0.863636363636364,0.669504408634843,0.80263894896129,158.614,0,NA,"gate_n"
"Fletcher","SC3","FEAST","true","original",1,NA,NA,1.6094379124341,13,13,13,13,100,2918,13,TRUE,616,0,NA,NA,NA,0.480426481208564,0.672077922077922,0.372246189243601,0.556883782385515,197.338,100,NA,"100"
"Fletcher","SC3","FEAST","estimated","original",1,NA,NA,1.6094379124341,13,13,13,13,100,2918,NA,NA,NA,NA,NA,NA,NA,0.480426481208564,0.672077922077922,0.372246189243601,0.556883782385515,184.281,100,NA,"100"
"Fletcher","SC3","FEAST","true","original",1,NA,NA,1.6094379124341,13,13,13,13,200,2918,13,TRUE,616,0,NA,NA,NA,0.631762376599069,0.76461038961039,0.504077625915578,0.6720460442252,181.01,200,NA,"200"
"Fletcher","SC3","FEAST","estimated","original",1,NA,NA,1.6094379124341,13,13,13,13,200,2918,NA,NA,NA,NA,NA,NA,NA,0.631762376599069,0.76461038961039,0.504077625915578,0.6720460442252,181.699,200,NA,"200"
"Fletcher","SC3","FEAST","true","original",1,NA,NA,1.6094379124341,13,13,13,13,300,2918,13,TRUE,616,0,NA,NA,NA,0.738693321244756,0.852272727272727,0.618980048159615,0.764786135371052,168.942,300,NA,"300"
"Fletcher","SC3","FEAST","estimated","original",1,NA,NA,1.6094379124341,13,13,13,13,300,2918,NA,NA,NA,NA,NA,NA,NA,0.738693321244756,0.852272727272727,0.618980048159615,0.764786135371052,159.723,300,NA,"300"
"Fletcher","SC3","FEAST","true","original",1,NA,NA,1.6094379124341,13,13,13,13,500,2918,13,TRUE,616,0,NA,NA,NA,0.757867817247777,0.832792207792208,0.643330692573907,0.784489160930086,157.065,500,NA,"500"
"Fletcher","SC3","FEAST","estimated","original",1,NA,NA,1.6094379124341,13,13,13,13,500,2918,NA,NA,NA,NA,NA,NA,NA,0.757867817247777,0.832792207792208,0.643330692573907,0.784489160930086,264.222,500,NA,"500"
"Fletcher","SC3","FEAST","true","original",1,NA,NA,1.6094379124341,13,13,13,13,750,2918,13,TRUE,616,0,NA,NA,NA,0.786994610454621,0.847402597402597,0.67893598615917,0.809704460235653,170.985,750,NA,"750"
"Fletcher","SC3","FEAST","estimated","original",1,NA,NA,1.6094379124341,13,13,13,13,750,2918,NA,NA,NA,NA,NA,NA,NA,0.786994610454621,0.847402597402597,0.67893598615917,0.809704460235653,160.11,750,NA,"750"
"Fletcher","SC3","FEAST","true","original",1,NA,NA,1.6094379124341,13,13,13,13,1000,2918,13,TRUE,616,0,NA,NA,NA,0.789974158346343,0.852272727272727,0.682514734774067,0.811991041984879,153.592,1000,NA,"1000"
"Fletcher","SC3","FEAST","estimated","original",1,NA,NA,1.6094379124341,13,13,13,13,1000,2918,NA,NA,NA,NA,NA,NA,NA,0.789974158346343,0.852272727272727,0.682514734774067,0.811991041984879,152.497,1000,NA,"1000"
"Fletcher","SC3","FEAST","true","original",1,NA,NA,1.6094379124341,13,13,13,13,1500,2918,13,TRUE,616,0,NA,NA,NA,0.760016455655934,0.800324675324675,0.647214111435543,0.790007227176937,216.509,1500,NA,"1500"
"Fletcher","SC3","FEAST","estimated","original",1,NA,NA,1.6094379124341,13,13,13,13,1500,2918,NA,NA,NA,NA,NA,NA,NA,0.760016455655934,0.800324675324675,0.647214111435543,0.790007227176937,169.209,1500,NA,"1500"
"Fletcher","SC3","FEAST","true","original",1,NA,NA,1.6094379124341,13,13,13,13,2500,2918,13,TRUE,616,0,NA,NA,NA,0.789241022590929,0.862012987012987,0.681366514245515,0.810952182427629,156.737,2500,NA,"2500"
"Fletcher","SC3","FEAST","estimated","original",1,NA,NA,1.6094379124341,13,13,13,13,2500,2918,NA,NA,NA,NA,NA,NA,NA,0.789241022590929,0.862012987012987,0.681366514245515,0.810952182427629,172.09,2500,NA,"2500"
"Fletcher","Refined Louvain","GateOnly","true","original",1,NA,NA,1.6094379124341,13,13,13,13,2918,2918,13,TRUE,616,0,NA,NA,NA,0.727354424940324,0.862012987012987,0.604344934604301,0.753554140409639,11.022,0,NA,"gate_n"
"Fletcher","Refined Louvain","GateOnly","estimated","original",1,NA,NA,1.6094379124341,13,13,13,13,2918,2918,NA,NA,NA,NA,NA,NA,NA,0.727354424940324,0.862012987012987,0.604344934604301,0.753554140409639,9.496,0,NA,"gate_n"
"Fletcher","Refined Louvain","GateOnly","true","original",1,NA,NA,1.6094379124341,13,13,13,13,100,2918,13,TRUE,616,0,NA,NA,NA,0.366799728627543,0.595779220779221,0.26979738823615,0.425675925653672,11.206,100,NA,"100"
"Fletcher","Refined Louvain","GateOnly","estimated","original",1,NA,NA,1.6094379124341,13,13,13,13,100,2918,NA,NA,NA,NA,NA,NA,NA,0.366799728627543,0.595779220779221,0.26979738823615,0.425675925653672,10.343,100,NA,"100"
"Fletcher","Refined Louvain","GateOnly","true","original",1,NA,NA,1.6094379124341,13,13,13,13,200,2918,13,TRUE,616,0,NA,NA,NA,0.421276282772034,0.641233766233766,0.309831600751851,0.474691666912535,9.974,200,NA,"200"
"Fletcher","Refined Louvain","GateOnly","estimated","original",1,NA,NA,1.6094379124341,13,13,13,13,200,2918,NA,NA,NA,NA,NA,NA,NA,0.421276282772034,0.641233766233766,0.309831600751851,0.474691666912535,12.939,200,NA,"200"
"Fletcher","Refined Louvain","GateOnly","true","original",1,NA,NA,1.6094379124341,13,13,13,13,300,2918,13,TRUE,616,0,NA,NA,NA,0.53977555361236,0.766233766233766,0.410097719869707,0.582968136562063,12.494,300,NA,"300"
"Fletcher","Refined Louvain","GateOnly","estimated","original",1,NA,NA,1.6094379124341,13,13,13,13,300,2918,NA,NA,NA,NA,NA,NA,NA,0.53977555361236,0.766233766233766,0.410097719869707,0.582968136562063,9.895,300,NA,"300"
"Fletcher","Refined Louvain","GateOnly","true","original",1,NA,NA,1.6094379124341,13,13,13,13,500,2918,13,TRUE,616,0,NA,NA,NA,0.575260791283655,0.787337662337662,0.443183230456937,0.615309604944947,10.308,500,NA,"500"
"Fletcher","Refined Louvain","GateOnly","estimated","original",1,NA,NA,1.6094379124341,13,13,13,13,500,2918,NA,NA,NA,NA,NA,NA,NA,0.575260791283655,0.787337662337662,0.443183230456937,0.615309604944947,12.652,500,NA,"500"
"Fletcher","Refined Louvain","GateOnly","true","original",1,NA,NA,1.6094379124341,13,13,13,13,750,2918,13,TRUE,616,0,NA,NA,NA,0.571324665500762,0.795454545454545,0.438796463143779,0.611730277042433,10.192,750,NA,"750"
"Fletcher","Refined Louvain","GateOnly","estimated","original",1,NA,NA,1.6094379124341,13,13,13,13,750,2918,NA,NA,NA,NA,NA,NA,NA,0.571324665500762,0.795454545454545,0.438796463143779,0.611730277042433,13.092,750,NA,"750"
"Fletcher","Refined Louvain","GateOnly","true","original",1,NA,NA,1.6094379124341,13,13,13,13,1000,2918,12,FALSE,616,0,NA,NA,NA,0.692822355180252,0.819805194805195,0.566147368421053,0.722996521699698,10.11,1000,NA,"1000"
"Fletcher","Refined Louvain","GateOnly","estimated","original",1,NA,NA,1.6094379124341,13,13,13,13,1000,2918,NA,NA,NA,NA,NA,NA,NA,0.692822355180252,0.819805194805195,0.566147368421053,0.722996521699698,9.449,1000,NA,"1000"
"Fletcher","Refined Louvain","GateOnly","true","original",1,NA,NA,1.6094379124341,13,13,13,13,1500,2918,13,TRUE,616,0,NA,NA,NA,0.700411765963684,0.831168831168831,0.572981092065736,0.72905000590239,11.46,1500,NA,"1500"
"Fletcher","Refined Louvain","GateOnly","estimated","original",1,NA,NA,1.6094379124341,13,13,13,13,1500,2918,NA,NA,NA,NA,NA,NA,NA,0.700411765963684,0.831168831168831,0.572981092065736,0.72905000590239,9.699,1500,NA,"1500"
"Fletcher","Refined Louvain","GateOnly","true","original",1,NA,NA,1.6094379124341,13,13,13,13,2500,2918,13,TRUE,616,0,NA,NA,NA,0.677125273751534,0.824675324675325,0.547322242974417,0.707936488539774,11.006,2500,NA,"2500"
"Fletcher","Refined Louvain","GateOnly","estimated","original",1,NA,NA,1.6094379124341,13,13,13,13,2500,2918,NA,NA,NA,NA,NA,NA,NA,0.677125273751534,0.824675324675325,0.547322242974417,0.707936488539774,14.78,2500,NA,"2500"
"Fletcher","SC3","GateOnly","true","original",1,NA,NA,1.6094379124341,13,13,13,13,2918,2918,13,TRUE,616,0,NA,NA,NA,0.81997292498201,0.86038961038961,0.722284871616933,0.840780876987876,151.52,0,NA,"gate_n"
"Fletcher","SC3","GateOnly","estimated","original",1,NA,NA,1.6094379124341,13,13,13,13,2918,2918,NA,NA,NA,NA,NA,NA,NA,0.81997292498201,0.86038961038961,0.722284871616933,0.840780876987876,151.898,0,NA,"gate_n"
"Fletcher","SC3","GateOnly","true","original",1,NA,NA,1.6094379124341,13,13,13,13,100,2918,13,TRUE,616,0,NA,NA,NA,0.423759364711427,0.633116883116883,0.314117647058824,0.478339497436391,262.641,100,NA,"100"
"Fletcher","SC3","GateOnly","estimated","original",1,NA,NA,1.6094379124341,13,13,13,13,100,2918,NA,NA,NA,NA,NA,NA,NA,0.423759364711427,0.633116883116883,0.314117647058824,0.478339497436391,251.86,100,NA,"100"
"Fletcher","SC3","GateOnly","true","original",1,NA,NA,1.6094379124341,13,13,13,13,200,2918,13,TRUE,616,0,NA,NA,NA,0.547081486018012,0.741883116883117,0.417897931475122,0.589949967329539,218.903,200,NA,"200"
"Fletcher","SC3","GateOnly","estimated","original",1,NA,NA,1.6094379124341,13,13,13,13,200,2918,NA,NA,NA,NA,NA,NA,NA,0.547081486018012,0.741883116883117,0.417897931475122,0.589949967329539,275.53,200,NA,"200"
"Fletcher","SC3","GateOnly","true","original",1,NA,NA,1.6094379124341,13,13,13,13,300,2918,13,TRUE,616,0,NA,NA,NA,0.647256177196154,0.777597402597403,0.516398230827005,0.681181209044077,195.747,300,NA,"300"
"Fletcher","SC3","GateOnly","estimated","original",1,NA,NA,1.6094379124341,13,13,13,13,300,2918,NA,NA,NA,NA,NA,NA,NA,0.647256177196154,0.777597402597403,0.516398230827005,0.681181209044077,193.08,300,NA,"300"
"Fletcher","SC3","GateOnly","true","original",1,NA,NA,1.6094379124341,13,13,13,13,500,2918,13,TRUE,616,0,NA,NA,NA,0.733705156946177,0.824675324675325,0.611921763427507,0.759351255967943,176.544,500,NA,"500"
"Fletcher","SC3","GateOnly","estimated","original",1,NA,NA,1.6094379124341,13,13,13,13,500,2918,NA,NA,NA,NA,NA,NA,NA,0.733705156946177,0.824675324675325,0.611921763427507,0.759351255967943,176.903,500,NA,"500"
"Fletcher","SC3","GateOnly","true","original",1,NA,NA,1.6094379124341,13,13,13,13,750,2918,13,TRUE,616,0,NA,NA,NA,0.775631735352367,0.86038961038961,0.663214768122467,0.797509516903929,175.392,750,NA,"750"
"Fletcher","SC3","GateOnly","estimated","original",1,NA,NA,1.6094379124341,13,13,13,13,750,2918,NA,NA,NA,NA,NA,NA,NA,0.775631735352367,0.86038961038961,0.663214768122467,0.797509516903929,173.857,750,NA,"750"
"Fletcher","SC3","GateOnly","true","original",1,NA,NA,1.6094379124341,13,13,13,13,1000,2918,13,TRUE,616,0,NA,NA,NA,0.76679811982429,0.845779220779221,0.653014888879186,0.790316377540652,159.254,1000,NA,"1000"
"Fletcher","SC3","GateOnly","estimated","original",1,NA,NA,1.6094379124341,13,13,13,13,1000,2918,NA,NA,NA,NA,NA,NA,NA,0.76679811982429,0.845779220779221,0.653014888879186,0.790316377540652,157.217,1000,NA,"1000"
"Fletcher","SC3","GateOnly","true","original",1,NA,NA,1.6094379124341,13,13,13,13,1500,2918,13,TRUE,616,0,NA,NA,NA,0.79977060160316,0.850649350649351,0.695601552393273,0.82197075250354,172.145,1500,NA,"1500"
"Fletcher","SC3","GateOnly","estimated","original",1,NA,NA,1.6094379124341,13,13,13,13,1500,2918,NA,NA,NA,NA,NA,NA,NA,0.79977060160316,0.850649350649351,0.695601552393273,0.82197075250354,159.27,1500,NA,"1500"
"Fletcher","SC3","GateOnly","true","original",1,NA,NA,1.6094379124341,13,13,13,13,2500,2918,13,TRUE,616,0,NA,NA,NA,0.8146912887745,0.852272727272727,0.715590846994536,0.83693541952141,152.84,2500,NA,"2500"
"Fletcher","SC3","GateOnly","estimated","original",1,NA,NA,1.6094379124341,13,13,13,13,2500,2918,NA,NA,NA,NA,NA,NA,NA,0.8146912887745,0.852272727272727,0.715590846994536,0.83693541952141,152.443,2500,NA,"2500"
"Fletcher","Refined Louvain","Seurat","true","original",1,NA,NA,1.6094379124341,13,13,13,13,2500,2918,13,TRUE,616,0,NA,NA,NA,0.700833723341134,0.837662337662338,0.572889108111744,0.729497489351181,10.402,0,NA,"gate_n"
"Fletcher","Refined Louvain","Seurat","estimated","original",1,NA,NA,1.6094379124341,13,13,13,13,2500,2918,NA,NA,NA,NA,NA,NA,NA,0.700833723341134,0.837662337662338,0.572889108111744,0.729497489351181,11.255,0,NA,"gate_n"
"Fletcher","Refined Louvain","Seurat","true","original",1,NA,NA,1.6094379124341,13,13,13,13,100,2918,13,TRUE,616,0,NA,NA,NA,0.607162848362218,0.766233766233766,0.475331717536869,0.64464197430734,10.446,100,NA,"100"
"Fletcher","Refined Louvain","Seurat","estimated","original",1,NA,NA,1.6094379124341,13,13,13,13,100,2918,NA,NA,NA,NA,NA,NA,NA,0.607162848362218,0.766233766233766,0.475331717536869,0.64464197430734,14.369,100,NA,"100"
"Fletcher","Refined Louvain","Seurat","true","original",1,NA,NA,1.6094379124341,13,13,13,13,200,2918,12,FALSE,616,0,NA,NA,NA,0.5864931833935,0.737012987012987,0.455285211125056,0.625943624804415,10.665,200,NA,"200"
"Fletcher","Refined Louvain","Seurat","estimated","original",1,NA,NA,1.6094379124341,13,13,13,13,200,2918,NA,NA,NA,NA,NA,NA,NA,0.5864931833935,0.737012987012987,0.455285211125056,0.625943624804415,10.267,200,NA,"200"
"Fletcher","Refined Louvain","Seurat","true","original",1,NA,NA,1.6094379124341,13,13,13,13,300,2918,13,TRUE,616,0,NA,NA,NA,0.595999953685078,0.766233766233766,0.462707416186929,0.634200236889137,10.532,300,NA,"300"
"Fletcher","Refined Louvain","Seurat","estimated","original",1,NA,NA,1.6094379124341,13,13,13,13,300,2918,NA,NA,NA,NA,NA,NA,NA,0.595999953685078,0.766233766233766,0.462707416186929,0.634200236889137,18.33,300,NA,"300"
"Fletcher","Refined Louvain","Seurat","true","original",1,NA,NA,1.6094379124341,13,13,13,13,500,2918,13,TRUE,616,0,NA,NA,NA,0.607710918526411,0.772727272727273,0.474579138820743,0.644840646726416,10.227,500,NA,"500"
"Fletcher","Refined Louvain","Seurat","estimated","original",1,NA,NA,1.6094379124341,13,13,13,13,500,2918,NA,NA,NA,NA,NA,NA,NA,0.607710918526411,0.772727272727273,0.474579138820743,0.644840646726416,10.27,500,NA,"500"
"Fletcher","Refined Louvain","Seurat","true","original",1,NA,NA,1.6094379124341,13,13,13,13,750,2918,13,TRUE,616,0,NA,NA,NA,0.581306431556735,0.75487012987013,0.447953812192223,0.62090267738364,11.116,750,NA,"750"
"Fletcher","Refined Louvain","Seurat","estimated","original",1,NA,NA,1.6094379124341,13,13,13,13,750,2918,NA,NA,NA,NA,NA,NA,NA,0.581306431556735,0.75487012987013,0.447953812192223,0.62090267738364,10.735,750,NA,"750"
"Fletcher","Refined Louvain","Seurat","true","original",1,NA,NA,1.6094379124341,13,13,13,13,1000,2918,13,TRUE,616,0,NA,NA,NA,0.616062619323389,0.782467532467532,0.482292115467471,0.652530329289394,10.567,1000,NA,"1000"
"Fletcher","Refined Louvain","Seurat","estimated","original",1,NA,NA,1.6094379124341,13,13,13,13,1000,2918,NA,NA,NA,NA,NA,NA,NA,0.616062619323389,0.782467532467532,0.482292115467471,0.652530329289394,15.43,1000,NA,"1000"
"Fletcher","Refined Louvain","Seurat","true","original",1,NA,NA,1.6094379124341,13,13,13,13,1500,2918,13,TRUE,616,0,NA,NA,NA,0.618995971485746,0.797077922077922,0.484191468692043,0.655712475507136,13.941,1500,NA,"1500"
"Fletcher","Refined Louvain","Seurat","estimated","original",1,NA,NA,1.6094379124341,13,13,13,13,1500,2918,NA,NA,NA,NA,NA,NA,NA,0.618995971485746,0.797077922077922,0.484191468692043,0.655712475507136,14.467,1500,NA,"1500"
"Fletcher","Refined Louvain","Seurat","true","original",1,NA,NA,1.6094379124341,13,13,13,13,2500,2918,13,TRUE,616,0,NA,NA,NA,0.700833723341134,0.837662337662338,0.572889108111744,0.729497489351181,10.639,2500,NA,"2500"
"Fletcher","Refined Louvain","Seurat","estimated","original",1,NA,NA,1.6094379124341,13,13,13,13,2500,2918,NA,NA,NA,NA,NA,NA,NA,0.700833723341134,0.837662337662338,0.572889108111744,0.729497489351181,14.679,2500,NA,"2500"
"Fletcher","SC3","Seurat","true","original",1,NA,NA,1.6094379124341,13,13,13,13,2500,2918,13,TRUE,616,0,NA,NA,NA,0.80212136619748,0.86038961038961,0.697489973412645,0.821938708933006,157.204,0,NA,"gate_n"
"Fletcher","SC3","Seurat","estimated","original",1,NA,NA,1.6094379124341,13,13,13,13,2500,2918,NA,NA,NA,NA,NA,NA,NA,0.80212136619748,0.86038961038961,0.697489973412645,0.821938708933006,180.221,0,NA,"gate_n"
"Fletcher","SC3","Seurat","true","original",1,NA,NA,1.6094379124341,13,13,13,13,100,2918,13,TRUE,616,0,NA,NA,NA,0.618464468008244,0.76461038961039,0.487937805562235,0.655865333561224,189.253,100,NA,"100"
"Fletcher","SC3","Seurat","estimated","original",1,NA,NA,1.6094379124341,13,13,13,13,100,2918,NA,NA,NA,NA,NA,NA,NA,0.618464468008244,0.76461038961039,0.487937805562235,0.655865333561224,188.761,100,NA,"100"
"Fletcher","SC3","Seurat","true","original",1,NA,NA,1.6094379124341,13,13,13,13,200,2918,13,TRUE,616,0,NA,NA,NA,0.638464813631726,0.782467532467532,0.508519637462236,0.674256288651627,184.706,200,NA,"200"
"Fletcher","SC3","Seurat","estimated","original",1,NA,NA,1.6094379124341,13,13,13,13,200,2918,NA,NA,NA,NA,NA,NA,NA,0.638464813631726,0.782467532467532,0.508519637462236,0.674256288651627,184.994,200,NA,"200"
"Fletcher","SC3","Seurat","true","original",1,NA,NA,1.6094379124341,13,13,13,13,300,2918,13,TRUE,616,0,NA,NA,NA,0.711499762254163,0.836038961038961,0.585218093699515,0.739128337381311,170.926,300,NA,"300"
"Fletcher","SC3","Seurat","estimated","original",1,NA,NA,1.6094379124341,13,13,13,13,300,2918,NA,NA,NA,NA,NA,NA,NA,0.711499762254163,0.836038961038961,0.585218093699515,0.739128337381311,170.519,300,NA,"300"
"Fletcher","SC3","Seurat","true","original",1,NA,NA,1.6094379124341,13,13,13,13,500,2918,13,TRUE,616,0,NA,NA,NA,0.721715321696203,0.837662337662338,0.597237172587011,0.748367782940184,168.781,500,NA,"500"
"Fletcher","SC3","Seurat","estimated","original",1,NA,NA,1.6094379124341,13,13,13,13,500,2918,NA,NA,NA,NA,NA,NA,NA,0.721715321696203,0.837662337662338,0.597237172587011,0.748367782940184,227.911,500,NA,"500"
"Fletcher","SC3","Seurat","true","original",1,NA,NA,1.6094379124341,13,13,13,13,750,2918,13,TRUE,616,0,NA,NA,NA,0.733513511660699,0.840909090909091,0.612567029925618,0.759772507219828,170.643,750,NA,"750"
"Fletcher","SC3","Seurat","estimated","original",1,NA,NA,1.6094379124341,13,13,13,13,750,2918,NA,NA,NA,NA,NA,NA,NA,0.733513511660699,0.840909090909091,0.612567029925618,0.759772507219828,170.886,750,NA,"750"
"Fletcher","SC3","Seurat","true","original",1,NA,NA,1.6094379124341,13,13,13,13,1000,2918,13,TRUE,616,0,NA,NA,NA,0.776514113680624,0.853896103896104,0.664486065059593,0.798439023614683,164.122,1000,NA,"1000"
"Fletcher","SC3","Seurat","estimated","original",1,NA,NA,1.6094379124341,13,13,13,13,1000,2918,NA,NA,NA,NA,NA,NA,NA,0.776514113680624,0.853896103896104,0.664486065059593,0.798439023614683,161.083,1000,NA,"1000"
"Fletcher","SC3","Seurat","true","original",1,NA,NA,1.6094379124341,13,13,13,13,1500,2918,13,TRUE,616,0,NA,NA,NA,0.735942567515228,0.842532467532468,0.613593828456658,0.761313903235328,161.31,1500,NA,"1500"
"Fletcher","SC3","Seurat","estimated","original",1,NA,NA,1.6094379124341,13,13,13,13,1500,2918,NA,NA,NA,NA,NA,NA,NA,0.735942567515228,0.842532467532468,0.613593828456658,0.761313903235328,160.731,1500,NA,"1500"
"Fletcher","SC3","Seurat","true","original",1,NA,NA,1.6094379124341,13,13,13,13,2500,2918,13,TRUE,616,0,NA,NA,NA,0.80212136619748,0.86038961038961,0.697489973412645,0.821938708933006,156.41,2500,NA,"2500"
"Fletcher","SC3","Seurat","estimated","original",1,NA,NA,1.6094379124341,13,13,13,13,2500,2918,NA,NA,NA,NA,NA,NA,NA,0.80212136619748,0.86038961038961,0.697489973412645,0.821938708933006,170.088,2500,NA,"2500"
"Fletcher","Refined Louvain","Variance","true","original",1,NA,NA,1.6094379124341,13,13,13,13,2918,2918,13,TRUE,616,0,NA,NA,NA,0.724602647294261,0.858766233766234,0.601073027978539,0.751042441309966,10.746,0,NA,"gate_n"
"Fletcher","Refined Louvain","Variance","estimated","original",1,NA,NA,1.6094379124341,13,13,13,13,2918,2918,NA,NA,NA,NA,NA,NA,NA,0.724602647294261,0.858766233766234,0.601073027978539,0.751042441309966,10.626,0,NA,"gate_n"
"Fletcher","Refined Louvain","Variance","true","original",1,NA,NA,1.6094379124341,13,13,13,13,100,2918,12,FALSE,616,0,NA,NA,NA,0.544640006561669,0.727272727272727,0.416705680399501,0.588365273827499,10.289,100,NA,"100"
"Fletcher","Refined Louvain","Variance","estimated","original",1,NA,NA,1.6094379124341,13,13,13,13,100,2918,NA,NA,NA,NA,NA,NA,NA,0.544640006561669,0.727272727272727,0.416705680399501,0.588365273827499,10.271,100,NA,"100"
"Fletcher","Refined Louvain","Variance","true","original",1,NA,NA,1.6094379124341,13,13,13,13,200,2918,12,FALSE,616,0,NA,NA,NA,0.643585979335022,0.787337662337662,0.513890568928672,0.678985526020709,10.513,200,NA,"200"
"Fletcher","Refined Louvain","Variance","estimated","original",1,NA,NA,1.6094379124341,13,13,13,13,200,2918,NA,NA,NA,NA,NA,NA,NA,0.643585979335022,0.787337662337662,0.513890568928672,0.678985526020709,10.809,200,NA,"200"
"Fletcher","Refined Louvain","Variance","true","original",1,NA,NA,1.6094379124341,13,13,13,13,300,2918,11,FALSE,616,0,NA,NA,NA,0.66456718714863,0.782467532467532,0.536825726141079,0.699195077460387,10.137,300,NA,"300"
"Fletcher","Refined Louvain","Variance","estimated","original",1,NA,NA,1.6094379124341,13,13,13,13,300,2918,NA,NA,NA,NA,NA,NA,NA,0.66456718714863,0.782467532467532,0.536825726141079,0.699195077460387,17.93,300,NA,"300"
"Fletcher","Refined Louvain","Variance","true","original",1,NA,NA,1.6094379124341,13,13,13,13,500,2918,12,FALSE,616,0,NA,NA,NA,0.661440763882473,0.797077922077922,0.532773245667438,0.69533708826015,13.316,500,NA,"500"
"Fletcher","Refined Louvain","Variance","estimated","original",1,NA,NA,1.6094379124341,13,13,13,13,500,2918,NA,NA,NA,NA,NA,NA,NA,0.661440763882473,0.797077922077922,0.532773245667438,0.69533708826015,9.9,500,NA,"500"
"Fletcher","Refined Louvain","Variance","true","original",1,NA,NA,1.6094379124341,13,13,13,13,750,2918,12,FALSE,616,0,NA,NA,NA,0.669275793988558,0.808441558441558,0.540930518548883,0.702184403437514,10.198,750,NA,"750"
"Fletcher","Refined Louvain","Variance","estimated","original",1,NA,NA,1.6094379124341,13,13,13,13,750,2918,NA,NA,NA,NA,NA,NA,NA,0.669275793988558,0.808441558441558,0.540930518548883,0.702184403437514,10.015,750,NA,"750"
"Fletcher","Refined Louvain","Variance","true","original",1,NA,NA,1.6094379124341,13,13,13,13,1000,2918,13,TRUE,616,0,NA,NA,NA,0.701104045099369,0.842532467532468,0.574488380159556,0.729858754553329,11.369,1000,NA,"1000"
"Fletcher","Refined Louvain","Variance","estimated","original",1,NA,NA,1.6094379124341,13,13,13,13,1000,2918,NA,NA,NA,NA,NA,NA,NA,0.701104045099369,0.842532467532468,0.574488380159556,0.729858754553329,12.964,1000,NA,"1000"
"Fletcher","Refined Louvain","Variance","true","original",1,NA,NA,1.6094379124341,13,13,13,13,1500,2918,13,TRUE,616,0,NA,NA,NA,0.69427257287575,0.850649350649351,0.567527456218462,0.724105342701251,10.631,1500,NA,"1500"
"Fletcher","Refined Louvain","Variance","estimated","original",1,NA,NA,1.6094379124341,13,13,13,13,1500,2918,NA,NA,NA,NA,NA,NA,NA,0.69427257287575,0.850649350649351,0.567527456218462,0.724105342701251,13.27,1500,NA,"1500"
"Fletcher","Refined Louvain","Variance","true","original",1,NA,NA,1.6094379124341,13,13,13,13,2500,2918,12,FALSE,616,0,NA,NA,NA,0.706921549160152,0.826298701298701,0.582713175071717,0.736664332360804,10.26,2500,NA,"2500"
"Fletcher","Refined Louvain","Variance","estimated","original",1,NA,NA,1.6094379124341,13,13,13,13,2500,2918,NA,NA,NA,NA,NA,NA,NA,0.706921549160152,0.826298701298701,0.582713175071717,0.736664332360804,15.979,2500,NA,"2500"
"Fletcher","SC3","Variance","true","original",1,NA,NA,1.6094379124341,13,13,13,13,2918,2918,13,TRUE,616,0,NA,NA,NA,0.803907253431119,0.849025974025974,0.70163091575709,0.827641557291115,178.795,0,NA,"gate_n"
"Fletcher","SC3","Variance","estimated","original",1,NA,NA,1.6094379124341,13,13,13,13,2918,2918,NA,NA,NA,NA,NA,NA,NA,0.803907253431119,0.849025974025974,0.70163091575709,0.827641557291115,150.846,0,NA,"gate_n"
"Fletcher","SC3","Variance","true","original",1,NA,NA,1.6094379124341,13,13,13,13,100,2918,13,TRUE,616,0,NA,NA,NA,0.616946514678888,0.730519480519481,0.488718104035739,0.65775906306944,175.701,100,NA,"100"
"Fletcher","SC3","Variance","estimated","original",1,NA,NA,1.6094379124341,13,13,13,13,100,2918,NA,NA,NA,NA,NA,NA,NA,0.616946514678888,0.730519480519481,0.488718104035739,0.65775906306944,187.321,100,NA,"100"
"Fletcher","SC3","Variance","true","original",1,NA,NA,1.6094379124341,13,13,13,13,200,2918,13,TRUE,616,0,NA,NA,NA,0.711829690451829,0.826298701298701,0.587120396295499,0.739859273986053,174.705,200,NA,"200"
"Fletcher","SC3","Variance","estimated","original",1,NA,NA,1.6094379124341,13,13,13,13,200,2918,NA,NA,NA,NA,NA,NA,NA,0.711829690451829,0.826298701298701,0.587120396295499,0.739859273986053,176.641,200,NA,"200"
"Fletcher","SC3","Variance","true","original",1,NA,NA,1.6094379124341,13,13,13,13,300,2918,13,TRUE,616,0,NA,NA,NA,0.752174590492862,0.829545454545455,0.636363636363636,0.779142943986353,163.464,300,NA,"300"
"Fletcher","SC3","Variance","estimated","original",1,NA,NA,1.6094379124341,13,13,13,13,300,2918,NA,NA,NA,NA,NA,NA,NA,0.752174590492862,0.829545454545455,0.636363636363636,0.779142943986353,202.34,300,NA,"300"
"Fletcher","SC3","Variance","true","original",1,NA,NA,1.6094379124341,13,13,13,13,500,2918,13,TRUE,616,0,NA,NA,NA,0.747372745579669,0.826298701298701,0.628961055990209,0.772251499526628,161.388,500,NA,"500"
"Fletcher","SC3","Variance","estimated","original",1,NA,NA,1.6094379124341,13,13,13,13,500,2918,NA,NA,NA,NA,NA,NA,NA,0.747372745579669,0.826298701298701,0.628961055990209,0.772251499526628,236.923,500,NA,"500"
"Fletcher","SC3","Variance","true","original",1,NA,NA,1.6094379124341,13,13,13,13,750,2918,13,TRUE,616,0,NA,NA,NA,0.77959728552974,0.836038961038961,0.668554861730598,0.801417765318972,165.399,750,NA,"750"
"Fletcher","SC3","Variance","estimated","original",1,NA,NA,1.6094379124341,13,13,13,13,750,2918,NA,NA,NA,NA,NA,NA,NA,0.77959728552974,0.836038961038961,0.668554861730598,0.801417765318972,188.049,750,NA,"750"
"Fletcher","SC3","Variance","true","original",1,NA,NA,1.6094379124341,13,13,13,13,1000,2918,13,TRUE,616,0,NA,NA,NA,0.820013893423277,0.855519480519481,0.72190837673228,0.839672692453758,158.519,1000,NA,"1000"
"Fletcher","SC3","Variance","estimated","original",1,NA,NA,1.6094379124341,13,13,13,13,1000,2918,NA,NA,NA,NA,NA,NA,NA,0.820013893423277,0.855519480519481,0.72190837673228,0.839672692453758,164.668,1000,NA,"1000"
"Fletcher","SC3","Variance","true","original",1,NA,NA,1.6094379124341,13,13,13,13,1500,2918,13,TRUE,616,0,NA,NA,NA,0.781794457553829,0.852272727272727,0.670788815639918,0.802972875882635,157.379,1500,NA,"1500"
"Fletcher","SC3","Variance","estimated","original",1,NA,NA,1.6094379124341,13,13,13,13,1500,2918,NA,NA,NA,NA,NA,NA,NA,0.781794457553829,0.852272727272727,0.670788815639918,0.802972875882635,163.289,1500,NA,"1500"
"Fletcher","SC3","Variance","true","original",1,NA,NA,1.6094379124341,13,13,13,13,2500,2918,13,TRUE,616,0,NA,NA,NA,0.807818569126952,0.86038961038961,0.70624192854068,0.8297378444037,152.583,2500,NA,"2500"
"Fletcher","SC3","Variance","estimated","original",1,NA,NA,1.6094379124341,13,13,13,13,2500,2918,NA,NA,NA,NA,NA,NA,NA,0.807818569126952,0.86038961038961,0.70624192854068,0.8297378444037,151.411,2500,NA,"2500"
"Koh","Refined Louvain","DIFS","true","original",1,NA,NA,1.6094379124341,9,7,9,9,1156,1156,9,TRUE,531,0,1000,1688,"1:1",0.983050928179305,0.992467043314501,0.970574387947269,0.985067791889967,135.762,0,NA,"gate_n"
"Koh","Refined Louvain","DIFS","estimated","original",1,NA,NA,1.6094379124341,9,7,7,7,1156,1156,NA,NA,NA,NA,500,1683,"1:1",0.822714210114876,0.830508474576271,0.734410983170948,0.855833607633057,225.96,0,NA,"gate_n"
"Koh","Refined Louvain","DIFS","true","original",1,NA,NA,1.6094379124341,9,7,9,9,100,1156,9,TRUE,531,0,1000,1688,"3:2",0.988345058506465,0.994350282485876,0.979673835972583,0.989732585116199,136.529,100,NA,"100"
"Koh","Refined Louvain","DIFS","estimated","original",1,NA,NA,1.6094379124341,9,7,7,7,100,1156,NA,NA,NA,NA,500,1683,"3:2",0.770073024258487,0.813559322033898,0.670318564036222,0.81734731387798,135.241,100,NA,"100"
"Koh","Refined Louvain","DIFS","true","original",1,NA,NA,1.6094379124341,9,7,9,9,200,1156,9,TRUE,531,0,1000,1688,"2:1",0.982649527493714,0.992467043314501,0.969889437779346,0.984714678797528,157.678,200,NA,"200"
"Koh","Refined Louvain","DIFS","estimated","original",1,NA,NA,1.6094379124341,9,7,7,7,200,1156,NA,NA,NA,NA,500,1683,"1:2",0.764601976107804,0.807909604519774,0.663496708119971,0.811159709162657,132.411,200,NA,"200"
"Koh","Refined Louvain","DIFS","true","original",1,NA,NA,1.6094379124341,9,7,9,9,300,1156,9,TRUE,531,0,1000,1688,"1:3",0.978647478157131,0.990583804143126,0.963071512309496,0.981188589417497,136.438,300,NA,"300"
"Koh","Refined Louvain","DIFS","estimated","original",1,NA,NA,1.6094379124341,9,7,7,7,300,1156,NA,NA,NA,NA,500,1683,"1:1",0.838239064708374,0.871939736346516,0.75438516561119,0.867333388005422,171.064,300,NA,"300"
"Koh","Refined Louvain","DIFS","true","original",1,NA,NA,1.6094379124341,9,7,9,9,500,1156,9,TRUE,531,0,1000,1688,"1:1",0.970108852888862,0.986817325800377,0.948692620569436,0.973671186523465,135.838,500,NA,"500"
"Koh","Refined Louvain","DIFS","estimated","original",1,NA,NA,1.6094379124341,9,7,7,7,500,1156,NA,NA,NA,NA,500,1683,"3:2",0.822360122100095,0.832391713747646,0.734027992405846,0.855883960058565,138.65,500,NA,"500"
"Koh","Refined Louvain","DIFS","true","original",1,NA,NA,1.6094379124341,9,7,9,9,750,1156,9,TRUE,531,0,1000,1688,"1:1",0.987391193085843,0.994350282485876,0.978027170702894,0.98889175663511,142.527,750,NA,"750"
"Koh","Refined Louvain","DIFS","estimated","original",1,NA,NA,1.6094379124341,9,7,7,7,750,1156,NA,NA,NA,NA,500,1683,"1:1",0.828107947892285,0.832391713747646,0.741469699662342,0.860651479295024,144.53,750,NA,"750"
"Koh","Refined Louvain","DIFS","true","original",1,NA,NA,1.6094379124341,9,7,9,9,1000,1156,9,TRUE,531,0,1000,1688,"1:1",0.983050928179305,0.992467043314501,0.970574387947269,0.985067791889967,140.319,1000,NA,"1000"
"Koh","Refined Louvain","DIFS","estimated","original",1,NA,NA,1.6094379124341,9,7,7,7,1000,1156,NA,NA,NA,NA,500,1683,"3:1",0.842304788379669,0.871939736346516,0.759715531085111,0.870420064776628,159.531,1000,NA,"1000"
"Koh","Refined Louvain","DIFS","true","original",1,NA,NA,1.6094379124341,9,7,9,9,1500,1156,9,TRUE,531,0,1000,1688,"3:1",0.987391193085843,0.994350282485876,0.978027170702894,0.98889175663511,153.504,1500,NA,"1500"
"Koh","Refined Louvain","DIFS","estimated","original",1,NA,NA,1.6094379124341,9,7,7,7,1500,1156,NA,NA,NA,NA,500,1683,"1:1",0.837295760446963,0.871939736346516,0.753089234417035,0.866329015494193,130.963,1500,NA,"1500"
"Koh","Refined Louvain","DIFS","true","original",1,NA,NA,1.6094379124341,9,7,9,9,1909,1156,9,TRUE,531,0,1000,1688,"1:1",0.983707195284736,0.992467043314501,0.971700888392069,0.985647364674873,167.536,2500,NA,"2500"
"Koh","Refined Louvain","DIFS","estimated","original",1,NA,NA,1.6094379124341,9,7,7,7,1742,1156,NA,NA,NA,NA,500,1683,"1:1",0.857436692033755,0.871939736346516,0.779886952425813,0.882001139361626,131.619,2500,NA,"2500"
"Koh","SC3","DIFS","true","original",1,NA,NA,1.6094379124341,9,7,9,9,1156,1156,9,TRUE,531,0,1000,1688,"1:1",0.943896297199487,0.95668549905838,0.906224248750206,0.951364192884338,230.585,0,NA,"gate_n"
"Koh","SC3","DIFS","estimated","original",1,NA,NA,1.6094379124341,9,7,7,7,1156,1156,NA,NA,NA,NA,500,1683,"1:1",0.783486952127683,0.819209039548023,0.686427137531239,0.828508984580879,212.136,0,NA,"gate_n"
"Koh","SC3","DIFS","true","original",1,NA,NA,1.6094379124341,9,7,9,9,100,1156,9,TRUE,531,0,1000,1688,"3:2",0.989006212452603,0.994350282485876,0.980811371039384,0.990314556001278,388.025,100,NA,"100"
"Koh","SC3","DIFS","estimated","original",1,NA,NA,1.6094379124341,9,7,7,7,100,1156,NA,NA,NA,NA,500,1683,"3:2",0.783486952127683,0.819209039548023,0.686427137531239,0.828508984580879,221.042,100,NA,"100"
"Koh","SC3","DIFS","true","original",1,NA,NA,1.6094379124341,9,7,9,9,200,1156,9,TRUE,531,0,1000,1688,"2:1",0.936965570126625,0.954802259887006,0.895231846019248,0.945240578287824,251.09,200,NA,"200"
"Koh","SC3","DIFS","estimated","original",1,NA,NA,1.6094379124341,9,7,7,7,200,1156,NA,NA,NA,NA,500,1683,"1:2",0.77836001245926,0.817325800376648,0.680275154672745,0.824458566968267,218.731,200,NA,"200"
"Koh","SC3","DIFS","true","original",1,NA,NA,1.6094379124341,9,7,9,9,300,1156,9,TRUE,531,0,1000,1688,"1:3",0.948734916664746,0.958568738229755,0.9139577239362,0.955587915015091,234.035,300,NA,"300"
"Koh","SC3","DIFS","estimated","original",1,NA,NA,1.6094379124341,9,7,7,7,300,1156,NA,NA,NA,NA,500,1683,"1:1",0.779725682584503,0.817325800376648,0.681868288898869,0.825331734377493,217.972,300,NA,"300"
"Koh","SC3","DIFS","true","original",1,NA,NA,1.6094379124341,9,7,9,9,500,1156,9,TRUE,531,0,1000,1688,"1:1",0.933959342976559,0.951035781544256,0.890598753725278,0.94287292061618,222.148,500,NA,"500"
"Koh","SC3","DIFS","estimated","original",1,NA,NA,1.6094379124341,9,7,7,7,500,1156,NA,NA,NA,NA,500,1683,"3:2",0.783486952127683,0.819209039548023,0.686427137531239,0.828508984580879,211.316,500,NA,"500"
"Koh","SC3","DIFS","true","original",1,NA,NA,1.6094379124341,9,7,9,9,750,1156,9,TRUE,531,0,1000,1688,"1:1",0.939629654142972,0.954802259887006,0.899452654625068,0.947625216203811,231.142,750,NA,"750"
"Koh","SC3","DIFS","estimated","original",1,NA,NA,1.6094379124341,9,7,7,7,750,1156,NA,NA,NA,NA,500,1683,"1:1",0.77969641797366,0.817325800376648,0.681810753391077,0.8251959376118,307.41,750,NA,"750"
"Koh","SC3","DIFS","true","original",1,NA,NA,1.6094379124341,9,7,9,9,1000,1156,9,TRUE,531,0,1000,1688,"1:1",0.943896297199487,0.95668549905838,0.906224248750206,0.951364192884338,314.415,1000,NA,"1000"
"Koh","SC3","DIFS","estimated","original",1,NA,NA,1.6094379124341,9,7,7,7,1000,1156,NA,NA,NA,NA,500,1683,"3:1",0.783486952127683,0.819209039548023,0.686427137531239,0.828508984580879,212.767,1000,NA,"1000"
"Koh","SC3","DIFS","true","original",1,NA,NA,1.6094379124341,9,7,9,9,1500,1156,9,TRUE,531,0,1000,1688,"3:1",0.943896297199487,0.95668549905838,0.906224248750206,0.951364192884338,263.633,1500,NA,"1500"
"Koh","SC3","DIFS","estimated","original",1,NA,NA,1.6094379124341,9,7,7,7,1500,1156,NA,NA,NA,NA,500,1683,"1:1",0.783486952127683,0.819209039548023,0.686427137531239,0.828508984580879,244.992,1500,NA,"1500"
"Koh","SC3","DIFS","true","original",1,NA,NA,1.6094379124341,9,7,9,9,1909,1156,9,TRUE,531,0,1000,1688,"1:1",0.943896297199487,0.95668549905838,0.906224248750206,0.951364192884338,225.181,2500,NA,"2500"
"Koh","SC3","DIFS","estimated","original",1,NA,NA,1.6094379124341,9,7,7,7,1742,1156,NA,NA,NA,NA,500,1683,"1:1",0.783486952127683,0.819209039548023,0.686427137531239,0.828508984580879,235.644,2500,NA,"2500"
"Koh","Refined Louvain","FEAST","true","original",1,NA,NA,1.6094379124341,9,7,9,9,1156,1156,9,TRUE,531,0,NA,NA,NA,0.98157072669904,0.990583804143126,0.968057672019693,0.983771694872696,22.398,0,NA,"gate_n"
"Koh","Refined Louvain","FEAST","estimated","original",1,NA,NA,1.6094379124341,9,7,7,7,1156,1156,NA,NA,NA,NA,NA,NA,NA,0.837382969646991,0.871939736346516,0.753264479730652,0.866670998433592,26.66,0,NA,"gate_n"
"Koh","Refined Louvain","FEAST","true","original",1,NA,NA,1.6094379124341,9,7,9,9,100,1156,9,TRUE,531,0,NA,NA,NA,0.882853926162881,0.939736346516008,0.812972156270235,0.8968421738411,18.703,100,NA,"100"
"Koh","Refined Louvain","FEAST","estimated","original",1,NA,NA,1.6094379124341,9,7,7,7,100,1156,NA,NA,NA,NA,NA,NA,NA,0.783633981920498,0.822975517890772,0.684991801156468,0.821353102365756,30.839,100,NA,"100"
"Koh","Refined Louvain","FEAST","true","original",1,NA,NA,1.6094379124341,9,7,9,9,200,1156,9,TRUE,531,0,NA,NA,NA,0.956436728177345,0.977401129943503,0.92618709127097,0.961734188469248,19.833,200,NA,"200"
"Koh","Refined Louvain","FEAST","estimated","original",1,NA,NA,1.6094379124341,9,7,7,7,200,1156,NA,NA,NA,NA,NA,NA,NA,0.836662755186261,0.871939736346516,0.75232859284838,0.866139645106349,20.7,200,NA,"200"
"Koh","Refined Louvain","FEAST","true","original",1,NA,NA,1.6094379124341,9,7,9,9,300,1156,9,TRUE,531,0,NA,NA,NA,0.978694456342323,0.990583804143126,0.963172639196918,0.981247889403727,19.763,300,NA,"300"
"Koh","Refined Louvain","FEAST","estimated","original",1,NA,NA,1.6094379124341,9,7,7,7,300,1156,NA,NA,NA,NA,NA,NA,NA,0.833021255402306,0.870056497175141,0.747495807460454,0.862924626499501,20.802,300,NA,"300"
"Koh","Refined Louvain","FEAST","true","original",1,NA,NA,1.6094379124341,9,7,9,9,500,1156,9,TRUE,531,0,NA,NA,NA,0.987222709716265,0.994350282485876,0.977737096964686,0.988743403566348,18.146,500,NA,"500"
"Koh","Refined Louvain","FEAST","estimated","original",1,NA,NA,1.6094379124341,9,7,7,7,500,1156,NA,NA,NA,NA,NA,NA,NA,0.833021255402306,0.870056497175141,0.747495807460454,0.862924626499501,17.834,500,NA,"500"
"Koh","Refined Louvain","FEAST","true","original",1,NA,NA,1.6094379124341,9,7,9,9,750,1156,9,TRUE,531,0,NA,NA,NA,0.977301343984057,0.988700564971751,0.960809471044498,0.980018524109115,21.394,750,NA,"750"
"Koh","Refined Louvain","FEAST","estimated","original",1,NA,NA,1.6094379124341,9,7,7,7,750,1156,NA,NA,NA,NA,NA,NA,NA,0.816319308421706,0.826741996233522,0.72635814889336,0.851246946460194,20.05,750,NA,"750"
"Koh","Refined Louvain","FEAST","true","original",1,NA,NA,1.6094379124341,9,7,9,9,1000,1156,9,TRUE,531,0,NA,NA,NA,0.98845891440728,0.994350282485876,0.979873694150977,0.989835089386146,18.178,1000,NA,"1000"
"Koh","Refined Louvain","FEAST","estimated","original",1,NA,NA,1.6094379124341,9,7,7,7,1000,1156,NA,NA,NA,NA,NA,NA,NA,0.839821535562385,0.851224105461394,0.756553795740033,0.868982182412685,19.18,1000,NA,"1000"
"Koh","Refined Louvain","FEAST","true","original",1,NA,NA,1.6094379124341,9,7,9,9,1500,1156,9,TRUE,531,0,NA,NA,NA,0.987222709716265,0.994350282485876,0.977737096964686,0.988743403566348,22.936,1500,NA,"1500"
"Koh","Refined Louvain","FEAST","estimated","original",1,NA,NA,1.6094379124341,9,7,7,7,1500,1156,NA,NA,NA,NA,NA,NA,NA,0.839821535562385,0.851224105461394,0.756553795740033,0.868982182412685,41.565,1500,NA,"1500"
"Koh","Refined Louvain","FEAST","true","original",1,NA,NA,1.6094379124341,9,7,9,9,2500,1156,9,TRUE,531,0,NA,NA,NA,0.98318565227235,0.992467043314501,0.970804638295368,0.985186414621321,18.398,2500,NA,"2500"
"Koh","Refined Louvain","FEAST","estimated","original",1,NA,NA,1.6094379124341,9,7,7,7,2500,1156,NA,NA,NA,NA,NA,NA,NA,0.839821535562385,0.851224105461394,0.756553795740033,0.868982182412685,21.776,2500,NA,"2500"
"Koh","SC3","FEAST","true","original",1,NA,NA,1.6094379124341,9,7,9,9,1156,1156,9,TRUE,531,0,NA,NA,NA,0.98684574817232,0.992467043314501,0.977077533613694,0.988413496070671,105.643,0,NA,"gate_n"
"Koh","SC3","FEAST","estimated","original",1,NA,NA,1.6094379124341,9,7,7,7,1156,1156,NA,NA,NA,NA,NA,NA,NA,0.832029465002324,0.870056497175141,0.74622342831298,0.862223662118572,128.095,0,NA,"gate_n"
"Koh","SC3","FEAST","true","original",1,NA,NA,1.6094379124341,9,7,9,9,100,1156,9,TRUE,531,0,NA,NA,NA,0.900816352371141,0.943502824858757,0.839711889916147,0.913073073267189,123.82,100,NA,"100"
"Koh","SC3","FEAST","estimated","original",1,NA,NA,1.6094379124341,9,7,7,7,100,1156,NA,NA,NA,NA,NA,NA,NA,0.829572399170042,0.868173258003766,0.742977147502484,0.860030108250938,109.685,100,NA,"100"
"Koh","SC3","FEAST","true","original",1,NA,NA,1.6094379124341,9,7,9,9,200,1156,9,TRUE,531,0,NA,NA,NA,0.986807148568613,0.994350282485876,0.977018963785668,0.988376808720722,121.988,200,NA,"200"
"Koh","SC3","FEAST","estimated","original",1,NA,NA,1.6094379124341,9,7,7,7,200,1156,NA,NA,NA,NA,NA,NA,NA,0.837094056041326,0.871939736346516,0.752887676216462,0.866452224986099,111.386,200,NA,"200"
"Koh","SC3","FEAST","true","original",1,NA,NA,1.6094379124341,9,7,9,9,300,1156,9,TRUE,531,0,NA,NA,NA,0.95081842219113,0.95668549905838,0.917328918322296,0.957484372856791,122.256,300,NA,"300"
"Koh","SC3","FEAST","estimated","original",1,NA,NA,1.6094379124341,9,7,7,7,300,1156,NA,NA,NA,NA,NA,NA,NA,0.845458153104473,0.875706214689266,0.764067579323291,0.87370126740095,133.618,300,NA,"300"
"Koh","SC3","FEAST","true","original",1,NA,NA,1.6094379124341,9,7,9,9,500,1156,9,TRUE,531,0,NA,NA,NA,0.995629509752225,0.998116760828625,0.992329190699887,0.996149839475966,103.126,500,NA,"500"
"Koh","SC3","FEAST","estimated","original",1,NA,NA,1.6094379124341,9,7,7,7,500,1156,NA,NA,NA,NA,NA,NA,NA,0.845458153104473,0.875706214689266,0.764067579323291,0.87370126740095,108.956,500,NA,"500"
"Koh","SC3","FEAST","true","original",1,NA,NA,1.6094379124341,9,7,9,9,750,1156,9,TRUE,531,0,NA,NA,NA,0.995629509752225,0.998116760828625,0.992329190699887,0.996149839475966,108.42,750,NA,"750"
"Koh","SC3","FEAST","estimated","original",1,NA,NA,1.6094379124341,9,7,7,7,750,1156,NA,NA,NA,NA,NA,NA,NA,0.845008514857132,0.875706214689266,0.763473327843353,0.873360396869294,101.039,750,NA,"750"
"Koh","SC3","FEAST","true","original",1,NA,NA,1.6094379124341,9,7,9,9,1000,1156,9,TRUE,531,0,NA,NA,NA,0.991326107381781,0.99623352165725,0.984833224717104,0.992358693447202,106.44,1000,NA,"1000"
"Koh","SC3","FEAST","estimated","original",1,NA,NA,1.6094379124341,9,7,7,7,1000,1156,NA,NA,NA,NA,NA,NA,NA,0.832029465002324,0.870056497175141,0.74622342831298,0.862223662118572,98.918,1000,NA,"1000"
"Koh","SC3","FEAST","true","original",1,NA,NA,1.6094379124341,9,7,9,9,1500,1156,9,TRUE,531,0,NA,NA,NA,0.98292327390788,0.992467043314501,0.970358172087279,0.984956150104396,108.97,1500,NA,"1500"
"Koh","SC3","FEAST","estimated","original",1,NA,NA,1.6094379124341,9,7,7,7,1500,1156,NA,NA,NA,NA,NA,NA,NA,0.832029465002324,0.870056497175141,0.74622342831298,0.862223662118572,100.743,1500,NA,"1500"
"Koh","SC3","FEAST","true","original",1,NA,NA,1.6094379124341,9,7,9,9,2500,1156,9,TRUE,531,0,NA,NA,NA,0.98292327390788,0.992467043314501,0.970358172087279,0.984956150104396,106.289,2500,NA,"2500"
"Koh","SC3","FEAST","estimated","original",1,NA,NA,1.6094379124341,9,7,7,7,2500,1156,NA,NA,NA,NA,NA,NA,NA,0.845008514857132,0.875706214689266,0.763473327843353,0.873360396869294,100.363,2500,NA,"2500"
"Koh","Refined Louvain","GateOnly","true","original",1,NA,NA,1.6094379124341,9,7,9,9,1156,1156,9,TRUE,531,0,NA,NA,NA,0.958602255243004,0.981167608286252,0.92960267960268,0.963521254081496,12.292,0,NA,"gate_n"
"Koh","Refined Louvain","GateOnly","estimated","original",1,NA,NA,1.6094379124341,9,7,7,7,1156,1156,NA,NA,NA,NA,NA,NA,NA,0.749906199275283,0.783427495291902,0.646685696162385,0.800526260006265,17.396,0,NA,"gate_n"
"Koh","Refined Louvain","GateOnly","true","original",1,NA,NA,1.6094379124341,9,7,9,9,100,1156,9,TRUE,531,0,NA,NA,NA,0.788973694068792,0.900188323917137,0.686084965657593,0.813870883712894,13.937,100,NA,"100"
"Koh","Refined Louvain","GateOnly","estimated","original",1,NA,NA,1.6094379124341,9,7,7,7,100,1156,NA,NA,NA,NA,NA,NA,NA,0.718364627001586,0.787193973634652,0.610447585855817,0.771452811479242,13.983,100,NA,"100"
"Koh","Refined Louvain","GateOnly","true","original",1,NA,NA,1.6094379124341,9,7,9,9,200,1156,9,TRUE,531,0,NA,NA,NA,0.921643749801497,0.95668549905838,0.870654078806038,0.930930234368105,12.616,200,NA,"200"
"Koh","Refined Louvain","GateOnly","estimated","original",1,NA,NA,1.6094379124341,9,7,7,7,200,1156,NA,NA,NA,NA,NA,NA,NA,0.713753047111605,0.740112994350282,0.606676942742208,0.77343291687451,12.481,200,NA,"200"
"Koh","Refined Louvain","GateOnly","true","original",1,NA,NA,1.6094379124341,9,7,9,9,300,1156,9,TRUE,531,0,NA,NA,NA,0.945616904615052,0.973634651600753,0.908519153802173,0.952074326373183,13.061,300,NA,"300"
"Koh","Refined Louvain","GateOnly","estimated","original",1,NA,NA,1.6094379124341,9,7,7,7,300,1156,NA,NA,NA,NA,NA,NA,NA,0.811233096491016,0.860640301318267,0.719117187150963,0.843676301683142,12.477,300,NA,"300"
"Koh","Refined Louvain","GateOnly","true","original",1,NA,NA,1.6094379124341,9,7,9,9,500,1156,9,TRUE,531,0,NA,NA,NA,0.95135484246073,0.975517890772128,0.917781477866452,0.957133318849881,12.114,500,NA,"500"
"Koh","Refined Louvain","GateOnly","estimated","original",1,NA,NA,1.6094379124341,9,7,7,7,500,1156,NA,NA,NA,NA,NA,NA,NA,0.724121605745934,0.760828625235405,0.617935508490746,0.78121519802842,22.719,500,NA,"500"
"Koh","Refined Louvain","GateOnly","true","original",1,NA,NA,1.6094379124341,9,7,9,9,750,1156,9,TRUE,531,0,NA,NA,NA,0.950090079575188,0.977401129943503,0.915791875855774,0.956047342268641,12.729,750,NA,"750"
"Koh","Refined Louvain","GateOnly","estimated","original",1,NA,NA,1.6094379124341,9,7,7,7,750,1156,NA,NA,NA,NA,NA,NA,NA,0.743375888013535,0.783427495291902,0.639178913360388,0.795068402372879,22.371,750,NA,"750"
"Koh","Refined Louvain","GateOnly","true","original",1,NA,NA,1.6094379124341,9,7,9,9,1000,1156,9,TRUE,531,0,NA,NA,NA,0.951126630813803,0.977401129943503,0.917448512585812,0.956947241683384,13.007,1000,NA,"1000"
"Koh","Refined Louvain","GateOnly","estimated","original",1,NA,NA,1.6094379124341,9,7,7,7,1000,1156,NA,NA,NA,NA,NA,NA,NA,0.743248530898194,0.783427495291902,0.639058378931622,0.795079732024641,12.588,1000,NA,"1000"
"Koh","Refined Louvain","GateOnly","true","original",1,NA,NA,1.6094379124341,9,7,9,9,1156,1156,9,TRUE,531,0,NA,NA,NA,0.958602255243004,0.981167608286252,0.92960267960268,0.963521254081496,12.719,1500,NA,"1500"
"Koh","Refined Louvain","GateOnly","estimated","original",1,NA,NA,1.6094379124341,9,7,7,7,1156,1156,NA,NA,NA,NA,NA,NA,NA,0.749906199275283,0.783427495291902,0.646685696162385,0.800526260006265,13.692,1500,NA,"1500"
"Koh","Refined Louvain","GateOnly","true","original",1,NA,NA,1.6094379124341,9,7,9,9,1156,1156,9,TRUE,531,0,NA,NA,NA,0.958602255243004,0.981167608286252,0.92960267960268,0.963521254081496,12.813,2500,NA,"2500"
"Koh","Refined Louvain","GateOnly","estimated","original",1,NA,NA,1.6094379124341,9,7,7,7,1156,1156,NA,NA,NA,NA,NA,NA,NA,0.749906199275283,0.783427495291902,0.646685696162385,0.800526260006265,18.5,2500,NA,"2500"
"Koh","SC3","GateOnly","true","original",1,NA,NA,1.6094379124341,9,7,9,9,1156,1156,9,TRUE,531,0,NA,NA,NA,0.946647501377554,0.958568738229755,0.910591092223633,0.953692148771997,114.668,0,NA,"gate_n"
"Koh","SC3","GateOnly","estimated","original",1,NA,NA,1.6094379124341,9,7,7,7,1156,1156,NA,NA,NA,NA,NA,NA,NA,0.849476900918174,0.87758945386064,0.769495728850923,0.877209056525822,94.401,0,NA,"gate_n"
"Koh","SC3","GateOnly","true","original",1,NA,NA,1.6094379124341,9,7,9,9,100,1156,9,TRUE,531,0,NA,NA,NA,0.855256599949188,0.913370998116761,0.774178379225665,0.872792924468722,137.29,100,NA,"100"
"Koh","SC3","GateOnly","estimated","original",1,NA,NA,1.6094379124341,9,7,7,7,100,1156,NA,NA,NA,NA,NA,NA,NA,0.735797438612367,0.790960451977401,0.62968756266795,0.784925543532022,129.427,100,NA,"100"
"Koh","SC3","GateOnly","true","original",1,NA,NA,1.6094379124341,9,7,9,9,200,1156,9,TRUE,531,0,NA,NA,NA,0.907404785717525,0.939736346516008,0.849680571213829,0.919077261719953,120.454,200,NA,"200"
"Koh","SC3","GateOnly","estimated","original",1,NA,NA,1.6094379124341,9,7,7,7,200,1156,NA,NA,NA,NA,NA,NA,NA,0.841368904354593,0.873822975517891,0.758554525103934,0.870022965135571,114.882,200,NA,"200"
"Koh","SC3","GateOnly","true","original",1,NA,NA,1.6094379124341,9,7,9,9,300,1156,9,TRUE,531,0,NA,NA,NA,0.92905202597839,0.947269303201507,0.882906769114225,0.938455584198674,118.148,300,NA,"300"
"Koh","SC3","GateOnly","estimated","original",1,NA,NA,1.6094379124341,9,7,7,7,300,1156,NA,NA,NA,NA,NA,NA,NA,0.837380582230488,0.871939736346516,0.753233740207688,0.866544739671479,144.458,300,NA,"300"
"Koh","SC3","GateOnly","true","original",1,NA,NA,1.6094379124341,9,7,9,9,500,1156,9,TRUE,531,0,NA,NA,NA,0.939787040252692,0.954802259887006,0.899715660542432,0.947806995005753,107.814,500,NA,"500"
"Koh","SC3","GateOnly","estimated","original",1,NA,NA,1.6094379124341,9,7,7,7,500,1156,NA,NA,NA,NA,NA,NA,NA,0.779296388360247,0.817325800376648,0.681337525007145,0.824908727822077,99.987,500,NA,"500"
"Koh","SC3","GateOnly","true","original",1,NA,NA,1.6094379124341,9,7,9,9,750,1156,9,TRUE,531,0,NA,NA,NA,0.948734916664746,0.958568738229755,0.9139577239362,0.955587915015091,106.969,750,NA,"750"
"Koh","SC3","GateOnly","estimated","original",1,NA,NA,1.6094379124341,9,7,7,7,750,1156,NA,NA,NA,NA,NA,NA,NA,0.779296388360247,0.817325800376648,0.681337525007145,0.824908727822077,102.459,750,NA,"750"
"Koh","SC3","GateOnly","true","original",1,NA,NA,1.6094379124341,9,7,9,9,1000,1156,9,TRUE,531,0,NA,NA,NA,0.948734916664746,0.958568738229755,0.9139577239362,0.955587915015091,104.539,1000,NA,"1000"
"Koh","SC3","GateOnly","estimated","original",1,NA,NA,1.6094379124341,9,7,7,7,1000,1156,NA,NA,NA,NA,NA,NA,NA,0.783486952127683,0.819209039548023,0.686427137531239,0.828508984580879,97.662,1000,NA,"1000"
"Koh","SC3","GateOnly","true","original",1,NA,NA,1.6094379124341,9,7,9,9,1156,1156,9,TRUE,531,0,NA,NA,NA,0.946647501377554,0.958568738229755,0.910591092223633,0.953692148771997,111.861,1500,NA,"1500"
"Koh","SC3","GateOnly","estimated","original",1,NA,NA,1.6094379124341,9,7,7,7,1156,1156,NA,NA,NA,NA,NA,NA,NA,0.849476900918174,0.87758945386064,0.769495728850923,0.877209056525822,99.576,1500,NA,"1500"
"Koh","SC3","GateOnly","true","original",1,NA,NA,1.6094379124341,9,7,9,9,1156,1156,9,TRUE,531,0,NA,NA,NA,0.946647501377554,0.958568738229755,0.910591092223633,0.953692148771997,102.443,2500,NA,"2500"
"Koh","SC3","GateOnly","estimated","original",1,NA,NA,1.6094379124341,9,7,7,7,1156,1156,NA,NA,NA,NA,NA,NA,NA,0.849476900918174,0.87758945386064,0.769495728850923,0.877209056525822,94.813,2500,NA,"2500"
"Koh","Refined Louvain","Seurat","true","original",1,NA,NA,1.6094379124341,9,7,9,9,1156,1156,8,FALSE,531,0,NA,NA,NA,0.942859322528809,0.952919020715631,0.904663325343212,0.950765953393743,14.976,0,NA,"gate_n"
"Koh","Refined Louvain","Seurat","estimated","original",1,NA,NA,1.6094379124341,9,7,7,7,1156,1156,NA,NA,NA,NA,NA,NA,NA,0.845458153104473,0.875706214689266,0.764067579323291,0.87370126740095,13.863,0,NA,"gate_n"
"Koh","Refined Louvain","Seurat","true","original",1,NA,NA,1.6094379124341,9,7,9,9,100,1156,9,TRUE,531,0,NA,NA,NA,0.863811983504561,0.939736346516008,0.786130811662727,0.880352245563112,14.745,100,NA,"100"
"Koh","Refined Louvain","Seurat","estimated","original",1,NA,NA,1.6094379124341,9,7,7,7,100,1156,NA,NA,NA,NA,NA,NA,NA,0.716718493629891,0.790960451977401,0.609669945687265,0.774669618884186,23.623,100,NA,"100"
"Koh","Refined Louvain","Seurat","true","original",1,NA,NA,1.6094379124341,9,7,9,9,200,1156,9,TRUE,531,0,NA,NA,NA,0.936090204988453,0.973634651600753,0.893528884908195,0.943812248574048,13.983,200,NA,"200"
"Koh","Refined Louvain","Seurat","estimated","original",1,NA,NA,1.6094379124341,9,7,7,7,200,1156,NA,NA,NA,NA,NA,NA,NA,0.720254021259971,0.794726930320151,0.61366572926959,0.778073861397203,15.605,200,NA,"200"
"Koh","Refined Louvain","Seurat","true","original",1,NA,NA,1.6094379124341,9,7,9,9,300,1156,8,FALSE,531,0,NA,NA,NA,0.916122838113421,0.941619585687382,0.863205298013245,0.927612441318443,15.331,300,NA,"300"
"Koh","Refined Louvain","Seurat","estimated","original",1,NA,NA,1.6094379124341,9,7,7,7,300,1156,NA,NA,NA,NA,NA,NA,NA,0.745067910468507,0.804143126177024,0.641351203072341,0.797595559774114,24.538,300,NA,"300"
"Koh","Refined Louvain","Seurat","true","original",1,NA,NA,1.6094379124341,9,7,9,9,500,1156,8,FALSE,531,0,NA,NA,NA,0.923167886314576,0.945386064030132,0.873902804538643,0.933568238401192,14.305,500,NA,"500"
"Koh","Refined Louvain","Seurat","estimated","original",1,NA,NA,1.6094379124341,9,7,7,7,500,1156,NA,NA,NA,NA,NA,NA,NA,0.765848435159738,0.811676082862524,0.665339286432565,0.813968340110886,13.659,500,NA,"500"
"Koh","Refined Louvain","Seurat","true","original",1,NA,NA,1.6094379124341,9,7,9,9,750,1156,9,TRUE,531,0,NA,NA,NA,0.971805969005767,0.984934086629002,0.95158028543364,0.97521972673976,14.692,750,NA,"750"
"Koh","Refined Louvain","Seurat","estimated","original",1,NA,NA,1.6094379124341,9,7,7,7,750,1156,NA,NA,NA,NA,NA,NA,NA,0.841506629321477,0.873822975517891,0.75876392185503,0.870258221547065,13.644,750,NA,"750"
"Koh","Refined Louvain","Seurat","true","original",1,NA,NA,1.6094379124341,9,7,9,9,1000,1156,9,TRUE,531,0,NA,NA,NA,0.913801263348824,0.952919020715631,0.859152625552102,0.924377167065599,13.944,1000,NA,"1000"
"Koh","Refined Louvain","Seurat","estimated","original",1,NA,NA,1.6094379124341,9,7,7,7,1000,1156,NA,NA,NA,NA,NA,NA,NA,0.845458153104473,0.875706214689266,0.764067579323291,0.87370126740095,15.583,1000,NA,"1000"
"Koh","Refined Louvain","Seurat","true","original",1,NA,NA,1.6094379124341,9,7,9,9,1500,1156,8,FALSE,531,0,NA,NA,NA,0.93891456880963,0.951035781544256,0.898432839867686,0.947368295736241,16.124,1500,NA,"1500"
"Koh","Refined Louvain","Seurat","estimated","original",1,NA,NA,1.6094379124341,9,7,7,7,1500,1156,NA,NA,NA,NA,NA,NA,NA,0.845458153104473,0.875706214689266,0.764067579323291,0.87370126740095,15.035,1500,NA,"1500"
"Koh","Refined Louvain","Seurat","true","original",1,NA,NA,1.6094379124341,9,7,9,9,2500,1156,9,TRUE,531,0,NA,NA,NA,0.988372071403737,0.994350282485876,0.979727738817844,0.98976317032377,15.323,2500,NA,"2500"
"Koh","Refined Louvain","Seurat","estimated","original",1,NA,NA,1.6094379124341,9,7,7,7,2500,1156,NA,NA,NA,NA,NA,NA,NA,0.845458153104473,0.875706214689266,0.764067579323291,0.87370126740095,14.183,2500,NA,"2500"
"Koh","SC3","Seurat","true","original",1,NA,NA,1.6094379124341,9,7,9,9,1156,1156,9,TRUE,531,0,NA,NA,NA,0.93801587567886,0.952919020715631,0.896957160742475,0.946378770418179,103.342,0,NA,"gate_n"
"Koh","SC3","Seurat","estimated","original",1,NA,NA,1.6094379124341,9,7,7,7,1156,1156,NA,NA,NA,NA,NA,NA,NA,0.836284296934748,0.871939736346516,0.751838736039226,0.865867226196432,129.908,0,NA,"gate_n"
"Koh","SC3","Seurat","true","original",1,NA,NA,1.6094379124341,9,7,9,9,100,1156,9,TRUE,531,0,NA,NA,NA,0.905194799377356,0.935969868173258,0.846339630742808,0.917083330800745,125.652,100,NA,"100"
"Koh","SC3","Seurat","estimated","original",1,NA,NA,1.6094379124341,9,7,7,7,100,1156,NA,NA,NA,NA,NA,NA,NA,0.754411044713331,0.807909604519774,0.651886379028724,0.804198260921845,115.841,100,NA,"100"
"Koh","SC3","Seurat","true","original",1,NA,NA,1.6094379124341,9,7,9,9,200,1156,9,TRUE,531,0,NA,NA,NA,0.9029294402314,0.947269303201507,0.842624380142772,0.91462855316717,111.943,200,NA,"200"
"Koh","SC3","Seurat","estimated","original",1,NA,NA,1.6094379124341,9,7,7,7,200,1156,NA,NA,NA,NA,NA,NA,NA,0.774502742463413,0.815442561205273,0.675462925197814,0.820345582349237,101.11,200,NA,"200"
"Koh","SC3","Seurat","true","original",1,NA,NA,1.6094379124341,9,7,9,9,300,1156,9,TRUE,531,0,NA,NA,NA,0.937469886878348,0.951035781544256,0.895950258611203,0.945477152550054,109.356,300,NA,"300"
"Koh","SC3","Seurat","estimated","original",1,NA,NA,1.6094379124341,9,7,7,7,300,1156,NA,NA,NA,NA,NA,NA,NA,0.763305395399851,0.809792843691149,0.662223654008779,0.811287645848177,124.643,300,NA,"300"
"Koh","SC3","Seurat","true","original",1,NA,NA,1.6094379124341,9,7,9,9,500,1156,9,TRUE,531,0,NA,NA,NA,0.940995485463235,0.954802259887006,0.901572638293193,0.948694889979625,104.392,500,NA,"500"
"Koh","SC3","Seurat","estimated","original",1,NA,NA,1.6094379124341,9,7,7,7,500,1156,NA,NA,NA,NA,NA,NA,NA,0.767142179817361,0.811676082862524,0.666760961810467,0.814516489545145,96.221,500,NA,"500"
"Koh","SC3","Seurat","true","original",1,NA,NA,1.6094379124341,9,7,9,9,750,1156,9,TRUE,531,0,NA,NA,NA,0.93550562151292,0.949152542372881,0.892790107099481,0.943600520345189,108.498,750,NA,"750"
"Koh","SC3","Seurat","estimated","original",1,NA,NA,1.6094379124341,9,7,7,7,750,1156,NA,NA,NA,NA,NA,NA,NA,0.766033956770033,0.811676082862524,0.665511684125705,0.813893921715028,120.912,750,NA,"750"
"Koh","SC3","Seurat","true","original",1,NA,NA,1.6094379124341,9,7,9,9,1000,1156,9,TRUE,531,0,NA,NA,NA,0.932580667132444,0.951035781544256,0.888087043410681,0.940829284301811,103.515,1000,NA,"1000"
"Koh","SC3","Seurat","estimated","original",1,NA,NA,1.6094379124341,9,7,7,7,1000,1156,NA,NA,NA,NA,NA,NA,NA,0.849476900918174,0.87758945386064,0.769495728850923,0.877209056525822,97.078,1000,NA,"1000"
"Koh","SC3","Seurat","true","original",1,NA,NA,1.6094379124341,9,7,9,9,1500,1156,9,TRUE,531,0,NA,NA,NA,0.926438518484206,0.949152542372881,0.878663604549431,0.935697838712754,105.386,1500,NA,"1500"
"Koh","SC3","Seurat","estimated","original",1,NA,NA,1.6094379124341,9,7,7,7,1500,1156,NA,NA,NA,NA,NA,NA,NA,0.836284296934748,0.871939736346516,0.751838736039226,0.865867226196432,99.274,1500,NA,"1500"
"Koh","SC3","Seurat","true","original",1,NA,NA,1.6094379124341,9,7,9,9,2500,1156,9,TRUE,531,0,NA,NA,NA,0.929437822973861,0.952919020715631,0.883183000387361,0.938078264219678,105.128,2500,NA,"2500"
"Koh","SC3","Seurat","estimated","original",1,NA,NA,1.6094379124341,9,7,7,7,2500,1156,NA,NA,NA,NA,NA,NA,NA,0.836284296934748,0.871939736346516,0.751838736039226,0.865867226196432,103.974,2500,NA,"2500"
"Koh","Refined Louvain","Variance","true","original",1,NA,NA,1.6094379124341,9,7,9,9,1156,1156,9,TRUE,531,0,NA,NA,NA,0.987522198443937,0.994350282485876,0.978260869565217,0.989013077033427,12.901,0,NA,"gate_n"
"Koh","Refined Louvain","Variance","estimated","original",1,NA,NA,1.6094379124341,9,7,7,7,1156,1156,NA,NA,NA,NA,NA,NA,NA,0.848616732897112,0.875706214689266,0.768194194471365,0.875816849085977,24.478,0,NA,"gate_n"
"Koh","Refined Louvain","Variance","true","original",1,NA,NA,1.6094379124341,9,7,9,9,100,1156,9,TRUE,531,0,NA,NA,NA,0.875957710562966,0.949152542372881,0.802709614233636,0.890616940888445,16.066,100,NA,"100"
"Koh","Refined Louvain","Variance","estimated","original",1,NA,NA,1.6094379124341,9,7,7,7,100,1156,NA,NA,NA,NA,NA,NA,NA,0.841817672326992,0.873822975517891,0.759144111192392,0.870363361471015,15.445,100,NA,"100"
"Koh","Refined Louvain","Variance","true","original",1,NA,NA,1.6094379124341,9,7,9,9,200,1156,9,TRUE,531,0,NA,NA,NA,0.995702593593863,0.998116760828625,0.992458432304038,0.996215761605981,13.152,200,NA,"200"
"Koh","Refined Louvain","Variance","estimated","original",1,NA,NA,1.6094379124341,9,7,7,7,200,1156,NA,NA,NA,NA,NA,NA,NA,0.849476900918174,0.87758945386064,0.769495728850923,0.877209056525822,14.067,200,NA,"200"
"Koh","Refined Louvain","Variance","true","original",1,NA,NA,1.6094379124341,9,7,9,9,300,1156,9,TRUE,531,0,NA,NA,NA,0.968943639852103,0.983050847457627,0.946768500838975,0.972664428145515,12.804,300,NA,"300"
"Koh","Refined Louvain","Variance","estimated","original",1,NA,NA,1.6094379124341,9,7,7,7,300,1156,NA,NA,NA,NA,NA,NA,NA,0.841314832210465,0.873822975517891,0.758510541206535,0.870105981853485,14.453,300,NA,"300"
"Koh","Refined Louvain","Variance","true","original",1,NA,NA,1.6094379124341,9,7,9,9,500,1156,9,TRUE,531,0,NA,NA,NA,0.978514125789098,0.990583804143126,0.962845757149555,0.981071348577144,13.184,500,NA,"500"
"Koh","Refined Louvain","Variance","estimated","original",1,NA,NA,1.6094379124341,9,7,7,7,500,1156,NA,NA,NA,NA,NA,NA,NA,0.76649754209086,0.790960451977401,0.666239127820754,0.815164337730627,13.517,500,NA,"500"
"Koh","Refined Louvain","Variance","true","original",1,NA,NA,1.6094379124341,9,7,9,9,750,1156,9,TRUE,531,0,NA,NA,NA,0.986924096576624,0.994350282485876,0.977224451262686,0.988481050432707,12.682,750,NA,"750"
"Koh","Refined Louvain","Variance","estimated","original",1,NA,NA,1.6094379124341,9,7,7,7,750,1156,NA,NA,NA,NA,NA,NA,NA,0.770485860942133,0.792843691148776,0.671112713290074,0.819214693038445,32.49,750,NA,"750"
"Koh","Refined Louvain","Variance","true","original",1,NA,NA,1.6094379124341,9,7,9,9,1000,1156,9,TRUE,531,0,NA,NA,NA,0.986835720532733,0.994350282485876,0.977075844186458,0.988405687368317,13.396,1000,NA,"1000"
"Koh","Refined Louvain","Variance","estimated","original",1,NA,NA,1.6094379124341,9,7,7,7,1000,1156,NA,NA,NA,NA,NA,NA,NA,0.84102493739424,0.873822975517891,0.758129988597491,0.869886351394593,24.591,1000,NA,"1000"
"Koh","Refined Louvain","Variance","true","original",1,NA,NA,1.6094379124341,9,7,9,9,1500,1156,9,TRUE,531,0,NA,NA,NA,0.991168322267704,0.99623352165725,0.984562607204117,0.992222076688396,13.433,1500,NA,"1500"
"Koh","Refined Louvain","Variance","estimated","original",1,NA,NA,1.6094379124341,9,7,7,7,1500,1156,NA,NA,NA,NA,NA,NA,NA,0.770485860942133,0.792843691148776,0.671112713290074,0.819214693038445,16.549,1500,NA,"1500"
"Koh","Refined Louvain","Variance","true","original",1,NA,NA,1.6094379124341,9,7,9,9,2500,1156,9,TRUE,531,0,NA,NA,NA,0.991773586154419,0.99623352165725,0.985611936763574,0.992754115136483,13.136,2500,NA,"2500"
"Koh","Refined Louvain","Variance","estimated","original",1,NA,NA,1.6094379124341,9,7,7,7,2500,1156,NA,NA,NA,NA,NA,NA,NA,0.781417295591443,0.830508474576271,0.68389393567395,0.826652312043944,13.68,2500,NA,"2500"
"Koh","SC3","Variance","true","original",1,NA,NA,1.6094379124341,9,7,9,9,1156,1156,9,TRUE,531,0,NA,NA,NA,0.995629509752225,0.998116760828625,0.992329190699887,0.996149839475966,99.076,0,NA,"gate_n"
"Koh","SC3","Variance","estimated","original",1,NA,NA,1.6094379124341,9,7,7,7,1156,1156,NA,NA,NA,NA,NA,NA,NA,0.849476900918174,0.87758945386064,0.769495728850923,0.877209056525822,93.329,0,NA,"gate_n"
"Koh","SC3","Variance","true","original",1,NA,NA,1.6094379124341,9,7,9,9,100,1156,9,TRUE,531,0,NA,NA,NA,0.937279523797944,0.952919020715631,0.895769733972961,0.945646385327087,107.276,100,NA,"100"
"Koh","SC3","Variance","estimated","original",1,NA,NA,1.6094379124341,9,7,7,7,100,1156,NA,NA,NA,NA,NA,NA,NA,0.838235890120928,0.871939736346516,0.754325891430398,0.867083548121993,104.964,100,NA,"100"
"Koh","SC3","Variance","true","original",1,NA,NA,1.6094379124341,9,7,9,9,200,1156,9,TRUE,531,0,NA,NA,NA,0.937147210294919,0.952919020715631,0.895514223194748,0.945389146210806,105.81,200,NA,"200"
"Koh","SC3","Variance","estimated","original",1,NA,NA,1.6094379124341,9,7,7,7,200,1156,NA,NA,NA,NA,NA,NA,NA,0.773879273861452,0.813559322033898,0.674711565901586,0.819800699708947,99.044,200,NA,"200"
"Koh","SC3","Variance","true","original",1,NA,NA,1.6094379124341,9,7,9,9,300,1156,9,TRUE,531,0,NA,NA,NA,0.952517006041776,0.958568738229755,0.920083889839395,0.959028165564824,107.475,300,NA,"300"
"Koh","SC3","Variance","estimated","original",1,NA,NA,1.6094379124341,9,7,7,7,300,1156,NA,NA,NA,NA,NA,NA,NA,0.779725682584503,0.817325800376648,0.681868288898869,0.825331734377493,101.078,300,NA,"300"
"Koh","SC3","Variance","true","original",1,NA,NA,1.6094379124341,9,7,9,9,500,1156,9,TRUE,531,0,NA,NA,NA,0.99304890587493,0.99623352165725,0.987825880396698,0.993876268159335,101.766,500,NA,"500"
"Koh","SC3","Variance","estimated","original",1,NA,NA,1.6094379124341,9,7,7,7,500,1156,NA,NA,NA,NA,NA,NA,NA,0.841806131234007,0.873822975517891,0.759148430718626,0.870443906921125,109.586,500,NA,"500"
"Koh","SC3","Variance","true","original",1,NA,NA,1.6094379124341,9,7,9,9,750,1156,9,TRUE,531,0,NA,NA,NA,0.946647501377554,0.958568738229755,0.910591092223633,0.953692148771997,102.437,750,NA,"750"
"Koh","SC3","Variance","estimated","original",1,NA,NA,1.6094379124341,9,7,7,7,750,1156,NA,NA,NA,NA,NA,NA,NA,0.767142179817361,0.811676082862524,0.666760961810467,0.814516489545145,95.711,750,NA,"750"
"Koh","SC3","Variance","true","original",1,NA,NA,1.6094379124341,9,7,9,9,1000,1156,9,TRUE,531,0,NA,NA,NA,0.949017812166923,0.95668549905838,0.914464648684283,0.956027491951755,127.655,1000,NA,"1000"
"Koh","SC3","Variance","estimated","original",1,NA,NA,1.6094379124341,9,7,7,7,1000,1156,NA,NA,NA,NA,NA,NA,NA,0.783486952127683,0.819209039548023,0.686427137531239,0.828508984580879,95.77,1000,NA,"1000"
"Koh","SC3","Variance","true","original",1,NA,NA,1.6094379124341,9,7,9,9,1500,1156,9,TRUE,531,0,NA,NA,NA,0.941723335692921,0.954802259887006,0.902791461412151,0.949530621942283,100.019,1500,NA,"1500"
"Koh","SC3","Variance","estimated","original",1,NA,NA,1.6094379124341,9,7,7,7,1500,1156,NA,NA,NA,NA,NA,NA,NA,0.771123564342529,0.813559322033898,0.671505616155063,0.817912095432908,95.244,1500,NA,"1500"
"Koh","SC3","Variance","true","original",1,NA,NA,1.6094379124341,9,7,9,9,2500,1156,9,TRUE,531,0,NA,NA,NA,0.943896297199487,0.95668549905838,0.906224248750206,0.951364192884338,97.876,2500,NA,"2500"
"Koh","SC3","Variance","estimated","original",1,NA,NA,1.6094379124341,9,7,7,7,2500,1156,NA,NA,NA,NA,NA,NA,NA,0.845008514857132,0.875706214689266,0.763473327843353,0.873360396869294,92.679,2500,NA,"2500"
"Kumar","Refined Louvain","DIFS","true","original",1,NA,NA,1.6094379124341,3,3,3,3,453,453,3,TRUE,246,0,453,616,"1:1",0.975764779664105,0.991869918699187,0.968337218337218,0.983914754264005,61.044,0,NA,"gate_n"
"Kumar","Refined Louvain","DIFS","estimated","original",1,NA,NA,1.6094379124341,3,3,3,3,453,453,NA,NA,NA,NA,453,616,"1:1",0.975764779664105,0.991869918699187,0.968337218337218,0.983914754264005,55.257,0,NA,"gate_n"
"Kumar","Refined Louvain","DIFS","true","original",1,NA,NA,1.6094379124341,3,3,3,3,100,453,3,TRUE,246,0,453,616,"1:1",0.988771468816226,0.995934959349594,0.985200431245712,0.992545322773649,53.812,100,NA,"100"
"Kumar","Refined Louvain","DIFS","estimated","original",1,NA,NA,1.6094379124341,3,3,3,3,100,453,NA,NA,NA,NA,453,616,"1:1",0.988771468816226,0.995934959349594,0.985200431245712,0.992545322773649,65.633,100,NA,"100"
"Kumar","Refined Louvain","DIFS","true","original",1,NA,NA,1.6094379124341,3,3,3,3,200,453,3,TRUE,246,0,453,616,"3:2",0.988771468816226,0.995934959349594,0.985200431245712,0.992545322773649,53.926,200,NA,"200"
"Kumar","Refined Louvain","DIFS","estimated","original",1,NA,NA,1.6094379124341,3,3,3,3,200,453,NA,NA,NA,NA,453,616,"3:2",0.988771468816226,0.995934959349594,0.985200431245712,0.992545322773649,53.924,200,NA,"200"
"Kumar","Refined Louvain","DIFS","true","original",1,NA,NA,1.6094379124341,3,3,3,3,300,453,3,TRUE,246,0,453,616,"3:2",0.988771468816226,0.995934959349594,0.985200431245712,0.992545322773649,54.01,300,NA,"300"
"Kumar","Refined Louvain","DIFS","estimated","original",1,NA,NA,1.6094379124341,3,3,3,3,300,453,NA,NA,NA,NA,453,616,"3:2",0.988771468816226,0.995934959349594,0.985200431245712,0.992545322773649,55.398,300,NA,"300"
"Kumar","Refined Louvain","DIFS","true","original",1,NA,NA,1.6094379124341,3,3,3,3,500,453,3,TRUE,246,0,453,616,"3:1",0.988771468816226,0.995934959349594,0.985200431245712,0.992545322773649,53.912,500,NA,"500"
"Kumar","Refined Louvain","DIFS","estimated","original",1,NA,NA,1.6094379124341,3,3,3,3,500,453,NA,NA,NA,NA,453,616,"3:1",0.988771468816226,0.995934959349594,0.985200431245712,0.992545322773649,54.284,500,NA,"500"
"Kumar","Refined Louvain","DIFS","true","original",1,NA,NA,1.6094379124341,3,3,3,3,697,453,3,TRUE,246,0,453,616,"1:1",0.975764779664105,0.991869918699187,0.968337218337218,0.983914754264005,54.595,750,NA,"750"
"Kumar","Refined Louvain","DIFS","estimated","original",1,NA,NA,1.6094379124341,3,3,3,3,697,453,NA,NA,NA,NA,453,616,"1:1",0.975764779664105,0.991869918699187,0.968337218337218,0.983914754264005,55.234,750,NA,"750"
"Kumar","Refined Louvain","DIFS","true","original",1,NA,NA,1.6094379124341,3,3,3,3,697,453,3,TRUE,246,0,453,616,"1:1",0.975764779664105,0.991869918699187,0.968337218337218,0.983914754264005,53.276,1000,NA,"1000"
"Kumar","Refined Louvain","DIFS","estimated","original",1,NA,NA,1.6094379124341,3,3,3,3,697,453,NA,NA,NA,NA,453,616,"1:1",0.975764779664105,0.991869918699187,0.968337218337218,0.983914754264005,55.695,1000,NA,"1000"
"Kumar","Refined Louvain","DIFS","true","original",1,NA,NA,1.6094379124341,3,3,3,3,697,453,3,TRUE,246,0,453,616,"1:1",0.975764779664105,0.991869918699187,0.968337218337218,0.983914754264005,55.271,1500,NA,"1500"
"Kumar","Refined Louvain","DIFS","estimated","original",1,NA,NA,1.6094379124341,3,3,3,3,697,453,NA,NA,NA,NA,453,616,"1:1",0.975764779664105,0.991869918699187,0.968337218337218,0.983914754264005,54.165,1500,NA,"1500"
"Kumar","Refined Louvain","DIFS","true","original",1,NA,NA,1.6094379124341,3,3,3,3,697,453,3,TRUE,246,0,453,616,"1:1",0.975764779664105,0.991869918699187,0.968337218337218,0.983914754264005,63.715,2500,NA,"2500"
"Kumar","Refined Louvain","DIFS","estimated","original",1,NA,NA,1.6094379124341,3,3,3,3,697,453,NA,NA,NA,NA,453,616,"1:1",0.975764779664105,0.991869918699187,0.968337218337218,0.983914754264005,55.985,2500,NA,"2500"
"Kumar","SC3","DIFS","true","original",1,NA,NA,1.6094379124341,3,3,3,3,453,453,3,TRUE,246,0,453,616,"1:1",1,1,1,1,86.455,0,NA,"gate_n"
"Kumar","SC3","DIFS","estimated","original",1,NA,NA,1.6094379124341,3,3,3,3,453,453,NA,NA,NA,NA,453,616,"1:1",1,1,1,1,87.44,0,NA,"gate_n"
"Kumar","SC3","DIFS","true","original",1,NA,NA,1.6094379124341,3,3,3,3,100,453,3,TRUE,246,0,453,616,"1:1",1,1,1,1,85.448,100,NA,"100"
"Kumar","SC3","DIFS","estimated","original",1,NA,NA,1.6094379124341,3,3,3,3,100,453,NA,NA,NA,NA,453,616,"1:1",1,1,1,1,92.251,100,NA,"100"
"Kumar","SC3","DIFS","true","original",1,NA,NA,1.6094379124341,3,3,3,3,200,453,3,TRUE,246,0,453,616,"3:2",1,1,1,1,85.913,200,NA,"200"
"Kumar","SC3","DIFS","estimated","original",1,NA,NA,1.6094379124341,3,3,3,3,200,453,NA,NA,NA,NA,453,616,"3:2",1,1,1,1,88.286,200,NA,"200"
"Kumar","SC3","DIFS","true","original",1,NA,NA,1.6094379124341,3,3,3,3,300,453,3,TRUE,246,0,453,616,"3:2",1,1,1,1,87.152,300,NA,"300"
"Kumar","SC3","DIFS","estimated","original",1,NA,NA,1.6094379124341,3,3,3,3,300,453,NA,NA,NA,NA,453,616,"3:2",1,1,1,1,86.651,300,NA,"300"
"Kumar","SC3","DIFS","true","original",1,NA,NA,1.6094379124341,3,3,3,3,500,453,3,TRUE,246,0,453,616,"3:1",1,1,1,1,84.805,500,NA,"500"
"Kumar","SC3","DIFS","estimated","original",1,NA,NA,1.6094379124341,3,3,3,3,500,453,NA,NA,NA,NA,453,616,"3:1",1,1,1,1,88.513,500,NA,"500"
"Kumar","SC3","DIFS","true","original",1,NA,NA,1.6094379124341,3,3,3,3,697,453,3,TRUE,246,0,453,616,"1:1",1,1,1,1,103.431,750,NA,"750"
"Kumar","SC3","DIFS","estimated","original",1,NA,NA,1.6094379124341,3,3,3,3,697,453,NA,NA,NA,NA,453,616,"1:1",1,1,1,1,88.487,750,NA,"750"
"Kumar","SC3","DIFS","true","original",1,NA,NA,1.6094379124341,3,3,3,3,697,453,3,TRUE,246,0,453,616,"1:1",1,1,1,1,86.007,1000,NA,"1000"
"Kumar","SC3","DIFS","estimated","original",1,NA,NA,1.6094379124341,3,3,3,3,697,453,NA,NA,NA,NA,453,616,"1:1",1,1,1,1,91.236,1000,NA,"1000"
"Kumar","SC3","DIFS","true","original",1,NA,NA,1.6094379124341,3,3,3,3,697,453,3,TRUE,246,0,453,616,"1:1",1,1,1,1,104.31,1500,NA,"1500"
"Kumar","SC3","DIFS","estimated","original",1,NA,NA,1.6094379124341,3,3,3,3,697,453,NA,NA,NA,NA,453,616,"1:1",1,1,1,1,98.729,1500,NA,"1500"
"Kumar","SC3","DIFS","true","original",1,NA,NA,1.6094379124341,3,3,3,3,697,453,3,TRUE,246,0,453,616,"1:1",1,1,1,1,86.726,2500,NA,"2500"
"Kumar","SC3","DIFS","estimated","original",1,NA,NA,1.6094379124341,3,3,3,3,697,453,NA,NA,NA,NA,453,616,"1:1",1,1,1,1,87.653,2500,NA,"2500"
"Kumar","Refined Louvain","FEAST","true","original",1,NA,NA,1.6094379124341,3,3,3,3,453,453,3,TRUE,246,0,NA,NA,NA,0.975764779664105,0.991869918699187,0.968337218337218,0.983914754264005,12.155,0,NA,"gate_n"
"Kumar","Refined Louvain","FEAST","estimated","original",1,NA,NA,1.6094379124341,3,3,3,3,453,453,NA,NA,NA,NA,NA,NA,NA,0.975764779664105,0.991869918699187,0.968337218337218,0.983914754264005,10.786,0,NA,"gate_n"
"Kumar","Refined Louvain","FEAST","true","original",1,NA,NA,1.6094379124341,3,3,3,3,100,453,3,TRUE,246,0,NA,NA,NA,0.986911481731239,0.995934959349594,0.98276874877619,0.991309674319023,11.476,100,NA,"100"
"Kumar","Refined Louvain","FEAST","estimated","original",1,NA,NA,1.6094379124341,3,3,3,3,100,453,NA,NA,NA,NA,NA,NA,NA,0.986911481731239,0.995934959349594,0.98276874877619,0.991309674319023,11.481,100,NA,"100"
"Kumar","Refined Louvain","FEAST","true","original",1,NA,NA,1.6094379124341,3,3,3,3,200,453,3,TRUE,246,0,NA,NA,NA,0.986911481731239,0.995934959349594,0.98276874877619,0.991309674319023,15.086,200,NA,"200"
"Kumar","Refined Louvain","FEAST","estimated","original",1,NA,NA,1.6094379124341,3,3,3,3,200,453,NA,NA,NA,NA,NA,NA,NA,0.986911481731239,0.995934959349594,0.98276874877619,0.991309674319023,19.319,200,NA,"200"
"Kumar","Refined Louvain","FEAST","true","original",1,NA,NA,1.6094379124341,3,3,3,3,300,453,3,TRUE,246,0,NA,NA,NA,0.986911481731239,0.995934959349594,0.98276874877619,0.991309674319023,11.523,300,NA,"300"
"Kumar","Refined Louvain","FEAST","estimated","original",1,NA,NA,1.6094379124341,3,3,3,3,300,453,NA,NA,NA,NA,NA,NA,NA,0.986911481731239,0.995934959349594,0.98276874877619,0.991309674319023,12.407,300,NA,"300"
"Kumar","Refined Louvain","FEAST","true","original",1,NA,NA,1.6094379124341,3,3,3,3,500,453,3,TRUE,246,0,NA,NA,NA,0.986911481731239,0.995934959349594,0.98276874877619,0.991309674319023,11.718,500,NA,"500"
"Kumar","Refined Louvain","FEAST","estimated","original",1,NA,NA,1.6094379124341,3,3,3,3,500,453,NA,NA,NA,NA,NA,NA,NA,0.986911481731239,0.995934959349594,0.98276874877619,0.991309674319023,11.579,500,NA,"500"
"Kumar","Refined Louvain","FEAST","true","original",1,NA,NA,1.6094379124341,3,3,3,3,750,453,3,TRUE,246,0,NA,NA,NA,0.975764779664105,0.991869918699187,0.968337218337218,0.983914754264005,11.235,750,NA,"750"
"Kumar","Refined Louvain","FEAST","estimated","original",1,NA,NA,1.6094379124341,3,3,3,3,750,453,NA,NA,NA,NA,NA,NA,NA,0.975764779664105,0.991869918699187,0.968337218337218,0.983914754264005,11.027,750,NA,"750"
"Kumar","Refined Louvain","FEAST","true","original",1,NA,NA,1.6094379124341,3,3,3,3,1000,453,3,TRUE,246,0,NA,NA,NA,0.986911481731239,0.995934959349594,0.98276874877619,0.991309674319023,22.646,1000,NA,"1000"
"Kumar","Refined Louvain","FEAST","estimated","original",1,NA,NA,1.6094379124341,3,3,3,3,1000,453,NA,NA,NA,NA,NA,NA,NA,0.986911481731239,0.995934959349594,0.98276874877619,0.991309674319023,10.926,1000,NA,"1000"
"Kumar","Refined Louvain","FEAST","true","original",1,NA,NA,1.6094379124341,3,3,3,3,1500,453,3,TRUE,246,0,NA,NA,NA,0.988771468816226,0.995934959349594,0.985200431245712,0.992545322773649,16.183,1500,NA,"1500"
"Kumar","Refined Louvain","FEAST","estimated","original",1,NA,NA,1.6094379124341,3,3,3,3,1500,453,NA,NA,NA,NA,NA,NA,NA,0.988771468816226,0.995934959349594,0.985200431245712,0.992545322773649,11.305,1500,NA,"1500"
"Kumar","Refined Louvain","FEAST","true","original",1,NA,NA,1.6094379124341,3,3,3,3,2500,453,3,TRUE,246,0,NA,NA,NA,1,1,1,1,15.316,2500,NA,"2500"
"Kumar","Refined Louvain","FEAST","estimated","original",1,NA,NA,1.6094379124341,3,3,3,3,2500,453,NA,NA,NA,NA,NA,NA,NA,1,1,1,1,12.339,2500,NA,"2500"
"Kumar","SC3","FEAST","true","original",1,NA,NA,1.6094379124341,3,3,3,3,453,453,3,TRUE,246,0,NA,NA,NA,1,1,1,1,42.822,0,NA,"gate_n"
"Kumar","SC3","FEAST","estimated","original",1,NA,NA,1.6094379124341,3,3,3,3,453,453,NA,NA,NA,NA,NA,NA,NA,1,1,1,1,62.764,0,NA,"gate_n"
"Kumar","SC3","FEAST","true","original",1,NA,NA,1.6094379124341,3,3,3,3,100,453,3,TRUE,246,0,NA,NA,NA,0.973980591663917,0.991869918699187,0.96604578967792,0.982730503807519,43.725,100,NA,"100"
"Kumar","SC3","FEAST","estimated","original",1,NA,NA,1.6094379124341,3,3,3,3,100,453,NA,NA,NA,NA,NA,NA,NA,0.973980591663917,0.991869918699187,0.96604578967792,0.982730503807519,43.788,100,NA,"100"
"Kumar","SC3","FEAST","true","original",1,NA,NA,1.6094379124341,3,3,3,3,200,453,3,TRUE,246,0,NA,NA,NA,1,1,1,1,42.467,200,NA,"200"
"Kumar","SC3","FEAST","estimated","original",1,NA,NA,1.6094379124341,3,3,3,3,200,453,NA,NA,NA,NA,NA,NA,NA,1,1,1,1,47.885,200,NA,"200"
"Kumar","SC3","FEAST","true","original",1,NA,NA,1.6094379124341,3,3,3,3,300,453,3,TRUE,246,0,NA,NA,NA,1,1,1,1,42.775,300,NA,"300"
"Kumar","SC3","FEAST","estimated","original",1,NA,NA,1.6094379124341,3,3,3,3,300,453,NA,NA,NA,NA,NA,NA,NA,1,1,1,1,43.883,300,NA,"300"
"Kumar","SC3","FEAST","true","original",1,NA,NA,1.6094379124341,3,3,3,3,500,453,3,TRUE,246,0,NA,NA,NA,1,1,1,1,42.528,500,NA,"500"
"Kumar","SC3","FEAST","estimated","original",1,NA,NA,1.6094379124341,3,3,3,3,500,453,NA,NA,NA,NA,NA,NA,NA,1,1,1,1,43.881,500,NA,"500"
"Kumar","SC3","FEAST","true","original",1,NA,NA,1.6094379124341,3,3,3,3,750,453,3,TRUE,246,0,NA,NA,NA,1,1,1,1,43.046,750,NA,"750"
"Kumar","SC3","FEAST","estimated","original",1,NA,NA,1.6094379124341,3,3,3,3,750,453,NA,NA,NA,NA,NA,NA,NA,1,1,1,1,51.105,750,NA,"750"
"Kumar","SC3","FEAST","true","original",1,NA,NA,1.6094379124341,3,3,3,3,1000,453,3,TRUE,246,0,NA,NA,NA,1,1,1,1,45.174,1000,NA,"1000"
"Kumar","SC3","FEAST","estimated","original",1,NA,NA,1.6094379124341,3,3,3,3,1000,453,NA,NA,NA,NA,NA,NA,NA,1,1,1,1,43.582,1000,NA,"1000"
"Kumar","SC3","FEAST","true","original",1,NA,NA,1.6094379124341,3,3,3,3,1500,453,3,TRUE,246,0,NA,NA,NA,1,1,1,1,43.215,1500,NA,"1500"
"Kumar","SC3","FEAST","estimated","original",1,NA,NA,1.6094379124341,3,3,3,3,1500,453,NA,NA,NA,NA,NA,NA,NA,1,1,1,1,44.785,1500,NA,"1500"
"Kumar","SC3","FEAST","true","original",1,NA,NA,1.6094379124341,3,3,3,3,2500,453,3,TRUE,246,0,NA,NA,NA,1,1,1,1,43.432,2500,NA,"2500"
"Kumar","SC3","FEAST","estimated","original",1,NA,NA,1.6094379124341,3,3,3,3,2500,453,NA,NA,NA,NA,NA,NA,NA,1,1,1,1,44.019,2500,NA,"2500"
"Kumar","Refined Louvain","GateOnly","true","original",1,NA,NA,1.6094379124341,3,3,3,3,453,453,3,TRUE,246,0,NA,NA,NA,0.975764779664105,0.991869918699187,0.968337218337218,0.983914754264005,10.79,0,NA,"gate_n"
"Kumar","Refined Louvain","GateOnly","estimated","original",1,NA,NA,1.6094379124341,3,3,3,3,453,453,NA,NA,NA,NA,NA,NA,NA,0.975764779664105,0.991869918699187,0.968337218337218,0.983914754264005,12.143,0,NA,"gate_n"
"Kumar","Refined Louvain","GateOnly","true","original",1,NA,NA,1.6094379124341,3,3,3,3,100,453,3,TRUE,246,0,NA,NA,NA,0.988771468816226,0.995934959349594,0.985200431245712,0.992545322773649,11.76,100,NA,"100"
"Kumar","Refined Louvain","GateOnly","estimated","original",1,NA,NA,1.6094379124341,3,3,3,3,100,453,NA,NA,NA,NA,NA,NA,NA,0.988771468816226,0.995934959349594,0.985200431245712,0.992545322773649,9.4,100,NA,"100"
"Kumar","Refined Louvain","GateOnly","true","original",1,NA,NA,1.6094379124341,3,3,3,3,200,453,3,TRUE,246,0,NA,NA,NA,0.988771468816226,0.995934959349594,0.985200431245712,0.992545322773649,11.762,200,NA,"200"
"Kumar","Refined Louvain","GateOnly","estimated","original",1,NA,NA,1.6094379124341,3,3,3,3,200,453,NA,NA,NA,NA,NA,NA,NA,0.988771468816226,0.995934959349594,0.985200431245712,0.992545322773649,9.457,200,NA,"200"
"Kumar","Refined Louvain","GateOnly","true","original",1,NA,NA,1.6094379124341,3,3,3,3,300,453,3,TRUE,246,0,NA,NA,NA,0.975764779664105,0.991869918699187,0.968337218337218,0.983914754264005,9.697,300,NA,"300"
"Kumar","Refined Louvain","GateOnly","estimated","original",1,NA,NA,1.6094379124341,3,3,3,3,300,453,NA,NA,NA,NA,NA,NA,NA,0.975764779664105,0.991869918699187,0.968337218337218,0.983914754264005,8.912,300,NA,"300"
"Kumar","Refined Louvain","GateOnly","true","original",1,NA,NA,1.6094379124341,3,3,3,3,453,453,3,TRUE,246,0,NA,NA,NA,0.975764779664105,0.991869918699187,0.968337218337218,0.983914754264005,10.052,500,NA,"500"
"Kumar","Refined Louvain","GateOnly","estimated","original",1,NA,NA,1.6094379124341,3,3,3,3,453,453,NA,NA,NA,NA,NA,NA,NA,0.975764779664105,0.991869918699187,0.968337218337218,0.983914754264005,9.667,500,NA,"500"
"Kumar","Refined Louvain","GateOnly","true","original",1,NA,NA,1.6094379124341,3,3,3,3,453,453,3,TRUE,246,0,NA,NA,NA,0.975764779664105,0.991869918699187,0.968337218337218,0.983914754264005,10.582,750,NA,"750"
"Kumar","Refined Louvain","GateOnly","estimated","original",1,NA,NA,1.6094379124341,3,3,3,3,453,453,NA,NA,NA,NA,NA,NA,NA,0.975764779664105,0.991869918699187,0.968337218337218,0.983914754264005,9.657,750,NA,"750"
"Kumar","Refined Louvain","GateOnly","true","original",1,NA,NA,1.6094379124341,3,3,3,3,453,453,3,TRUE,246,0,NA,NA,NA,0.975764779664105,0.991869918699187,0.968337218337218,0.983914754264005,9.418,1000,NA,"1000"
"Kumar","Refined Louvain","GateOnly","estimated","original",1,NA,NA,1.6094379124341,3,3,3,3,453,453,NA,NA,NA,NA,NA,NA,NA,0.975764779664105,0.991869918699187,0.968337218337218,0.983914754264005,9.065,1000,NA,"1000"
"Kumar","Refined Louvain","GateOnly","true","original",1,NA,NA,1.6094379124341,3,3,3,3,453,453,3,TRUE,246,0,NA,NA,NA,0.975764779664105,0.991869918699187,0.968337218337218,0.983914754264005,9.554,1500,NA,"1500"
"Kumar","Refined Louvain","GateOnly","estimated","original",1,NA,NA,1.6094379124341,3,3,3,3,453,453,NA,NA,NA,NA,NA,NA,NA,0.975764779664105,0.991869918699187,0.968337218337218,0.983914754264005,11.981,1500,NA,"1500"
"Kumar","Refined Louvain","GateOnly","true","original",1,NA,NA,1.6094379124341,3,3,3,3,453,453,3,TRUE,246,0,NA,NA,NA,0.975764779664105,0.991869918699187,0.968337218337218,0.983914754264005,9.574,2500,NA,"2500"
"Kumar","Refined Louvain","GateOnly","estimated","original",1,NA,NA,1.6094379124341,3,3,3,3,453,453,NA,NA,NA,NA,NA,NA,NA,0.975764779664105,0.991869918699187,0.968337218337218,0.983914754264005,9.443,2500,NA,"2500"
"Kumar","SC3","GateOnly","true","original",1,NA,NA,1.6094379124341,3,3,3,3,453,453,3,TRUE,246,0,NA,NA,NA,1,1,1,1,41.261,0,NA,"gate_n"
"Kumar","SC3","GateOnly","estimated","original",1,NA,NA,1.6094379124341,3,3,3,3,453,453,NA,NA,NA,NA,NA,NA,NA,1,1,1,1,54.889,0,NA,"gate_n"
"Kumar","SC3","GateOnly","true","original",1,NA,NA,1.6094379124341,3,3,3,3,100,453,3,TRUE,246,0,NA,NA,NA,1,1,1,1,41.613,100,NA,"100"
"Kumar","SC3","GateOnly","estimated","original",1,NA,NA,1.6094379124341,3,3,3,3,100,453,NA,NA,NA,NA,NA,NA,NA,1,1,1,1,42.465,100,NA,"100"
"Kumar","SC3","GateOnly","true","original",1,NA,NA,1.6094379124341,3,3,3,3,200,453,3,TRUE,246,0,NA,NA,NA,1,1,1,1,44.073,200,NA,"200"
"Kumar","SC3","GateOnly","estimated","original",1,NA,NA,1.6094379124341,3,3,3,3,200,453,NA,NA,NA,NA,NA,NA,NA,1,1,1,1,58.73,200,NA,"200"
"Kumar","SC3","GateOnly","true","original",1,NA,NA,1.6094379124341,3,3,3,3,300,453,3,TRUE,246,0,NA,NA,NA,1,1,1,1,68.136,300,NA,"300"
"Kumar","SC3","GateOnly","estimated","original",1,NA,NA,1.6094379124341,3,3,3,3,300,453,NA,NA,NA,NA,NA,NA,NA,1,1,1,1,42.915,300,NA,"300"
"Kumar","SC3","GateOnly","true","original",1,NA,NA,1.6094379124341,3,3,3,3,453,453,3,TRUE,246,0,NA,NA,NA,1,1,1,1,41.039,500,NA,"500"
"Kumar","SC3","GateOnly","estimated","original",1,NA,NA,1.6094379124341,3,3,3,3,453,453,NA,NA,NA,NA,NA,NA,NA,1,1,1,1,42.212,500,NA,"500"
"Kumar","SC3","GateOnly","true","original",1,NA,NA,1.6094379124341,3,3,3,3,453,453,3,TRUE,246,0,NA,NA,NA,1,1,1,1,50.165,750,NA,"750"
"Kumar","SC3","GateOnly","estimated","original",1,NA,NA,1.6094379124341,3,3,3,3,453,453,NA,NA,NA,NA,NA,NA,NA,1,1,1,1,43.158,750,NA,"750"
"Kumar","SC3","GateOnly","true","original",1,NA,NA,1.6094379124341,3,3,3,3,453,453,3,TRUE,246,0,NA,NA,NA,1,1,1,1,41.128,1000,NA,"1000"
"Kumar","SC3","GateOnly","estimated","original",1,NA,NA,1.6094379124341,3,3,3,3,453,453,NA,NA,NA,NA,NA,NA,NA,1,1,1,1,42.959,1000,NA,"1000"
"Kumar","SC3","GateOnly","true","original",1,NA,NA,1.6094379124341,3,3,3,3,453,453,3,TRUE,246,0,NA,NA,NA,1,1,1,1,41.771,1500,NA,"1500"
"Kumar","SC3","GateOnly","estimated","original",1,NA,NA,1.6094379124341,3,3,3,3,453,453,NA,NA,NA,NA,NA,NA,NA,1,1,1,1,42.467,1500,NA,"1500"
"Kumar","SC3","GateOnly","true","original",1,NA,NA,1.6094379124341,3,3,3,3,453,453,3,TRUE,246,0,NA,NA,NA,1,1,1,1,43.534,2500,NA,"2500"
"Kumar","SC3","GateOnly","estimated","original",1,NA,NA,1.6094379124341,3,3,3,3,453,453,NA,NA,NA,NA,NA,NA,NA,1,1,1,1,41.683,2500,NA,"2500"
"Kumar","Refined Louvain","Seurat","true","original",1,NA,NA,1.6094379124341,3,3,3,3,453,453,3,TRUE,246,0,NA,NA,NA,0.950225438730545,0.983739837398374,0.93608090059149,0.966988739152467,12.602,0,NA,"gate_n"
"Kumar","Refined Louvain","Seurat","estimated","original",1,NA,NA,1.6094379124341,3,3,3,3,453,453,NA,NA,NA,NA,NA,NA,NA,0.950225438730545,0.983739837398374,0.93608090059149,0.966988739152467,12.767,0,NA,"gate_n"
"Kumar","Refined Louvain","Seurat","true","original",1,NA,NA,1.6094379124341,3,3,3,3,100,453,3,TRUE,246,0,NA,NA,NA,0.949211345705182,0.983739837398374,0.934759766930939,0.966280195847884,11.952,100,NA,"100"
"Kumar","Refined Louvain","Seurat","estimated","original",1,NA,NA,1.6094379124341,3,3,3,3,100,453,NA,NA,NA,NA,NA,NA,NA,0.949211345705182,0.983739837398374,0.934759766930939,0.966280195847884,10.488,100,NA,"100"
"Kumar","Refined Louvain","Seurat","true","original",1,NA,NA,1.6094379124341,3,3,3,3,200,453,3,TRUE,246,0,NA,NA,NA,0.950076857950636,0.983739837398374,0.93589621291615,0.966890187507629,11.604,200,NA,"200"
"Kumar","Refined Louvain","Seurat","estimated","original",1,NA,NA,1.6094379124341,3,3,3,3,200,453,NA,NA,NA,NA,NA,NA,NA,0.950076857950636,0.983739837398374,0.93589621291615,0.966890187507629,10.472,200,NA,"200"
"Kumar","Refined Louvain","Seurat","true","original",1,NA,NA,1.6094379124341,3,3,3,3,300,453,3,TRUE,246,0,NA,NA,NA,0.961814739563433,0.98780487804878,0.950595924644368,0.974675767449847,14.206,300,NA,"300"
"Kumar","Refined Louvain","Seurat","estimated","original",1,NA,NA,1.6094379124341,3,3,3,3,300,453,NA,NA,NA,NA,NA,NA,NA,0.961814739563433,0.98780487804878,0.950595924644368,0.974675767449847,10.312,300,NA,"300"
"Kumar","Refined Louvain","Seurat","true","original",1,NA,NA,1.6094379124341,3,3,3,3,500,453,3,TRUE,246,0,NA,NA,NA,0.950225438730545,0.983739837398374,0.93608090059149,0.966988739152467,15.399,500,NA,"500"
"Kumar","Refined Louvain","Seurat","estimated","original",1,NA,NA,1.6094379124341,3,3,3,3,500,453,NA,NA,NA,NA,NA,NA,NA,0.950225438730545,0.983739837398374,0.93608090059149,0.966988739152467,10.761,500,NA,"500"
"Kumar","Refined Louvain","Seurat","true","original",1,NA,NA,1.6094379124341,3,3,3,3,750,453,3,TRUE,246,0,NA,NA,NA,0.963746289702248,0.98780487804878,0.953036281397363,0.975956938832744,14.358,750,NA,"750"
"Kumar","Refined Louvain","Seurat","estimated","original",1,NA,NA,1.6094379124341,3,3,3,3,750,453,NA,NA,NA,NA,NA,NA,NA,0.963746289702248,0.98780487804878,0.953036281397363,0.975956938832744,10.455,750,NA,"750"
"Kumar","Refined Louvain","Seurat","true","original",1,NA,NA,1.6094379124341,3,3,3,3,1000,453,3,TRUE,246,0,NA,NA,NA,0.975764779664105,0.991869918699187,0.968337218337218,0.983914754264005,12.318,1000,NA,"1000"
"Kumar","Refined Louvain","Seurat","estimated","original",1,NA,NA,1.6094379124341,3,3,3,3,1000,453,NA,NA,NA,NA,NA,NA,NA,0.975764779664105,0.991869918699187,0.968337218337218,0.983914754264005,14.854,1000,NA,"1000"
"Kumar","Refined Louvain","Seurat","true","original",1,NA,NA,1.6094379124341,3,3,3,3,1500,453,3,TRUE,246,0,NA,NA,NA,0.975764779664105,0.991869918699187,0.968337218337218,0.983914754264005,13.274,1500,NA,"1500"
"Kumar","Refined Louvain","Seurat","estimated","original",1,NA,NA,1.6094379124341,3,3,3,3,1500,453,NA,NA,NA,NA,NA,NA,NA,0.975764779664105,0.991869918699187,0.968337218337218,0.983914754264005,15.973,1500,NA,"1500"
"Kumar","Refined Louvain","Seurat","true","original",1,NA,NA,1.6094379124341,3,3,3,3,2500,453,3,TRUE,246,0,NA,NA,NA,0.988771468816226,0.995934959349594,0.985200431245712,0.992545322773649,22.153,2500,NA,"2500"
"Kumar","Refined Louvain","Seurat","estimated","original",1,NA,NA,1.6094379124341,3,3,3,3,2500,453,NA,NA,NA,NA,NA,NA,NA,0.988771468816226,0.995934959349594,0.985200431245712,0.992545322773649,11.812,2500,NA,"2500"
"Kumar","SC3","Seurat","true","original",1,NA,NA,1.6094379124341,3,3,3,3,453,453,3,TRUE,246,0,NA,NA,NA,1,1,1,1,46.052,0,NA,"gate_n"
"Kumar","SC3","Seurat","estimated","original",1,NA,NA,1.6094379124341,3,3,3,3,453,453,NA,NA,NA,NA,NA,NA,NA,1,1,1,1,44.215,0,NA,"gate_n"
"Kumar","SC3","Seurat","true","original",1,NA,NA,1.6094379124341,3,3,3,3,100,453,3,TRUE,246,0,NA,NA,NA,0.974806339315736,0.991869918699187,0.967116112135028,0.983285017754355,45.199,100,NA,"100"
"Kumar","SC3","Seurat","estimated","original",1,NA,NA,1.6094379124341,3,3,3,3,100,453,NA,NA,NA,NA,NA,NA,NA,0.974806339315736,0.991869918699187,0.967116112135028,0.983285017754355,91.245,100,NA,"100"
"Kumar","SC3","Seurat","true","original",1,NA,NA,1.6094379124341,3,3,3,3,200,453,3,TRUE,246,0,NA,NA,NA,1,1,1,1,44.994,200,NA,"200"
"Kumar","SC3","Seurat","estimated","original",1,NA,NA,1.6094379124341,3,3,3,3,200,453,NA,NA,NA,NA,NA,NA,NA,1,1,1,1,52.08,200,NA,"200"
"Kumar","SC3","Seurat","true","original",1,NA,NA,1.6094379124341,3,3,3,3,300,453,3,TRUE,246,0,NA,NA,NA,1,1,1,1,43.695,300,NA,"300"
"Kumar","SC3","Seurat","estimated","original",1,NA,NA,1.6094379124341,3,3,3,3,300,453,NA,NA,NA,NA,NA,NA,NA,1,1,1,1,44.372,300,NA,"300"
"Kumar","SC3","Seurat","true","original",1,NA,NA,1.6094379124341,3,3,3,3,500,453,3,TRUE,246,0,NA,NA,NA,1,1,1,1,43.428,500,NA,"500"
"Kumar","SC3","Seurat","estimated","original",1,NA,NA,1.6094379124341,3,3,3,3,500,453,NA,NA,NA,NA,NA,NA,NA,1,1,1,1,46.494,500,NA,"500"
"Kumar","SC3","Seurat","true","original",1,NA,NA,1.6094379124341,3,3,3,3,750,453,3,TRUE,246,0,NA,NA,NA,1,1,1,1,43.174,750,NA,"750"
"Kumar","SC3","Seurat","estimated","original",1,NA,NA,1.6094379124341,3,3,3,3,750,453,NA,NA,NA,NA,NA,NA,NA,1,1,1,1,43.388,750,NA,"750"
"Kumar","SC3","Seurat","true","original",1,NA,NA,1.6094379124341,3,3,3,3,1000,453,3,TRUE,246,0,NA,NA,NA,1,1,1,1,45.04,1000,NA,"1000"
"Kumar","SC3","Seurat","estimated","original",1,NA,NA,1.6094379124341,3,3,3,3,1000,453,NA,NA,NA,NA,NA,NA,NA,1,1,1,1,42.278,1000,NA,"1000"
"Kumar","SC3","Seurat","true","original",1,NA,NA,1.6094379124341,3,3,3,3,1500,453,3,TRUE,246,0,NA,NA,NA,1,1,1,1,43.844,1500,NA,"1500"
"Kumar","SC3","Seurat","estimated","original",1,NA,NA,1.6094379124341,3,3,3,3,1500,453,NA,NA,NA,NA,NA,NA,NA,1,1,1,1,54.087,1500,NA,"1500"
"Kumar","SC3","Seurat","true","original",1,NA,NA,1.6094379124341,3,3,3,3,2500,453,3,TRUE,246,0,NA,NA,NA,1,1,1,1,43.86,2500,NA,"2500"
"Kumar","SC3","Seurat","estimated","original",1,NA,NA,1.6094379124341,3,3,3,3,2500,453,NA,NA,NA,NA,NA,NA,NA,1,1,1,1,44.977,2500,NA,"2500"
"Kumar","Refined Louvain","Variance","true","original",1,NA,NA,1.6094379124341,3,3,3,3,453,453,3,TRUE,246,0,NA,NA,NA,0.976814611412101,0.991869918699187,0.969699912595902,0.984619012819794,9.709,0,NA,"gate_n"
"Kumar","Refined Louvain","Variance","estimated","original",1,NA,NA,1.6094379124341,3,3,3,3,453,453,NA,NA,NA,NA,NA,NA,NA,0.976814611412101,0.991869918699187,0.969699912595902,0.984619012819794,23.252,0,NA,"gate_n"
"Kumar","Refined Louvain","Variance","true","original",1,NA,NA,1.6094379124341,3,3,3,3,100,453,3,TRUE,246,0,NA,NA,NA,0.977700915968083,0.991869918699187,0.970834143496014,0.985202490271975,11.876,100,NA,"100"
"Kumar","Refined Louvain","Variance","estimated","original",1,NA,NA,1.6094379124341,3,3,3,3,100,453,NA,NA,NA,NA,NA,NA,NA,0.977700915968083,0.991869918699187,0.970834143496014,0.985202490271975,11.879,100,NA,"100"
"Kumar","Refined Louvain","Variance","true","original",1,NA,NA,1.6094379124341,3,3,3,3,200,453,3,TRUE,246,0,NA,NA,NA,0.977700915968083,0.991869918699187,0.970834143496014,0.985202490271975,11.813,200,NA,"200"
"Kumar","Refined Louvain","Variance","estimated","original",1,NA,NA,1.6094379124341,3,3,3,3,200,453,NA,NA,NA,NA,NA,NA,NA,0.977700915968083,0.991869918699187,0.970834143496014,0.985202490271975,11.914,200,NA,"200"
"Kumar","Refined Louvain","Variance","true","original",1,NA,NA,1.6094379124341,3,3,3,3,300,453,3,TRUE,246,0,NA,NA,NA,0.976814611412101,0.991869918699187,0.969699912595902,0.984619012819794,10.851,300,NA,"300"
"Kumar","Refined Louvain","Variance","estimated","original",1,NA,NA,1.6094379124341,3,3,3,3,300,453,NA,NA,NA,NA,NA,NA,NA,0.976814611412101,0.991869918699187,0.969699912595902,0.984619012819794,10.31,300,NA,"300"
"Kumar","Refined Louvain","Variance","true","original",1,NA,NA,1.6094379124341,3,3,3,3,500,453,3,TRUE,246,0,NA,NA,NA,0.976814611412101,0.991869918699187,0.969699912595902,0.984619012819794,12.465,500,NA,"500"
"Kumar","Refined Louvain","Variance","estimated","original",1,NA,NA,1.6094379124341,3,3,3,3,500,453,NA,NA,NA,NA,NA,NA,NA,0.976814611412101,0.991869918699187,0.969699912595902,0.984619012819794,9.823,500,NA,"500"
"Kumar","Refined Louvain","Variance","true","original",1,NA,NA,1.6094379124341,3,3,3,3,750,453,3,TRUE,246,0,NA,NA,NA,0.976814611412101,0.991869918699187,0.969699912595902,0.984619012819794,10.218,750,NA,"750"
"Kumar","Refined Louvain","Variance","estimated","original",1,NA,NA,1.6094379124341,3,3,3,3,750,453,NA,NA,NA,NA,NA,NA,NA,0.976814611412101,0.991869918699187,0.969699912595902,0.984619012819794,9.645,750,NA,"750"
"Kumar","Refined Louvain","Variance","true","original",1,NA,NA,1.6094379124341,3,3,3,3,1000,453,3,TRUE,246,0,NA,NA,NA,0.988771468816226,0.995934959349594,0.985200431245712,0.992545322773649,12.698,1000,NA,"1000"
"Kumar","Refined Louvain","Variance","estimated","original",1,NA,NA,1.6094379124341,3,3,3,3,1000,453,NA,NA,NA,NA,NA,NA,NA,0.988771468816226,0.995934959349594,0.985200431245712,0.992545322773649,12.222,1000,NA,"1000"
"Kumar","Refined Louvain","Variance","true","original",1,NA,NA,1.6094379124341,3,3,3,3,1500,453,3,TRUE,246,0,NA,NA,NA,1,1,1,1,10.538,1500,NA,"1500"
"Kumar","Refined Louvain","Variance","estimated","original",1,NA,NA,1.6094379124341,3,3,3,3,1500,453,NA,NA,NA,NA,NA,NA,NA,1,1,1,1,10.313,1500,NA,"1500"
"Kumar","Refined Louvain","Variance","true","original",1,NA,NA,1.6094379124341,3,3,3,3,2500,453,3,TRUE,246,0,NA,NA,NA,1,1,1,1,9.964,2500,NA,"2500"
"Kumar","Refined Louvain","Variance","estimated","original",1,NA,NA,1.6094379124341,3,3,3,3,2500,453,NA,NA,NA,NA,NA,NA,NA,1,1,1,1,16.823,2500,NA,"2500"
"Kumar","SC3","Variance","true","original",1,NA,NA,1.6094379124341,3,3,3,3,453,453,3,TRUE,246,0,NA,NA,NA,1,1,1,1,46.26,0,NA,"gate_n"
"Kumar","SC3","Variance","estimated","original",1,NA,NA,1.6094379124341,3,3,3,3,453,453,NA,NA,NA,NA,NA,NA,NA,1,1,1,1,43.563,0,NA,"gate_n"
"Kumar","SC3","Variance","true","original",1,NA,NA,1.6094379124341,3,3,3,3,100,453,3,TRUE,246,0,NA,NA,NA,1,1,1,1,41.75,100,NA,"100"
"Kumar","SC3","Variance","estimated","original",1,NA,NA,1.6094379124341,3,3,3,3,100,453,NA,NA,NA,NA,NA,NA,NA,1,1,1,1,42.73,100,NA,"100"
"Kumar","SC3","Variance","true","original",1,NA,NA,1.6094379124341,3,3,3,3,200,453,3,TRUE,246,0,NA,NA,NA,1,1,1,1,67.015,200,NA,"200"
"Kumar","SC3","Variance","estimated","original",1,NA,NA,1.6094379124341,3,3,3,3,200,453,NA,NA,NA,NA,NA,NA,NA,1,1,1,1,42.497,200,NA,"200"
"Kumar","SC3","Variance","true","original",1,NA,NA,1.6094379124341,3,3,3,3,300,453,3,TRUE,246,0,NA,NA,NA,1,1,1,1,42.315,300,NA,"300"
"Kumar","SC3","Variance","estimated","original",1,NA,NA,1.6094379124341,3,3,3,3,300,453,NA,NA,NA,NA,NA,NA,NA,1,1,1,1,43.331,300,NA,"300"
"Kumar","SC3","Variance","true","original",1,NA,NA,1.6094379124341,3,3,3,3,500,453,3,TRUE,246,0,NA,NA,NA,1,1,1,1,42.285,500,NA,"500"
"Kumar","SC3","Variance","estimated","original",1,NA,NA,1.6094379124341,3,3,3,3,500,453,NA,NA,NA,NA,NA,NA,NA,1,1,1,1,42.891,500,NA,"500"
"Kumar","SC3","Variance","true","original",1,NA,NA,1.6094379124341,3,3,3,3,750,453,3,TRUE,246,0,NA,NA,NA,1,1,1,1,50.874,750,NA,"750"
"Kumar","SC3","Variance","estimated","original",1,NA,NA,1.6094379124341,3,3,3,3,750,453,NA,NA,NA,NA,NA,NA,NA,1,1,1,1,45.305,750,NA,"750"
"Kumar","SC3","Variance","true","original",1,NA,NA,1.6094379124341,3,3,3,3,1000,453,3,TRUE,246,0,NA,NA,NA,1,1,1,1,48.361,1000,NA,"1000"
"Kumar","SC3","Variance","estimated","original",1,NA,NA,1.6094379124341,3,3,3,3,1000,453,NA,NA,NA,NA,NA,NA,NA,1,1,1,1,65.745,1000,NA,"1000"
"Kumar","SC3","Variance","true","original",1,NA,NA,1.6094379124341,3,3,3,3,1500,453,3,TRUE,246,0,NA,NA,NA,1,1,1,1,41.971,1500,NA,"1500"
"Kumar","SC3","Variance","estimated","original",1,NA,NA,1.6094379124341,3,3,3,3,1500,453,NA,NA,NA,NA,NA,NA,NA,1,1,1,1,57.17,1500,NA,"1500"
"Kumar","SC3","Variance","true","original",1,NA,NA,1.6094379124341,3,3,3,3,2500,453,3,TRUE,246,0,NA,NA,NA,1,1,1,1,65.326,2500,NA,"2500"
"Kumar","SC3","Variance","estimated","original",1,NA,NA,1.6094379124341,3,3,3,3,2500,453,NA,NA,NA,NA,NA,NA,NA,1,1,1,1,63.438,2500,NA,"2500"
"Lawlor","Refined Louvain","DIFS","true","original",1,NA,NA,1.6094379124341,8,7,8,8,1652,1652,8,TRUE,638,0,1000,2374,"3:2",0.517149026802024,0.863636363636364,0.450441623988718,0.656338172785461,225.226,0,NA,"gate_n"
"Lawlor","Refined Louvain","DIFS","estimated","original",1,NA,NA,1.6094379124341,8,7,7,7,1652,1652,NA,NA,NA,NA,1000,1771,"3:2",0.474426520377311,0.846394984326019,0.431686541737649,0.619771495210396,297.646,0,NA,"gate_n"
"Lawlor","Refined Louvain","DIFS","true","original",1,NA,NA,1.6094379124341,8,7,8,8,100,1652,8,TRUE,638,0,1000,2374,"3:2",0.548657359988964,0.890282131661442,0.483162777000663,0.679413804595651,225.17,100,NA,"100"
"Lawlor","Refined Louvain","DIFS","estimated","original",1,NA,NA,1.6094379124341,8,7,7,7,100,1652,NA,NA,NA,NA,1000,1771,"1:1",0.694602474171878,0.879310344827586,0.633655643369097,0.786499520682415,221.855,100,NA,"100"
"Lawlor","Refined Louvain","DIFS","true","original",1,NA,NA,1.6094379124341,8,7,8,8,200,1652,8,TRUE,638,0,1000,2374,"2:3",0.746274485509801,0.893416927899687,0.68838729902817,0.823922965811647,223.047,200,NA,"200"
"Lawlor","Refined Louvain","DIFS","estimated","original",1,NA,NA,1.6094379124341,8,7,7,7,200,1652,NA,NA,NA,NA,1000,1771,"1:3",0.903583069280356,0.890282131661442,0.875256536093513,0.933778860189441,219.274,200,NA,"200"
"Lawlor","Refined Louvain","DIFS","true","original",1,NA,NA,1.6094379124341,8,7,8,8,300,1652,8,TRUE,638,0,1000,2374,"1:2",0.689982456891451,0.890282131661442,0.625843621399177,0.784153561772422,242.791,300,NA,"300"
"Lawlor","Refined Louvain","DIFS","estimated","original",1,NA,NA,1.6094379124341,8,7,7,7,300,1652,NA,NA,NA,NA,1000,1771,"1:2",0.916344363507109,0.901253918495298,0.891096350473916,0.942610326462118,220.506,300,NA,"300"
"Lawlor","Refined Louvain","DIFS","true","original",1,NA,NA,1.6094379124341,8,7,8,8,500,1652,8,TRUE,638,0,1000,2374,"1:3",0.702117282185355,0.894984326018809,0.638612970020706,0.792979602743595,227.684,500,NA,"500"
"Lawlor","Refined Louvain","DIFS","estimated","original",1,NA,NA,1.6094379124341,8,7,7,7,500,1652,NA,NA,NA,NA,1000,1771,"1:2",0.911465480324926,0.896551724137931,0.884826544197945,0.939215628876203,219.647,500,NA,"500"
"Lawlor","Refined Louvain","DIFS","true","original",1,NA,NA,1.6094379124341,8,7,8,8,750,1652,8,TRUE,638,0,1000,2374,"3:1",0.513437669954067,0.857366771159875,0.447017460576481,0.653426516217114,229.953,750,NA,"750"
"Lawlor","Refined Louvain","DIFS","estimated","original",1,NA,NA,1.6094379124341,8,7,7,7,750,1652,NA,NA,NA,NA,1000,1771,"1:2",0.881513887347126,0.882445141065831,0.847950436061628,0.918435786721671,244.083,750,NA,"750"
"Lawlor","Refined Louvain","DIFS","true","original",1,NA,NA,1.6094379124341,8,7,8,8,1000,1652,8,TRUE,638,0,1000,2374,"2:1",0.528137302655066,0.866771159874608,0.460504776927885,0.664987647331559,223.441,1000,NA,"1000"
"Lawlor","Refined Louvain","DIFS","estimated","original",1,NA,NA,1.6094379124341,8,7,7,7,1000,1652,NA,NA,NA,NA,1000,1771,"1:3",0.87360548377481,0.879310344827586,0.839474606977967,0.913063873051337,235.03,1000,NA,"1000"
"Lawlor","Refined Louvain","DIFS","true","original",1,NA,NA,1.6094379124341,8,7,8,8,1500,1652,8,TRUE,638,0,1000,2374,"2:1",0.528663270336598,0.874608150470219,0.462319591444009,0.664795157175034,229.419,1500,NA,"1500"
"Lawlor","Refined Louvain","DIFS","estimated","original",1,NA,NA,1.6094379124341,8,7,7,7,1500,1652,NA,NA,NA,NA,1000,1771,"2:3",0.474586501997299,0.847962382445141,0.431744127390966,0.619887721478319,217.514,1500,NA,"1500"
"Lawlor","Refined Louvain","DIFS","true","original",1,NA,NA,1.6094379124341,8,7,8,8,2500,1652,8,TRUE,638,0,1000,2374,"1:1",0.413745438233558,0.844827586206897,0.365005562369855,0.571122198019903,241.547,2500,NA,"2500"
"Lawlor","Refined Louvain","DIFS","estimated","original",1,NA,NA,1.6094379124341,8,7,7,7,2329,1652,NA,NA,NA,NA,1000,1771,"1:1",0.468194624996385,0.832288401253918,0.42920961274523,0.615319598472786,253.314,2500,NA,"2500"
"Lawlor","SC3","DIFS","true","original",1,NA,NA,1.6094379124341,8,7,8,8,1652,1652,8,TRUE,638,0,1000,2374,"3:2",0.945360889704658,0.923197492163009,0.928176383774839,0.962750578707797,356.639,0,NA,"gate_n"
"Lawlor","SC3","DIFS","estimated","original",1,NA,NA,1.6094379124341,8,7,7,7,1652,1652,NA,NA,NA,NA,1000,1771,"3:2",0.940018998970639,0.893416927899687,0.92159124519373,0.959207852085192,373.064,0,NA,"gate_n"
"Lawlor","SC3","DIFS","true","original",1,NA,NA,1.6094379124341,8,7,8,8,100,1652,8,TRUE,638,0,1000,2374,"3:2",0.727374307333847,0.866771159874608,0.671344927283558,0.809597025702023,376.699,100,NA,"100"
"Lawlor","SC3","DIFS","estimated","original",1,NA,NA,1.6094379124341,8,7,7,7,100,1652,NA,NA,NA,NA,1000,1771,"1:1",0.713569494484324,0.85423197492163,0.656863312684537,0.799623408524638,382.929,100,NA,"100"
"Lawlor","SC3","DIFS","true","original",1,NA,NA,1.6094379124341,8,7,8,8,200,1652,8,TRUE,638,0,1000,2374,"2:3",0.904846597015943,0.890282131661442,0.876764548216094,0.934647777487963,377.724,200,NA,"200"
"Lawlor","SC3","DIFS","estimated","original",1,NA,NA,1.6094379124341,8,7,7,7,200,1652,NA,NA,NA,NA,1000,1771,"1:3",0.726911184696441,0.846394984326019,0.671809823477621,0.809175446067048,383.984,200,NA,"200"
"Lawlor","SC3","DIFS","true","original",1,NA,NA,1.6094379124341,8,7,8,8,300,1652,8,TRUE,638,0,1000,2374,"1:2",0.760440573521634,0.920062695924765,0.703796443458182,0.834106505759867,391.302,300,NA,"300"
"Lawlor","SC3","DIFS","estimated","original",1,NA,NA,1.6094379124341,8,7,7,7,300,1652,NA,NA,NA,NA,1000,1771,"1:2",0.929980798631462,0.891849529780564,0.909231917353195,0.952497610185714,359.153,300,NA,"300"
"Lawlor","SC3","DIFS","true","original",1,NA,NA,1.6094379124341,8,7,8,8,500,1652,8,TRUE,638,0,1000,2374,"1:3",0.892166935092281,0.869905956112853,0.861838047405058,0.925974203749581,382.03,500,NA,"500"
"Lawlor","SC3","DIFS","estimated","original",1,NA,NA,1.6094379124341,8,7,7,7,500,1652,NA,NA,NA,NA,1000,1771,"1:2",0.942875333439709,0.907523510971787,0.925547509454983,0.961453420675634,361.936,500,NA,"500"
"Lawlor","SC3","DIFS","true","original",1,NA,NA,1.6094379124341,8,7,8,8,750,1652,8,TRUE,638,0,1000,2374,"3:1",0.931950940437441,0.890282131661442,0.911508981507363,0.953717803917544,358.037,750,NA,"750"
"Lawlor","SC3","DIFS","estimated","original",1,NA,NA,1.6094379124341,8,7,7,7,750,1652,NA,NA,NA,NA,1000,1771,"1:2",0.931755844005205,0.896551724137931,0.911042082686192,0.953450823588261,359.252,750,NA,"750"
"Lawlor","SC3","DIFS","true","original",1,NA,NA,1.6094379124341,8,7,8,8,1000,1652,8,TRUE,638,0,1000,2374,"2:1",0.932716258718711,0.913793103448276,0.912246951580443,0.95411011337577,410.544,1000,NA,"1000"
"Lawlor","SC3","DIFS","estimated","original",1,NA,NA,1.6094379124341,8,7,7,7,1000,1652,NA,NA,NA,NA,1000,1771,"1:3",0.926189135781123,0.891849529780564,0.903978701375536,0.949577131126358,357.324,1000,NA,"1000"
"Lawlor","SC3","DIFS","true","original",1,NA,NA,1.6094379124341,8,7,8,8,1500,1652,8,TRUE,638,0,1000,2374,"2:1",0.945087026099778,0.91692789968652,0.927915204852233,0.962614486691083,358.424,1500,NA,"1500"
"Lawlor","SC3","DIFS","estimated","original",1,NA,NA,1.6094379124341,8,7,7,7,1500,1652,NA,NA,NA,NA,1000,1771,"2:3",0.931221514867883,0.905956112852665,0.910151952184127,0.952982149263505,362.228,1500,NA,"1500"
"Lawlor","SC3","DIFS","true","original",1,NA,NA,1.6094379124341,8,7,8,8,2500,1652,8,TRUE,638,0,1000,2374,"1:1",0.946305570077958,0.923197492163009,0.929478410848103,0.963457002318085,397.149,2500,NA,"2500"
"Lawlor","SC3","DIFS","estimated","original",1,NA,NA,1.6094379124341,8,7,7,7,2329,1652,NA,NA,NA,NA,1000,1771,"1:1",0.939526476233109,0.90282131661442,0.921003264449992,0.958893728708031,356.983,2500,NA,"2500"
"Lawlor","Refined Louvain","FEAST","true","original",1,NA,NA,1.6094379124341,8,7,8,8,1652,1652,8,TRUE,638,0,NA,NA,NA,0.546118914394665,0.876175548589342,0.478522502711618,0.678391991295023,20.923,0,NA,"gate_n"
"Lawlor","Refined Louvain","FEAST","estimated","original",1,NA,NA,1.6094379124341,8,7,7,7,1652,1652,NA,NA,NA,NA,NA,NA,NA,0.546508150856646,0.847962382445141,0.481313703284258,0.67769314718787,17.485,0,NA,"gate_n"
"Lawlor","Refined Louvain","FEAST","true","original",1,NA,NA,1.6094379124341,8,7,8,8,100,1652,8,TRUE,638,0,NA,NA,NA,0.676184667668436,0.904388714733542,0.611456794544668,0.774085152230886,17.707,100,NA,"100"
"Lawlor","Refined Louvain","FEAST","estimated","original",1,NA,NA,1.6094379124341,8,7,7,7,100,1652,NA,NA,NA,NA,NA,NA,NA,0.726130752368789,0.896551724137931,0.672182302253013,0.808576408275089,17.036,100,NA,"100"
"Lawlor","Refined Louvain","FEAST","true","original",1,NA,NA,1.6094379124341,8,7,8,8,200,1652,7,FALSE,638,0,NA,NA,NA,0.534118131217057,0.863636363636364,0.468042029349609,0.66876475703188,17.97,200,NA,"200"
"Lawlor","Refined Louvain","FEAST","estimated","original",1,NA,NA,1.6094379124341,8,7,7,7,200,1652,NA,NA,NA,NA,NA,NA,NA,0.511588770779189,0.851097178683386,0.447889143326875,0.650910436654685,18.324,200,NA,"200"
"Lawlor","Refined Louvain","FEAST","true","original",1,NA,NA,1.6094379124341,8,7,8,8,300,1652,7,FALSE,638,0,NA,NA,NA,0.554000101937304,0.866771159874608,0.487485400866338,0.683807633786755,27.1,300,NA,"300"
"Lawlor","Refined Louvain","FEAST","estimated","original",1,NA,NA,1.6094379124341,8,7,7,7,300,1652,NA,NA,NA,NA,NA,NA,NA,0.531047889078465,0.86833855799373,0.464816650148662,0.666531875298383,17.46,300,NA,"300"
"Lawlor","Refined Louvain","FEAST","true","original",1,NA,NA,1.6094379124341,8,7,8,8,500,1652,8,TRUE,638,0,NA,NA,NA,0.528130124032156,0.898119122257053,0.460115658628193,0.665167055828007,18.273,500,NA,"500"
"Lawlor","Refined Louvain","FEAST","estimated","original",1,NA,NA,1.6094379124341,8,7,7,7,500,1652,NA,NA,NA,NA,NA,NA,NA,0.523039672773746,0.84012539184953,0.464182599077811,0.65820013797108,17.589,500,NA,"500"
"Lawlor","Refined Louvain","FEAST","true","original",1,NA,NA,1.6094379124341,8,7,8,8,750,1652,8,TRUE,638,0,NA,NA,NA,0.532837145236065,0.873040752351097,0.467092736638574,0.667669368567057,21.852,750,NA,"750"
"Lawlor","Refined Louvain","FEAST","estimated","original",1,NA,NA,1.6094379124341,8,7,7,7,750,1652,NA,NA,NA,NA,NA,NA,NA,0.576613473761847,0.862068965517241,0.511964947758679,0.700005945560229,19.211,750,NA,"750"
"Lawlor","Refined Louvain","FEAST","true","original",1,NA,NA,1.6094379124341,8,7,8,8,1000,1652,8,TRUE,638,0,NA,NA,NA,0.509047206128419,0.865203761755486,0.44328797950935,0.649836153431766,17.758,1000,NA,"1000"
"Lawlor","Refined Louvain","FEAST","estimated","original",1,NA,NA,1.6094379124341,8,7,7,7,1000,1652,NA,NA,NA,NA,NA,NA,NA,0.513175371121268,0.838557993730408,0.451080458429325,0.651556428829658,17.995,1000,NA,"1000"
"Lawlor","Refined Louvain","FEAST","true","original",1,NA,NA,1.6094379124341,8,7,8,8,1500,1652,8,TRUE,638,0,NA,NA,NA,0.527424878292272,0.876175548589342,0.45981339008021,0.664445583711986,17.19,1500,NA,"1500"
"Lawlor","Refined Louvain","FEAST","estimated","original",1,NA,NA,1.6094379124341,8,7,7,7,1500,1652,NA,NA,NA,NA,NA,NA,NA,0.546691619985758,0.847962382445141,0.482483376783151,0.677481705275838,16.584,1500,NA,"1500"
"Lawlor","Refined Louvain","FEAST","true","original",1,NA,NA,1.6094379124341,8,7,8,8,2500,1652,8,TRUE,638,0,NA,NA,NA,0.507850178064268,0.852664576802508,0.441044398846165,0.649421629420057,21.63,2500,NA,"2500"
"Lawlor","Refined Louvain","FEAST","estimated","original",1,NA,NA,1.6094379124341,8,7,7,7,2500,1652,NA,NA,NA,NA,NA,NA,NA,0.684240536620741,0.879310344827586,0.621091837188942,0.779494554767842,30.346,2500,NA,"2500"
"Lawlor","SC3","FEAST","true","original",1,NA,NA,1.6094379124341,8,7,8,8,1652,1652,8,TRUE,638,0,NA,NA,NA,0.935748952126741,0.894984326018809,0.915989964519529,0.956154675427791,138.428,0,NA,"gate_n"
"Lawlor","SC3","FEAST","estimated","original",1,NA,NA,1.6094379124341,8,7,7,7,1652,1652,NA,NA,NA,NA,NA,NA,NA,0.924190871594857,0.866771159874608,0.902250177951452,0.948689720134871,136.078,0,NA,"gate_n"
"Lawlor","SC3","FEAST","true","original",1,NA,NA,1.6094379124341,8,7,8,8,100,1652,8,TRUE,638,0,NA,NA,NA,0.729411977218066,0.891849529780564,0.676275102692834,0.810950505931963,173.098,100,NA,"100"
"Lawlor","SC3","FEAST","estimated","original",1,NA,NA,1.6094379124341,8,7,7,7,100,1652,NA,NA,NA,NA,NA,NA,NA,0.866030239326013,0.880877742946709,0.831502042225163,0.908105721249326,159.748,100,NA,"100"
"Lawlor","SC3","FEAST","true","original",1,NA,NA,1.6094379124341,8,7,8,8,200,1652,8,TRUE,638,0,NA,NA,NA,0.925412438056753,0.891849529780564,0.903050446857227,0.949061839716926,161.226,200,NA,"200"
"Lawlor","SC3","FEAST","estimated","original",1,NA,NA,1.6094379124341,8,7,7,7,200,1652,NA,NA,NA,NA,NA,NA,NA,0.901953685406308,0.874608150470219,0.875109698024716,0.933425852881305,163.978,200,NA,"200"
"Lawlor","SC3","FEAST","true","original",1,NA,NA,1.6094379124341,8,7,8,8,300,1652,8,TRUE,638,0,NA,NA,NA,0.926197966925679,0.891849529780564,0.90463282764249,0.949983659213692,158.381,300,NA,"300"
"Lawlor","SC3","FEAST","estimated","original",1,NA,NA,1.6094379124341,8,7,7,7,300,1652,NA,NA,NA,NA,NA,NA,NA,0.928107997053445,0.890282131661442,0.907098576792107,0.951372505546962,149.554,300,NA,"300"
"Lawlor","SC3","FEAST","true","original",1,NA,NA,1.6094379124341,8,7,8,8,500,1652,8,TRUE,638,0,NA,NA,NA,0.936599750912149,0.905956112852665,0.917254015396664,0.956847525574118,139.805,500,NA,"500"
"Lawlor","SC3","FEAST","estimated","original",1,NA,NA,1.6094379124341,8,7,7,7,500,1652,NA,NA,NA,NA,NA,NA,NA,0.932744211549223,0.898119122257053,0.912582431301129,0.954317879078796,140.36,500,NA,"500"
"Lawlor","SC3","FEAST","true","original",1,NA,NA,1.6094379124341,8,7,8,8,750,1652,8,TRUE,638,0,NA,NA,NA,0.930475112390177,0.898119122257053,0.909486895533407,0.952598231633115,141.517,750,NA,"750"
"Lawlor","SC3","FEAST","estimated","original",1,NA,NA,1.6094379124341,8,7,7,7,750,1652,NA,NA,NA,NA,NA,NA,NA,0.921565449742204,0.863636363636364,0.899118426195336,0.946979417681201,144.464,750,NA,"750"
"Lawlor","SC3","FEAST","true","original",1,NA,NA,1.6094379124341,8,7,8,8,1000,1652,8,TRUE,638,0,NA,NA,NA,0.936629378927773,0.899686520376176,0.917274003991426,0.956856925449889,161.788,1000,NA,"1000"
"Lawlor","SC3","FEAST","estimated","original",1,NA,NA,1.6094379124341,8,7,7,7,1000,1652,NA,NA,NA,NA,NA,NA,NA,0.916772487890049,0.874608150470219,0.893059603033071,0.943554568669711,209.48,1000,NA,"1000"
"Lawlor","SC3","FEAST","true","original",1,NA,NA,1.6094379124341,8,7,8,8,1500,1652,8,TRUE,638,0,NA,NA,NA,0.915656182179374,0.865203761755486,0.891739294090396,0.942824447914315,165.336,1500,NA,"1500"
"Lawlor","SC3","FEAST","estimated","original",1,NA,NA,1.6094379124341,8,7,7,7,1500,1652,NA,NA,NA,NA,NA,NA,NA,0.918813054109552,0.863636363636364,0.895518919311497,0.944920378152246,136.57,1500,NA,"1500"
"Lawlor","SC3","FEAST","true","original",1,NA,NA,1.6094379124341,8,7,8,8,2500,1652,8,TRUE,638,0,NA,NA,NA,0.940815113340085,0.899686520376176,0.922670367308374,0.959805302865161,151.279,2500,NA,"2500"
"Lawlor","SC3","FEAST","estimated","original",1,NA,NA,1.6094379124341,8,7,7,7,2500,1652,NA,NA,NA,NA,NA,NA,NA,0.92497433073937,0.86833855799373,0.903313274849561,0.949307971464321,134.485,2500,NA,"2500"
"Lawlor","Refined Louvain","GateOnly","true","original",1,NA,NA,1.6094379124341,8,7,8,8,1652,1652,8,TRUE,638,0,NA,NA,NA,0.621786602808945,0.846394984326019,0.558676818062484,0.73318302459324,11.779,0,NA,"gate_n"
"Lawlor","Refined Louvain","GateOnly","estimated","original",1,NA,NA,1.6094379124341,8,7,7,7,1652,1652,NA,NA,NA,NA,NA,NA,NA,0.619386243184741,0.836990595611285,0.559787980803667,0.730726245765524,11.237,0,NA,"gate_n"
"Lawlor","Refined Louvain","GateOnly","true","original",1,NA,NA,1.6094379124341,8,7,8,8,100,1652,8,TRUE,638,0,NA,NA,NA,0.32690957262335,0.818181818181818,0.294790717240412,0.496869361427519,10.946,100,NA,"100"
"Lawlor","Refined Louvain","GateOnly","estimated","original",1,NA,NA,1.6094379124341,8,7,7,7,100,1652,NA,NA,NA,NA,NA,NA,NA,0.392560977393728,0.813479623824451,0.3553298791019,0.553062547670889,12.558,100,NA,"100"
"Lawlor","Refined Louvain","GateOnly","true","original",1,NA,NA,1.6094379124341,8,7,8,8,200,1652,8,TRUE,638,0,NA,NA,NA,0.359506980559645,0.816614420062696,0.323966065747614,0.525120850626391,10.871,200,NA,"200"
"Lawlor","Refined Louvain","GateOnly","estimated","original",1,NA,NA,1.6094379124341,8,7,7,7,200,1652,NA,NA,NA,NA,NA,NA,NA,0.436236090339952,0.816614420062696,0.393371159701079,0.588898722644828,12.001,200,NA,"200"
"Lawlor","Refined Louvain","GateOnly","true","original",1,NA,NA,1.6094379124341,8,7,8,8,300,1652,8,TRUE,638,0,NA,NA,NA,0.391909751565547,0.822884012539185,0.352589003522548,0.552471388957568,10.529,300,NA,"300"
"Lawlor","Refined Louvain","GateOnly","estimated","original",1,NA,NA,1.6094379124341,8,7,7,7,300,1652,NA,NA,NA,NA,NA,NA,NA,0.441997960892481,0.822884012539185,0.398008846489829,0.593543665291893,15.101,300,NA,"300"
"Lawlor","Refined Louvain","GateOnly","true","original",1,NA,NA,1.6094379124341,8,7,8,8,500,1652,7,FALSE,638,0,NA,NA,NA,0.588731300032676,0.847962382445141,0.5340100387288,0.707577898451716,11.036,500,NA,"500"
"Lawlor","Refined Louvain","GateOnly","estimated","original",1,NA,NA,1.6094379124341,8,7,7,7,500,1652,NA,NA,NA,NA,NA,NA,NA,0.588731300032676,0.847962382445141,0.5340100387288,0.707577898451716,12.38,500,NA,"500"
"Lawlor","Refined Louvain","GateOnly","true","original",1,NA,NA,1.6094379124341,8,7,8,8,750,1652,8,TRUE,638,0,NA,NA,NA,0.567270113302885,0.846394984326019,0.505109362090707,0.692309982876682,17.639,750,NA,"750"
"Lawlor","Refined Louvain","GateOnly","estimated","original",1,NA,NA,1.6094379124341,8,7,7,7,750,1652,NA,NA,NA,NA,NA,NA,NA,0.580817050823171,0.844827586206897,0.527421350423311,0.701648367521355,11.534,750,NA,"750"
"Lawlor","Refined Louvain","GateOnly","true","original",1,NA,NA,1.6094379124341,8,7,8,8,1000,1652,8,TRUE,638,0,NA,NA,NA,0.582733575459656,0.847962382445141,0.523719788142247,0.703310447091655,11.004,1000,NA,"1000"
"Lawlor","Refined Louvain","GateOnly","estimated","original",1,NA,NA,1.6094379124341,8,7,7,7,1000,1652,NA,NA,NA,NA,NA,NA,NA,0.613184806510418,0.852664576802508,0.557458997977982,0.725886290455886,11.298,1000,NA,"1000"
"Lawlor","Refined Louvain","GateOnly","true","original",1,NA,NA,1.6094379124341,8,7,8,8,1500,1652,8,TRUE,638,0,NA,NA,NA,0.571245637656691,0.841692789968652,0.511536587463097,0.694790729395896,11.429,1500,NA,"1500"
"Lawlor","Refined Louvain","GateOnly","estimated","original",1,NA,NA,1.6094379124341,8,7,7,7,1500,1652,NA,NA,NA,NA,NA,NA,NA,0.584754204260251,0.843260188087774,0.528625739228386,0.704596085980969,12.19,1500,NA,"1500"
"Lawlor","Refined Louvain","GateOnly","true","original",1,NA,NA,1.6094379124341,8,7,8,8,1652,1652,8,TRUE,638,0,NA,NA,NA,0.621786602808945,0.846394984326019,0.558676818062484,0.73318302459324,10.501,2500,NA,"2500"
"Lawlor","Refined Louvain","GateOnly","estimated","original",1,NA,NA,1.6094379124341,8,7,7,7,1652,1652,NA,NA,NA,NA,NA,NA,NA,0.619386243184741,0.836990595611285,0.559787980803667,0.730726245765524,11.565,2500,NA,"2500"
"Lawlor","SC3","GateOnly","true","original",1,NA,NA,1.6094379124341,8,7,8,8,1652,1652,8,TRUE,638,0,NA,NA,NA,0.681811215179917,0.863636363636364,0.621979236339314,0.776824887912659,164.48,0,NA,"gate_n"
"Lawlor","SC3","GateOnly","estimated","original",1,NA,NA,1.6094379124341,8,7,7,7,1652,1652,NA,NA,NA,NA,NA,NA,NA,0.902908368117852,0.887147335423197,0.874140816448509,0.933287549321283,265.692,0,NA,"gate_n"
"Lawlor","SC3","GateOnly","true","original",1,NA,NA,1.6094379124341,8,7,8,8,100,1652,8,TRUE,638,0,NA,NA,NA,0.281556522544422,0.74294670846395,0.271230339792796,0.458318068212165,207.801,100,NA,"100"
"Lawlor","SC3","GateOnly","estimated","original",1,NA,NA,1.6094379124341,8,7,7,7,100,1652,NA,NA,NA,NA,NA,NA,NA,0.360376214286087,0.782131661442006,0.328978132306423,0.526042130354002,199.099,100,NA,"100"
"Lawlor","SC3","GateOnly","true","original",1,NA,NA,1.6094379124341,8,7,8,8,200,1652,8,TRUE,638,0,NA,NA,NA,0.298433925793924,0.788401253918495,0.270006048585616,0.471469027042331,211.985,200,NA,"200"
"Lawlor","SC3","GateOnly","estimated","original",1,NA,NA,1.6094379124341,8,7,7,7,200,1652,NA,NA,NA,NA,NA,NA,NA,0.44545714901004,0.804075235109718,0.403601302072603,0.596445276846848,202.381,200,NA,"200"
"Lawlor","SC3","GateOnly","true","original",1,NA,NA,1.6094379124341,8,7,8,8,300,1652,8,TRUE,638,0,NA,NA,NA,0.479342597001339,0.832288401253918,0.420123411978221,0.624920077077025,200.882,300,NA,"300"
"Lawlor","SC3","GateOnly","estimated","original",1,NA,NA,1.6094379124341,8,7,7,7,300,1652,NA,NA,NA,NA,NA,NA,NA,0.664217179766155,0.829153605015674,0.605348670021567,0.763754864527193,268.352,300,NA,"300"
"Lawlor","SC3","GateOnly","true","original",1,NA,NA,1.6094379124341,8,7,8,8,500,1652,8,TRUE,638,0,NA,NA,NA,0.566226897272114,0.827586206896552,0.504137141532264,0.691510677887119,200.326,500,NA,"500"
"Lawlor","SC3","GateOnly","estimated","original",1,NA,NA,1.6094379124341,8,7,7,7,500,1652,NA,NA,NA,NA,NA,NA,NA,0.621291383725247,0.830721003134796,0.558842340901823,0.732652746626723,190.221,500,NA,"500"
"Lawlor","SC3","GateOnly","true","original",1,NA,NA,1.6094379124341,8,7,8,8,750,1652,8,TRUE,638,0,NA,NA,NA,0.633608257405515,0.857366771159875,0.566991446634437,0.743128617474083,199.752,750,NA,"750"
"Lawlor","SC3","GateOnly","estimated","original",1,NA,NA,1.6094379124341,8,7,7,7,750,1652,NA,NA,NA,NA,NA,NA,NA,0.673363927774331,0.844827586206897,0.611624873594888,0.771014229858618,197.015,750,NA,"750"
"Lawlor","SC3","GateOnly","true","original",1,NA,NA,1.6094379124341,8,7,8,8,1000,1652,8,TRUE,638,0,NA,NA,NA,0.609287801962774,0.827586206896552,0.54981829627722,0.723203037468304,174.067,1000,NA,"1000"
"Lawlor","SC3","GateOnly","estimated","original",1,NA,NA,1.6094379124341,8,7,7,7,1000,1652,NA,NA,NA,NA,NA,NA,NA,0.672532327155941,0.847962382445141,0.609957162414803,0.770626821014515,174.726,1000,NA,"1000"
"Lawlor","SC3","GateOnly","true","original",1,NA,NA,1.6094379124341,8,7,8,8,1500,1652,8,TRUE,638,0,NA,NA,NA,0.623070738559719,0.855799373040752,0.561668402175171,0.733749168442562,179.714,1500,NA,"1500"
"Lawlor","SC3","GateOnly","estimated","original",1,NA,NA,1.6094379124341,8,7,7,7,1500,1652,NA,NA,NA,NA,NA,NA,NA,0.890403278751472,0.887147335423197,0.858687224144101,0.924612255883633,165.517,1500,NA,"1500"
"Lawlor","SC3","GateOnly","true","original",1,NA,NA,1.6094379124341,8,7,8,8,1652,1652,8,TRUE,638,0,NA,NA,NA,0.681811215179917,0.863636363636364,0.621979236339314,0.776824887912659,163.968,2500,NA,"2500"
"Lawlor","SC3","GateOnly","estimated","original",1,NA,NA,1.6094379124341,8,7,7,7,1652,1652,NA,NA,NA,NA,NA,NA,NA,0.902908368117852,0.887147335423197,0.874140816448509,0.933287549321283,158.61,2500,NA,"2500"
"Lawlor","Refined Louvain","Seurat","true","original",1,NA,NA,1.6094379124341,8,7,8,8,1652,1652,8,TRUE,638,0,NA,NA,NA,0.540548545891698,0.874608150470219,0.475753257628065,0.673082357510584,11.371,0,NA,"gate_n"
"Lawlor","Refined Louvain","Seurat","estimated","original",1,NA,NA,1.6094379124341,8,7,7,7,1652,1652,NA,NA,NA,NA,NA,NA,NA,0.533456648181124,0.841692789968652,0.471264033505904,0.666903267825373,11.954,0,NA,"gate_n"
"Lawlor","Refined Louvain","Seurat","true","original",1,NA,NA,1.6094379124341,8,7,8,8,100,1652,8,TRUE,638,0,NA,NA,NA,0.550296214478025,0.866771159874608,0.493741149815916,0.678579523168114,11.433,100,NA,"100"
"Lawlor","Refined Louvain","Seurat","estimated","original",1,NA,NA,1.6094379124341,8,7,7,7,100,1652,NA,NA,NA,NA,NA,NA,NA,0.705783730786608,0.871473354231975,0.656078679853439,0.794588215777707,14.96,100,NA,"100"
"Lawlor","Refined Louvain","Seurat","true","original",1,NA,NA,1.6094379124341,8,7,8,8,200,1652,8,TRUE,638,0,NA,NA,NA,0.409697441678769,0.865203761755486,0.368066969384628,0.567212748086426,11.419,200,NA,"200"
"Lawlor","Refined Louvain","Seurat","estimated","original",1,NA,NA,1.6094379124341,8,7,7,7,200,1652,NA,NA,NA,NA,NA,NA,NA,0.462918997429515,0.865203761755486,0.419395587043979,0.610440450884759,12.592,200,NA,"200"
"Lawlor","Refined Louvain","Seurat","true","original",1,NA,NA,1.6094379124341,8,7,8,8,300,1652,8,TRUE,638,0,NA,NA,NA,0.416243521879765,0.863636363636364,0.371791813423516,0.57266044893575,11.626,300,NA,"300"
"Lawlor","Refined Louvain","Seurat","estimated","original",1,NA,NA,1.6094379124341,8,7,7,7,300,1652,NA,NA,NA,NA,NA,NA,NA,0.427698761677593,0.827586206896552,0.383282122905028,0.581965875225611,14.762,300,NA,"300"
"Lawlor","Refined Louvain","Seurat","true","original",1,NA,NA,1.6094379124341,8,7,8,8,500,1652,8,TRUE,638,0,NA,NA,NA,0.420501408192982,0.835423197492163,0.365666109455629,0.577957419747732,11.31,500,NA,"500"
"Lawlor","Refined Louvain","Seurat","estimated","original",1,NA,NA,1.6094379124341,8,7,7,7,500,1652,NA,NA,NA,NA,NA,NA,NA,0.473148841860905,0.832288401253918,0.416407375396139,0.61949330439643,12.43,500,NA,"500"
"Lawlor","Refined Louvain","Seurat","true","original",1,NA,NA,1.6094379124341,8,7,8,8,750,1652,8,TRUE,638,0,NA,NA,NA,0.330753979517364,0.832288401253918,0.298230125698911,0.500243511628622,11.6,750,NA,"750"
"Lawlor","Refined Louvain","Seurat","estimated","original",1,NA,NA,1.6094379124341,8,7,7,7,750,1652,NA,NA,NA,NA,NA,NA,NA,0.437715126909346,0.832288401253918,0.391807957025348,0.590108581340514,12.67,750,NA,"750"
"Lawlor","Refined Louvain","Seurat","true","original",1,NA,NA,1.6094379124341,8,7,8,8,1000,1652,8,TRUE,638,0,NA,NA,NA,0.402958013249497,0.843260188087774,0.349333721692274,0.563735221078007,11.557,1000,NA,"1000"
"Lawlor","Refined Louvain","Seurat","estimated","original",1,NA,NA,1.6094379124341,8,7,7,7,1000,1652,NA,NA,NA,NA,NA,NA,NA,0.5049231230459,0.844827586206897,0.445874206578188,0.644439501989724,21.977,1000,NA,"1000"
"Lawlor","Refined Louvain","Seurat","true","original",1,NA,NA,1.6094379124341,8,7,8,8,1500,1652,8,TRUE,638,0,NA,NA,NA,0.523390987364529,0.876175548589342,0.461248380192484,0.659293306818799,11.962,1500,NA,"1500"
"Lawlor","Refined Louvain","Seurat","estimated","original",1,NA,NA,1.6094379124341,8,7,7,7,1500,1652,NA,NA,NA,NA,NA,NA,NA,0.518293254893029,0.843260188087774,0.458804197416974,0.654726826372143,22.557,1500,NA,"1500"
"Lawlor","Refined Louvain","Seurat","true","original",1,NA,NA,1.6094379124341,8,7,8,8,2500,1652,7,FALSE,638,0,NA,NA,NA,0.643537793622873,0.866771159874608,0.582629080805742,0.748810837883103,12.586,2500,NA,"2500"
"Lawlor","Refined Louvain","Seurat","estimated","original",1,NA,NA,1.6094379124341,8,7,7,7,2500,1652,NA,NA,NA,NA,NA,NA,NA,0.643537793622873,0.866771159874608,0.582629080805742,0.748810837883103,11.603,2500,NA,"2500"
"Lawlor","SC3","Seurat","true","original",1,NA,NA,1.6094379124341,8,7,8,8,1652,1652,8,TRUE,638,0,NA,NA,NA,0.740520699145779,0.879310344827586,0.685320191298262,0.819058902651693,163.757,0,NA,"gate_n"
"Lawlor","SC3","Seurat","estimated","original",1,NA,NA,1.6094379124341,8,7,7,7,1652,1652,NA,NA,NA,NA,NA,NA,NA,0.881641580070172,0.847962382445141,0.851553785985571,0.919917680586723,159.529,0,NA,"gate_n"
"Lawlor","SC3","Seurat","true","original",1,NA,NA,1.6094379124341,8,7,8,8,100,1652,8,TRUE,638,0,NA,NA,NA,0.415540616894461,0.836990595611285,0.376234759247778,0.572090751800715,179.495,100,NA,"100"
"Lawlor","SC3","Seurat","estimated","original",1,NA,NA,1.6094379124341,8,7,7,7,100,1652,NA,NA,NA,NA,NA,NA,NA,0.455832087574169,0.832288401253918,0.419120505019367,0.605662616341854,203.329,100,NA,"100"
"Lawlor","SC3","Seurat","true","original",1,NA,NA,1.6094379124341,8,7,8,8,200,1652,8,TRUE,638,0,NA,NA,NA,0.468593954719274,0.824451410658307,0.414798334189058,0.615362769892108,181.498,200,NA,"200"
"Lawlor","SC3","Seurat","estimated","original",1,NA,NA,1.6094379124341,8,7,7,7,200,1652,NA,NA,NA,NA,NA,NA,NA,0.813850019585159,0.832288401253918,0.772188974160389,0.871777529989754,175.604,200,NA,"200"
"Lawlor","SC3","Seurat","true","original",1,NA,NA,1.6094379124341,8,7,8,8,300,1652,8,TRUE,638,0,NA,NA,NA,0.641414253110716,0.898119122257053,0.577104317606173,0.748089571665579,184.961,300,NA,"300"
"Lawlor","SC3","Seurat","estimated","original",1,NA,NA,1.6094379124341,8,7,7,7,300,1652,NA,NA,NA,NA,NA,NA,NA,0.860704375057801,0.86833855799373,0.824935484336029,0.904277645210444,183.119,300,NA,"300"
"Lawlor","SC3","Seurat","true","original",1,NA,NA,1.6094379124341,8,7,8,8,500,1652,8,TRUE,638,0,NA,NA,NA,0.891307749652897,0.882445141065831,0.860814301649739,0.925382954523162,180.503,500,NA,"500"
"Lawlor","SC3","Seurat","estimated","original",1,NA,NA,1.6094379124341,8,7,7,7,500,1652,NA,NA,NA,NA,NA,NA,NA,0.8610142602707,0.876175548589342,0.824109717363622,0.904208424187783,200.458,500,NA,"500"
"Lawlor","SC3","Seurat","true","original",1,NA,NA,1.6094379124341,8,7,8,8,750,1652,8,TRUE,638,0,NA,NA,NA,0.681694585758286,0.846394984326019,0.623891961784355,0.776466096631031,180.566,750,NA,"750"
"Lawlor","SC3","Seurat","estimated","original",1,NA,NA,1.6094379124341,8,7,7,7,750,1652,NA,NA,NA,NA,NA,NA,NA,0.879692449778048,0.843260188087774,0.848656112977621,0.918141775448169,174.57,750,NA,"750"
"Lawlor","SC3","Seurat","true","original",1,NA,NA,1.6094379124341,8,7,8,8,1000,1652,8,TRUE,638,0,NA,NA,NA,0.880639071306346,0.847962382445141,0.849787852037475,0.918805666564925,166.476,1000,NA,"1000"
"Lawlor","SC3","Seurat","estimated","original",1,NA,NA,1.6094379124341,8,7,7,7,1000,1652,NA,NA,NA,NA,NA,NA,NA,0.904434574247525,0.880877742946709,0.877979068928185,0.935043393595071,159.499,1000,NA,"1000"
"Lawlor","SC3","Seurat","true","original",1,NA,NA,1.6094379124341,8,7,8,8,1500,1652,8,TRUE,638,0,NA,NA,NA,0.680311387207682,0.847962382445141,0.624526454688631,0.775372728397962,167.91,1500,NA,"1500"
"Lawlor","SC3","Seurat","estimated","original",1,NA,NA,1.6094379124341,8,7,7,7,1500,1652,NA,NA,NA,NA,NA,NA,NA,0.887444775468357,0.847962382445141,0.858311012853762,0.923844648480483,159.743,1500,NA,"1500"
"Lawlor","SC3","Seurat","true","original",1,NA,NA,1.6094379124341,8,7,8,8,2500,1652,8,TRUE,638,0,NA,NA,NA,0.682535435780699,0.851097178683386,0.625872478910632,0.777009447308543,162.064,2500,NA,"2500"
"Lawlor","SC3","Seurat","estimated","original",1,NA,NA,1.6094379124341,8,7,7,7,2500,1652,NA,NA,NA,NA,NA,NA,NA,0.902573536298102,0.885579937304075,0.875813698945792,0.933821348917719,155.755,2500,NA,"2500"
"Lawlor","Refined Louvain","Variance","true","original",1,NA,NA,1.6094379124341,8,7,8,8,1652,1652,7,FALSE,638,0,NA,NA,NA,0.746546074447294,0.884012539184953,0.694650264625948,0.823254125742463,11.273,0,NA,"gate_n"
"Lawlor","Refined Louvain","Variance","estimated","original",1,NA,NA,1.6094379124341,8,7,7,7,1652,1652,NA,NA,NA,NA,NA,NA,NA,0.746546074447294,0.884012539184953,0.694650264625948,0.823254125742463,15.497,0,NA,"gate_n"
"Lawlor","Refined Louvain","Variance","true","original",1,NA,NA,1.6094379124341,8,7,8,8,100,1652,8,TRUE,638,0,NA,NA,NA,0.567771947884295,0.918495297805643,0.50074056519936,0.694293767048179,11.887,100,NA,"100"
"Lawlor","Refined Louvain","Variance","estimated","original",1,NA,NA,1.6094379124341,8,7,7,7,100,1652,NA,NA,NA,NA,NA,NA,NA,0.749896613779239,0.918495297805643,0.69524562096668,0.825807833010383,15.398,100,NA,"100"
"Lawlor","Refined Louvain","Variance","true","original",1,NA,NA,1.6094379124341,8,7,8,8,200,1652,7,FALSE,638,0,NA,NA,NA,0.733903822963141,0.887147335423197,0.676230113049382,0.814679322840441,11.499,200,NA,"200"
"Lawlor","Refined Louvain","Variance","estimated","original",1,NA,NA,1.6094379124341,8,7,7,7,200,1652,NA,NA,NA,NA,NA,NA,NA,0.733903822963141,0.887147335423197,0.676230113049382,0.814679322840441,19.707,200,NA,"200"
"Lawlor","Refined Louvain","Variance","true","original",1,NA,NA,1.6094379124341,8,7,8,8,300,1652,8,TRUE,638,0,NA,NA,NA,0.73651997023771,0.904388714733542,0.677324886445135,0.817081760313901,22.206,300,NA,"300"
"Lawlor","Refined Louvain","Variance","estimated","original",1,NA,NA,1.6094379124341,8,7,7,7,300,1652,NA,NA,NA,NA,NA,NA,NA,0.767346013863987,0.905956112852665,0.713868656188257,0.838351306708546,12.045,300,NA,"300"
"Lawlor","Refined Louvain","Variance","true","original",1,NA,NA,1.6094379124341,8,7,8,8,500,1652,8,TRUE,638,0,NA,NA,NA,0.74201363712525,0.898119122257053,0.68427465489829,0.820700733602631,12.017,500,NA,"500"
"Lawlor","Refined Louvain","Variance","estimated","original",1,NA,NA,1.6094379124341,8,7,7,7,500,1652,NA,NA,NA,NA,NA,NA,NA,0.734368507099264,0.86833855799373,0.677296987340655,0.814882744822886,11.632,500,NA,"500"
"Lawlor","Refined Louvain","Variance","true","original",1,NA,NA,1.6094379124341,8,7,8,8,750,1652,8,TRUE,638,0,NA,NA,NA,0.561873774940755,0.873040752351097,0.497902629386574,0.688776162326971,11.884,750,NA,"750"
"Lawlor","Refined Louvain","Variance","estimated","original",1,NA,NA,1.6094379124341,8,7,7,7,750,1652,NA,NA,NA,NA,NA,NA,NA,0.726881296190391,0.877742946708464,0.669586488743061,0.809432774751509,18.313,750,NA,"750"
"Lawlor","Refined Louvain","Variance","true","original",1,NA,NA,1.6094379124341,8,7,8,8,1000,1652,8,TRUE,638,0,NA,NA,NA,0.558283714887006,0.86833855799373,0.496053967793414,0.685588448014601,11.617,1000,NA,"1000"
"Lawlor","Refined Louvain","Variance","estimated","original",1,NA,NA,1.6094379124341,8,7,7,7,1000,1652,NA,NA,NA,NA,NA,NA,NA,0.718246236255491,0.86833855799373,0.66161411041165,0.803021886505888,12.123,1000,NA,"1000"
"Lawlor","Refined Louvain","Variance","true","original",1,NA,NA,1.6094379124341,8,7,8,8,1500,1652,8,TRUE,638,0,NA,NA,NA,0.569088581905522,0.869905956112853,0.50564139941691,0.694015983136482,14.395,1500,NA,"1500"
"Lawlor","Refined Louvain","Variance","estimated","original",1,NA,NA,1.6094379124341,8,7,7,7,1500,1652,NA,NA,NA,NA,NA,NA,NA,0.754760189876634,0.88871473354232,0.701610324680987,0.829163230947937,16.807,1500,NA,"1500"
"Lawlor","Refined Louvain","Variance","true","original",1,NA,NA,1.6094379124341,8,7,8,8,2500,1652,8,TRUE,638,0,NA,NA,NA,0.576914813186782,0.843260188087774,0.515702765475555,0.699319084741274,11.578,2500,NA,"2500"
"Lawlor","Refined Louvain","Variance","estimated","original",1,NA,NA,1.6094379124341,8,7,7,7,2500,1652,NA,NA,NA,NA,NA,NA,NA,0.603102742394523,0.843260188087774,0.545457123009966,0.718418871348491,21.835,2500,NA,"2500"
"Lawlor","SC3","Variance","true","original",1,NA,NA,1.6094379124341,8,7,8,8,1652,1652,8,TRUE,638,0,NA,NA,NA,0.914702022092248,0.915360501567398,0.888501847244213,0.941452859852011,159.488,0,NA,"gate_n"
"Lawlor","SC3","Variance","estimated","original",1,NA,NA,1.6094379124341,8,7,7,7,1652,1652,NA,NA,NA,NA,NA,NA,NA,0.935667465511545,0.890282131661442,0.916231444838392,0.956310823277383,157.106,0,NA,"gate_n"
"Lawlor","SC3","Variance","true","original",1,NA,NA,1.6094379124341,8,7,8,8,100,1652,8,TRUE,638,0,NA,NA,NA,0.768950360634879,0.894984326018809,0.716269375293565,0.839387717123457,261.207,100,NA,"100"
"Lawlor","SC3","Variance","estimated","original",1,NA,NA,1.6094379124341,8,7,7,7,100,1652,NA,NA,NA,NA,NA,NA,NA,0.755000844991745,0.904388714733542,0.700131030725969,0.829575362620914,156.823,100,NA,"100"
"Lawlor","SC3","Variance","true","original",1,NA,NA,1.6094379124341,8,7,8,8,200,1652,8,TRUE,638,0,NA,NA,NA,0.72685698670162,0.893416927899687,0.667881265552791,0.809816761758661,175.678,200,NA,"200"
"Lawlor","SC3","Variance","estimated","original",1,NA,NA,1.6094379124341,8,7,7,7,200,1652,NA,NA,NA,NA,NA,NA,NA,0.748182802668201,0.905956112852665,0.692028182744716,0.824841803044912,169.491,200,NA,"200"
"Lawlor","SC3","Variance","true","original",1,NA,NA,1.6094379124341,8,7,8,8,300,1652,8,TRUE,638,0,NA,NA,NA,0.686592697179289,0.865203761755486,0.627860192488603,0.780158473632628,154.87,300,NA,"300"
"Lawlor","SC3","Variance","estimated","original",1,NA,NA,1.6094379124341,8,7,7,7,300,1652,NA,NA,NA,NA,NA,NA,NA,0.938239468854352,0.898119122257053,0.919697346661008,0.958267640360678,148.976,300,NA,"300"
"Lawlor","SC3","Variance","true","original",1,NA,NA,1.6094379124341,8,7,8,8,500,1652,8,TRUE,638,0,NA,NA,NA,0.892324520773332,0.893416927899687,0.861802638366866,0.926029331949917,157.585,500,NA,"500"
"Lawlor","SC3","Variance","estimated","original",1,NA,NA,1.6094379124341,8,7,7,7,500,1652,NA,NA,NA,NA,NA,NA,NA,0.935775850770831,0.896551724137931,0.916398382947446,0.956408056225501,248.344,500,NA,"500"
"Lawlor","SC3","Variance","true","original",1,NA,NA,1.6094379124341,8,7,8,8,750,1652,8,TRUE,638,0,NA,NA,NA,0.909744020139694,0.923197492163009,0.882135250668399,0.938040972643831,164.819,750,NA,"750"
"Lawlor","SC3","Variance","estimated","original",1,NA,NA,1.6094379124341,8,7,7,7,750,1652,NA,NA,NA,NA,NA,NA,NA,0.92667371111867,0.890282131661442,0.905051805888895,0.950181792020009,207.51,750,NA,"750"
"Lawlor","SC3","Variance","true","original",1,NA,NA,1.6094379124341,8,7,8,8,1000,1652,8,TRUE,638,0,NA,NA,NA,0.69288555092634,0.880877742946709,0.631091207378176,0.785471392625341,211.141,1000,NA,"1000"
"Lawlor","SC3","Variance","estimated","original",1,NA,NA,1.6094379124341,8,7,7,7,1000,1652,NA,NA,NA,NA,NA,NA,NA,0.930377528096513,0.894984326018809,0.909505591524426,0.952614977748986,158.291,1000,NA,"1000"
"Lawlor","SC3","Variance","true","original",1,NA,NA,1.6094379124341,8,7,8,8,1500,1652,8,TRUE,638,0,NA,NA,NA,0.909908621115946,0.923197492163009,0.882314714061178,0.938158350229821,163.768,1500,NA,"1500"
"Lawlor","SC3","Variance","estimated","original",1,NA,NA,1.6094379124341,8,7,7,7,1500,1652,NA,NA,NA,NA,NA,NA,NA,0.918517886888693,0.862068965517241,0.895335378204757,0.944858098753031,157.256,1500,NA,"1500"
"Lawlor","SC3","Variance","true","original",1,NA,NA,1.6094379124341,8,7,8,8,2500,1652,8,TRUE,638,0,NA,NA,NA,0.884267299804688,0.893416927899687,0.851256266456421,0.920349726977793,161.113,2500,NA,"2500"
"Lawlor","SC3","Variance","estimated","original",1,NA,NA,1.6094379124341,8,7,7,7,2500,1652,NA,NA,NA,NA,NA,NA,NA,0.892361253537712,0.863636363636364,0.862565387809818,0.926272947597883,196.716,2500,NA,"2500"
"Muraro","Refined Louvain","DIFS","estimated","original",1,"submitted",20,1.6094379124341,10,20,20,20,1125,1125,20,TRUE,2126,0,1000,2151,"3:2",0.338738027081009,0.96142991533396,0.252602913723754,0.489840011012148,344.682,0,0,"gate_n"
"Muraro","Refined Louvain","DIFS","true","original",1,"submitted",10,1.6094379124341,10,20,10,10,1125,1125,10,TRUE,2126,0,1125,1678,"2:3",0.665183365927301,0.954844778927563,0.566180597694175,0.743880878985352,424.203,0,0,"gate_n"
"Muraro","Refined Louvain","DIFS","estimated","original",1,"submitted",20,1.6094379124341,10,20,20,20,100,1125,19,FALSE,2126,0,1000,2151,"3:1",0.385180186941581,0.959078080903104,0.291465406367442,0.529671736167974,429.231,100,0,"100"
"Muraro","Refined Louvain","DIFS","true","original",1,"submitted",10,1.6094379124341,10,20,10,10,100,1125,10,TRUE,2126,0,1125,1678,"3:2",0.719626734361174,0.95343367826905,0.627495636304433,0.784926897449889,444.807,100,0,"100"
"Muraro","Refined Louvain","DIFS","estimated","original",1,"submitted",20,1.6094379124341,10,20,20,20,200,1125,19,FALSE,2126,0,1000,2151,"2:1",0.355874617947408,0.959078080903104,0.267234951844365,0.503835677613747,481.073,200,0,"200"
"Muraro","Refined Louvain","DIFS","true","original",1,"submitted",10,1.6094379124341,10,20,10,10,200,1125,10,TRUE,2126,0,1125,1678,"3:2",0.702792128848187,0.953904045155221,0.608196550515718,0.772244603843161,413.296,200,0,"200"
"Muraro","Refined Louvain","DIFS","estimated","original",1,"submitted",20,1.6094379124341,10,20,20,20,300,1125,19,FALSE,2126,0,1000,2151,"3:2",0.380702428743392,0.960489181561618,0.28790985776643,0.525413743952785,440.65,300,0,"300"
"Muraro","Refined Louvain","DIFS","true","original",1,"submitted",10,1.6094379124341,10,20,10,10,300,1125,10,TRUE,2126,0,1125,1678,"1:1",0.66412856027082,0.953904045155221,0.564938280975739,0.743183573345876,306.355,300,0,"300"
"Muraro","Refined Louvain","DIFS","estimated","original",1,"submitted",20,1.6094379124341,10,20,20,20,500,1125,20,TRUE,2126,0,1000,2151,"2:1",0.337659461244112,0.964252116650988,0.251479124643344,0.489365020955085,344.378,500,0,"500"
"Muraro","Refined Louvain","DIFS","true","original",1,"submitted",10,1.6094379124341,10,20,10,10,500,1125,10,TRUE,2126,0,1125,1678,"1:2",0.670417713358743,0.954374412041392,0.5718778810148,0.747903738891013,435.488,500,0,"500"
"Muraro","Refined Louvain","DIFS","estimated","original",1,"submitted",20,1.6094379124341,10,20,20,20,750,1125,20,TRUE,2126,0,1000,2151,"2:1",0.347684872625419,0.964252116650988,0.259762809592452,0.498051191838783,365.4,750,0,"750"
"Muraro","Refined Louvain","DIFS","true","original",1,"submitted",10,1.6094379124341,10,20,10,10,750,1125,10,TRUE,2126,0,1125,1678,"1:2",0.66814510718225,0.954374412041392,0.569453107374623,0.746097107929215,313.069,750,0,"750"
"Muraro","Refined Louvain","DIFS","estimated","original",1,"submitted",20,1.6094379124341,10,20,20,20,1000,1125,20,TRUE,2126,0,1000,2151,"3:2",0.339716564323759,0.961900282220132,0.253368161895064,0.490771007062297,472.393,1000,0,"1000"
"Muraro","Refined Louvain","DIFS","true","original",1,"submitted",10,1.6094379124341,10,20,10,10,1000,1125,10,TRUE,2126,0,1125,1678,"2:3",0.667327348908107,0.954844778927563,0.568561657339582,0.745470224766566,394.749,1000,0,"1000"
"Muraro","Refined Louvain","DIFS","estimated","original",1,"submitted",20,1.6094379124341,10,20,20,20,1500,1125,20,TRUE,2126,0,1000,2151,"3:2",0.340611925807336,0.960489181561618,0.253796254349523,0.492159987953789,354.686,1500,0,"1500"
"Muraro","Refined Louvain","DIFS","true","original",1,"submitted",10,1.6094379124341,10,20,10,10,1500,1125,10,TRUE,2126,0,1125,1678,"3:1",0.735194726426286,0.960959548447789,0.646218138116902,0.796080130600613,455.923,1500,0,"1500"
"Muraro","Refined Louvain","DIFS","estimated","original",1,"submitted",20,1.6094379124341,10,20,20,20,2323,1125,20,TRUE,2126,0,1000,2151,"1:1",0.355144063846657,0.964722483537159,0.265723901565443,0.504946701654342,446.062,2500,0,"2500"
"Muraro","Refined Louvain","DIFS","true","original",1,"submitted",10,1.6094379124341,10,20,10,10,1921,1125,10,TRUE,2126,0,1125,1678,"1:1",0.668052913643621,0.954374412041392,0.569663435536881,0.745673688529613,317.58,2500,0,"2500"
"Muraro","SC3","DIFS","estimated","original",1,"submitted",20,1.6094379124341,10,20,20,20,1125,1125,20,TRUE,2126,0,1000,2151,"3:2",0.405399802819136,0.959548447789276,0.309057220750475,0.546195663734381,518.098,0,0,"gate_n"
"Muraro","SC3","DIFS","true","original",1,"submitted",10,1.6094379124341,10,20,10,10,1125,1125,10,TRUE,2126,0,1125,1678,"2:3",0.735098770432224,0.952492944496707,0.645458899066245,0.796633377917516,444.961,0,0,"gate_n"
"Muraro","SC3","DIFS","estimated","original",1,"submitted",20,1.6094379124341,10,20,20,20,100,1125,20,TRUE,2126,0,1000,2151,"3:1",0.47427199373546,0.958137347130762,0.371200481187237,0.601094819286919,679.582,100,0,"100"
"Muraro","SC3","DIFS","true","original",1,"submitted",10,1.6094379124341,10,20,10,10,100,1125,10,TRUE,2126,0,1125,1678,"3:2",0.697438550349458,0.902634054562559,0.606527047623557,0.764486372707704,474.818,100,0,"100"
"Muraro","SC3","DIFS","estimated","original",1,"submitted",20,1.6094379124341,10,20,20,20,200,1125,20,TRUE,2126,0,1000,2151,"2:1",0.392121705161873,0.946378174976482,0.298163727272378,0.534098118103481,746.522,200,0,"200"
"Muraro","SC3","DIFS","true","original",1,"submitted",10,1.6094379124341,10,20,10,10,200,1125,10,TRUE,2126,0,1125,1678,"3:2",0.931825077343648,0.959548447789276,0.899174313320369,0.947102730216745,452.22,200,0,"200"
"Muraro","SC3","DIFS","estimated","original",1,"submitted",20,1.6094379124341,10,20,20,20,300,1125,20,TRUE,2126,0,1000,2151,"3:2",0.368101999594562,0.955315145813735,0.277155014729384,0.514910536577167,661.889,300,0,"300"
"Muraro","SC3","DIFS","true","original",1,"submitted",10,1.6094379124341,10,20,10,10,300,1125,10,TRUE,2126,0,1125,1678,"1:1",0.732792606395704,0.951081843838194,0.642862140762075,0.794789852239672,454.67,300,0,"300"
"Muraro","SC3","DIFS","estimated","original",1,"submitted",20,1.6094379124341,10,20,20,20,500,1125,20,TRUE,2126,0,1000,2151,"2:1",0.401026939196861,0.942615239887112,0.306649692259096,0.540104655439663,527.427,500,0,"500"
"Muraro","SC3","DIFS","true","original",1,"submitted",10,1.6094379124341,10,20,10,10,500,1125,10,TRUE,2126,0,1125,1678,"1:2",0.732716720681197,0.952022577610536,0.642670816154228,0.794836192393505,546.137,500,0,"500"
"Muraro","SC3","DIFS","estimated","original",1,"submitted",20,1.6094379124341,10,20,20,20,750,1125,20,TRUE,2126,0,1000,2151,"2:1",0.427481604135257,0.959548447789276,0.329353610268799,0.562685786038148,529.46,750,0,"750"
"Muraro","SC3","DIFS","true","original",1,"submitted",10,1.6094379124341,10,20,10,10,750,1125,10,TRUE,2126,0,1125,1678,"1:2",0.729881840901031,0.950141110065851,0.639797311053636,0.792263479481738,644.323,750,0,"750"
"Muraro","SC3","DIFS","estimated","original",1,"submitted",20,1.6094379124341,10,20,20,20,1000,1125,20,TRUE,2126,0,1000,2151,"3:2",0.430690412197953,0.959548447789276,0.33201776308201,0.565615662638426,755.378,1000,0,"1000"
"Muraro","SC3","DIFS","true","original",1,"submitted",10,1.6094379124341,10,20,10,10,1000,1125,10,TRUE,2126,0,1125,1678,"2:3",0.732036421923695,0.952022577610536,0.641819173640128,0.794380744249537,452.97,1000,0,"1000"
"Muraro","SC3","DIFS","estimated","original",1,"submitted",20,1.6094379124341,10,20,20,20,1500,1125,20,TRUE,2126,0,1000,2151,"3:2",0.439133778411433,0.959548447789276,0.339047130633948,0.573340358866675,723.914,1500,0,"1500"
"Muraro","SC3","DIFS","true","original",1,"submitted",10,1.6094379124341,10,20,10,10,1500,1125,10,TRUE,2126,0,1125,1678,"3:1",0.739445599923379,0.952492944496707,0.65070512505528,0.799772569077182,626.055,1500,0,"1500"
"Muraro","SC3","DIFS","estimated","original",1,"submitted",20,1.6094379124341,10,20,20,20,2323,1125,20,TRUE,2126,0,1000,2151,"1:1",0.46547465237003,0.959078080903104,0.363149375674426,0.594037784279028,585.365,2500,0,"2500"
"Muraro","SC3","DIFS","true","original",1,"submitted",10,1.6094379124341,10,20,10,10,1921,1125,10,TRUE,2126,0,1125,1678,"1:1",0.737690922154214,0.951552210724365,0.64866202945217,0.79842835299902,593.887,2500,0,"2500"
"Muraro","Refined Louvain","FEAST","estimated","original",1,"submitted",20,1.6094379124341,10,20,20,20,1125,1125,19,FALSE,2126,0,NA,NA,NA,0.368349648380852,0.962370649106303,0.277013813081733,0.515790636614781,60.358,0,0,"gate_n"
"Muraro","Refined Louvain","FEAST","true","original",1,"submitted",10,1.6094379124341,10,20,10,10,1125,1125,10,TRUE,2126,0,NA,NA,NA,0.709632791595532,0.954844778927563,0.616259824667473,0.777126770133057,52.876,0,0,"gate_n"
"Muraro","Refined Louvain","FEAST","estimated","original",1,"submitted",20,1.6094379124341,10,20,20,20,100,1125,17,FALSE,2126,0,NA,NA,NA,0.347982616731433,0.942615239887112,0.261274446885914,0.495911597762268,89.809,100,0,"100"
"Muraro","Refined Louvain","FEAST","true","original",1,"submitted",10,1.6094379124341,10,20,10,10,100,1125,10,TRUE,2126,0,NA,NA,NA,0.650914579943808,0.946378174976482,0.550643114258513,0.733075802914824,48.75,100,0,"100"
"Muraro","Refined Louvain","FEAST","estimated","original",1,"submitted",20,1.6094379124341,10,20,20,20,200,1125,20,TRUE,2126,0,NA,NA,NA,0.369684516370265,0.968015051740358,0.277465382859,0.518248568362394,69.084,200,0,"200"
"Muraro","Refined Louvain","FEAST","true","original",1,"submitted",10,1.6094379124341,10,20,10,10,200,1125,10,TRUE,2126,0,NA,NA,NA,0.667777268456031,0.946378174976482,0.569184474256323,0.745663578067327,47.983,200,0,"200"
"Muraro","Refined Louvain","FEAST","estimated","original",1,"submitted",20,1.6094379124341,10,20,20,20,300,1125,20,TRUE,2126,0,NA,NA,NA,0.333530738363861,0.954844778927563,0.247288335492353,0.487387186370418,63.568,300,0,"300"
"Muraro","Refined Louvain","FEAST","true","original",1,"submitted",10,1.6094379124341,10,20,10,10,300,1125,10,TRUE,2126,0,NA,NA,NA,0.716438894718175,0.955315145813735,0.623844389087853,0.782497068596234,51.811,300,0,"300"
"Muraro","Refined Louvain","FEAST","estimated","original",1,"submitted",20,1.6094379124341,10,20,20,20,500,1125,20,TRUE,2126,0,NA,NA,NA,0.358693227971998,0.9689557855127,0.268057980665368,0.509249946458563,62.995,500,0,"500"
"Muraro","Refined Louvain","FEAST","true","original",1,"submitted",10,1.6094379124341,10,20,10,10,500,1125,10,TRUE,2126,0,NA,NA,NA,0.711630907583364,0.956255879586077,0.61826688133346,0.778928817493257,61.159,500,0,"500"
"Muraro","Refined Louvain","FEAST","estimated","original",1,"submitted",20,1.6094379124341,10,20,20,20,750,1125,20,TRUE,2126,0,NA,NA,NA,0.335620124192532,0.961900282220132,0.249430717334754,0.488332762870211,86.808,750,0,"750"
"Muraro","Refined Louvain","FEAST","true","original",1,"submitted",10,1.6094379124341,10,20,10,10,750,1125,10,TRUE,2126,0,NA,NA,NA,0.711303734610361,0.955315145813735,0.618304881339429,0.778252700366926,53.735,750,0,"750"
"Muraro","Refined Louvain","FEAST","estimated","original",1,"submitted",20,1.6094379124341,10,20,20,20,1000,1125,20,TRUE,2126,0,NA,NA,NA,0.32777155514447,0.962841015992474,0.243167639596844,0.481133295488492,65.182,1000,0,"1000"
"Muraro","Refined Louvain","FEAST","true","original",1,"submitted",10,1.6094379124341,10,20,10,10,1000,1125,10,TRUE,2126,0,NA,NA,NA,0.713109237284383,0.955315145813735,0.620149483727148,0.779847181120457,53.225,1000,0,"1000"
"Muraro","Refined Louvain","FEAST","estimated","original",1,"submitted",20,1.6094379124341,10,20,20,20,1500,1125,20,TRUE,2126,0,NA,NA,NA,0.338901402336778,0.961900282220132,0.2521364057434,0.491175017315197,61.896,1500,0,"1500"
"Muraro","Refined Louvain","FEAST","true","original",1,"submitted",10,1.6094379124341,10,20,10,10,1500,1125,10,TRUE,2126,0,NA,NA,NA,0.707131869902539,0.955315145813735,0.613312733310388,0.775333013592231,56.639,1500,0,"1500"
"Muraro","Refined Louvain","FEAST","estimated","original",1,"submitted",20,1.6094379124341,10,20,20,20,2500,1125,20,TRUE,2126,0,NA,NA,NA,0.325562261055338,0.963781749764817,0.24108378548969,0.479765558038397,62.484,2500,0,"2500"
"Muraro","Refined Louvain","FEAST","true","original",1,"submitted",10,1.6094379124341,10,20,10,10,2500,1125,10,TRUE,2126,0,NA,NA,NA,0.663881919688374,0.954374412041392,0.565250402290601,0.742333472373176,52.335,2500,0,"2500"
"Muraro","SC3","FEAST","estimated","original",1,"submitted",20,1.6094379124341,10,20,20,20,1125,1125,20,TRUE,2126,0,NA,NA,NA,0.437147949288047,0.96142991533396,0.33766206282237,0.57104743549577,241.217,0,0,"gate_n"
"Muraro","SC3","FEAST","true","original",1,"submitted",10,1.6094379124341,10,20,10,10,1125,1125,10,TRUE,2126,0,NA,NA,NA,0.737744307959242,0.952963311382879,0.648702847573722,0.798490202682051,191.815,0,0,"gate_n"
"Muraro","SC3","FEAST","estimated","original",1,"submitted",20,1.6094379124341,10,20,20,20,100,1125,20,TRUE,2126,0,NA,NA,NA,0.426054188490359,0.960489181561618,0.327411441411233,0.562713743731368,361.418,100,0,"100"
"Muraro","SC3","FEAST","true","original",1,"submitted",10,1.6094379124341,10,20,10,10,100,1125,10,TRUE,2126,0,NA,NA,NA,0.929221705675511,0.953904045155221,0.895484826054774,0.94508024634817,301.48,100,0,"100"
"Muraro","SC3","FEAST","estimated","original",1,"submitted",20,1.6094379124341,10,20,20,20,200,1125,20,TRUE,2126,0,NA,NA,NA,0.409683322171504,0.960959548447789,0.312735801745222,0.549825973072112,324.363,200,0,"200"
"Muraro","SC3","FEAST","true","original",1,"submitted",10,1.6094379124341,10,20,10,10,200,1125,10,TRUE,2126,0,NA,NA,NA,0.926709372936162,0.950611476952023,0.892197887966298,0.943120902606117,252.461,200,0,"200"
"Muraro","SC3","FEAST","estimated","original",1,"submitted",20,1.6094379124341,10,20,20,20,300,1125,20,TRUE,2126,0,NA,NA,NA,0.38804939292311,0.960959548447789,0.294012197660701,0.531902337922828,236.292,300,0,"300"
"Muraro","SC3","FEAST","true","original",1,"submitted",10,1.6094379124341,10,20,10,10,300,1125,10,TRUE,2126,0,NA,NA,NA,0.92790302929417,0.951081843838194,0.893858618716304,0.944048685509791,235.882,300,0,"300"
"Muraro","SC3","FEAST","estimated","original",1,"submitted",20,1.6094379124341,10,20,20,20,500,1125,20,TRUE,2126,0,NA,NA,NA,0.441418162127753,0.962370649106303,0.34123272970385,0.574941121220471,229.991,500,0,"500"
"Muraro","SC3","FEAST","true","original",1,"submitted",10,1.6094379124341,10,20,10,10,500,1125,10,TRUE,2126,0,NA,NA,NA,0.93681530652588,0.956255879586077,0.906384557996508,0.950978312459753,217.251,500,0,"500"
"Muraro","SC3","FEAST","estimated","original",1,"submitted",20,1.6094379124341,10,20,20,20,750,1125,20,TRUE,2126,0,NA,NA,NA,0.417562403219326,0.96142991533396,0.319544844758862,0.556462703924657,346.338,750,0,"750"
"Muraro","SC3","FEAST","true","original",1,"submitted",10,1.6094379124341,10,20,10,10,750,1125,10,TRUE,2126,0,NA,NA,NA,0.735611881752919,0.960489181561618,0.645814872652133,0.797272420976988,267.268,750,0,"750"
"Muraro","SC3","FEAST","estimated","original",1,"submitted",20,1.6094379124341,10,20,20,20,1000,1125,20,TRUE,2126,0,NA,NA,NA,0.442181761144868,0.96142991533396,0.341772444790664,0.575813624097413,232.363,1000,0,"1000"
"Muraro","SC3","FEAST","true","original",1,"submitted",10,1.6094379124341,10,20,10,10,1000,1125,10,TRUE,2126,0,NA,NA,NA,0.739724514437438,0.952022577610536,0.65113662322559,0.799882658777841,192.813,1000,0,"1000"
"Muraro","SC3","FEAST","estimated","original",1,"submitted",20,1.6094379124341,10,20,20,20,1500,1125,20,TRUE,2126,0,NA,NA,NA,0.434401382914464,0.960489181561618,0.334698333645168,0.569726062294828,247.587,1500,0,"1500"
"Muraro","SC3","FEAST","true","original",1,"submitted",10,1.6094379124341,10,20,10,10,1500,1125,10,TRUE,2126,0,NA,NA,NA,0.743012353082182,0.960018814675447,0.654360821960498,0.803019496931829,210.369,1500,0,"1500"
"Muraro","SC3","FEAST","estimated","original",1,"submitted",20,1.6094379124341,10,20,20,20,2500,1125,20,TRUE,2126,0,NA,NA,NA,0.436210598457646,0.96142991533396,0.336818775599724,0.570298563926009,317.667,2500,0,"2500"
"Muraro","SC3","FEAST","true","original",1,"submitted",10,1.6094379124341,10,20,10,10,2500,1125,10,TRUE,2126,0,NA,NA,NA,0.733299253776698,0.952022577610536,0.643411864640858,0.795215203900595,221.783,2500,0,"2500"
"Muraro","Refined Louvain","GateOnly","estimated","original",1,"submitted",20,1.6094379124341,10,20,20,20,1125,1125,19,FALSE,2126,0,NA,NA,NA,0.338990659775037,0.954374412041392,0.252144300879728,0.491385229375565,16.853,0,0,"gate_n"
"Muraro","Refined Louvain","GateOnly","true","original",1,"submitted",10,1.6094379124341,10,20,10,10,1125,1125,10,TRUE,2126,0,NA,NA,NA,0.663145511206524,0.954374412041392,0.564032351592376,0.742241999477933,19.112,0,0,"gate_n"
"Muraro","Refined Louvain","GateOnly","estimated","original",1,"submitted",20,1.6094379124341,10,20,20,20,100,1125,19,FALSE,2126,0,NA,NA,NA,0.271657649006135,0.898871119473189,0.203267074894018,0.421342757015288,30.201,100,0,"100"
"Muraro","Refined Louvain","GateOnly","true","original",1,"submitted",10,1.6094379124341,10,20,10,10,100,1125,10,TRUE,2126,0,NA,NA,NA,0.554388174765377,0.895578551269991,0.45786252354049,0.651831545755358,20.091,100,0,"100"
"Muraro","Refined Louvain","GateOnly","estimated","original",1,"submitted",20,1.6094379124341,10,20,20,20,200,1125,20,TRUE,2126,0,NA,NA,NA,0.336982703636627,0.945437441204139,0.251645507399983,0.487371962267727,30.379,200,0,"200"
"Muraro","Refined Louvain","GateOnly","true","original",1,"submitted",10,1.6094379124341,10,20,10,10,200,1125,10,TRUE,2126,0,NA,NA,NA,0.669544593526557,0.937441204139229,0.571827734691995,0.746233241819852,26.251,200,0,"200"
"Muraro","Refined Louvain","GateOnly","estimated","original",1,"submitted",20,1.6094379124341,10,20,20,20,300,1125,19,FALSE,2126,0,NA,NA,NA,0.323552248541242,0.951081843838194,0.239878641945582,0.477117196130292,18.703,300,0,"300"
"Muraro","Refined Louvain","GateOnly","true","original",1,"submitted",10,1.6094379124341,10,20,10,10,300,1125,9,FALSE,2126,0,NA,NA,NA,0.718278108994598,0.944026340545626,0.626709194077989,0.783141554516924,24.327,300,0,"300"
"Muraro","Refined Louvain","GateOnly","estimated","original",1,"submitted",20,1.6094379124341,10,20,20,20,500,1125,19,FALSE,2126,0,NA,NA,NA,0.322450985637986,0.952963311382879,0.238770083892973,0.476576100260016,19.015,500,0,"500"
"Muraro","Refined Louvain","GateOnly","true","original",1,"submitted",10,1.6094379124341,10,20,10,10,500,1125,10,TRUE,2126,0,NA,NA,NA,0.64909296950175,0.944026340545626,0.548972266425478,0.731346108983533,17.682,500,0,"500"
"Muraro","Refined Louvain","GateOnly","estimated","original",1,"submitted",20,1.6094379124341,10,20,20,20,750,1125,20,TRUE,2126,0,NA,NA,NA,0.305610222061784,0.955785512699906,0.224829468466625,0.462291752847989,19.79,750,0,"750"
"Muraro","Refined Louvain","GateOnly","true","original",1,"submitted",10,1.6094379124341,10,20,10,10,750,1125,10,TRUE,2126,0,NA,NA,NA,0.670983459244381,0.955785512699906,0.57260181540077,0.748216077528464,19.291,750,0,"750"
"Muraro","Refined Louvain","GateOnly","estimated","original",1,"submitted",20,1.6094379124341,10,20,20,20,1000,1125,19,FALSE,2126,0,NA,NA,NA,0.324914408882337,0.954844778927563,0.24070219837239,0.478895791435775,17.982,1000,0,"1000"
"Muraro","Refined Louvain","GateOnly","true","original",1,"submitted",10,1.6094379124341,10,20,10,10,1000,1125,10,TRUE,2126,0,NA,NA,NA,0.665771705163133,0.954374412041392,0.566986080863555,0.744141776913675,29.948,1000,0,"1000"
"Muraro","Refined Louvain","GateOnly","estimated","original",1,"submitted",20,1.6094379124341,10,20,20,20,1125,1125,19,FALSE,2126,0,NA,NA,NA,0.338990659775037,0.954374412041392,0.252144300879728,0.491385229375565,25.708,1500,0,"1500"
"Muraro","Refined Louvain","GateOnly","true","original",1,"submitted",10,1.6094379124341,10,20,10,10,1125,1125,10,TRUE,2126,0,NA,NA,NA,0.663145511206524,0.954374412041392,0.564032351592376,0.742241999477933,25.94,1500,0,"1500"
"Muraro","Refined Louvain","GateOnly","estimated","original",1,"submitted",20,1.6094379124341,10,20,20,20,1125,1125,19,FALSE,2126,0,NA,NA,NA,0.338990659775037,0.954374412041392,0.252144300879728,0.491385229375565,17.796,2500,0,"2500"
"Muraro","Refined Louvain","GateOnly","true","original",1,"submitted",10,1.6094379124341,10,20,10,10,1125,1125,10,TRUE,2126,0,NA,NA,NA,0.663145511206524,0.954374412041392,0.564032351592376,0.742241999477933,19.005,2500,0,"2500"
"Muraro","SC3","GateOnly","estimated","original",1,"submitted",20,1.6094379124341,10,20,20,20,1125,1125,20,TRUE,2126,0,NA,NA,NA,0.422437571677647,0.95719661335842,0.324751737071881,0.558813768092451,195.13,0,0,"gate_n"
"Muraro","SC3","GateOnly","true","original",1,"submitted",10,1.6094379124341,10,20,10,10,1125,1125,10,TRUE,2126,0,NA,NA,NA,0.738838999647229,0.952492944496707,0.649946963093498,0.799358561565362,207.616,0,0,"gate_n"
"Muraro","SC3","GateOnly","estimated","original",1,"submitted",20,1.6094379124341,10,20,20,20,100,1125,20,TRUE,2126,0,NA,NA,NA,0.526042518181247,0.952492944496707,0.42141104400246,0.63959784369096,303.204,100,0,"100"
"Muraro","SC3","GateOnly","true","original",1,"submitted",10,1.6094379124341,10,20,10,10,100,1125,10,TRUE,2126,0,NA,NA,NA,0.673625358231217,0.906396989651928,0.580122221574004,0.746070313350666,194.007,100,0,"100"
"Muraro","SC3","GateOnly","estimated","original",1,"submitted",20,1.6094379124341,10,20,20,20,200,1125,20,TRUE,2126,0,NA,NA,NA,0.394369619465842,0.957666980244591,0.300135264438134,0.535906753152227,233.505,200,0,"200"
"Muraro","SC3","GateOnly","true","original",1,"submitted",10,1.6094379124341,10,20,10,10,200,1125,10,TRUE,2126,0,NA,NA,NA,0.68835782136022,0.952022577610536,0.592203869714204,0.761026397954467,172.682,200,0,"200"
"Muraro","SC3","GateOnly","estimated","original",1,"submitted",20,1.6094379124341,10,20,20,20,300,1125,20,TRUE,2126,0,NA,NA,NA,0.381465309779036,0.956726246472248,0.28917769693712,0.52492023361421,204.243,300,0,"300"
"Muraro","SC3","GateOnly","true","original",1,"submitted",10,1.6094379124341,10,20,10,10,300,1125,10,TRUE,2126,0,NA,NA,NA,0.704413689586773,0.959548447789276,0.609573628296701,0.773984255791332,182.486,300,0,"300"
"Muraro","SC3","GateOnly","estimated","original",1,"submitted",20,1.6094379124341,10,20,20,20,500,1125,20,TRUE,2126,0,NA,NA,NA,0.46025927050333,0.958607714016933,0.359437797164082,0.588115406718242,198.378,500,0,"500"
"Muraro","SC3","GateOnly","true","original",1,"submitted",10,1.6094379124341,10,20,10,10,500,1125,10,TRUE,2126,0,NA,NA,NA,0.705070755390918,0.960959548447789,0.610236827527655,0.774575804576563,189.338,500,0,"500"
"Muraro","SC3","GateOnly","estimated","original",1,"submitted",20,1.6094379124341,10,20,20,20,750,1125,20,TRUE,2126,0,NA,NA,NA,0.415809618905099,0.960018814675447,0.318083507459951,0.554883891053169,203.787,750,0,"750"
"Muraro","SC3","GateOnly","true","original",1,"submitted",10,1.6094379124341,10,20,10,10,750,1125,10,TRUE,2126,0,NA,NA,NA,0.736333074056757,0.952963311382879,0.646847597583379,0.797623873721179,170.673,750,0,"750"
"Muraro","SC3","GateOnly","estimated","original",1,"submitted",20,1.6094379124341,10,20,20,20,1000,1125,20,TRUE,2126,0,NA,NA,NA,0.401646273396147,0.958137347130762,0.306447583837421,0.541911975114709,196.301,1000,0,"1000"
"Muraro","SC3","GateOnly","true","original",1,"submitted",10,1.6094379124341,10,20,10,10,1000,1125,10,TRUE,2126,0,NA,NA,NA,0.736357696448364,0.95343367826905,0.646837373651254,0.797682283761255,198.588,1000,0,"1000"
"Muraro","SC3","GateOnly","estimated","original",1,"submitted",20,1.6094379124341,10,20,20,20,1125,1125,20,TRUE,2126,0,NA,NA,NA,0.422437571677647,0.95719661335842,0.324751737071881,0.558813768092451,190.822,1500,0,"1500"
"Muraro","SC3","GateOnly","true","original",1,"submitted",10,1.6094379124341,10,20,10,10,1125,1125,10,TRUE,2126,0,NA,NA,NA,0.738838999647229,0.952492944496707,0.649946963093498,0.799358561565362,234.98,1500,0,"1500"
"Muraro","SC3","GateOnly","estimated","original",1,"submitted",20,1.6094379124341,10,20,20,20,1125,1125,20,TRUE,2126,0,NA,NA,NA,0.422437571677647,0.95719661335842,0.324751737071881,0.558813768092451,191.72,2500,0,"2500"
"Muraro","SC3","GateOnly","true","original",1,"submitted",10,1.6094379124341,10,20,10,10,1125,1125,10,TRUE,2126,0,NA,NA,NA,0.738838999647229,0.952492944496707,0.649946963093498,0.799358561565362,233.922,2500,0,"2500"
"Muraro","Refined Louvain","Seurat","estimated","original",1,"submitted",20,1.6094379124341,10,20,20,20,1125,1125,20,TRUE,2126,0,NA,NA,NA,0.33823452761168,0.953904045155221,0.251796411226341,0.490175540556422,19.658,0,0,"gate_n"
"Muraro","Refined Louvain","Seurat","true","original",1,"submitted",10,1.6094379124341,10,20,10,10,1125,1125,10,TRUE,2126,0,NA,NA,NA,0.885446357700516,0.948730009407338,0.834763257575758,0.911228077063503,25.713,0,0,"gate_n"
"Muraro","Refined Louvain","Seurat","estimated","original",1,"submitted",20,1.6094379124341,10,20,20,20,100,1125,19,FALSE,2126,0,NA,NA,NA,0.196563075012597,0.742709313264346,0.16185016948077,0.333021595727237,34.789,100,0,"100"
"Muraro","Refined Louvain","Seurat","true","original",1,"submitted",10,1.6094379124341,10,20,10,10,100,1125,10,TRUE,2126,0,NA,NA,NA,0.328356688258058,0.722013170272813,0.288606184702449,0.458314177250158,21.097,100,0,"100"
"Muraro","Refined Louvain","Seurat","estimated","original",1,"submitted",20,1.6094379124341,10,20,20,20,200,1125,19,FALSE,2126,0,NA,NA,NA,0.249355455558827,0.827845719661336,0.195627643805889,0.388963168911022,26.355,200,0,"200"
"Muraro","Refined Louvain","Seurat","true","original",1,"submitted",10,1.6094379124341,10,20,10,10,200,1125,10,TRUE,2126,0,NA,NA,NA,0.378173210618369,0.807619943555974,0.319637515679779,0.499440019848535,18.422,200,0,"200"
"Muraro","Refined Louvain","Seurat","estimated","original",1,"submitted",20,1.6094379124341,10,20,20,20,300,1125,20,TRUE,2126,0,NA,NA,NA,0.340190387112028,0.909689557855127,0.258013449462625,0.483788628689247,19.38,300,0,"300"
"Muraro","Refined Louvain","Seurat","true","original",1,"submitted",10,1.6094379124341,10,20,10,10,300,1125,10,TRUE,2126,0,NA,NA,NA,0.785095984376456,0.907337723424271,0.711753387358638,0.832328298883367,18.303,300,0,"300"
"Muraro","Refined Louvain","Seurat","estimated","original",1,"submitted",20,1.6094379124341,10,20,20,20,500,1125,20,TRUE,2126,0,NA,NA,NA,0.336942912363983,0.930856067732832,0.253297620226928,0.484279131060757,20.434,500,0,"500"
"Muraro","Refined Louvain","Seurat","true","original",1,"submitted",10,1.6094379124341,10,20,10,10,500,1125,10,TRUE,2126,0,NA,NA,NA,0.825851282079194,0.910159924741298,0.75992914547432,0.864295437597939,18.825,500,0,"500"
"Muraro","Refined Louvain","Seurat","estimated","original",1,"submitted",20,1.6094379124341,10,20,20,20,750,1125,20,TRUE,2126,0,NA,NA,NA,0.331602965345018,0.947318908748824,0.24684491320386,0.483412668089969,23.945,750,0,"750"
"Muraro","Refined Louvain","Seurat","true","original",1,"submitted",10,1.6094379124341,10,20,10,10,750,1125,10,TRUE,2126,0,NA,NA,NA,0.861607130886229,0.951552210724365,0.803660215069806,0.892490213979116,21.168,750,0,"750"
"Muraro","Refined Louvain","Seurat","estimated","original",1,"submitted",20,1.6094379124341,10,20,20,20,1000,1125,20,TRUE,2126,0,NA,NA,NA,0.374562069263734,0.952492944496707,0.282821034243268,0.519997039004255,18.225,1000,0,"1000"
"Muraro","Refined Louvain","Seurat","true","original",1,"submitted",10,1.6094379124341,10,20,10,10,1000,1125,11,FALSE,2126,0,NA,NA,NA,0.857080433047398,0.951081843838194,0.797375420641739,0.889130682746839,18.026,1000,0,"1000"
"Muraro","Refined Louvain","Seurat","estimated","original",1,"submitted",20,1.6094379124341,10,20,20,20,1500,1125,20,TRUE,2126,0,NA,NA,NA,0.319039019602084,0.956726246472248,0.236331715655795,0.472887698507342,18.638,1500,0,"1500"
"Muraro","Refined Louvain","Seurat","true","original",1,"submitted",10,1.6094379124341,10,20,10,10,1500,1125,10,TRUE,2126,0,NA,NA,NA,0.895498977926235,0.962370649106303,0.848531278314673,0.918949377081178,27.133,1500,0,"1500"
"Muraro","Refined Louvain","Seurat","estimated","original",1,"submitted",20,1.6094379124341,10,20,20,20,2500,1125,20,TRUE,2126,0,NA,NA,NA,0.352316296618559,0.958607714016933,0.263292913148721,0.502667611470166,18.927,2500,0,"2500"
"Muraro","Refined Louvain","Seurat","true","original",1,"submitted",10,1.6094379124341,10,20,10,10,2500,1125,10,TRUE,2126,0,NA,NA,NA,0.905914569450898,0.959548447789276,0.862737688793356,0.927053600803691,18.974,2500,0,"2500"
"Muraro","SC3","Seurat","estimated","original",1,"submitted",20,1.6094379124341,10,20,20,20,1125,1125,20,TRUE,2126,0,NA,NA,NA,0.401357632919592,0.954844778927563,0.305798474328909,0.542392734639813,305.637,0,0,"gate_n"
"Muraro","SC3","Seurat","true","original",1,"submitted",10,1.6094379124341,10,20,10,10,1125,1125,10,TRUE,2126,0,NA,NA,NA,0.715014272459227,0.943555973659454,0.622808470588235,0.780811619230745,246.036,0,0,"gate_n"
"Muraro","SC3","Seurat","estimated","original",1,"submitted",20,1.6094379124341,10,20,20,20,100,1125,20,TRUE,2126,0,NA,NA,NA,0.214644878055767,0.728127939793039,0.177388580577424,0.350611183316177,292.08,100,0,"100"
"Muraro","SC3","Seurat","true","original",1,"submitted",10,1.6094379124341,10,20,10,10,100,1125,10,TRUE,2126,0,NA,NA,NA,0.266321706892434,0.660395108184384,0.24030248533998,0.402281664552392,176.785,100,0,"100"
"Muraro","SC3","Seurat","estimated","original",1,"submitted",20,1.6094379124341,10,20,20,20,200,1125,20,TRUE,2126,0,NA,NA,NA,0.385500774202493,0.869238005644403,0.30421739642078,0.513064083375763,232.467,200,0,"200"
"Muraro","SC3","Seurat","true","original",1,"submitted",10,1.6094379124341,10,20,10,10,200,1125,10,TRUE,2126,0,NA,NA,NA,0.397833085770971,0.77140169332079,0.335890697207153,0.516421779306329,231.283,200,0,"200"
"Muraro","SC3","Seurat","estimated","original",1,"submitted",20,1.6094379124341,10,20,20,20,300,1125,20,TRUE,2126,0,NA,NA,NA,0.557717260313697,0.943085606773283,0.453456552911358,0.662653793098664,215.911,300,0,"300"
"Muraro","SC3","Seurat","true","original",1,"submitted",10,1.6094379124341,10,20,10,10,300,1125,10,TRUE,2126,0,NA,NA,NA,0.655567951929434,0.888993414863594,0.564044521906705,0.730131378370555,181.128,300,0,"300"
"Muraro","SC3","Seurat","estimated","original",1,"submitted",20,1.6094379124341,10,20,20,20,500,1125,20,TRUE,2126,0,NA,NA,NA,0.422797447959077,0.949200376293509,0.325501895228472,0.558362206786518,232.1,500,0,"500"
"Muraro","SC3","Seurat","true","original",1,"submitted",10,1.6094379124341,10,20,10,10,500,1125,10,TRUE,2126,0,NA,NA,NA,0.713335998445372,0.948730009407338,0.621295483696753,0.779146940777315,201.142,500,0,"500"
"Muraro","SC3","Seurat","estimated","original",1,"submitted",20,1.6094379124341,10,20,20,20,750,1125,20,TRUE,2126,0,NA,NA,NA,0.424400000396319,0.94967074317968,0.326816682013505,0.559844104367463,324.183,750,0,"750"
"Muraro","SC3","Seurat","true","original",1,"submitted",10,1.6094379124341,10,20,10,10,750,1125,10,TRUE,2126,0,NA,NA,NA,0.699919475720007,0.905926622765757,0.609088470920506,0.766541030400503,219.663,750,0,"750"
"Muraro","SC3","Seurat","estimated","original",1,"submitted",20,1.6094379124341,10,20,20,20,1000,1125,20,TRUE,2126,0,NA,NA,NA,0.36711183519885,0.952492944496707,0.276452908896397,0.513819188259928,242.083,1000,0,"1000"
"Muraro","SC3","Seurat","true","original",1,"submitted",10,1.6094379124341,10,20,10,10,1000,1125,10,TRUE,2126,0,NA,NA,NA,0.702341324659289,0.907337723424271,0.611557190740643,0.768573309919709,203.72,1000,0,"1000"
"Muraro","SC3","Seurat","estimated","original",1,"submitted",20,1.6094379124341,10,20,20,20,1500,1125,20,TRUE,2126,0,NA,NA,NA,0.413910612676404,0.954374412041392,0.317270603783443,0.551796116384424,223.765,1500,0,"1500"
"Muraro","SC3","Seurat","true","original",1,"submitted",10,1.6094379124341,10,20,10,10,1500,1125,10,TRUE,2126,0,NA,NA,NA,0.724437907105449,0.944967074317968,0.634036297082507,0.787613048525951,287.923,1500,0,"1500"
"Muraro","SC3","Seurat","estimated","original",1,"submitted",20,1.6094379124341,10,20,20,20,2500,1125,20,TRUE,2126,0,NA,NA,NA,0.405562235587792,0.956255879586077,0.309643586108188,0.54551928621383,206.141,2500,0,"2500"
"Muraro","SC3","Seurat","true","original",1,"submitted",10,1.6094379124341,10,20,10,10,2500,1125,10,TRUE,2126,0,NA,NA,NA,0.728916190678715,0.948730009407338,0.638699633803189,0.791507172780352,179.582,2500,0,"2500"
"Muraro","Refined Louvain","Variance","estimated","original",1,"submitted",20,1.6094379124341,10,20,20,20,1125,1125,20,TRUE,2126,0,NA,NA,NA,0.327352829436919,0.963311382878645,0.242513108816693,0.481402972831963,18.906,0,0,"gate_n"
"Muraro","Refined Louvain","Variance","true","original",1,"submitted",10,1.6094379124341,10,20,10,10,1125,1125,10,TRUE,2126,0,NA,NA,NA,0.644484435845248,0.94590780809031,0.544019117933659,0.727834576311727,18.287,0,0,"gate_n"
"Muraro","Refined Louvain","Variance","estimated","original",1,"submitted",20,1.6094379124341,10,20,20,20,100,1125,20,TRUE,2126,0,NA,NA,NA,0.353999798224332,0.961900282220132,0.263748068260921,0.506043704625392,23.057,100,0,"100"
"Muraro","Refined Louvain","Variance","true","original",1,"submitted",10,1.6094379124341,10,20,10,10,100,1125,9,FALSE,2126,0,NA,NA,NA,0.872221997008238,0.955785512699906,0.816609141622149,0.90128043215148,27.342,100,0,"100"
"Muraro","Refined Louvain","Variance","estimated","original",1,"submitted",20,1.6094379124341,10,20,20,20,200,1125,20,TRUE,2126,0,NA,NA,NA,0.309765980292359,0.955785512699906,0.228178138277029,0.465994262062345,20.716,200,0,"200"
"Muraro","Refined Louvain","Variance","true","original",1,"submitted",10,1.6094379124341,10,20,10,10,200,1125,10,TRUE,2126,0,NA,NA,NA,0.713197992350192,0.956255879586077,0.619817986460987,0.780375470652878,29.737,200,0,"200"
"Muraro","Refined Louvain","Variance","estimated","original",1,"submitted",20,1.6094379124341,10,20,20,20,300,1125,19,FALSE,2126,0,NA,NA,NA,0.336211021064359,0.954374412041392,0.249859569810694,0.488962506507769,19.313,300,0,"300"
"Muraro","Refined Louvain","Variance","true","original",1,"submitted",10,1.6094379124341,10,20,10,10,300,1125,10,TRUE,2126,0,NA,NA,NA,0.704880622405641,0.954844778927563,0.61057909032021,0.773812661006892,26.892,300,0,"300"
"Muraro","Refined Louvain","Variance","estimated","original",1,"submitted",20,1.6094379124341,10,20,20,20,500,1125,20,TRUE,2126,0,NA,NA,NA,0.337375895713974,0.955315145813735,0.250714099481445,0.490186646862556,17.819,500,0,"500"
"Muraro","Refined Louvain","Variance","true","original",1,"submitted",10,1.6094379124341,10,20,10,10,500,1125,10,TRUE,2126,0,NA,NA,NA,0.713033964110375,0.956255879586077,0.619667981129426,0.780210208305011,25.683,500,0,"500"
"Muraro","Refined Louvain","Variance","estimated","original",1,"submitted",20,1.6094379124341,10,20,20,20,750,1125,20,TRUE,2126,0,NA,NA,NA,0.340183845823939,0.961900282220132,0.253215024546886,0.492244871370035,17.793,750,0,"750"
"Muraro","Refined Louvain","Variance","true","original",1,"submitted",10,1.6094379124341,10,20,10,10,750,1125,10,TRUE,2126,0,NA,NA,NA,0.704872074916043,0.955315145813735,0.610493116983793,0.773888603333827,23.162,750,0,"750"
"Muraro","Refined Louvain","Variance","estimated","original",1,"submitted",20,1.6094379124341,10,20,20,20,1000,1125,20,TRUE,2126,0,NA,NA,NA,0.323442317091917,0.955315145813735,0.239395904252445,0.477819794963021,17.221,1000,0,"1000"
"Muraro","Refined Louvain","Variance","true","original",1,"submitted",10,1.6094379124341,10,20,10,10,1000,1125,10,TRUE,2126,0,NA,NA,NA,0.665659026913053,0.955315145813735,0.566714762701999,0.744226186703223,27.16,1000,0,"1000"
"Muraro","Refined Louvain","Variance","estimated","original",1,"submitted",20,1.6094379124341,10,20,20,20,1500,1125,20,TRUE,2126,0,NA,NA,NA,0.343611720041892,0.96142991533396,0.256185435777162,0.494935214773425,26.43,1500,0,"1500"
"Muraro","Refined Louvain","Variance","true","original",1,"submitted",10,1.6094379124341,10,20,10,10,1500,1125,10,TRUE,2126,0,NA,NA,NA,0.663034628190334,0.954374412041392,0.564129678112562,0.741908296136713,17.957,1500,0,"1500"
"Muraro","Refined Louvain","Variance","estimated","original",1,"submitted",20,1.6094379124341,10,20,20,20,2500,1125,19,FALSE,2126,0,NA,NA,NA,0.41107635312213,0.966133584195673,0.313716439874701,0.551409128290532,18.039,2500,0,"2500"
"Muraro","Refined Louvain","Variance","true","original",1,"submitted",10,1.6094379124341,10,20,10,10,2500,1125,10,TRUE,2126,0,NA,NA,NA,0.665176851594432,0.953904045155221,0.566484834270237,0.743520257871594,26.698,2500,0,"2500"
"Muraro","SC3","Variance","estimated","original",1,"submitted",20,1.6094379124341,10,20,20,20,1125,1125,20,TRUE,2126,0,NA,NA,NA,0.418644795263778,0.960018814675447,0.320897233133054,0.556619925884903,266.606,0,0,"gate_n"
"Muraro","SC3","Variance","true","original",1,"submitted",10,1.6094379124341,10,20,10,10,1125,1125,10,TRUE,2126,0,NA,NA,NA,0.733039718548637,0.950611476952023,0.643287057583752,0.794841319757511,227.371,0,0,"gate_n"
"Muraro","SC3","Variance","estimated","original",1,"submitted",20,1.6094379124341,10,20,20,20,100,1125,20,TRUE,2126,0,NA,NA,NA,0.413558715711286,0.962370649106303,0.316378509804526,0.552548062946118,258.24,100,0,"100"
"Muraro","SC3","Variance","true","original",1,"submitted",10,1.6094379124341,10,20,10,10,100,1125,10,TRUE,2126,0,NA,NA,NA,0.736434108220478,0.95343367826905,0.646567476351191,0.798115827645602,172.506,100,0,"100"
"Muraro","SC3","Variance","estimated","original",1,"submitted",20,1.6094379124341,10,20,20,20,200,1125,20,TRUE,2126,0,NA,NA,NA,0.411801104647139,0.958607714016933,0.315250972302593,0.550366879728784,265.287,200,0,"200"
"Muraro","SC3","Variance","true","original",1,"submitted",10,1.6094379124341,10,20,10,10,200,1125,10,TRUE,2126,0,NA,NA,NA,0.931343146772216,0.959548447789276,0.898553415625385,0.946722153172913,194.962,200,0,"200"
"Muraro","SC3","Variance","estimated","original",1,"submitted",20,1.6094379124341,10,20,20,20,300,1125,20,TRUE,2126,0,NA,NA,NA,0.423737788539534,0.962841015992474,0.324985761311311,0.561508562876215,194.316,300,0,"300"
"Muraro","SC3","Variance","true","original",1,"submitted",10,1.6094379124341,10,20,10,10,300,1125,10,TRUE,2126,0,NA,NA,NA,0.733468361363997,0.951552210724365,0.643752751124537,0.795200142253286,160.378,300,0,"300"
"Muraro","SC3","Variance","estimated","original",1,"submitted",20,1.6094379124341,10,20,20,20,500,1125,20,TRUE,2126,0,NA,NA,NA,0.40640140421333,0.96142991533396,0.310219484020023,0.546491061224049,197.975,500,0,"500"
"Muraro","SC3","Variance","true","original",1,"submitted",10,1.6094379124341,10,20,10,10,500,1125,10,TRUE,2126,0,NA,NA,NA,0.73945393958937,0.96142991533396,0.650009992481847,0.800504575453417,169.96,500,0,"500"
"Muraro","SC3","Variance","estimated","original",1,"submitted",20,1.6094379124341,10,20,20,20,750,1125,20,TRUE,2126,0,NA,NA,NA,0.407770160230044,0.960489181561618,0.311337235618269,0.547755482736485,201.625,750,0,"750"
"Muraro","SC3","Variance","true","original",1,"submitted",10,1.6094379124341,10,20,10,10,750,1125,10,TRUE,2126,0,NA,NA,NA,0.742746127760762,0.960489181561618,0.654039333881907,0.802826379963903,176.783,750,0,"750"
"Muraro","SC3","Variance","estimated","original",1,"submitted",20,1.6094379124341,10,20,20,20,1000,1125,20,TRUE,2126,0,NA,NA,NA,0.409656583515963,0.959548447789276,0.313208759663374,0.548901840144633,189.145,1000,0,"1000"
"Muraro","SC3","Variance","true","original",1,"submitted",10,1.6094379124341,10,20,10,10,1000,1125,10,TRUE,2126,0,NA,NA,NA,0.737848315899998,0.951552210724365,0.64874838748728,0.798644637269077,167.532,1000,0,"1000"
"Muraro","SC3","Variance","estimated","original",1,"submitted",20,1.6094379124341,10,20,20,20,1500,1125,20,TRUE,2126,0,NA,NA,NA,0.402542400204825,0.958137347130762,0.306983115543858,0.543088423174801,204.992,1500,0,"1500"
"Muraro","SC3","Variance","true","original",1,"submitted",10,1.6094379124341,10,20,10,10,1500,1125,10,TRUE,2126,0,NA,NA,NA,0.739330520066497,0.960018814675447,0.649924863517909,0.800347043175191,242.236,1500,0,"1500"
"Muraro","SC3","Variance","estimated","original",1,"submitted",20,1.6094379124341,10,20,20,20,2500,1125,20,TRUE,2126,0,NA,NA,NA,0.426383637996031,0.958137347130762,0.327611005070661,0.563147372871845,238.775,2500,0,"2500"
"Muraro","SC3","Variance","true","original",1,"submitted",10,1.6094379124341,10,20,10,10,2500,1125,10,TRUE,2126,0,NA,NA,NA,0.740547708884876,0.959548447789276,0.651445035073482,0.801171534562774,240.311,2500,0,"2500"
"Romanov","Refined Louvain","DIFS","true","original",1,NA,NA,1.6094379124341,7,30,7,7,2332,2332,7,TRUE,2881,0,1100,2976,"1:1",0.708810510018368,0.857688302672683,0.64828557904235,0.788655420642003,859.442,0,NA,"gate_n"
"Romanov","Refined Louvain","DIFS","estimated","original",1,NA,NA,1.6094379124341,7,30,30,30,2332,2332,NA,NA,NA,NA,2000,5279,"1:3",0.194428763259948,0.901770218674071,0.145045682526516,0.358043987921291,877.737,0,NA,"gate_n"
"Romanov","Refined Louvain","DIFS","true","original",1,NA,NA,1.6094379124341,7,30,7,7,100,2332,8,FALSE,2881,0,1100,2976,"2:1",0.514614017679569,0.834432488719195,0.442455091055334,0.62401340005045,710.481,100,NA,"100"
"Romanov","Refined Louvain","DIFS","estimated","original",1,NA,NA,1.6094379124341,7,30,30,30,100,2332,NA,NA,NA,NA,2000,5279,"1:2",0.219755391501409,0.884762235334953,0.165914223339458,0.381806802714098,884.977,100,NA,"100"
"Romanov","Refined Louvain","DIFS","true","original",1,NA,NA,1.6094379124341,7,30,7,7,200,2332,7,TRUE,2881,0,1100,2976,"2:3",0.540300056814981,0.827490454703228,0.474542727321123,0.646773925963244,729.819,200,NA,"200"
"Romanov","Refined Louvain","DIFS","estimated","original",1,NA,NA,1.6094379124341,7,30,30,30,200,2332,NA,NA,NA,NA,2000,5279,"2:3",0.212336021149734,0.8958694897605,0.158238909206175,0.377422451333635,872.011,200,NA,"200"
"Romanov","Refined Louvain","DIFS","true","original",1,NA,NA,1.6094379124341,7,30,7,7,300,2332,7,TRUE,2881,0,1100,2976,"1:2",0.582116924893038,0.829920166608816,0.515855787488012,0.681627521912094,708.944,300,NA,"300"
"Romanov","Refined Louvain","DIFS","estimated","original",1,NA,NA,1.6094379124341,7,30,30,30,300,2332,NA,NA,NA,NA,2000,5279,"1:1",0.203368603872718,0.903158625477265,0.150921793295756,0.368998044243213,871.238,300,NA,"300"
"Romanov","Refined Louvain","DIFS","true","original",1,NA,NA,1.6094379124341,7,30,7,7,500,2332,7,TRUE,2881,0,1100,2976,"1:2",0.603434764681221,0.824366539396043,0.535052278306319,0.698073449432462,725.767,500,NA,"500"
"Romanov","Refined Louvain","DIFS","estimated","original",1,NA,NA,1.6094379124341,7,30,30,30,500,2332,NA,NA,NA,NA,2000,5279,"1:1",0.20359795773429,0.903505727178063,0.151302511258755,0.368871744048194,858.68,500,NA,"500"
"Romanov","Refined Louvain","DIFS","true","original",1,NA,NA,1.6094379124341,7,30,7,7,750,2332,7,TRUE,2881,0,1100,2976,"1:3",0.606209839840597,0.836862200624783,0.541361873173994,0.702582620996431,699.736,750,NA,"750"
"Romanov","Refined Louvain","DIFS","estimated","original",1,NA,NA,1.6094379124341,7,30,30,30,750,2332,NA,NA,NA,NA,2000,5279,"1:3",0.182155859641421,0.90628254078445,0.134987815462046,0.346292482915581,873.046,750,NA,"750"
"Romanov","Refined Louvain","DIFS","true","original",1,NA,NA,1.6094379124341,7,30,7,7,1000,2332,7,TRUE,2881,0,1100,2976,"1:3",0.624929489461955,0.83755640402638,0.559917617116827,0.717893553550564,704.187,1000,NA,"1000"
"Romanov","Refined Louvain","DIFS","estimated","original",1,NA,NA,1.6094379124341,7,30,30,30,1000,2332,NA,NA,NA,NA,2000,5279,"1:3",0.190819861902157,0.906976744186046,0.141705556707502,0.355264228472484,1455.802,1000,NA,"1000"
"Romanov","Refined Louvain","DIFS","true","original",1,NA,NA,1.6094379124341,7,30,7,7,1500,2332,6,FALSE,2881,0,1100,2976,"2:1",0.719460392101556,0.848663658451926,0.661831857774775,0.800657569214035,919.899,1500,NA,"1500"
"Romanov","Refined Louvain","DIFS","estimated","original",1,NA,NA,1.6094379124341,7,30,30,30,1500,2332,NA,NA,NA,NA,2000,5279,"1:3",0.200088086499453,0.90836515098924,0.148635798821051,0.365207510368431,858.216,1500,NA,"1500"
"Romanov","Refined Louvain","DIFS","true","original",1,NA,NA,1.6094379124341,7,30,7,7,2500,2332,7,TRUE,2881,0,1100,2976,"2:1",0.711872581305731,0.859076709475876,0.651239760147875,0.79077421517518,707.469,2500,NA,"2500"
"Romanov","Refined Louvain","DIFS","estimated","original",1,NA,NA,1.6094379124341,7,30,30,30,2500,2332,NA,NA,NA,NA,2000,5279,"1:3",0.192305146501658,0.905935439083651,0.143128179034122,0.356321199129843,874.379,2500,NA,"2500"
"Romanov","SC3","DIFS","true","original",1,NA,NA,1.6094379124341,7,30,7,7,2332,2332,7,TRUE,2881,0,1100,2976,"1:1",0.53507688374567,0.77716070808747,0.473680438654273,0.644440047515444,1169.834,0,NA,"gate_n"
"Romanov","SC3","DIFS","estimated","original",1,NA,NA,1.6094379124341,7,30,30,30,2332,2332,NA,NA,NA,NA,2000,5279,"1:3",0.204155943248865,0.83755640402638,0.156869999451549,0.361875748890909,1597.02,0,NA,"gate_n"
"Romanov","SC3","DIFS","true","original",1,NA,NA,1.6094379124341,7,30,7,7,100,2332,7,TRUE,2881,0,1100,2976,"2:1",0.585073461709872,0.767094758764318,0.524466176366091,0.688071814604126,995.957,100,NA,"100"
"Romanov","SC3","DIFS","estimated","original",1,NA,NA,1.6094379124341,7,30,30,30,100,2332,NA,NA,NA,NA,2000,5279,"1:2",0.226692522603957,0.855605692467893,0.17279150095179,0.386628253238763,1340.778,100,NA,"100"
"Romanov","SC3","DIFS","true","original",1,NA,NA,1.6094379124341,7,30,7,7,200,2332,7,TRUE,2881,0,1100,2976,"2:3",0.545522203083118,0.780631725095453,0.486352829646439,0.654918075980323,984.935,200,NA,"200"
"Romanov","SC3","DIFS","estimated","original",1,NA,NA,1.6094379124341,7,30,30,30,200,2332,NA,NA,NA,NA,2000,5279,"2:3",0.18624928697198,0.841027421034363,0.142221815622275,0.344298806094985,1445.749,200,NA,"200"
"Romanov","SC3","DIFS","true","original",1,NA,NA,1.6094379124341,7,30,7,7,300,2332,7,TRUE,2881,0,1100,2976,"1:2",0.55261323780775,0.784796945505033,0.489893506715298,0.658749987868339,1129.019,300,NA,"300"
"Romanov","SC3","DIFS","estimated","original",1,NA,NA,1.6094379124341,7,30,30,30,300,2332,NA,NA,NA,NA,2000,5279,"1:1",0.206771313382481,0.84380423464075,0.15840703762294,0.365157018131793,1303.649,300,NA,"300"
"Romanov","SC3","DIFS","true","original",1,NA,NA,1.6094379124341,7,30,7,7,500,2332,7,TRUE,2881,0,1100,2976,"1:2",0.624463479139276,0.780978826796251,0.56305299387283,0.720683605024525,985.127,500,NA,"500"
"Romanov","SC3","DIFS","estimated","original",1,NA,NA,1.6094379124341,7,30,30,30,500,2332,NA,NA,NA,NA,2000,5279,"1:1",0.240058826784168,0.857341200971885,0.182731229892595,0.400465009222168,1267.643,500,NA,"500"
"Romanov","SC3","DIFS","true","original",1,NA,NA,1.6094379124341,7,30,7,7,750,2332,7,TRUE,2881,0,1100,2976,"1:3",0.526817953520827,0.759805623047553,0.467159468966781,0.638276312697763,1021.938,750,NA,"750"
"Romanov","SC3","DIFS","estimated","original",1,NA,NA,1.6094379124341,7,30,30,30,750,2332,NA,NA,NA,NA,2000,5279,"1:3",0.244055934257586,0.863589031586255,0.186141935363295,0.403978450422144,2166.994,750,NA,"750"
"Romanov","SC3","DIFS","true","original",1,NA,NA,1.6094379124341,7,30,7,7,1000,2332,7,TRUE,2881,0,1100,2976,"1:3",0.537798800479195,0.766400555362721,0.477217359442448,0.647271916085986,1236.087,1000,NA,"1000"
"Romanov","SC3","DIFS","estimated","original",1,NA,NA,1.6094379124341,7,30,30,30,1000,2332,NA,NA,NA,NA,2000,5279,"1:3",0.239919494283122,0.841374522735161,0.184124506524481,0.398359183955787,1294.771,1000,NA,"1000"
"Romanov","SC3","DIFS","true","original",1,NA,NA,1.6094379124341,7,30,7,7,1500,2332,7,TRUE,2881,0,1100,2976,"2:1",0.541848021208392,0.77716070808747,0.480743616393037,0.650459816715649,1028.92,1500,NA,"1500"
"Romanov","SC3","DIFS","estimated","original",1,NA,NA,1.6094379124341,7,30,30,30,1500,2332,NA,NA,NA,NA,2000,5279,"1:3",0.192118213676131,0.830961471711211,0.147639833066241,0.349327672855531,1276.905,1500,NA,"1500"
"Romanov","SC3","DIFS","true","original",1,NA,NA,1.6094379124341,7,30,7,7,2500,2332,7,TRUE,2881,0,1100,2976,"2:1",0.538116858401518,0.774730996181881,0.477582463980532,0.647576409906371,1066.173,2500,NA,"2500"
"Romanov","SC3","DIFS","estimated","original",1,NA,NA,1.6094379124341,7,30,30,30,2500,2332,NA,NA,NA,NA,2000,5279,"1:3",0.232253090647491,0.836862200624783,0.178663385872467,0.390177387429502,1380.445,2500,NA,"2500"
"Romanov","Refined Louvain","FEAST","true","original",1,NA,NA,1.6094379124341,7,30,7,7,2332,2332,7,TRUE,2881,0,NA,NA,NA,0.63959302957388,0.846233946546338,0.571140801419977,0.727299581468771,66.291,0,NA,"gate_n"
"Romanov","Refined Louvain","FEAST","estimated","original",1,NA,NA,1.6094379124341,7,30,30,30,2332,2332,NA,NA,NA,NA,NA,NA,NA,0.206274304452496,0.908712252690038,0.154128319064641,0.370304959322909,118.945,0,NA,"gate_n"
"Romanov","Refined Louvain","FEAST","true","original",1,NA,NA,1.6094379124341,7,30,7,7,100,2332,6,FALSE,2881,0,NA,NA,NA,0.489094855700626,0.753557792433183,0.434642964689591,0.608009325604528,63.276,100,NA,"100"
"Romanov","Refined Louvain","FEAST","estimated","original",1,NA,NA,1.6094379124341,7,30,30,30,100,2332,NA,NA,NA,NA,NA,NA,NA,0.21002088949443,0.858729607775078,0.160296796154191,0.369275762404501,129.157,100,NA,"100"
"Romanov","Refined Louvain","FEAST","true","original",1,NA,NA,1.6094379124341,7,30,7,7,200,2332,7,TRUE,2881,0,NA,NA,NA,0.562137707069033,0.809094064560916,0.503543178295031,0.669870901658951,66.022,200,NA,"200"
"Romanov","Refined Louvain","FEAST","estimated","original",1,NA,NA,1.6094379124341,7,30,30,30,200,2332,NA,NA,NA,NA,NA,NA,NA,0.207367853711863,0.869489760499826,0.158680807570719,0.366004833556218,129.825,200,NA,"200"
"Romanov","Refined Louvain","FEAST","true","original",1,NA,NA,1.6094379124341,7,30,7,7,300,2332,7,TRUE,2881,0,NA,NA,NA,0.579845691029639,0.822283929191253,0.518089542054809,0.682683460406622,64.312,300,NA,"300"
"Romanov","Refined Louvain","FEAST","estimated","original",1,NA,NA,1.6094379124341,7,30,30,30,300,2332,NA,NA,NA,NA,NA,NA,NA,0.183571092809298,0.873654980909406,0.138593455254285,0.343661329113797,101.925,300,NA,"300"
"Romanov","Refined Louvain","FEAST","true","original",1,NA,NA,1.6094379124341,7,30,7,7,500,2332,6,FALSE,2881,0,NA,NA,NA,0.675592506858678,0.834432488719195,0.616896295993171,0.765612674966815,62.585,500,NA,"500"
"Romanov","Refined Louvain","FEAST","estimated","original",1,NA,NA,1.6094379124341,7,30,30,30,500,2332,NA,NA,NA,NA,NA,NA,NA,0.190803961490681,0.89795209996529,0.142476103073082,0.353905931017491,102.604,500,NA,"500"
"Romanov","Refined Louvain","FEAST","true","original",1,NA,NA,1.6094379124341,7,30,7,7,750,2332,6,FALSE,2881,0,NA,NA,NA,0.663211660756671,0.825754946199236,0.606007193303596,0.757707323268768,63.367,750,NA,"750"
"Romanov","Refined Louvain","FEAST","estimated","original",1,NA,NA,1.6094379124341,7,30,30,30,750,2332,NA,NA,NA,NA,NA,NA,NA,0.195766811281303,0.896910794862895,0.146187128892381,0.359244162683476,104.095,750,NA,"750"
"Romanov","Refined Louvain","FEAST","true","original",1,NA,NA,1.6094379124341,7,30,7,7,1000,2332,7,TRUE,2881,0,NA,NA,NA,0.608745905285377,0.829920166608816,0.542326142775873,0.703596372362631,63.915,1000,NA,"1000"
"Romanov","Refined Louvain","FEAST","estimated","original",1,NA,NA,1.6094379124341,7,30,30,30,1000,2332,NA,NA,NA,NA,NA,NA,NA,0.176181919074421,0.901770218674071,0.131132507156876,0.338667310893401,105.004,1000,NA,"1000"
"Romanov","Refined Louvain","FEAST","true","original",1,NA,NA,1.6094379124341,7,30,7,7,1500,2332,7,TRUE,2881,0,NA,NA,NA,0.61434989063069,0.829920166608816,0.549635578069356,0.709421916896872,65.671,1500,NA,"1500"
"Romanov","Refined Louvain","FEAST","estimated","original",1,NA,NA,1.6094379124341,7,30,30,30,1500,2332,NA,NA,NA,NA,NA,NA,NA,0.182113084041792,0.906629642485248,0.135412528141968,0.345437062369626,101.326,1500,NA,"1500"
"Romanov","Refined Louvain","FEAST","true","original",1,NA,NA,1.6094379124341,7,30,7,7,2500,2332,6,FALSE,2881,0,NA,NA,NA,0.704094228502302,0.835126692120791,0.644938026599312,0.787011067551261,68.055,2500,NA,"2500"
"Romanov","Refined Louvain","FEAST","estimated","original",1,NA,NA,1.6094379124341,7,30,30,30,2500,2332,NA,NA,NA,NA,NA,NA,NA,0.187708661423708,0.906629642485248,0.139654056998876,0.351421048660029,103.577,2500,NA,"2500"
"Romanov","SC3","FEAST","true","original",1,NA,NA,1.6094379124341,7,30,7,7,2332,2332,7,TRUE,2881,0,NA,NA,NA,0.529962975910557,0.773342589378688,0.470865157669273,0.641364461365066,399.207,0,NA,"gate_n"
"Romanov","SC3","FEAST","estimated","original",1,NA,NA,1.6094379124341,7,30,30,30,2332,2332,NA,NA,NA,NA,NA,NA,NA,0.242348372444404,0.849704963554321,0.186000193493412,0.400762829658201,532.59,0,NA,"gate_n"
"Romanov","SC3","FEAST","true","original",1,NA,NA,1.6094379124341,7,30,7,7,100,2332,7,TRUE,2881,0,NA,NA,NA,0.526230372690975,0.741062131204443,0.472217444413024,0.641689918465331,348.138,100,NA,"100"
"Romanov","SC3","FEAST","estimated","original",1,NA,NA,1.6094379124341,7,30,30,30,100,2332,NA,NA,NA,NA,NA,NA,NA,0.228296446009962,0.852481777160708,0.175797603848095,0.385998085314416,561.496,100,NA,"100"
"Romanov","SC3","FEAST","true","original",1,NA,NA,1.6094379124341,7,30,7,7,200,2332,7,TRUE,2881,0,NA,NA,NA,0.49574047163599,0.715376605345366,0.448668744222258,0.619502845678822,336.19,200,NA,"200"
"Romanov","SC3","FEAST","estimated","original",1,NA,NA,1.6094379124341,7,30,30,30,200,2332,NA,NA,NA,NA,NA,NA,NA,0.273918303275091,0.834432488719195,0.211332643726403,0.430460576722524,528.294,200,NA,"200"
"Romanov","SC3","FEAST","true","original",1,NA,NA,1.6094379124341,7,30,7,7,300,2332,7,TRUE,2881,0,NA,NA,NA,0.52768706612097,0.721624435959736,0.481083521943446,0.6500516454537,375.58,300,NA,"300"
"Romanov","SC3","FEAST","estimated","original",1,NA,NA,1.6094379124341,7,30,30,30,300,2332,NA,NA,NA,NA,NA,NA,NA,0.221604335991128,0.838944810829573,0.171443083131573,0.378338596985783,561.6,300,NA,"300"
"Romanov","SC3","FEAST","true","original",1,NA,NA,1.6094379124341,7,30,7,7,500,2332,7,TRUE,2881,0,NA,NA,NA,0.530394859789871,0.76466504685873,0.472868973251352,0.64278011512409,335.614,500,NA,"500"
"Romanov","SC3","FEAST","estimated","original",1,NA,NA,1.6094379124341,7,30,30,30,500,2332,NA,NA,NA,NA,NA,NA,NA,0.210222435507704,0.84380423464075,0.160501048593541,0.369417421678434,489.703,500,NA,"500"
"Romanov","SC3","FEAST","true","original",1,NA,NA,1.6094379124341,7,30,7,7,750,2332,7,TRUE,2881,0,NA,NA,NA,0.472562773695945,0.706004859423811,0.430311386635473,0.601799094214065,360.079,750,NA,"750"
"Romanov","SC3","FEAST","estimated","original",1,NA,NA,1.6094379124341,7,30,30,30,750,2332,NA,NA,NA,NA,NA,NA,NA,0.218985270083638,0.846928149947935,0.166281787623526,0.379640849048809,521.95,750,NA,"750"
"Romanov","SC3","FEAST","true","original",1,NA,NA,1.6094379124341,7,30,7,7,1000,2332,7,TRUE,2881,0,NA,NA,NA,0.51678432651693,0.763276640055536,0.460192278692123,0.63136342623751,624.566,1000,NA,"1000"
"Romanov","SC3","FEAST","estimated","original",1,NA,NA,1.6094379124341,7,30,30,30,1000,2332,NA,NA,NA,NA,NA,NA,NA,0.231573547168328,0.830267268309615,0.177687764497977,0.390052330045616,522.543,1000,NA,"1000"
"Romanov","SC3","FEAST","true","original",1,NA,NA,1.6094379124341,7,30,7,7,1500,2332,7,TRUE,2881,0,NA,NA,NA,0.52719631472086,0.757723012842763,0.467681399117762,0.638691673718079,394.135,1500,NA,"1500"
"Romanov","SC3","FEAST","estimated","original",1,NA,NA,1.6094379124341,7,30,30,30,1500,2332,NA,NA,NA,NA,NA,NA,NA,0.231230553681688,0.828878861506421,0.177530966811611,0.38957606877955,564.507,1500,NA,"1500"
"Romanov","SC3","FEAST","true","original",1,NA,NA,1.6094379124341,7,30,7,7,2500,2332,7,TRUE,2881,0,NA,NA,NA,0.487157784565329,0.749739673724401,0.431097747194059,0.605389000186337,394.424,2500,NA,"2500"
"Romanov","SC3","FEAST","estimated","original",1,NA,NA,1.6094379124341,7,30,30,30,2500,2332,NA,NA,NA,NA,NA,NA,NA,0.220996279541498,0.843110031239153,0.16954659096828,0.37941284881863,550.978,2500,NA,"2500"
"Romanov","Refined Louvain","GateOnly","true","original",1,NA,NA,1.6094379124341,7,30,7,7,2332,2332,7,TRUE,2881,0,NA,NA,NA,0.69979495713338,0.84796945505033,0.640624364568022,0.78374831109496,32.988,0,NA,"gate_n"
"Romanov","Refined Louvain","GateOnly","estimated","original",1,NA,NA,1.6094379124341,7,30,30,30,2332,2332,NA,NA,NA,NA,NA,NA,NA,0.197373283165606,0.880597014925373,0.149904265652987,0.35713102496838,41.535,0,NA,"gate_n"
"Romanov","Refined Louvain","GateOnly","true","original",1,NA,NA,1.6094379124341,7,30,7,7,100,2332,7,TRUE,2881,0,NA,NA,NA,0.469286838248402,0.784796945505033,0.421524863786131,0.594297239708555,30.746,100,NA,"100"
"Romanov","Refined Louvain","GateOnly","estimated","original",1,NA,NA,1.6094379124341,7,30,30,30,100,2332,NA,NA,NA,NA,NA,NA,NA,0.182583766136939,0.828184658104825,0.143422624471036,0.335870857454149,31.579,100,NA,"100"
"Romanov","Refined Louvain","GateOnly","true","original",1,NA,NA,1.6094379124341,7,30,7,7,200,2332,7,TRUE,2881,0,NA,NA,NA,0.528277610371371,0.830614370010413,0.463101970112533,0.636846090540903,30.733,200,NA,"200"
"Romanov","Refined Louvain","GateOnly","estimated","original",1,NA,NA,1.6094379124341,7,30,30,30,200,2332,NA,NA,NA,NA,NA,NA,NA,0.187081472915023,0.843457132939951,0.145953295683848,0.34156420386339,31.478,200,NA,"200"
"Romanov","Refined Louvain","GateOnly","true","original",1,NA,NA,1.6094379124341,7,30,7,7,300,2332,6,FALSE,2881,0,NA,NA,NA,0.661434198702662,0.832349878514405,0.601191454694899,0.752300528116114,33.321,300,NA,"300"
"Romanov","Refined Louvain","GateOnly","estimated","original",1,NA,NA,1.6094379124341,7,30,30,30,300,2332,NA,NA,NA,NA,NA,NA,NA,0.203884042010743,0.847275251648733,0.158600766071346,0.359391305358074,29.893,300,NA,"300"
"Romanov","Refined Louvain","GateOnly","true","original",1,NA,NA,1.6094379124341,7,30,7,7,500,2332,7,TRUE,2881,0,NA,NA,NA,0.62491659457317,0.841027421034363,0.560520034962871,0.718376049823401,29.675,500,NA,"500"
"Romanov","Refined Louvain","GateOnly","estimated","original",1,NA,NA,1.6094379124341,7,30,30,30,500,2332,NA,NA,NA,NA,NA,NA,NA,0.192525668619233,0.86254772648386,0.146316567493732,0.351882646157502,49.009,500,NA,"500"
"Romanov","Refined Louvain","GateOnly","true","original",1,NA,NA,1.6094379124341,7,30,7,7,750,2332,7,TRUE,2881,0,NA,NA,NA,0.6166848458374,0.842415827837556,0.551426956229966,0.710938385058335,29.961,750,NA,"750"
"Romanov","Refined Louvain","GateOnly","estimated","original",1,NA,NA,1.6094379124341,7,30,30,30,750,2332,NA,NA,NA,NA,NA,NA,NA,0.188458973795384,0.87712599791739,0.142595890622934,0.34845799761662,30.246,750,NA,"750"
"Romanov","Refined Louvain","GateOnly","true","original",1,NA,NA,1.6094379124341,7,30,7,7,1000,2332,7,TRUE,2881,0,NA,NA,NA,0.622366155424574,0.844498438042346,0.556836668061058,0.715398569107823,39.046,1000,NA,"1000"
"Romanov","Refined Louvain","GateOnly","estimated","original",1,NA,NA,1.6094379124341,7,30,30,30,1000,2332,NA,NA,NA,NA,NA,NA,NA,0.167138155963393,0.87087816730302,0.125902859808443,0.326135320071384,28.373,1000,NA,"1000"
"Romanov","Refined Louvain","GateOnly","true","original",1,NA,NA,1.6094379124341,7,30,7,7,1500,2332,7,TRUE,2881,0,NA,NA,NA,0.629596238884952,0.840333217632766,0.564947190951772,0.722001780080187,39.31,1500,NA,"1500"
"Romanov","Refined Louvain","GateOnly","estimated","original",1,NA,NA,1.6094379124341,7,30,30,30,1500,2332,NA,NA,NA,NA,NA,NA,NA,0.179275168300404,0.879902811523776,0.13545260229068,0.338860078279485,30.625,1500,NA,"1500"
"Romanov","Refined Louvain","GateOnly","true","original",1,NA,NA,1.6094379124341,7,30,7,7,2332,2332,7,TRUE,2881,0,NA,NA,NA,0.69979495713338,0.84796945505033,0.640624364568022,0.78374831109496,36.89,2500,NA,"2500"
"Romanov","Refined Louvain","GateOnly","estimated","original",1,NA,NA,1.6094379124341,7,30,30,30,2332,2332,NA,NA,NA,NA,NA,NA,NA,0.197373283165606,0.880597014925373,0.149904265652987,0.35713102496838,29.655,2500,NA,"2500"
"Romanov","SC3","GateOnly","true","original",1,NA,NA,1.6094379124341,7,30,7,7,2332,2332,7,TRUE,2881,0,NA,NA,NA,0.493207555517855,0.753904894133981,0.43659045868245,0.61045375009162,342.343,0,NA,"gate_n"
"Romanov","SC3","GateOnly","estimated","original",1,NA,NA,1.6094379124341,7,30,30,30,2332,2332,NA,NA,NA,NA,NA,NA,NA,0.204039267711552,0.837209302325581,0.159132253872879,0.359122977337323,463.737,0,NA,"gate_n"
"Romanov","SC3","GateOnly","true","original",1,NA,NA,1.6094379124341,7,30,7,7,100,2332,7,TRUE,2881,0,NA,NA,NA,0.592317116299976,0.73342589378688,0.541299397315008,0.704829216241981,379.181,100,NA,"100"
"Romanov","SC3","GateOnly","estimated","original",1,NA,NA,1.6094379124341,7,30,30,30,100,2332,NA,NA,NA,NA,NA,NA,NA,0.337337798963821,0.830961471711211,0.271872091328594,0.479850781294651,583.372,100,NA,"100"
"Romanov","SC3","GateOnly","true","original",1,NA,NA,1.6094379124341,7,30,7,7,200,2332,7,TRUE,2881,0,NA,NA,NA,0.553270901443499,0.771259979173898,0.489524618087833,0.658725783967432,375.763,200,NA,"200"
"Romanov","SC3","GateOnly","estimated","original",1,NA,NA,1.6094379124341,7,30,30,30,200,2332,NA,NA,NA,NA,NA,NA,NA,0.155349794538588,0.824713641096841,0.121499465892636,0.307147845180828,668.727,200,NA,"200"
"Romanov","SC3","GateOnly","true","original",1,NA,NA,1.6094379124341,7,30,7,7,300,2332,7,TRUE,2881,0,NA,NA,NA,0.568006384291137,0.776466504685873,0.507826505766195,0.673717261459121,343.244,300,NA,"300"
"Romanov","SC3","GateOnly","estimated","original",1,NA,NA,1.6094379124341,7,30,30,30,300,2332,NA,NA,NA,NA,NA,NA,NA,0.193358508928828,0.830614370010413,0.152312290932311,0.346677173492092,604.58,300,NA,"300"
"Romanov","SC3","GateOnly","true","original",1,NA,NA,1.6094379124341,7,30,7,7,500,2332,7,TRUE,2881,0,NA,NA,NA,0.47397264738922,0.72717806317251,0.425578699047236,0.598188855409177,337.073,500,NA,"500"
"Romanov","SC3","GateOnly","estimated","original",1,NA,NA,1.6094379124341,7,30,30,30,500,2332,NA,NA,NA,NA,NA,NA,NA,0.214406713809103,0.84588684484554,0.168008563659165,0.36885012330293,534.334,500,NA,"500"
"Romanov","SC3","GateOnly","true","original",1,NA,NA,1.6094379124341,7,30,7,7,750,2332,7,TRUE,2881,0,NA,NA,NA,0.53296420047518,0.760846928149948,0.471706141946288,0.642692773147777,346.432,750,NA,"750"
"Romanov","SC3","GateOnly","estimated","original",1,NA,NA,1.6094379124341,7,30,30,30,750,2332,NA,NA,NA,NA,NA,NA,NA,0.223762818824947,0.842762929538355,0.175073647169451,0.378449008351288,754.664,750,NA,"750"
"Romanov","SC3","GateOnly","true","original",1,NA,NA,1.6094379124341,7,30,7,7,1000,2332,7,TRUE,2881,0,NA,NA,NA,0.485077180790698,0.709128774730996,0.448394928910682,0.619775614403752,332.114,1000,NA,"1000"
"Romanov","SC3","GateOnly","estimated","original",1,NA,NA,1.6094379124341,7,30,30,30,1000,2332,NA,NA,NA,NA,NA,NA,NA,0.224707246276519,0.844845539743145,0.176669845668899,0.378575634532371,555.321,1000,NA,"1000"
"Romanov","SC3","GateOnly","true","original",1,NA,NA,1.6094379124341,7,30,7,7,1500,2332,7,TRUE,2881,0,NA,NA,NA,0.523723593777546,0.753904894133981,0.473004038299633,0.642231652551887,333.289,1500,NA,"1500"
"Romanov","SC3","GateOnly","estimated","original",1,NA,NA,1.6094379124341,7,30,30,30,1500,2332,NA,NA,NA,NA,NA,NA,NA,0.223027323926514,0.843457132939951,0.175440811922991,0.376827507019638,499.428,1500,NA,"1500"
"Romanov","SC3","GateOnly","true","original",1,NA,NA,1.6094379124341,7,30,7,7,2332,2332,7,TRUE,2881,0,NA,NA,NA,0.493207555517855,0.753904894133981,0.43659045868245,0.61045375009162,341.157,2500,NA,"2500"
"Romanov","SC3","GateOnly","estimated","original",1,NA,NA,1.6094379124341,7,30,30,30,2332,2332,NA,NA,NA,NA,NA,NA,NA,0.204039267711552,0.837209302325581,0.159132253872879,0.359122977337323,639.389,2500,NA,"2500"
"Romanov","Refined Louvain","Seurat","true","original",1,NA,NA,1.6094379124341,7,30,7,7,2332,2332,7,TRUE,2881,0,NA,NA,NA,0.776735815674872,0.883026726830962,0.715001951012224,0.834094158196683,27.666,0,NA,"gate_n"
"Romanov","Refined Louvain","Seurat","estimated","original",1,NA,NA,1.6094379124341,7,30,30,30,2332,2332,NA,NA,NA,NA,NA,NA,NA,0.194446701086142,0.917389795209997,0.143422414260044,0.360985889539933,49.709,0,NA,"gate_n"
"Romanov","Refined Louvain","Seurat","true","original",1,NA,NA,1.6094379124341,7,30,7,7,100,2332,7,TRUE,2881,0,NA,NA,NA,0.680890057840551,0.851440472058313,0.61034813005026,0.758380876252401,28.587,100,NA,"100"
"Romanov","Refined Louvain","Seurat","estimated","original",1,NA,NA,1.6094379124341,7,30,30,30,100,2332,NA,NA,NA,NA,NA,NA,NA,0.182257684273369,0.863589031586255,0.138189007735159,0.341389395252249,28.225,100,NA,"100"
"Romanov","Refined Louvain","Seurat","true","original",1,NA,NA,1.6094379124341,7,30,7,7,200,2332,6,FALSE,2881,0,NA,NA,NA,0.674803504121321,0.851440472058313,0.606372418126129,0.755006853271114,32.597,200,NA,"200"
"Romanov","Refined Louvain","Seurat","estimated","original",1,NA,NA,1.6094379124341,7,30,30,30,200,2332,NA,NA,NA,NA,NA,NA,NA,0.181275199499188,0.88545643873655,0.135755892603455,0.342893783928005,28.907,200,NA,"200"
"Romanov","Refined Louvain","Seurat","true","original",1,NA,NA,1.6094379124341,7,30,7,7,300,2332,7,TRUE,2881,0,NA,NA,NA,0.641871137451365,0.86254772648386,0.565068116439612,0.725840255305869,28.187,300,NA,"300"
"Romanov","Refined Louvain","Seurat","estimated","original",1,NA,NA,1.6094379124341,7,30,30,30,300,2332,NA,NA,NA,NA,NA,NA,NA,0.184947329116379,0.903852828878862,0.137482531906177,0.348610092983919,29.892,300,NA,"300"
"Romanov","Refined Louvain","Seurat","true","original",1,NA,NA,1.6094379124341,7,30,7,7,500,2332,6,FALSE,2881,0,NA,NA,NA,0.733492059543511,0.872613675807011,0.668803624036165,0.801770537528099,30.352,500,NA,"500"
"Romanov","Refined Louvain","Seurat","estimated","original",1,NA,NA,1.6094379124341,7,30,30,30,500,2332,NA,NA,NA,NA,NA,NA,NA,0.189386266658814,0.917389795209997,0.140167780652308,0.354552282176986,30.113,500,NA,"500"
"Romanov","Refined Louvain","Seurat","true","original",1,NA,NA,1.6094379124341,7,30,7,7,750,2332,7,TRUE,2881,0,NA,NA,NA,0.825069921372388,0.903158625477265,0.769914639691216,0.870402261945134,28.811,750,NA,"750"
"Romanov","Refined Louvain","Seurat","estimated","original",1,NA,NA,1.6094379124341,7,30,30,30,750,2332,NA,NA,NA,NA,NA,NA,NA,0.189835153658103,0.92502603262756,0.139744967336421,0.356460492757809,28.182,750,NA,"750"
"Romanov","Refined Louvain","Seurat","true","original",1,NA,NA,1.6094379124341,7,30,7,7,1000,2332,7,TRUE,2881,0,NA,NA,NA,0.784600322109366,0.88753904894134,0.723067147206677,0.839418967483855,31.926,1000,NA,"1000"
"Romanov","Refined Louvain","Seurat","estimated","original",1,NA,NA,1.6094379124341,7,30,30,30,1000,2332,NA,NA,NA,NA,NA,NA,NA,0.211510269138896,0.921555015619577,0.156400333763526,0.37873132130836,27.42,1000,NA,"1000"
"Romanov","Refined Louvain","Seurat","true","original",1,NA,NA,1.6094379124341,7,30,7,7,1500,2332,7,TRUE,2881,0,NA,NA,NA,0.787576673943119,0.887191947240542,0.727051509235133,0.84226133704937,26.766,1500,NA,"1500"
"Romanov","Refined Louvain","Seurat","estimated","original",1,NA,NA,1.6094379124341,7,30,30,30,1500,2332,NA,NA,NA,NA,NA,NA,NA,0.21000180970445,0.926414439430753,0.155137302773436,0.377390840958017,41.018,1500,NA,"1500"
"Romanov","Refined Louvain","Seurat","true","original",1,NA,NA,1.6094379124341,7,30,7,7,2500,2332,7,TRUE,2881,0,NA,NA,NA,0.780766140932947,0.884415133634155,0.719444925801703,0.837113838290891,28.142,2500,NA,"2500"
"Romanov","Refined Louvain","Seurat","estimated","original",1,NA,NA,1.6094379124341,7,30,30,30,2500,2332,NA,NA,NA,NA,NA,NA,NA,0.199613011155079,0.920166608816383,0.14751784903675,0.366080682173322,50.324,2500,NA,"2500"
"Romanov","SC3","Seurat","true","original",1,NA,NA,1.6094379124341,7,30,7,7,2332,2332,7,TRUE,2881,0,NA,NA,NA,0.593184823044864,0.77299548767789,0.530003184020582,0.692921087652015,369.793,0,NA,"gate_n"
"Romanov","SC3","Seurat","estimated","original",1,NA,NA,1.6094379124341,7,30,30,30,2332,2332,NA,NA,NA,NA,NA,NA,NA,0.194293081701708,0.850399166955918,0.148163020598898,0.353069237795505,474.95,0,NA,"gate_n"
"Romanov","SC3","Seurat","true","original",1,NA,NA,1.6094379124341,7,30,7,7,100,2332,7,TRUE,2881,0,NA,NA,NA,0.482011223668307,0.738285317598056,0.440424379608671,0.611522894027016,251.205,100,NA,"100"
"Romanov","SC3","Seurat","estimated","original",1,NA,NA,1.6094379124341,7,30,30,30,100,2332,NA,NA,NA,NA,NA,NA,NA,0.199251929240504,0.84588684484554,0.15340055782021,0.35643701541646,383.984,100,NA,"100"
"Romanov","SC3","Seurat","true","original",1,NA,NA,1.6094379124341,7,30,7,7,200,2332,7,TRUE,2881,0,NA,NA,NA,0.590782720967846,0.85005206525512,0.517122970214911,0.685775235311055,279.276,200,NA,"200"
"Romanov","SC3","Seurat","estimated","original",1,NA,NA,1.6094379124341,7,30,30,30,200,2332,NA,NA,NA,NA,NA,NA,NA,0.199022278683634,0.890315862547726,0.14988384850197,0.360716907094213,419.412,200,NA,"200"
"Romanov","SC3","Seurat","true","original",1,NA,NA,1.6094379124341,7,30,7,7,300,2332,7,TRUE,2881,0,NA,NA,NA,0.650918643288336,0.877473099618188,0.56950062571074,0.732989047796919,386.307,300,NA,"300"
"Romanov","SC3","Seurat","estimated","original",1,NA,NA,1.6094379124341,7,30,30,30,300,2332,NA,NA,NA,NA,NA,NA,NA,0.224874556063925,0.892745574453315,0.172425985181684,0.383458349920454,454.548,300,NA,"300"
"Romanov","SC3","Seurat","true","original",1,NA,NA,1.6094379124341,7,30,7,7,500,2332,7,TRUE,2881,0,NA,NA,NA,0.590526407542683,0.80423464074974,0.5124282453719,0.685043450315795,319.874,500,NA,"500"
"Romanov","SC3","Seurat","estimated","original",1,NA,NA,1.6094379124341,7,30,30,30,500,2332,NA,NA,NA,NA,NA,NA,NA,0.202282318608253,0.893439777854911,0.151605647717139,0.365311049573711,496.357,500,NA,"500"
"Romanov","SC3","Seurat","true","original",1,NA,NA,1.6094379124341,7,30,7,7,750,2332,7,TRUE,2881,0,NA,NA,NA,0.587407271246669,0.798681013536966,0.512454604558917,0.682804640706709,326.442,750,NA,"750"
"Romanov","SC3","Seurat","estimated","original",1,NA,NA,1.6094379124341,7,30,30,30,750,2332,NA,NA,NA,NA,NA,NA,NA,0.213398166375987,0.898646303366886,0.158629329780207,0.379242482329515,513.153,750,NA,"750"
"Romanov","SC3","Seurat","true","original",1,NA,NA,1.6094379124341,7,30,7,7,1000,2332,7,TRUE,2881,0,NA,NA,NA,0.674446944866818,0.82089552238806,0.604006313560169,0.753475248954231,322.539,1000,NA,"1000"
"Romanov","SC3","Seurat","estimated","original",1,NA,NA,1.6094379124341,7,30,30,30,1000,2332,NA,NA,NA,NA,NA,NA,NA,0.21318226057395,0.874349184311003,0.161161883509486,0.374681613150937,492.92,1000,NA,"1000"
"Romanov","SC3","Seurat","true","original",1,NA,NA,1.6094379124341,7,30,7,7,1500,2332,7,TRUE,2881,0,NA,NA,NA,0.624026995094356,0.772648385977091,0.559918723127683,0.717882564090392,324.119,1500,NA,"1500"
"Romanov","SC3","Seurat","estimated","original",1,NA,NA,1.6094379124341,7,30,30,30,1500,2332,NA,NA,NA,NA,NA,NA,NA,0.197119617353122,0.863936133287053,0.149926595038386,0.356567573773497,490.775,1500,NA,"1500"
"Romanov","SC3","Seurat","true","original",1,NA,NA,1.6094379124341,7,30,7,7,2500,2332,7,TRUE,2881,0,NA,NA,NA,0.561501542386014,0.76674765706352,0.501421529768681,0.668162458745856,408.041,2500,NA,"2500"
"Romanov","SC3","Seurat","estimated","original",1,NA,NA,1.6094379124341,7,30,30,30,2500,2332,NA,NA,NA,NA,NA,NA,NA,0.197222632701682,0.859423811176675,0.149776280805258,0.356991320186818,492.314,2500,NA,"2500"
"Romanov","Refined Louvain","Variance","true","original",1,NA,NA,1.6094379124341,7,30,7,7,2332,2332,7,TRUE,2881,0,NA,NA,NA,0.656472623670257,0.842068726136758,0.592743762811259,0.744549158588466,31.227,0,NA,"gate_n"
"Romanov","Refined Louvain","Variance","estimated","original",1,NA,NA,1.6094379124341,7,30,30,30,2332,2332,NA,NA,NA,NA,NA,NA,NA,0.180072215267683,0.878167303019785,0.136318237192382,0.339339353728947,32.79,0,NA,"gate_n"
"Romanov","Refined Louvain","Variance","true","original",1,NA,NA,1.6094379124341,7,30,7,7,100,2332,7,TRUE,2881,0,NA,NA,NA,0.515977445100477,0.816383200277681,0.453108621402107,0.627293099399885,31.838,100,NA,"100"
"Romanov","Refined Louvain","Variance","estimated","original",1,NA,NA,1.6094379124341,7,30,30,30,100,2332,NA,NA,NA,NA,NA,NA,NA,0.190876424590737,0.869489760499826,0.144790595480931,0.350515376441561,36.578,100,NA,"100"
"Romanov","Refined Louvain","Variance","true","original",1,NA,NA,1.6094379124341,7,30,7,7,200,2332,7,TRUE,2881,0,NA,NA,NA,0.580257408710389,0.821936827490455,0.518225151285959,0.682826847987747,32.243,200,NA,"200"
"Romanov","Refined Louvain","Variance","estimated","original",1,NA,NA,1.6094379124341,7,30,30,30,200,2332,NA,NA,NA,NA,NA,NA,NA,0.198415693156604,0.87920860812218,0.148730490839177,0.36116148656771,36.415,200,NA,"200"
"Romanov","Refined Louvain","Variance","true","original",1,NA,NA,1.6094379124341,7,30,7,7,300,2332,7,TRUE,2881,0,NA,NA,NA,0.58412469242679,0.820548420687261,0.522530695190677,0.686460524273717,29.046,300,NA,"300"
"Romanov","Refined Louvain","Variance","estimated","original",1,NA,NA,1.6094379124341,7,30,30,30,300,2332,NA,NA,NA,NA,NA,NA,NA,0.194256822773006,0.883026726830962,0.147303485606757,0.354172408118314,29.858,300,NA,"300"
"Romanov","Refined Louvain","Variance","true","original",1,NA,NA,1.6094379124341,7,30,7,7,500,2332,7,TRUE,2881,0,NA,NA,NA,0.607206049706237,0.835820895522388,0.542635923349411,0.703613027644792,28.736,500,NA,"500"
"Romanov","Refined Louvain","Variance","estimated","original",1,NA,NA,1.6094379124341,7,30,30,30,500,2332,NA,NA,NA,NA,NA,NA,NA,0.190944437388915,0.874349184311003,0.143948782465473,0.351890085834896,29.669,500,NA,"500"
"Romanov","Refined Louvain","Variance","true","original",1,NA,NA,1.6094379124341,7,30,7,7,750,2332,7,TRUE,2881,0,NA,NA,NA,0.60700857906903,0.827490454703228,0.54509509587538,0.705594557864155,39.495,750,NA,"750"
"Romanov","Refined Louvain","Variance","estimated","original",1,NA,NA,1.6094379124341,7,30,30,30,750,2332,NA,NA,NA,NA,NA,NA,NA,0.194822746082297,0.887886150642138,0.147156217500835,0.355603778025775,29.947,750,NA,"750"
"Romanov","Refined Louvain","Variance","true","original",1,NA,NA,1.6094379124341,7,30,7,7,1000,2332,7,TRUE,2881,0,NA,NA,NA,0.628248897180416,0.839291912530371,0.563157123896525,0.720544389858392,29.902,1000,NA,"1000"
"Romanov","Refined Louvain","Variance","estimated","original",1,NA,NA,1.6094379124341,7,30,30,30,1000,2332,NA,NA,NA,NA,NA,NA,NA,0.190108902013602,0.879902811523776,0.144127905506116,0.34981305490467,28.882,1000,NA,"1000"
"Romanov","Refined Louvain","Variance","true","original",1,NA,NA,1.6094379124341,7,30,7,7,1500,2332,7,TRUE,2881,0,NA,NA,NA,0.644033735823581,0.835126692120791,0.58142358622769,0.735618405395283,35.463,1500,NA,"1500"
"Romanov","Refined Louvain","Variance","estimated","original",1,NA,NA,1.6094379124341,7,30,30,30,1500,2332,NA,NA,NA,NA,NA,NA,NA,0.184879001394064,0.871225269003818,0.140387767960881,0.343908317583069,53.88,1500,NA,"1500"
"Romanov","Refined Louvain","Variance","true","original",1,NA,NA,1.6094379124341,7,30,7,7,2500,2332,7,TRUE,2881,0,NA,NA,NA,0.64030419001989,0.845539743144741,0.574928871972592,0.730102099192683,34.006,2500,NA,"2500"
"Romanov","Refined Louvain","Variance","estimated","original",1,NA,NA,1.6094379124341,7,30,30,30,2500,2332,NA,NA,NA,NA,NA,NA,NA,0.187472870262132,0.87087816730302,0.142593909009279,0.346353628320829,43.543,2500,NA,"2500"
"Romanov","SC3","Variance","true","original",1,NA,NA,1.6094379124341,7,30,7,7,2332,2332,7,TRUE,2881,0,NA,NA,NA,0.532802632202585,0.759805623047553,0.478033800885504,0.646990985630015,355.847,0,NA,"gate_n"
"Romanov","SC3","Variance","estimated","original",1,NA,NA,1.6094379124341,7,30,30,30,2332,2332,NA,NA,NA,NA,NA,NA,NA,0.210095481000652,0.82714335300243,0.163758677436178,0.365378128642651,475.608,0,NA,"gate_n"
"Romanov","SC3","Variance","true","original",1,NA,NA,1.6094379124341,7,30,7,7,100,2332,7,TRUE,2881,0,NA,NA,NA,0.575703899692764,0.721277334258938,0.527116351116432,0.692777806195748,375.926,100,NA,"100"
"Romanov","SC3","Variance","estimated","original",1,NA,NA,1.6094379124341,7,30,30,30,100,2332,NA,NA,NA,NA,NA,NA,NA,0.245307035707892,0.846928149947935,0.189466557751759,0.402262573665055,492.67,100,NA,"100"
"Romanov","SC3","Variance","true","original",1,NA,NA,1.6094379124341,7,30,7,7,200,2332,7,TRUE,2881,0,NA,NA,NA,0.531274352787107,0.767441860465116,0.473002773779851,0.643048766557203,299.662,200,NA,"200"
"Romanov","SC3","Variance","estimated","original",1,NA,NA,1.6094379124341,7,30,30,30,200,2332,NA,NA,NA,NA,NA,NA,NA,0.224254365295453,0.84380423464075,0.172333184365224,0.382358565401746,456.651,200,NA,"200"
"Romanov","SC3","Variance","true","original",1,NA,NA,1.6094379124341,7,30,7,7,300,2332,7,TRUE,2881,0,NA,NA,NA,0.522607555224831,0.747309961818813,0.46408962977695,0.635279606871288,342.433,300,NA,"300"
"Romanov","SC3","Variance","estimated","original",1,NA,NA,1.6094379124341,7,30,30,30,300,2332,NA,NA,NA,NA,NA,NA,NA,0.210945086253699,0.819507115584866,0.163672698950333,0.367029082509196,433.461,300,NA,"300"
"Romanov","SC3","Variance","true","original",1,NA,NA,1.6094379124341,7,30,7,7,500,2332,7,TRUE,2881,0,NA,NA,NA,0.509377498387343,0.744533148212426,0.448949420173471,0.622693260572574,303.568,500,NA,"500"
"Romanov","SC3","Variance","estimated","original",1,NA,NA,1.6094379124341,7,30,30,30,500,2332,NA,NA,NA,NA,NA,NA,NA,0.240018299766739,0.8333911836168,0.186483832147583,0.395814201954716,553.294,500,NA,"500"
"Romanov","SC3","Variance","true","original",1,NA,NA,1.6094379124341,7,30,7,7,750,2332,7,TRUE,2881,0,NA,NA,NA,0.530045427815299,0.760846928149948,0.477049765983321,0.645986522580105,326.515,750,NA,"750"
"Romanov","SC3","Variance","estimated","original",1,NA,NA,1.6094379124341,7,30,30,30,750,2332,NA,NA,NA,NA,NA,NA,NA,0.227378710352294,0.83963901423117,0.17827419097545,0.381678913386868,476.56,750,NA,"750"
"Romanov","SC3","Variance","true","original",1,NA,NA,1.6094379124341,7,30,7,7,1000,2332,7,TRUE,2881,0,NA,NA,NA,0.557264175274437,0.81881291218327,0.496673268424788,0.664125043371612,403.759,1000,NA,"1000"
"Romanov","SC3","Variance","estimated","original",1,NA,NA,1.6094379124341,7,30,30,30,1000,2332,NA,NA,NA,NA,NA,NA,NA,0.216508939160872,0.840680319333565,0.168350339163464,0.372274046414762,529.2,1000,NA,"1000"
"Romanov","SC3","Variance","true","original",1,NA,NA,1.6094379124341,7,30,7,7,1500,2332,7,TRUE,2881,0,NA,NA,NA,0.539403123802741,0.766400555362721,0.479748975987374,0.649250907434473,351.806,1500,NA,"1500"
"Romanov","SC3","Variance","estimated","original",1,NA,NA,1.6094379124341,7,30,30,30,1500,2332,NA,NA,NA,NA,NA,NA,NA,0.195098129543262,0.835820895522388,0.151922082717873,0.350189585828348,475.528,1500,NA,"1500"
"Romanov","SC3","Variance","true","original",1,NA,NA,1.6094379124341,7,30,7,7,2500,2332,7,TRUE,2881,0,NA,NA,NA,0.520792061118641,0.762235334953141,0.471615022464662,0.640959642898954,353.149,2500,NA,"2500"
"Romanov","SC3","Variance","estimated","original",1,NA,NA,1.6094379124341,7,30,30,30,2500,2332,NA,NA,NA,NA,NA,NA,NA,0.20267069273602,0.847622353349531,0.156372654493653,0.359574142154674,630.59,2500,NA,"2500"
"SimKumar4easy","Refined Louvain","DIFS","true","original",1,NA,NA,1.6094379124341,4,2,4,4,326,326,4,TRUE,500,0,326,29,"1:1",1,1,1,1,114.682,0,NA,"gate_n"
"SimKumar4easy","Refined Louvain","DIFS","estimated","original",1,NA,NA,1.6094379124341,4,2,2,2,326,326,NA,NA,NA,NA,326,35,"1:1",1,1,1,1,101.868,0,NA,"gate_n"
"SimKumar4easy","Refined Louvain","DIFS","true","original",1,NA,NA,1.6094379124341,4,2,4,4,100,326,4,TRUE,500,0,326,29,"1:1",1,1,1,1,107.898,100,NA,"100"
"SimKumar4easy","Refined Louvain","DIFS","estimated","original",1,NA,NA,1.6094379124341,4,2,2,2,100,326,NA,NA,NA,NA,326,35,"1:1",1,1,1,1,85.135,100,NA,"100"
"SimKumar4easy","Refined Louvain","DIFS","true","original",1,NA,NA,1.6094379124341,4,2,4,4,200,326,4,TRUE,500,0,326,29,"1:1",1,1,1,1,109.31,200,NA,"200"
"SimKumar4easy","Refined Louvain","DIFS","estimated","original",1,NA,NA,1.6094379124341,4,2,2,2,200,326,NA,NA,NA,NA,326,35,"1:1",1,1,1,1,83.921,200,NA,"200"
"SimKumar4easy","Refined Louvain","DIFS","true","original",1,NA,NA,1.6094379124341,4,2,4,4,300,326,4,TRUE,500,0,326,29,"1:1",1,1,1,1,109.039,300,NA,"300"
"SimKumar4easy","Refined Louvain","DIFS","estimated","original",1,NA,NA,1.6094379124341,4,2,2,2,300,326,NA,NA,NA,NA,326,35,"1:1",1,1,1,1,116.421,300,NA,"300"
"SimKumar4easy","Refined Louvain","DIFS","true","original",1,NA,NA,1.6094379124341,4,2,4,4,326,326,4,TRUE,500,0,326,29,"1:1",1,1,1,1,135.038,500,NA,"500"
"SimKumar4easy","Refined Louvain","DIFS","estimated","original",1,NA,NA,1.6094379124341,4,2,2,2,326,326,NA,NA,NA,NA,326,35,"1:1",1,1,1,1,80.088,500,NA,"500"
"SimKumar4easy","Refined Louvain","DIFS","true","original",1,NA,NA,1.6094379124341,4,2,4,4,326,326,4,TRUE,500,0,326,29,"1:1",1,1,1,1,108.283,750,NA,"750"
"SimKumar4easy","Refined Louvain","DIFS","estimated","original",1,NA,NA,1.6094379124341,4,2,2,2,326,326,NA,NA,NA,NA,326,35,"1:1",1,1,1,1,95.185,750,NA,"750"
"SimKumar4easy","Refined Louvain","DIFS","true","original",1,NA,NA,1.6094379124341,4,2,4,4,326,326,4,TRUE,500,0,326,29,"1:1",1,1,1,1,108.104,1000,NA,"1000"
"SimKumar4easy","Refined Louvain","DIFS","estimated","original",1,NA,NA,1.6094379124341,4,2,2,2,326,326,NA,NA,NA,NA,326,35,"1:1",1,1,1,1,110.768,1000,NA,"1000"
"SimKumar4easy","Refined Louvain","DIFS","true","original",1,NA,NA,1.6094379124341,4,2,4,4,326,326,4,TRUE,500,0,326,29,"1:1",1,1,1,1,106.972,1500,NA,"1500"
"SimKumar4easy","Refined Louvain","DIFS","estimated","original",1,NA,NA,1.6094379124341,4,2,2,2,326,326,NA,NA,NA,NA,326,35,"1:1",1,1,1,1,80.533,1500,NA,"1500"
"SimKumar4easy","Refined Louvain","DIFS","true","original",1,NA,NA,1.6094379124341,4,2,4,4,326,326,4,TRUE,500,0,326,29,"1:1",1,1,1,1,110.487,2500,NA,"2500"
"SimKumar4easy","Refined Louvain","DIFS","estimated","original",1,NA,NA,1.6094379124341,4,2,2,2,326,326,NA,NA,NA,NA,326,35,"1:1",1,1,1,1,82.279,2500,NA,"2500"
"SimKumar4easy","SC3","DIFS","true","original",1,NA,NA,1.6094379124341,4,2,4,4,326,326,4,TRUE,500,0,326,29,"1:1",1,1,1,1,186.085,0,NA,"gate_n"
"SimKumar4easy","SC3","DIFS","estimated","original",1,NA,NA,1.6094379124341,4,2,2,2,326,326,NA,NA,NA,NA,326,35,"1:1",0.517946056687623,0.776,0.585882474573205,0.76542960131759,130.443,0,NA,"gate_n"
"SimKumar4easy","SC3","DIFS","true","original",1,NA,NA,1.6094379124341,4,2,4,4,100,326,4,TRUE,500,0,326,29,"1:1",1,1,1,1,242.649,100,NA,"100"
"SimKumar4easy","SC3","DIFS","estimated","original",1,NA,NA,1.6094379124341,4,2,2,2,100,326,NA,NA,NA,NA,326,35,"1:1",0.517946056687623,0.776,0.585882474573205,0.76542960131759,130.011,100,NA,"100"
"SimKumar4easy","SC3","DIFS","true","original",1,NA,NA,1.6094379124341,4,2,4,4,200,326,4,TRUE,500,0,326,29,"1:1",1,1,1,1,183.864,200,NA,"200"
"SimKumar4easy","SC3","DIFS","estimated","original",1,NA,NA,1.6094379124341,4,2,2,2,200,326,NA,NA,NA,NA,326,35,"1:1",0.517946056687623,0.776,0.585882474573205,0.76542960131759,211.636,200,NA,"200"
"SimKumar4easy","SC3","DIFS","true","original",1,NA,NA,1.6094379124341,4,2,4,4,300,326,4,TRUE,500,0,326,29,"1:1",1,1,1,1,183.721,300,NA,"300"
"SimKumar4easy","SC3","DIFS","estimated","original",1,NA,NA,1.6094379124341,4,2,2,2,300,326,NA,NA,NA,NA,326,35,"1:1",0.517946056687623,0.776,0.585882474573205,0.76542960131759,173.607,300,NA,"300"
"SimKumar4easy","SC3","DIFS","true","original",1,NA,NA,1.6094379124341,4,2,4,4,326,326,4,TRUE,500,0,326,29,"1:1",1,1,1,1,182.856,500,NA,"500"
"SimKumar4easy","SC3","DIFS","estimated","original",1,NA,NA,1.6094379124341,4,2,2,2,326,326,NA,NA,NA,NA,326,35,"1:1",0.517946056687623,0.776,0.585882474573205,0.76542960131759,188.65,500,NA,"500"
"SimKumar4easy","SC3","DIFS","true","original",1,NA,NA,1.6094379124341,4,2,4,4,326,326,4,TRUE,500,0,326,29,"1:1",1,1,1,1,186.819,750,NA,"750"
"SimKumar4easy","SC3","DIFS","estimated","original",1,NA,NA,1.6094379124341,4,2,2,2,326,326,NA,NA,NA,NA,326,35,"1:1",0.517946056687623,0.776,0.585882474573205,0.76542960131759,167.485,750,NA,"750"
"SimKumar4easy","SC3","DIFS","true","original",1,NA,NA,1.6094379124341,4,2,4,4,326,326,4,TRUE,500,0,326,29,"1:1",1,1,1,1,182.672,1000,NA,"1000"
"SimKumar4easy","SC3","DIFS","estimated","original",1,NA,NA,1.6094379124341,4,2,2,2,326,326,NA,NA,NA,NA,326,35,"1:1",0.517946056687623,0.776,0.585882474573205,0.76542960131759,148.999,1000,NA,"1000"
"SimKumar4easy","SC3","DIFS","true","original",1,NA,NA,1.6094379124341,4,2,4,4,326,326,4,TRUE,500,0,326,29,"1:1",1,1,1,1,181.554,1500,NA,"1500"
"SimKumar4easy","SC3","DIFS","estimated","original",1,NA,NA,1.6094379124341,4,2,2,2,326,326,NA,NA,NA,NA,326,35,"1:1",0.517946056687623,0.776,0.585882474573205,0.76542960131759,223.909,1500,NA,"1500"
"SimKumar4easy","SC3","DIFS","true","original",1,NA,NA,1.6094379124341,4,2,4,4,326,326,4,TRUE,500,0,326,29,"1:1",1,1,1,1,184.332,2500,NA,"2500"
"SimKumar4easy","SC3","DIFS","estimated","original",1,NA,NA,1.6094379124341,4,2,2,2,326,326,NA,NA,NA,NA,326,35,"1:1",0.517946056687623,0.776,0.585882474573205,0.76542960131759,131.308,2500,NA,"2500"
"SimKumar4easy","Refined Louvain","FEAST","true","original",1,NA,NA,1.6094379124341,4,2,4,4,326,326,4,TRUE,500,0,NA,NA,NA,0.634621377910468,0.924,0.591127173032588,0.755872548085301,17.838,0,NA,"gate_n"
"SimKumar4easy","Refined Louvain","FEAST","estimated","original",1,NA,NA,1.6094379124341,4,2,2,2,326,326,NA,NA,NA,NA,NA,NA,NA,1,1,1,1,17.46,0,NA,"gate_n"
"SimKumar4easy","Refined Louvain","FEAST","true","original",1,NA,NA,1.6094379124341,4,2,4,4,100,326,4,TRUE,500,0,NA,NA,NA,0.636629187043368,0.922,0.593700787401575,0.757273394492412,17.466,100,NA,"100"
"SimKumar4easy","Refined Louvain","FEAST","estimated","original",1,NA,NA,1.6094379124341,4,2,2,2,100,326,NA,NA,NA,NA,NA,NA,NA,0.951921847455925,0.924,0.941595530354955,0.97035845456973,23.937,100,NA,"100"
"SimKumar4easy","Refined Louvain","FEAST","true","original",1,NA,NA,1.6094379124341,4,2,4,4,200,326,4,TRUE,500,0,NA,NA,NA,0.704899750040398,0.924,0.663904293102374,0.805029584989922,17.59,200,NA,"200"
"SimKumar4easy","Refined Louvain","FEAST","estimated","original",1,NA,NA,1.6094379124341,4,2,2,2,200,326,NA,NA,NA,NA,NA,NA,NA,0.951921847455925,0.924,0.941595530354955,0.97035845456973,24.358,200,NA,"200"
"SimKumar4easy","Refined Louvain","FEAST","true","original",1,NA,NA,1.6094379124341,4,2,4,4,300,326,4,TRUE,500,0,NA,NA,NA,0.98897459128478,0.988,0.986049266270372,0.992976627884698,17.612,300,NA,"300"
"SimKumar4easy","Refined Louvain","FEAST","estimated","original",1,NA,NA,1.6094379124341,4,2,2,2,300,326,NA,NA,NA,NA,NA,NA,NA,1,1,1,1,17.389,300,NA,"300"
"SimKumar4easy","Refined Louvain","FEAST","true","original",1,NA,NA,1.6094379124341,4,2,4,4,500,326,4,TRUE,500,0,NA,NA,NA,0.998076601267035,0.998,0.997553611178454,0.998775382022391,17.436,500,NA,"500"
"SimKumar4easy","Refined Louvain","FEAST","estimated","original",1,NA,NA,1.6094379124341,4,2,2,2,500,326,NA,NA,NA,NA,NA,NA,NA,1,1,1,1,17.315,500,NA,"500"
"SimKumar4easy","Refined Louvain","FEAST","true","original",1,NA,NA,1.6094379124341,4,2,4,4,750,326,4,TRUE,500,0,NA,NA,NA,1,1,1,1,21.825,750,NA,"750"
"SimKumar4easy","Refined Louvain","FEAST","estimated","original",1,NA,NA,1.6094379124341,4,2,2,2,750,326,NA,NA,NA,NA,NA,NA,NA,1,1,1,1,17.548,750,NA,"750"
"SimKumar4easy","Refined Louvain","FEAST","true","original",1,NA,NA,1.6094379124341,4,2,4,4,1000,326,4,TRUE,500,0,NA,NA,NA,1,1,1,1,22.173,1000,NA,"1000"
"SimKumar4easy","Refined Louvain","FEAST","estimated","original",1,NA,NA,1.6094379124341,4,2,2,2,1000,326,NA,NA,NA,NA,NA,NA,NA,1,1,1,1,17.068,1000,NA,"1000"
"SimKumar4easy","Refined Louvain","FEAST","true","original",1,NA,NA,1.6094379124341,4,2,4,4,1500,326,4,TRUE,500,0,NA,NA,NA,1,1,1,1,17.295,1500,NA,"1500"
"SimKumar4easy","Refined Louvain","FEAST","estimated","original",1,NA,NA,1.6094379124341,4,2,2,2,1500,326,NA,NA,NA,NA,NA,NA,NA,1,1,1,1,17.203,1500,NA,"1500"
"SimKumar4easy","Refined Louvain","FEAST","true","original",1,NA,NA,1.6094379124341,4,2,4,4,2500,326,4,TRUE,500,0,NA,NA,NA,1,1,1,1,18.197,2500,NA,"2500"
"SimKumar4easy","Refined Louvain","FEAST","estimated","original",1,NA,NA,1.6094379124341,4,2,2,2,2500,326,NA,NA,NA,NA,NA,NA,NA,1,1,1,1,17.439,2500,NA,"2500"
"SimKumar4easy","SC3","FEAST","true","original",1,NA,NA,1.6094379124341,4,2,4,4,326,326,4,TRUE,500,0,NA,NA,NA,0.994332054139068,0.994,0.992805122224911,0.996390168060669,93.539,0,NA,"gate_n"
"SimKumar4easy","SC3","FEAST","estimated","original",1,NA,NA,1.6094379124341,4,2,2,2,326,326,NA,NA,NA,NA,NA,NA,NA,0.517946056687623,0.776,0.585882474573205,0.76542960131759,74.823,0,NA,"gate_n"
"SimKumar4easy","SC3","FEAST","true","original",1,NA,NA,1.6094379124341,4,2,4,4,100,326,4,TRUE,500,0,NA,NA,NA,0.903666362237472,0.924,0.884478783724843,0.938698804001982,99.462,100,NA,"100"
"SimKumar4easy","SC3","FEAST","estimated","original",1,NA,NA,1.6094379124341,4,2,2,2,100,326,NA,NA,NA,NA,NA,NA,NA,0.726872970607939,0.776,0.726860239534399,0.852560988747667,64.065,100,NA,"100"
"SimKumar4easy","SC3","FEAST","true","original",1,NA,NA,1.6094379124341,4,2,4,4,200,326,4,TRUE,500,0,NA,NA,NA,0.996187262765033,0.996,0.995155358833763,0.997572078499899,95.787,200,NA,"200"
"SimKumar4easy","SC3","FEAST","estimated","original",1,NA,NA,1.6094379124341,4,2,2,2,200,326,NA,NA,NA,NA,NA,NA,NA,0.726872970607939,0.776,0.726860239534399,0.852560988747667,64.001,200,NA,"200"
"SimKumar4easy","SC3","FEAST","true","original",1,NA,NA,1.6094379124341,4,2,4,4,300,326,4,TRUE,500,0,NA,NA,NA,0.994332054139068,0.994,0.992805122224911,0.996390168060669,93.003,300,NA,"300"
"SimKumar4easy","SC3","FEAST","estimated","original",1,NA,NA,1.6094379124341,4,2,2,2,300,326,NA,NA,NA,NA,NA,NA,NA,0.726872970607939,0.776,0.726860239534399,0.852560988747667,64.802,300,NA,"300"
"SimKumar4easy","SC3","FEAST","true","original",1,NA,NA,1.6094379124341,4,2,4,4,500,326,4,TRUE,500,0,NA,NA,NA,0.998076601267035,0.998,0.997553611178454,0.998775382022391,92.565,500,NA,"500"
"SimKumar4easy","SC3","FEAST","estimated","original",1,NA,NA,1.6094379124341,4,2,2,2,500,326,NA,NA,NA,NA,NA,NA,NA,0.517946056687623,0.776,0.585882474573205,0.76542960131759,66.069,500,NA,"500"
"SimKumar4easy","SC3","FEAST","true","original",1,NA,NA,1.6094379124341,4,2,4,4,750,326,4,TRUE,500,0,NA,NA,NA,1,1,1,1,90.919,750,NA,"750"
"SimKumar4easy","SC3","FEAST","estimated","original",1,NA,NA,1.6094379124341,4,2,2,2,750,326,NA,NA,NA,NA,NA,NA,NA,0.517946056687623,0.776,0.585882474573205,0.76542960131759,74.652,750,NA,"750"
"SimKumar4easy","SC3","FEAST","true","original",1,NA,NA,1.6094379124341,4,2,4,4,1000,326,4,TRUE,500,0,NA,NA,NA,1,1,1,1,91.148,1000,NA,"1000"
"SimKumar4easy","SC3","FEAST","estimated","original",1,NA,NA,1.6094379124341,4,2,2,2,1000,326,NA,NA,NA,NA,NA,NA,NA,0.517946056687623,0.776,0.585882474573205,0.76542960131759,63.84,1000,NA,"1000"
"SimKumar4easy","SC3","FEAST","true","original",1,NA,NA,1.6094379124341,4,2,4,4,1500,326,4,TRUE,500,0,NA,NA,NA,1,1,1,1,100.387,1500,NA,"1500"
"SimKumar4easy","SC3","FEAST","estimated","original",1,NA,NA,1.6094379124341,4,2,2,2,1500,326,NA,NA,NA,NA,NA,NA,NA,0.517946056687623,0.776,0.585882474573205,0.76542960131759,64.125,1500,NA,"1500"
"SimKumar4easy","SC3","FEAST","true","original",1,NA,NA,1.6094379124341,4,2,4,4,2500,326,4,TRUE,500,0,NA,NA,NA,1,1,1,1,87.361,2500,NA,"2500"
"SimKumar4easy","SC3","FEAST","estimated","original",1,NA,NA,1.6094379124341,4,2,2,2,2500,326,NA,NA,NA,NA,NA,NA,NA,0.517946056687623,0.776,0.585882474573205,0.76542960131759,73.597,2500,NA,"2500"
"SimKumar4easy","Refined Louvain","GateOnly","true","original",1,NA,NA,1.6094379124341,4,2,4,4,326,326,4,TRUE,500,0,NA,NA,NA,1,1,1,1,13.23,0,NA,"gate_n"
"SimKumar4easy","Refined Louvain","GateOnly","estimated","original",1,NA,NA,1.6094379124341,4,2,2,2,326,326,NA,NA,NA,NA,NA,NA,NA,1,1,1,1,12.602,0,NA,"gate_n"
"SimKumar4easy","Refined Louvain","GateOnly","true","original",1,NA,NA,1.6094379124341,4,2,4,4,100,326,4,TRUE,500,0,NA,NA,NA,0.994831705846302,0.998,0.993432217398012,0.99670829147619,13.187,100,NA,"100"
"SimKumar4easy","Refined Louvain","GateOnly","estimated","original",1,NA,NA,1.6094379124341,4,2,2,2,100,326,NA,NA,NA,NA,NA,NA,NA,0.994831705846302,0.998,0.993432217398012,0.99670829147619,13.144,100,NA,"100"
"SimKumar4easy","Refined Louvain","GateOnly","true","original",1,NA,NA,1.6094379124341,4,2,4,4,200,326,4,TRUE,500,0,NA,NA,NA,1,1,1,1,14.242,200,NA,"200"
"SimKumar4easy","Refined Louvain","GateOnly","estimated","original",1,NA,NA,1.6094379124341,4,2,2,2,200,326,NA,NA,NA,NA,NA,NA,NA,1,1,1,1,17.633,200,NA,"200"
"SimKumar4easy","Refined Louvain","GateOnly","true","original",1,NA,NA,1.6094379124341,4,2,4,4,300,326,4,TRUE,500,0,NA,NA,NA,1,1,1,1,15.854,300,NA,"300"
"SimKumar4easy","Refined Louvain","GateOnly","estimated","original",1,NA,NA,1.6094379124341,4,2,2,2,300,326,NA,NA,NA,NA,NA,NA,NA,1,1,1,1,13.441,300,NA,"300"
"SimKumar4easy","Refined Louvain","GateOnly","true","original",1,NA,NA,1.6094379124341,4,2,4,4,326,326,4,TRUE,500,0,NA,NA,NA,1,1,1,1,16.537,500,NA,"500"
"SimKumar4easy","Refined Louvain","GateOnly","estimated","original",1,NA,NA,1.6094379124341,4,2,2,2,326,326,NA,NA,NA,NA,NA,NA,NA,1,1,1,1,12.588,500,NA,"500"
"SimKumar4easy","Refined Louvain","GateOnly","true","original",1,NA,NA,1.6094379124341,4,2,4,4,326,326,4,TRUE,500,0,NA,NA,NA,1,1,1,1,12.738,750,NA,"750"
"SimKumar4easy","Refined Louvain","GateOnly","estimated","original",1,NA,NA,1.6094379124341,4,2,2,2,326,326,NA,NA,NA,NA,NA,NA,NA,1,1,1,1,20.106,750,NA,"750"
"SimKumar4easy","Refined Louvain","GateOnly","true","original",1,NA,NA,1.6094379124341,4,2,4,4,326,326,4,TRUE,500,0,NA,NA,NA,1,1,1,1,12.663,1000,NA,"1000"
"SimKumar4easy","Refined Louvain","GateOnly","estimated","original",1,NA,NA,1.6094379124341,4,2,2,2,326,326,NA,NA,NA,NA,NA,NA,NA,1,1,1,1,13.066,1000,NA,"1000"
"SimKumar4easy","Refined Louvain","GateOnly","true","original",1,NA,NA,1.6094379124341,4,2,4,4,326,326,4,TRUE,500,0,NA,NA,NA,1,1,1,1,12.939,1500,NA,"1500"
"SimKumar4easy","Refined Louvain","GateOnly","estimated","original",1,NA,NA,1.6094379124341,4,2,2,2,326,326,NA,NA,NA,NA,NA,NA,NA,1,1,1,1,13.33,1500,NA,"1500"
"SimKumar4easy","Refined Louvain","GateOnly","true","original",1,NA,NA,1.6094379124341,4,2,4,4,326,326,4,TRUE,500,0,NA,NA,NA,1,1,1,1,12.839,2500,NA,"2500"
"SimKumar4easy","Refined Louvain","GateOnly","estimated","original",1,NA,NA,1.6094379124341,4,2,2,2,326,326,NA,NA,NA,NA,NA,NA,NA,1,1,1,1,22.748,2500,NA,"2500"
"SimKumar4easy","SC3","GateOnly","true","original",1,NA,NA,1.6094379124341,4,2,4,4,326,326,4,TRUE,500,0,NA,NA,NA,1,1,1,1,87.887,0,NA,"gate_n"
"SimKumar4easy","SC3","GateOnly","estimated","original",1,NA,NA,1.6094379124341,4,2,2,2,326,326,NA,NA,NA,NA,NA,NA,NA,0.517946056687623,0.776,0.585882474573205,0.76542960131759,60.427,0,NA,"gate_n"
"SimKumar4easy","SC3","GateOnly","true","original",1,NA,NA,1.6094379124341,4,2,4,4,100,326,4,TRUE,500,0,NA,NA,NA,1,1,1,1,96.925,100,NA,"100"
"SimKumar4easy","SC3","GateOnly","estimated","original",1,NA,NA,1.6094379124341,4,2,2,2,100,326,NA,NA,NA,NA,NA,NA,NA,0.517946056687623,0.776,0.585882474573205,0.76542960131759,110.351,100,NA,"100"
"SimKumar4easy","SC3","GateOnly","true","original",1,NA,NA,1.6094379124341,4,2,4,4,200,326,4,TRUE,500,0,NA,NA,NA,1,1,1,1,92.078,200,NA,"200"
"SimKumar4easy","SC3","GateOnly","estimated","original",1,NA,NA,1.6094379124341,4,2,2,2,200,326,NA,NA,NA,NA,NA,NA,NA,0.517946056687623,0.776,0.585882474573205,0.76542960131759,75.043,200,NA,"200"
"SimKumar4easy","SC3","GateOnly","true","original",1,NA,NA,1.6094379124341,4,2,4,4,300,326,4,TRUE,500,0,NA,NA,NA,1,1,1,1,90.527,300,NA,"300"
"SimKumar4easy","SC3","GateOnly","estimated","original",1,NA,NA,1.6094379124341,4,2,2,2,300,326,NA,NA,NA,NA,NA,NA,NA,0.517946056687623,0.776,0.585882474573205,0.76542960131759,61.609,300,NA,"300"
"SimKumar4easy","SC3","GateOnly","true","original",1,NA,NA,1.6094379124341,4,2,4,4,326,326,4,TRUE,500,0,NA,NA,NA,1,1,1,1,88.884,500,NA,"500"
"SimKumar4easy","SC3","GateOnly","estimated","original",1,NA,NA,1.6094379124341,4,2,2,2,326,326,NA,NA,NA,NA,NA,NA,NA,0.517946056687623,0.776,0.585882474573205,0.76542960131759,61.984,500,NA,"500"
"SimKumar4easy","SC3","GateOnly","true","original",1,NA,NA,1.6094379124341,4,2,4,4,326,326,4,TRUE,500,0,NA,NA,NA,1,1,1,1,89.466,750,NA,"750"
"SimKumar4easy","SC3","GateOnly","estimated","original",1,NA,NA,1.6094379124341,4,2,2,2,326,326,NA,NA,NA,NA,NA,NA,NA,0.517946056687623,0.776,0.585882474573205,0.76542960131759,60.989,750,NA,"750"
"SimKumar4easy","SC3","GateOnly","true","original",1,NA,NA,1.6094379124341,4,2,4,4,326,326,4,TRUE,500,0,NA,NA,NA,1,1,1,1,88.041,1000,NA,"1000"
"SimKumar4easy","SC3","GateOnly","estimated","original",1,NA,NA,1.6094379124341,4,2,2,2,326,326,NA,NA,NA,NA,NA,NA,NA,0.517946056687623,0.776,0.585882474573205,0.76542960131759,61.634,1000,NA,"1000"
"SimKumar4easy","SC3","GateOnly","true","original",1,NA,NA,1.6094379124341,4,2,4,4,326,326,4,TRUE,500,0,NA,NA,NA,1,1,1,1,88.244,1500,NA,"1500"
"SimKumar4easy","SC3","GateOnly","estimated","original",1,NA,NA,1.6094379124341,4,2,2,2,326,326,NA,NA,NA,NA,NA,NA,NA,0.517946056687623,0.776,0.585882474573205,0.76542960131759,61.405,1500,NA,"1500"
"SimKumar4easy","SC3","GateOnly","true","original",1,NA,NA,1.6094379124341,4,2,4,4,326,326,4,TRUE,500,0,NA,NA,NA,1,1,1,1,105.756,2500,NA,"2500"
"SimKumar4easy","SC3","GateOnly","estimated","original",1,NA,NA,1.6094379124341,4,2,2,2,326,326,NA,NA,NA,NA,NA,NA,NA,0.517946056687623,0.776,0.585882474573205,0.76542960131759,61.328,2500,NA,"2500"
"SimKumar4easy","Refined Louvain","Seurat","true","original",1,NA,NA,1.6094379124341,4,2,4,4,326,326,4,TRUE,500,0,NA,NA,NA,1,1,1,1,16.198,0,NA,"gate_n"
"SimKumar4easy","Refined Louvain","Seurat","estimated","original",1,NA,NA,1.6094379124341,4,2,2,2,326,326,NA,NA,NA,NA,NA,NA,NA,1,1,1,1,14.738,0,NA,"gate_n"
"SimKumar4easy","Refined Louvain","Seurat","true","original",1,NA,NA,1.6094379124341,4,2,4,4,100,326,4,TRUE,500,0,NA,NA,NA,1,1,1,1,16.356,100,NA,"100"
"SimKumar4easy","Refined Louvain","Seurat","estimated","original",1,NA,NA,1.6094379124341,4,2,2,2,100,326,NA,NA,NA,NA,NA,NA,NA,1,1,1,1,25.002,100,NA,"100"
"SimKumar4easy","Refined Louvain","Seurat","true","original",1,NA,NA,1.6094379124341,4,2,4,4,200,326,4,TRUE,500,0,NA,NA,NA,1,1,1,1,16.355,200,NA,"200"
"SimKumar4easy","Refined Louvain","Seurat","estimated","original",1,NA,NA,1.6094379124341,4,2,2,2,200,326,NA,NA,NA,NA,NA,NA,NA,1,1,1,1,14.519,200,NA,"200"
"SimKumar4easy","Refined Louvain","Seurat","true","original",1,NA,NA,1.6094379124341,4,2,4,4,300,326,4,TRUE,500,0,NA,NA,NA,1,1,1,1,14.802,300,NA,"300"
"SimKumar4easy","Refined Louvain","Seurat","estimated","original",1,NA,NA,1.6094379124341,4,2,2,2,300,326,NA,NA,NA,NA,NA,NA,NA,1,1,1,1,14.125,300,NA,"300"
"SimKumar4easy","Refined Louvain","Seurat","true","original",1,NA,NA,1.6094379124341,4,2,4,4,500,326,4,TRUE,500,0,NA,NA,NA,1,1,1,1,15.841,500,NA,"500"
"SimKumar4easy","Refined Louvain","Seurat","estimated","original",1,NA,NA,1.6094379124341,4,2,2,2,500,326,NA,NA,NA,NA,NA,NA,NA,1,1,1,1,15.347,500,NA,"500"
"SimKumar4easy","Refined Louvain","Seurat","true","original",1,NA,NA,1.6094379124341,4,2,4,4,750,326,4,TRUE,500,0,NA,NA,NA,1,1,1,1,15.38,750,NA,"750"
"SimKumar4easy","Refined Louvain","Seurat","estimated","original",1,NA,NA,1.6094379124341,4,2,2,2,750,326,NA,NA,NA,NA,NA,NA,NA,1,1,1,1,15.548,750,NA,"750"
"SimKumar4easy","Refined Louvain","Seurat","true","original",1,NA,NA,1.6094379124341,4,2,4,4,1000,326,4,TRUE,500,0,NA,NA,NA,1,1,1,1,15.27,1000,NA,"1000"
"SimKumar4easy","Refined Louvain","Seurat","estimated","original",1,NA,NA,1.6094379124341,4,2,2,2,1000,326,NA,NA,NA,NA,NA,NA,NA,1,1,1,1,14.549,1000,NA,"1000"
"SimKumar4easy","Refined Louvain","Seurat","true","original",1,NA,NA,1.6094379124341,4,2,4,4,1500,326,4,TRUE,500,0,NA,NA,NA,1,1,1,1,16.034,1500,NA,"1500"
"SimKumar4easy","Refined Louvain","Seurat","estimated","original",1,NA,NA,1.6094379124341,4,2,2,2,1500,326,NA,NA,NA,NA,NA,NA,NA,1,1,1,1,14.633,1500,NA,"1500"
"SimKumar4easy","Refined Louvain","Seurat","true","original",1,NA,NA,1.6094379124341,4,2,4,4,2500,326,4,TRUE,500,0,NA,NA,NA,1,1,1,1,15.769,2500,NA,"2500"
"SimKumar4easy","Refined Louvain","Seurat","estimated","original",1,NA,NA,1.6094379124341,4,2,2,2,2500,326,NA,NA,NA,NA,NA,NA,NA,1,1,1,1,19.976,2500,NA,"2500"
"SimKumar4easy","SC3","Seurat","true","original",1,NA,NA,1.6094379124341,4,2,4,4,326,326,4,TRUE,500,0,NA,NA,NA,0.996189860390945,0.996,0.995163027944507,0.997576000572541,101.384,0,NA,"gate_n"
"SimKumar4easy","SC3","Seurat","estimated","original",1,NA,NA,1.6094379124341,4,2,2,2,326,326,NA,NA,NA,NA,NA,NA,NA,0.726872970607939,0.776,0.726860239534399,0.852560988747667,104.294,0,NA,"gate_n"
"SimKumar4easy","SC3","Seurat","true","original",1,NA,NA,1.6094379124341,4,2,4,4,100,326,4,TRUE,500,0,NA,NA,NA,0.606963456689151,0.922,0.567479343058247,0.736107847868031,107.188,100,NA,"100"
"SimKumar4easy","SC3","Seurat","estimated","original",1,NA,NA,1.6094379124341,4,2,2,2,100,326,NA,NA,NA,NA,NA,NA,NA,0.520035232515541,0.776,0.58698215650957,0.766018556994751,65.376,100,NA,"100"
"SimKumar4easy","SC3","Seurat","true","original",1,NA,NA,1.6094379124341,4,2,4,4,200,326,4,TRUE,500,0,NA,NA,NA,0.943498287431496,0.924,0.931461258450338,0.964781713454074,105.708,200,NA,"200"
"SimKumar4easy","SC3","Seurat","estimated","original",1,NA,NA,1.6094379124341,4,2,2,2,200,326,NA,NA,NA,NA,NA,NA,NA,0.726872970607939,0.776,0.726860239534399,0.852560988747667,83.337,200,NA,"200"
"SimKumar4easy","SC3","Seurat","true","original",1,NA,NA,1.6094379124341,4,2,4,4,300,326,4,TRUE,500,0,NA,NA,NA,0.952529843393628,0.926,0.942275289663637,0.970686074650945,103.319,300,NA,"300"
"SimKumar4easy","SC3","Seurat","estimated","original",1,NA,NA,1.6094379124341,4,2,2,2,300,326,NA,NA,NA,NA,NA,NA,NA,0.726872970607939,0.776,0.726860239534399,0.852560988747667,74.909,300,NA,"300"
"SimKumar4easy","SC3","Seurat","true","original",1,NA,NA,1.6094379124341,4,2,4,4,500,326,4,TRUE,500,0,NA,NA,NA,1,1,1,1,99.507,500,NA,"500"
"SimKumar4easy","SC3","Seurat","estimated","original",1,NA,NA,1.6094379124341,4,2,2,2,500,326,NA,NA,NA,NA,NA,NA,NA,0.517946056687623,0.776,0.585882474573205,0.76542960131759,62.719,500,NA,"500"
"SimKumar4easy","SC3","Seurat","true","original",1,NA,NA,1.6094379124341,4,2,4,4,750,326,4,TRUE,500,0,NA,NA,NA,1,1,1,1,115.081,750,NA,"750"
"SimKumar4easy","SC3","Seurat","estimated","original",1,NA,NA,1.6094379124341,4,2,2,2,750,326,NA,NA,NA,NA,NA,NA,NA,0.517946056687623,0.776,0.585882474573205,0.76542960131759,64.039,750,NA,"750"
"SimKumar4easy","SC3","Seurat","true","original",1,NA,NA,1.6094379124341,4,2,4,4,1000,326,4,TRUE,500,0,NA,NA,NA,1,1,1,1,96.413,1000,NA,"1000"
"SimKumar4easy","SC3","Seurat","estimated","original",1,NA,NA,1.6094379124341,4,2,2,2,1000,326,NA,NA,NA,NA,NA,NA,NA,0.517946056687623,0.776,0.585882474573205,0.76542960131759,65.619,1000,NA,"1000"
"SimKumar4easy","SC3","Seurat","true","original",1,NA,NA,1.6094379124341,4,2,4,4,1500,326,4,TRUE,500,0,NA,NA,NA,1,1,1,1,95.351,1500,NA,"1500"
"SimKumar4easy","SC3","Seurat","estimated","original",1,NA,NA,1.6094379124341,4,2,2,2,1500,326,NA,NA,NA,NA,NA,NA,NA,0.517946056687623,0.776,0.585882474573205,0.76542960131759,65.195,1500,NA,"1500"
"SimKumar4easy","SC3","Seurat","true","original",1,NA,NA,1.6094379124341,4,2,4,4,2500,326,4,TRUE,500,0,NA,NA,NA,1,1,1,1,119.733,2500,NA,"2500"
"SimKumar4easy","SC3","Seurat","estimated","original",1,NA,NA,1.6094379124341,4,2,2,2,2500,326,NA,NA,NA,NA,NA,NA,NA,0.517946056687623,0.776,0.585882474573205,0.76542960131759,88.913,2500,NA,"2500"
"SimKumar4easy","Refined Louvain","Variance","true","original",1,NA,NA,1.6094379124341,4,2,4,4,326,326,4,TRUE,500,0,NA,NA,NA,1,1,1,1,13.826,0,NA,"gate_n"
"SimKumar4easy","Refined Louvain","Variance","estimated","original",1,NA,NA,1.6094379124341,4,2,2,2,326,326,NA,NA,NA,NA,NA,NA,NA,1,1,1,1,15.828,0,NA,"gate_n"
"SimKumar4easy","Refined Louvain","Variance","true","original",1,NA,NA,1.6094379124341,4,2,4,4,100,326,4,TRUE,500,0,NA,NA,NA,1,1,1,1,14.754,100,NA,"100"
"SimKumar4easy","Refined Louvain","Variance","estimated","original",1,NA,NA,1.6094379124341,4,2,2,2,100,326,NA,NA,NA,NA,NA,NA,NA,1,1,1,1,22.304,100,NA,"100"
"SimKumar4easy","Refined Louvain","Variance","true","original",1,NA,NA,1.6094379124341,4,2,4,4,200,326,4,TRUE,500,0,NA,NA,NA,1,1,1,1,14.23,200,NA,"200"
"SimKumar4easy","Refined Louvain","Variance","estimated","original",1,NA,NA,1.6094379124341,4,2,2,2,200,326,NA,NA,NA,NA,NA,NA,NA,1,1,1,1,20.037,200,NA,"200"
"SimKumar4easy","Refined Louvain","Variance","true","original",1,NA,NA,1.6094379124341,4,2,4,4,300,326,4,TRUE,500,0,NA,NA,NA,1,1,1,1,14.052,300,NA,"300"
"SimKumar4easy","Refined Louvain","Variance","estimated","original",1,NA,NA,1.6094379124341,4,2,2,2,300,326,NA,NA,NA,NA,NA,NA,NA,1,1,1,1,14.092,300,NA,"300"
"SimKumar4easy","Refined Louvain","Variance","true","original",1,NA,NA,1.6094379124341,4,2,4,4,500,326,4,TRUE,500,0,NA,NA,NA,1,1,1,1,13.874,500,NA,"500"
"SimKumar4easy","Refined Louvain","Variance","estimated","original",1,NA,NA,1.6094379124341,4,2,2,2,500,326,NA,NA,NA,NA,NA,NA,NA,1,1,1,1,21.303,500,NA,"500"
"SimKumar4easy","Refined Louvain","Variance","true","original",1,NA,NA,1.6094379124341,4,2,4,4,750,326,4,TRUE,500,0,NA,NA,NA,1,1,1,1,13.606,750,NA,"750"
"SimKumar4easy","Refined Louvain","Variance","estimated","original",1,NA,NA,1.6094379124341,4,2,2,2,750,326,NA,NA,NA,NA,NA,NA,NA,1,1,1,1,18.263,750,NA,"750"
"SimKumar4easy","Refined Louvain","Variance","true","original",1,NA,NA,1.6094379124341,4,2,4,4,1000,326,4,TRUE,500,0,NA,NA,NA,1,1,1,1,14.224,1000,NA,"1000"
"SimKumar4easy","Refined Louvain","Variance","estimated","original",1,NA,NA,1.6094379124341,4,2,2,2,1000,326,NA,NA,NA,NA,NA,NA,NA,1,1,1,1,13.552,1000,NA,"1000"
"SimKumar4easy","Refined Louvain","Variance","true","original",1,NA,NA,1.6094379124341,4,2,4,4,1500,326,4,TRUE,500,0,NA,NA,NA,1,1,1,1,14.195,1500,NA,"1500"
"SimKumar4easy","Refined Louvain","Variance","estimated","original",1,NA,NA,1.6094379124341,4,2,2,2,1500,326,NA,NA,NA,NA,NA,NA,NA,1,1,1,1,13.84,1500,NA,"1500"
"SimKumar4easy","Refined Louvain","Variance","true","original",1,NA,NA,1.6094379124341,4,2,4,4,2500,326,4,TRUE,500,0,NA,NA,NA,1,1,1,1,13.958,2500,NA,"2500"
"SimKumar4easy","Refined Louvain","Variance","estimated","original",1,NA,NA,1.6094379124341,4,2,2,2,2500,326,NA,NA,NA,NA,NA,NA,NA,1,1,1,1,14.158,2500,NA,"2500"
"SimKumar4easy","SC3","Variance","true","original",1,NA,NA,1.6094379124341,4,2,4,4,326,326,4,TRUE,500,0,NA,NA,NA,1,1,1,1,88.083,0,NA,"gate_n"
"SimKumar4easy","SC3","Variance","estimated","original",1,NA,NA,1.6094379124341,4,2,2,2,326,326,NA,NA,NA,NA,NA,NA,NA,0.517946056687623,0.776,0.585882474573205,0.76542960131759,62.015,0,NA,"gate_n"
"SimKumar4easy","SC3","Variance","true","original",1,NA,NA,1.6094379124341,4,2,4,4,100,326,4,TRUE,500,0,NA,NA,NA,1,1,1,1,90.729,100,NA,"100"
"SimKumar4easy","SC3","Variance","estimated","original",1,NA,NA,1.6094379124341,4,2,2,2,100,326,NA,NA,NA,NA,NA,NA,NA,0.517946056687623,0.776,0.585882474573205,0.76542960131759,78.228,100,NA,"100"
"SimKumar4easy","SC3","Variance","true","original",1,NA,NA,1.6094379124341,4,2,4,4,200,326,4,TRUE,500,0,NA,NA,NA,1,1,1,1,89.235,200,NA,"200"
"SimKumar4easy","SC3","Variance","estimated","original",1,NA,NA,1.6094379124341,4,2,2,2,200,326,NA,NA,NA,NA,NA,NA,NA,0.517946056687623,0.776,0.585882474573205,0.76542960131759,59.626,200,NA,"200"
"SimKumar4easy","SC3","Variance","true","original",1,NA,NA,1.6094379124341,4,2,4,4,300,326,4,TRUE,500,0,NA,NA,NA,1,1,1,1,95.804,300,NA,"300"
"SimKumar4easy","SC3","Variance","estimated","original",1,NA,NA,1.6094379124341,4,2,2,2,300,326,NA,NA,NA,NA,NA,NA,NA,0.517946056687623,0.776,0.585882474573205,0.76542960131759,106.79,300,NA,"300"
"SimKumar4easy","SC3","Variance","true","original",1,NA,NA,1.6094379124341,4,2,4,4,500,326,4,TRUE,500,0,NA,NA,NA,1,1,1,1,90.491,500,NA,"500"
"SimKumar4easy","SC3","Variance","estimated","original",1,NA,NA,1.6094379124341,4,2,2,2,500,326,NA,NA,NA,NA,NA,NA,NA,0.517946056687623,0.776,0.585882474573205,0.76542960131759,60.092,500,NA,"500"
"SimKumar4easy","SC3","Variance","true","original",1,NA,NA,1.6094379124341,4,2,4,4,750,326,4,TRUE,500,0,NA,NA,NA,1,1,1,1,88.276,750,NA,"750"
"SimKumar4easy","SC3","Variance","estimated","original",1,NA,NA,1.6094379124341,4,2,2,2,750,326,NA,NA,NA,NA,NA,NA,NA,0.517946056687623,0.776,0.585882474573205,0.76542960131759,61.675,750,NA,"750"
"SimKumar4easy","SC3","Variance","true","original",1,NA,NA,1.6094379124341,4,2,4,4,1000,326,4,TRUE,500,0,NA,NA,NA,1,1,1,1,119.588,1000,NA,"1000"
"SimKumar4easy","SC3","Variance","estimated","original",1,NA,NA,1.6094379124341,4,2,2,2,1000,326,NA,NA,NA,NA,NA,NA,NA,0.517946056687623,0.776,0.585882474573205,0.76542960131759,85.513,1000,NA,"1000"
"SimKumar4easy","SC3","Variance","true","original",1,NA,NA,1.6094379124341,4,2,4,4,1500,326,4,TRUE,500,0,NA,NA,NA,1,1,1,1,88.847,1500,NA,"1500"
"SimKumar4easy","SC3","Variance","estimated","original",1,NA,NA,1.6094379124341,4,2,2,2,1500,326,NA,NA,NA,NA,NA,NA,NA,0.517946056687623,0.776,0.585882474573205,0.76542960131759,61.322,1500,NA,"1500"
"SimKumar4easy","SC3","Variance","true","original",1,NA,NA,1.6094379124341,4,2,4,4,2500,326,4,TRUE,500,0,NA,NA,NA,1,1,1,1,90.782,2500,NA,"2500"
"SimKumar4easy","SC3","Variance","estimated","original",1,NA,NA,1.6094379124341,4,2,2,2,2500,326,NA,NA,NA,NA,NA,NA,NA,0.517946056687623,0.776,0.585882474573205,0.76542960131759,60.877,2500,NA,"2500"
"SimKumar4hard","Refined Louvain","DIFS","true","original",1,NA,NA,1.6094379124341,4,1,4,4,325,325,4,TRUE,499,0,325,18,"1:1",1,1,1,1,116.919,0,NA,"gate_n"
"SimKumar4hard","Refined Louvain","DIFS","estimated","original",1,NA,NA,1.6094379124341,4,1,1,1,325,325,NA,NA,NA,NA,325,0,NA,1,1,1,1,52.704,0,NA,"gate_n"
"SimKumar4hard","Refined Louvain","DIFS","true","original",1,NA,NA,1.6094379124341,4,1,4,4,100,325,4,TRUE,499,0,325,18,"1:1",1,1,1,1,118.21,100,NA,"100"
"SimKumar4hard","Refined Louvain","DIFS","estimated","original",1,NA,NA,1.6094379124341,4,1,1,1,325,325,NA,NA,NA,NA,325,0,NA,1,1,1,1,51.824,100,NA,"100"
"SimKumar4hard","Refined Louvain","DIFS","true","original",1,NA,NA,1.6094379124341,4,1,4,4,200,325,4,TRUE,499,0,325,18,"1:1",1,1,1,1,128.798,200,NA,"200"
"SimKumar4hard","Refined Louvain","DIFS","estimated","original",1,NA,NA,1.6094379124341,4,1,1,1,325,325,NA,NA,NA,NA,325,0,NA,1,1,1,1,77.408,200,NA,"200"
"SimKumar4hard","Refined Louvain","DIFS","true","original",1,NA,NA,1.6094379124341,4,1,4,4,300,325,4,TRUE,499,0,325,18,"1:1",1,1,1,1,116.453,300,NA,"300"
"SimKumar4hard","Refined Louvain","DIFS","estimated","original",1,NA,NA,1.6094379124341,4,1,1,1,325,325,NA,NA,NA,NA,325,0,NA,1,1,1,1,52.252,300,NA,"300"
"SimKumar4hard","Refined Louvain","DIFS","true","original",1,NA,NA,1.6094379124341,4,1,4,4,327,325,4,TRUE,499,0,325,18,"1:1",1,1,1,1,118.534,500,NA,"500"
"SimKumar4hard","Refined Louvain","DIFS","estimated","original",1,NA,NA,1.6094379124341,4,1,1,1,325,325,NA,NA,NA,NA,325,0,NA,1,1,1,1,50.704,500,NA,"500"
"SimKumar4hard","Refined Louvain","DIFS","true","original",1,NA,NA,1.6094379124341,4,1,4,4,327,325,4,TRUE,499,0,325,18,"1:1",1,1,1,1,116.934,750,NA,"750"
"SimKumar4hard","Refined Louvain","DIFS","estimated","original",1,NA,NA,1.6094379124341,4,1,1,1,325,325,NA,NA,NA,NA,325,0,NA,1,1,1,1,62.579,750,NA,"750"
"SimKumar4hard","Refined Louvain","DIFS","true","original",1,NA,NA,1.6094379124341,4,1,4,4,327,325,4,TRUE,499,0,325,18,"1:1",1,1,1,1,138.969,1000,NA,"1000"
"SimKumar4hard","Refined Louvain","DIFS","estimated","original",1,NA,NA,1.6094379124341,4,1,1,1,325,325,NA,NA,NA,NA,325,0,NA,1,1,1,1,62.098,1000,NA,"1000"
"SimKumar4hard","Refined Louvain","DIFS","true","original",1,NA,NA,1.6094379124341,4,1,4,4,327,325,4,TRUE,499,0,325,18,"1:1",1,1,1,1,116.708,1500,NA,"1500"
"SimKumar4hard","Refined Louvain","DIFS","estimated","original",1,NA,NA,1.6094379124341,4,1,1,1,325,325,NA,NA,NA,NA,325,0,NA,1,1,1,1,84.316,1500,NA,"1500"
"SimKumar4hard","Refined Louvain","DIFS","true","original",1,NA,NA,1.6094379124341,4,1,4,4,327,325,4,TRUE,499,0,325,18,"1:1",1,1,1,1,117.338,2500,NA,"2500"
"SimKumar4hard","Refined Louvain","DIFS","estimated","original",1,NA,NA,1.6094379124341,4,1,1,1,325,325,NA,NA,NA,NA,325,0,NA,1,1,1,1,72.882,2500,NA,"2500"
"SimKumar4hard","SC3","DIFS","true","original",1,NA,NA,1.6094379124341,4,1,4,4,325,325,4,TRUE,499,0,325,18,"1:1",1,1,1,1,201.31,0,NA,"gate_n"
"SimKumar4hard","SC3","DIFS","estimated","original",1,NA,NA,1.6094379124341,4,1,1,1,325,325,NA,NA,NA,NA,325,0,NA,0,0.420841683366733,0.295675688726851,0.543760690678217,103.104,0,NA,"gate_n"
"SimKumar4hard","SC3","DIFS","true","original",1,NA,NA,1.6094379124341,4,1,4,4,100,325,4,TRUE,499,0,325,18,"1:1",1,1,1,1,203.496,100,NA,"100"
"SimKumar4hard","SC3","DIFS","estimated","original",1,NA,NA,1.6094379124341,4,1,1,1,325,325,NA,NA,NA,NA,325,0,NA,0,0.420841683366733,0.295675688726851,0.543760690678217,81.237,100,NA,"100"
"SimKumar4hard","SC3","DIFS","true","original",1,NA,NA,1.6094379124341,4,1,4,4,200,325,4,TRUE,499,0,325,18,"1:1",1,1,1,1,198.858,200,NA,"200"
"SimKumar4hard","SC3","DIFS","estimated","original",1,NA,NA,1.6094379124341,4,1,1,1,325,325,NA,NA,NA,NA,325,0,NA,0,0.420841683366733,0.295675688726851,0.543760690678217,83.9,200,NA,"200"
"SimKumar4hard","SC3","DIFS","true","original",1,NA,NA,1.6094379124341,4,1,4,4,300,325,4,TRUE,499,0,325,18,"1:1",1,1,1,1,199.682,300,NA,"300"
"SimKumar4hard","SC3","DIFS","estimated","original",1,NA,NA,1.6094379124341,4,1,1,1,325,325,NA,NA,NA,NA,325,0,NA,0,0.420841683366733,0.295675688726851,0.543760690678217,98.311,300,NA,"300"
"SimKumar4hard","SC3","DIFS","true","original",1,NA,NA,1.6094379124341,4,1,4,4,327,325,4,TRUE,499,0,325,18,"1:1",1,1,1,1,201.248,500,NA,"500"
"SimKumar4hard","SC3","DIFS","estimated","original",1,NA,NA,1.6094379124341,4,1,1,1,325,325,NA,NA,NA,NA,325,0,NA,0,0.420841683366733,0.295675688726851,0.543760690678217,85.441,500,NA,"500"
"SimKumar4hard","SC3","DIFS","true","original",1,NA,NA,1.6094379124341,4,1,4,4,327,325,4,TRUE,499,0,325,18,"1:1",1,1,1,1,201.844,750,NA,"750"
"SimKumar4hard","SC3","DIFS","estimated","original",1,NA,NA,1.6094379124341,4,1,1,1,325,325,NA,NA,NA,NA,325,0,NA,0,0.420841683366733,0.295675688726851,0.543760690678217,84.766,750,NA,"750"
"SimKumar4hard","SC3","DIFS","true","original",1,NA,NA,1.6094379124341,4,1,4,4,327,325,4,TRUE,499,0,325,18,"1:1",1,1,1,1,202.174,1000,NA,"1000"
"SimKumar4hard","SC3","DIFS","estimated","original",1,NA,NA,1.6094379124341,4,1,1,1,325,325,NA,NA,NA,NA,325,0,NA,0,0.420841683366733,0.295675688726851,0.543760690678217,85.324,1000,NA,"1000"
"SimKumar4hard","SC3","DIFS","true","original",1,NA,NA,1.6094379124341,4,1,4,4,327,325,4,TRUE,499,0,325,18,"1:1",1,1,1,1,212.275,1500,NA,"1500"
"SimKumar4hard","SC3","DIFS","estimated","original",1,NA,NA,1.6094379124341,4,1,1,1,325,325,NA,NA,NA,NA,325,0,NA,0,0.420841683366733,0.295675688726851,0.543760690678217,98.174,1500,NA,"1500"
"SimKumar4hard","SC3","DIFS","true","original",1,NA,NA,1.6094379124341,4,1,4,4,327,325,4,TRUE,499,0,325,18,"1:1",1,1,1,1,200.445,2500,NA,"2500"
"SimKumar4hard","SC3","DIFS","estimated","original",1,NA,NA,1.6094379124341,4,1,1,1,325,325,NA,NA,NA,NA,325,0,NA,0,0.420841683366733,0.295675688726851,0.543760690678217,122.451,2500,NA,"2500"
"SimKumar4hard","Refined Louvain","FEAST","true","original",1,NA,NA,1.6094379124341,4,1,4,4,325,325,4,TRUE,499,0,NA,NA,NA,-0.0108073344326939,0.420841683366733,0.164728650915249,0.282904706666139,20.276,0,NA,"gate_n"
"SimKumar4hard","Refined Louvain","FEAST","true","original",1,NA,NA,1.6094379124341,4,1,4,4,100,325,4,TRUE,499,0,NA,NA,NA,-0.0107856407746975,0.420841683366733,0.165374344454812,0.283842172906415,18.308,100,NA,"100"
"SimKumar4hard","Refined Louvain","FEAST","true","original",1,NA,NA,1.6094379124341,4,1,4,4,200,325,4,TRUE,499,0,NA,NA,NA,-0.00151814294089472,0.420841683366733,0.159351755242166,0.275508886413683,18.199,200,NA,"200"
"SimKumar4hard","Refined Louvain","FEAST","true","original",1,NA,NA,1.6094379124341,4,1,4,4,300,325,4,TRUE,499,0,NA,NA,NA,-0.00753068225954441,0.420841683366733,0.165987516574496,0.28476709722464,17.901,300,NA,"300"
"SimKumar4hard","Refined Louvain","FEAST","true","original",1,NA,NA,1.6094379124341,4,1,4,4,500,325,4,TRUE,499,0,NA,NA,NA,-0.008970747959815,0.420841683366733,0.163060668807983,0.2805257474154,17.446,500,NA,"500"
"SimKumar4hard","Refined Louvain","FEAST","true","original",1,NA,NA,1.6094379124341,4,1,4,4,750,325,4,TRUE,499,0,NA,NA,NA,-0.00931808008711553,0.420841683366733,0.164272512078861,0.28226508428537,18.416,750,NA,"750"
"SimKumar4hard","Refined Louvain","FEAST","true","original",1,NA,NA,1.6094379124341,4,1,4,4,1000,325,4,TRUE,499,0,NA,NA,NA,0.0363946118535094,0.432865731462926,0.177808974337026,0.302632508429594,17.586,1000,NA,"1000"
"SimKumar4hard","Refined Louvain","FEAST","true","original",1,NA,NA,1.6094379124341,4,1,4,4,1500,325,4,TRUE,499,0,NA,NA,NA,0.0349207182305541,0.428857715430862,0.182444090794874,0.308847078096071,17.985,1500,NA,"1500"
"SimKumar4hard","Refined Louvain","FEAST","true","original",1,NA,NA,1.6094379124341,4,1,4,4,2500,325,4,TRUE,499,0,NA,NA,NA,0.116255900691977,0.511022044088176,0.216670846619612,0.357369123338981,18.1,2500,NA,"2500"
"SimKumar4hard","SC3","FEAST","true","original",1,NA,NA,1.6094379124341,4,1,4,4,325,325,4,TRUE,499,0,NA,NA,NA,-0.00630070050311972,0.420841683366733,0.157429611121359,0.272601588963688,102.902,0,NA,"gate_n"
"SimKumar4hard","SC3","FEAST","true","original",1,NA,NA,1.6094379124341,4,1,4,4,100,325,4,TRUE,499,0,NA,NA,NA,-0.00174525639584726,0.420841683366733,0.155458813486983,0.270077672588108,102.52,100,NA,"100"
"SimKumar4hard","SC3","FEAST","true","original",1,NA,NA,1.6094379124341,4,1,4,4,200,325,4,TRUE,499,0,NA,NA,NA,-0.00414383780902331,0.420841683366733,0.154766768811713,0.268981610423599,102.454,200,NA,"200"
"SimKumar4hard","SC3","FEAST","true","original",1,NA,NA,1.6094379124341,4,1,4,4,300,325,4,TRUE,499,0,NA,NA,NA,-0.00667513742553796,0.420841683366733,0.157168254394204,0.272217596956359,112.568,300,NA,"300"
"SimKumar4hard","SC3","FEAST","true","original",1,NA,NA,1.6094379124341,4,1,4,4,500,325,4,TRUE,499,0,NA,NA,NA,-0.00475467075085778,0.420841683366733,0.156894487445406,0.271920128388666,116.07,500,NA,"500"
"SimKumar4hard","SC3","FEAST","true","original",1,NA,NA,1.6094379124341,4,1,4,4,750,325,4,TRUE,499,0,NA,NA,NA,-0.00672990252718925,0.420841683366733,0.160304837640822,0.276648952594717,108.392,750,NA,"750"
"SimKumar4hard","SC3","FEAST","true","original",1,NA,NA,1.6094379124341,4,1,4,4,1000,325,4,TRUE,499,0,NA,NA,NA,-0.00834183879343588,0.420841683366733,0.162149318300996,0.279232305090772,109.35,1000,NA,"1000"
"SimKumar4hard","SC3","FEAST","true","original",1,NA,NA,1.6094379124341,4,1,4,4,1500,325,4,TRUE,499,0,NA,NA,NA,-0.00856006369463126,0.420841683366733,0.162897036008818,0.280299232699034,133.871,1500,NA,"1500"
"SimKumar4hard","SC3","FEAST","true","original",1,NA,NA,1.6094379124341,4,1,4,4,2500,325,4,TRUE,499,0,NA,NA,NA,-0.0085066638655551,0.420841683366733,0.162031498385749,0.279059620981399,107.242,2500,NA,"2500"
"SimKumar4hard","Refined Louvain","GateOnly","true","original",1,NA,NA,1.6094379124341,4,1,4,4,325,325,4,TRUE,499,0,NA,NA,NA,1,1,1,1,12.975,0,NA,"gate_n"
"SimKumar4hard","Refined Louvain","GateOnly","estimated","original",1,NA,NA,1.6094379124341,4,1,1,1,325,325,NA,NA,NA,NA,NA,NA,NA,1,1,1,1,12.813,0,NA,"gate_n"
"SimKumar4hard","Refined Louvain","GateOnly","true","original",1,NA,NA,1.6094379124341,4,1,4,4,100,325,4,TRUE,499,0,NA,NA,NA,0.592462316975652,0.845691382765531,0.544985596569974,0.706849720201902,12.649,100,NA,"100"
"SimKumar4hard","Refined Louvain","GateOnly","estimated","original",1,NA,NA,1.6094379124341,4,1,1,1,100,325,NA,NA,NA,NA,NA,NA,NA,0.398590533227554,0.667334669338677,0.470981885312103,0.686281199882456,19.138,100,NA,"100"
"SimKumar4hard","Refined Louvain","GateOnly","true","original",1,NA,NA,1.6094379124341,4,1,4,4,200,325,4,TRUE,499,0,NA,NA,NA,0.985580540818373,0.993987975951904,0.97992646861498,0.98986976928933,23.5,200,NA,"200"
"SimKumar4hard","Refined Louvain","GateOnly","estimated","original",1,NA,NA,1.6094379124341,4,1,1,1,200,325,NA,NA,NA,NA,NA,NA,NA,0.874554100011518,0.875751503006012,0.842738311942671,0.917692059673166,13.117,200,NA,"200"
"SimKumar4hard","Refined Louvain","GateOnly","true","original",1,NA,NA,1.6094379124341,4,1,4,4,300,325,4,TRUE,499,0,NA,NA,NA,1,1,1,1,13.508,300,NA,"300"
"SimKumar4hard","Refined Louvain","GateOnly","estimated","original",1,NA,NA,1.6094379124341,4,1,1,1,300,325,NA,NA,NA,NA,NA,NA,NA,0.882192440123387,0.877755511022044,0.851540226687991,0.92278937287335,15.017,300,NA,"300"
"SimKumar4hard","Refined Louvain","GateOnly","true","original",1,NA,NA,1.6094379124341,4,1,4,4,325,325,4,TRUE,499,0,NA,NA,NA,1,1,1,1,13.1,500,NA,"500"
"SimKumar4hard","Refined Louvain","GateOnly","estimated","original",1,NA,NA,1.6094379124341,4,1,1,1,325,325,NA,NA,NA,NA,NA,NA,NA,1,1,1,1,13.153,500,NA,"500"
"SimKumar4hard","Refined Louvain","GateOnly","true","original",1,NA,NA,1.6094379124341,4,1,4,4,325,325,4,TRUE,499,0,NA,NA,NA,1,1,1,1,20.433,750,NA,"750"
"SimKumar4hard","Refined Louvain","GateOnly","estimated","original",1,NA,NA,1.6094379124341,4,1,1,1,325,325,NA,NA,NA,NA,NA,NA,NA,1,1,1,1,17.932,750,NA,"750"
"SimKumar4hard","Refined Louvain","GateOnly","true","original",1,NA,NA,1.6094379124341,4,1,4,4,325,325,4,TRUE,499,0,NA,NA,NA,1,1,1,1,13.492,1000,NA,"1000"
"SimKumar4hard","Refined Louvain","GateOnly","estimated","original",1,NA,NA,1.6094379124341,4,1,1,1,325,325,NA,NA,NA,NA,NA,NA,NA,1,1,1,1,13.245,1000,NA,"1000"
"SimKumar4hard","Refined Louvain","GateOnly","true","original",1,NA,NA,1.6094379124341,4,1,4,4,325,325,4,TRUE,499,0,NA,NA,NA,1,1,1,1,13.292,1500,NA,"1500"
"SimKumar4hard","Refined Louvain","GateOnly","estimated","original",1,NA,NA,1.6094379124341,4,1,1,1,325,325,NA,NA,NA,NA,NA,NA,NA,1,1,1,1,13.086,1500,NA,"1500"
"SimKumar4hard","Refined Louvain","GateOnly","true","original",1,NA,NA,1.6094379124341,4,1,4,4,325,325,4,TRUE,499,0,NA,NA,NA,1,1,1,1,12.916,2500,NA,"2500"
"SimKumar4hard","Refined Louvain","GateOnly","estimated","original",1,NA,NA,1.6094379124341,4,1,1,1,325,325,NA,NA,NA,NA,NA,NA,NA,1,1,1,1,16.207,2500,NA,"2500"
"SimKumar4hard","SC3","GateOnly","true","original",1,NA,NA,1.6094379124341,4,1,4,4,325,325,4,TRUE,499,0,NA,NA,NA,1,1,1,1,96.273,0,NA,"gate_n"
"SimKumar4hard","SC3","GateOnly","estimated","original",1,NA,NA,1.6094379124341,4,1,1,1,325,325,NA,NA,NA,NA,NA,NA,NA,0,0.420841683366733,0.295675688726851,0.543760690678217,46.453,0,NA,"gate_n"
"SimKumar4hard","SC3","GateOnly","true","original",1,NA,NA,1.6094379124341,4,1,4,4,100,325,4,TRUE,499,0,NA,NA,NA,0.922745833703036,0.965931863727455,0.896560674886437,0.945474480845598,104.378,100,NA,"100"
"SimKumar4hard","SC3","GateOnly","estimated","original",1,NA,NA,1.6094379124341,4,1,1,1,100,325,NA,NA,NA,NA,NA,NA,NA,0,0.420841683366733,0.295675688726851,0.543760690678217,44.194,100,NA,"100"
"SimKumar4hard","SC3","GateOnly","true","original",1,NA,NA,1.6094379124341,4,1,4,4,200,325,4,TRUE,499,0,NA,NA,NA,1,1,1,1,100.996,200,NA,"200"
"SimKumar4hard","SC3","GateOnly","estimated","original",1,NA,NA,1.6094379124341,4,1,1,1,200,325,NA,NA,NA,NA,NA,NA,NA,0,0.420841683366733,0.295675688726851,0.543760690678217,45.428,200,NA,"200"
"SimKumar4hard","SC3","GateOnly","true","original",1,NA,NA,1.6094379124341,4,1,4,4,300,325,4,TRUE,499,0,NA,NA,NA,1,1,1,1,100.597,300,NA,"300"
"SimKumar4hard","SC3","GateOnly","estimated","original",1,NA,NA,1.6094379124341,4,1,1,1,300,325,NA,NA,NA,NA,NA,NA,NA,0,0.420841683366733,0.295675688726851,0.543760690678217,57.327,300,NA,"300"
"SimKumar4hard","SC3","GateOnly","true","original",1,NA,NA,1.6094379124341,4,1,4,4,325,325,4,TRUE,499,0,NA,NA,NA,1,1,1,1,97.073,500,NA,"500"
"SimKumar4hard","SC3","GateOnly","estimated","original",1,NA,NA,1.6094379124341,4,1,1,1,325,325,NA,NA,NA,NA,NA,NA,NA,0,0.420841683366733,0.295675688726851,0.543760690678217,45.975,500,NA,"500"
"SimKumar4hard","SC3","GateOnly","true","original",1,NA,NA,1.6094379124341,4,1,4,4,325,325,4,TRUE,499,0,NA,NA,NA,1,1,1,1,96.191,750,NA,"750"
"SimKumar4hard","SC3","GateOnly","estimated","original",1,NA,NA,1.6094379124341,4,1,1,1,325,325,NA,NA,NA,NA,NA,NA,NA,0,0.420841683366733,0.295675688726851,0.543760690678217,57.182,750,NA,"750"
"SimKumar4hard","SC3","GateOnly","true","original",1,NA,NA,1.6094379124341,4,1,4,4,325,325,4,TRUE,499,0,NA,NA,NA,1,1,1,1,97.23,1000,NA,"1000"
"SimKumar4hard","SC3","GateOnly","estimated","original",1,NA,NA,1.6094379124341,4,1,1,1,325,325,NA,NA,NA,NA,NA,NA,NA,0,0.420841683366733,0.295675688726851,0.543760690678217,47.351,1000,NA,"1000"
"SimKumar4hard","SC3","GateOnly","true","original",1,NA,NA,1.6094379124341,4,1,4,4,325,325,4,TRUE,499,0,NA,NA,NA,1,1,1,1,97.507,1500,NA,"1500"
"SimKumar4hard","SC3","GateOnly","estimated","original",1,NA,NA,1.6094379124341,4,1,1,1,325,325,NA,NA,NA,NA,NA,NA,NA,0,0.420841683366733,0.295675688726851,0.543760690678217,46.247,1500,NA,"1500"
"SimKumar4hard","SC3","GateOnly","true","original",1,NA,NA,1.6094379124341,4,1,4,4,325,325,4,TRUE,499,0,NA,NA,NA,1,1,1,1,102.395,2500,NA,"2500"
"SimKumar4hard","SC3","GateOnly","estimated","original",1,NA,NA,1.6094379124341,4,1,1,1,325,325,NA,NA,NA,NA,NA,NA,NA,0,0.420841683366733,0.295675688726851,0.543760690678217,45.91,2500,NA,"2500"
"SimKumar4hard","Refined Louvain","Seurat","true","original",1,NA,NA,1.6094379124341,4,1,4,4,325,325,4,TRUE,499,0,NA,NA,NA,1,1,1,1,15.943,0,NA,"gate_n"
"SimKumar4hard","Refined Louvain","Seurat","estimated","original",1,NA,NA,1.6094379124341,4,1,1,1,325,325,NA,NA,NA,NA,NA,NA,NA,1,1,1,1,15.834,0,NA,"gate_n"
"SimKumar4hard","Refined Louvain","Seurat","true","original",1,NA,NA,1.6094379124341,4,1,4,4,100,325,4,TRUE,499,0,NA,NA,NA,0.528251007306277,0.771543086172345,0.493616386384466,0.661747450369662,19.649,100,NA,"100"
"SimKumar4hard","Refined Louvain","Seurat","estimated","original",1,NA,NA,1.6094379124341,4,1,1,1,100,325,NA,NA,NA,NA,NA,NA,NA,0.398590533227554,0.667334669338677,0.470981885312103,0.686281199882456,15.178,100,NA,"100"
"SimKumar4hard","Refined Louvain","Seurat","true","original",1,NA,NA,1.6094379124341,4,1,4,4,200,325,4,TRUE,499,0,NA,NA,NA,0.956507120127451,0.981963927855711,0.940669277884388,0.969438533341806,18.944,200,NA,"200"
"SimKumar4hard","Refined Louvain","Seurat","estimated","original",1,NA,NA,1.6094379124341,4,1,1,1,200,325,NA,NA,NA,NA,NA,NA,NA,0.398590533227554,0.667334669338677,0.470981885312103,0.686281199882456,15.584,200,NA,"200"
"SimKumar4hard","Refined Louvain","Seurat","true","original",1,NA,NA,1.6094379124341,4,1,4,4,300,325,4,TRUE,499,0,NA,NA,NA,1,1,1,1,17.941,300,NA,"300"
"SimKumar4hard","Refined Louvain","Seurat","estimated","original",1,NA,NA,1.6094379124341,4,1,1,1,300,325,NA,NA,NA,NA,NA,NA,NA,1,1,1,1,19.93,300,NA,"300"
"SimKumar4hard","Refined Louvain","Seurat","true","original",1,NA,NA,1.6094379124341,4,1,4,4,500,325,4,TRUE,499,0,NA,NA,NA,1,1,1,1,15.603,500,NA,"500"
"SimKumar4hard","Refined Louvain","Seurat","estimated","original",1,NA,NA,1.6094379124341,4,1,1,1,500,325,NA,NA,NA,NA,NA,NA,NA,0.882192440123387,0.877755511022044,0.851540226687991,0.92278937287335,15.195,500,NA,"500"
"SimKumar4hard","Refined Louvain","Seurat","true","original",1,NA,NA,1.6094379124341,4,1,4,4,750,325,4,TRUE,499,0,NA,NA,NA,1,1,1,1,15.865,750,NA,"750"
"SimKumar4hard","Refined Louvain","Seurat","estimated","original",1,NA,NA,1.6094379124341,4,1,1,1,750,325,NA,NA,NA,NA,NA,NA,NA,1,1,1,1,15.252,750,NA,"750"
"SimKumar4hard","Refined Louvain","Seurat","true","original",1,NA,NA,1.6094379124341,4,1,4,4,1000,325,4,TRUE,499,0,NA,NA,NA,1,1,1,1,15.967,1000,NA,"1000"
"SimKumar4hard","Refined Louvain","Seurat","estimated","original",1,NA,NA,1.6094379124341,4,1,1,1,1000,325,NA,NA,NA,NA,NA,NA,NA,1,1,1,1,14.46,1000,NA,"1000"
"SimKumar4hard","Refined Louvain","Seurat","true","original",1,NA,NA,1.6094379124341,4,1,4,4,1500,325,4,TRUE,499,0,NA,NA,NA,1,1,1,1,16.019,1500,NA,"1500"
"SimKumar4hard","Refined Louvain","Seurat","estimated","original",1,NA,NA,1.6094379124341,4,1,1,1,1500,325,NA,NA,NA,NA,NA,NA,NA,1,1,1,1,15.352,1500,NA,"1500"
"SimKumar4hard","Refined Louvain","Seurat","true","original",1,NA,NA,1.6094379124341,4,1,4,4,2500,325,4,TRUE,499,0,NA,NA,NA,1,1,1,1,19.57,2500,NA,"2500"
"SimKumar4hard","Refined Louvain","Seurat","estimated","original",1,NA,NA,1.6094379124341,4,1,1,1,2500,325,NA,NA,NA,NA,NA,NA,NA,1,1,1,1,15.237,2500,NA,"2500"
"SimKumar4hard","SC3","Seurat","true","original",1,NA,NA,1.6094379124341,4,1,4,4,325,325,4,TRUE,499,0,NA,NA,NA,0.958207274785667,0.977955911823647,0.942647176292036,0.970501245445085,103.579,0,NA,"gate_n"
"SimKumar4hard","SC3","Seurat","estimated","original",1,NA,NA,1.6094379124341,4,1,1,1,325,325,NA,NA,NA,NA,NA,NA,NA,0,0.420841683366733,0.295675688726851,0.543760690678217,46.138,0,NA,"gate_n"
"SimKumar4hard","SC3","Seurat","true","original",1,NA,NA,1.6094379124341,4,1,4,4,100,325,4,TRUE,499,0,NA,NA,NA,0.282343402848782,0.645290581162325,0.336623150565709,0.504161382154298,102.47,100,NA,"100"
"SimKumar4hard","SC3","Seurat","estimated","original",1,NA,NA,1.6094379124341,4,1,1,1,100,325,NA,NA,NA,NA,NA,NA,NA,0,0.420841683366733,0.295675688726851,0.543760690678217,47.067,100,NA,"100"
"SimKumar4hard","SC3","Seurat","true","original",1,NA,NA,1.6094379124341,4,1,4,4,200,325,4,TRUE,499,0,NA,NA,NA,0.333035754775711,0.661322645290581,0.386262251310605,0.562581453147946,101.279,200,NA,"200"
"SimKumar4hard","SC3","Seurat","estimated","original",1,NA,NA,1.6094379124341,4,1,1,1,200,325,NA,NA,NA,NA,NA,NA,NA,0,0.420841683366733,0.295675688726851,0.543760690678217,47.845,200,NA,"200"
"SimKumar4hard","SC3","Seurat","true","original",1,NA,NA,1.6094379124341,4,1,4,4,300,325,4,TRUE,499,0,NA,NA,NA,0.599366116597485,0.851703406813627,0.548319519081884,0.710588433845453,124.277,300,NA,"300"
"SimKumar4hard","SC3","Seurat","estimated","original",1,NA,NA,1.6094379124341,4,1,1,1,300,325,NA,NA,NA,NA,NA,NA,NA,0,0.420841683366733,0.295675688726851,0.543760690678217,60.487,300,NA,"300"
"SimKumar4hard","SC3","Seurat","true","original",1,NA,NA,1.6094379124341,4,1,4,4,500,325,4,TRUE,499,0,NA,NA,NA,0.939570942535961,0.969939879759519,0.918219705905481,0.957374291280752,135.123,500,NA,"500"
"SimKumar4hard","SC3","Seurat","estimated","original",1,NA,NA,1.6094379124341,4,1,1,1,500,325,NA,NA,NA,NA,NA,NA,NA,0,0.420841683366733,0.295675688726851,0.543760690678217,47.526,500,NA,"500"
"SimKumar4hard","SC3","Seurat","true","original",1,NA,NA,1.6094379124341,4,1,4,4,750,325,4,TRUE,499,0,NA,NA,NA,0.944085054058222,0.971943887775551,0.923857464564843,0.96048930680933,105.696,750,NA,"750"
"SimKumar4hard","SC3","Seurat","estimated","original",1,NA,NA,1.6094379124341,4,1,1,1,750,325,NA,NA,NA,NA,NA,NA,NA,0,0.420841683366733,0.295675688726851,0.543760690678217,46.681,750,NA,"750"
"SimKumar4hard","SC3","Seurat","true","original",1,NA,NA,1.6094379124341,4,1,4,4,1000,325,4,TRUE,499,0,NA,NA,NA,0.978449065861791,0.985971943887776,0.97005246872057,0.984804773996266,106.457,1000,NA,"1000"
"SimKumar4hard","SC3","Seurat","estimated","original",1,NA,NA,1.6094379124341,4,1,1,1,1000,325,NA,NA,NA,NA,NA,NA,NA,0,0.420841683366733,0.295675688726851,0.543760690678217,50.282,1000,NA,"1000"
"SimKumar4hard","SC3","Seurat","true","original",1,NA,NA,1.6094379124341,4,1,4,4,1500,325,4,TRUE,499,0,NA,NA,NA,1,1,1,1,105.834,1500,NA,"1500"
"SimKumar4hard","SC3","Seurat","estimated","original",1,NA,NA,1.6094379124341,4,1,1,1,1500,325,NA,NA,NA,NA,NA,NA,NA,0,0.420841683366733,0.295675688726851,0.543760690678217,48.19,1500,NA,"1500"
"SimKumar4hard","SC3","Seurat","true","original",1,NA,NA,1.6094379124341,4,1,4,4,2500,325,4,TRUE,499,0,NA,NA,NA,1,1,1,1,100.629,2500,NA,"2500"
"SimKumar4hard","SC3","Seurat","estimated","original",1,NA,NA,1.6094379124341,4,1,1,1,2500,325,NA,NA,NA,NA,NA,NA,NA,0,0.420841683366733,0.295675688726851,0.543760690678217,49.415,2500,NA,"2500"
"SimKumar4hard","Refined Louvain","Variance","true","original",1,NA,NA,1.6094379124341,4,1,4,4,325,325,4,TRUE,499,0,NA,NA,NA,1,1,1,1,18.198,0,NA,"gate_n"
"SimKumar4hard","Refined Louvain","Variance","estimated","original",1,NA,NA,1.6094379124341,4,1,1,1,325,325,NA,NA,NA,NA,NA,NA,NA,1,1,1,1,14.457,0,NA,"gate_n"
"SimKumar4hard","Refined Louvain","Variance","true","original",1,NA,NA,1.6094379124341,4,1,4,4,100,325,4,TRUE,499,0,NA,NA,NA,1,1,1,1,17.319,100,NA,"100"
"SimKumar4hard","Refined Louvain","Variance","estimated","original",1,NA,NA,1.6094379124341,4,1,1,1,100,325,NA,NA,NA,NA,NA,NA,NA,1,1,1,1,20.928,100,NA,"100"
"SimKumar4hard","Refined Louvain","Variance","true","original",1,NA,NA,1.6094379124341,4,1,4,4,200,325,4,TRUE,499,0,NA,NA,NA,1,1,1,1,14.074,200,NA,"200"
"SimKumar4hard","Refined Louvain","Variance","estimated","original",1,NA,NA,1.6094379124341,4,1,1,1,200,325,NA,NA,NA,NA,NA,NA,NA,1,1,1,1,13.754,200,NA,"200"
"SimKumar4hard","Refined Louvain","Variance","true","original",1,NA,NA,1.6094379124341,4,1,4,4,300,325,4,TRUE,499,0,NA,NA,NA,1,1,1,1,14.736,300,NA,"300"
"SimKumar4hard","Refined Louvain","Variance","estimated","original",1,NA,NA,1.6094379124341,4,1,1,1,300,325,NA,NA,NA,NA,NA,NA,NA,1,1,1,1,14.008,300,NA,"300"
"SimKumar4hard","Refined Louvain","Variance","true","original",1,NA,NA,1.6094379124341,4,1,4,4,500,325,4,TRUE,499,0,NA,NA,NA,1,1,1,1,14.364,500,NA,"500"
"SimKumar4hard","Refined Louvain","Variance","estimated","original",1,NA,NA,1.6094379124341,4,1,1,1,500,325,NA,NA,NA,NA,NA,NA,NA,1,1,1,1,22.303,500,NA,"500"
"SimKumar4hard","Refined Louvain","Variance","true","original",1,NA,NA,1.6094379124341,4,1,4,4,750,325,4,TRUE,499,0,NA,NA,NA,1,1,1,1,14.172,750,NA,"750"
"SimKumar4hard","Refined Louvain","Variance","estimated","original",1,NA,NA,1.6094379124341,4,1,1,1,750,325,NA,NA,NA,NA,NA,NA,NA,1,1,1,1,14.603,750,NA,"750"
"SimKumar4hard","Refined Louvain","Variance","true","original",1,NA,NA,1.6094379124341,4,1,4,4,1000,325,4,TRUE,499,0,NA,NA,NA,1,1,1,1,14.136,1000,NA,"1000"
"SimKumar4hard","Refined Louvain","Variance","estimated","original",1,NA,NA,1.6094379124341,4,1,1,1,1000,325,NA,NA,NA,NA,NA,NA,NA,1,1,1,1,15.161,1000,NA,"1000"
"SimKumar4hard","Refined Louvain","Variance","true","original",1,NA,NA,1.6094379124341,4,1,4,4,1500,325,4,TRUE,499,0,NA,NA,NA,1,1,1,1,15.365,1500,NA,"1500"
"SimKumar4hard","Refined Louvain","Variance","estimated","original",1,NA,NA,1.6094379124341,4,1,1,1,1500,325,NA,NA,NA,NA,NA,NA,NA,1,1,1,1,14.152,1500,NA,"1500"
"SimKumar4hard","Refined Louvain","Variance","true","original",1,NA,NA,1.6094379124341,4,1,4,4,2500,325,4,TRUE,499,0,NA,NA,NA,1,1,1,1,14.913,2500,NA,"2500"
"SimKumar4hard","Refined Louvain","Variance","estimated","original",1,NA,NA,1.6094379124341,4,1,1,1,2500,325,NA,NA,NA,NA,NA,NA,NA,1,1,1,1,15.055,2500,NA,"2500"
"SimKumar4hard","SC3","Variance","true","original",1,NA,NA,1.6094379124341,4,1,4,4,325,325,4,TRUE,499,0,NA,NA,NA,1,1,1,1,97.006,0,NA,"gate_n"
"SimKumar4hard","SC3","Variance","estimated","original",1,NA,NA,1.6094379124341,4,1,1,1,325,325,NA,NA,NA,NA,NA,NA,NA,0,0.420841683366733,0.295675688726851,0.543760690678217,46.842,0,NA,"gate_n"
"SimKumar4hard","SC3","Variance","true","original",1,NA,NA,1.6094379124341,4,1,4,4,100,325,4,TRUE,499,0,NA,NA,NA,1,1,1,1,99.55,100,NA,"100"
"SimKumar4hard","SC3","Variance","estimated","original",1,NA,NA,1.6094379124341,4,1,1,1,100,325,NA,NA,NA,NA,NA,NA,NA,0,0.420841683366733,0.295675688726851,0.543760690678217,45.854,100,NA,"100"
"SimKumar4hard","SC3","Variance","true","original",1,NA,NA,1.6094379124341,4,1,4,4,200,325,4,TRUE,499,0,NA,NA,NA,1,1,1,1,96.866,200,NA,"200"
"SimKumar4hard","SC3","Variance","estimated","original",1,NA,NA,1.6094379124341,4,1,1,1,200,325,NA,NA,NA,NA,NA,NA,NA,0,0.420841683366733,0.295675688726851,0.543760690678217,66.646,200,NA,"200"
"SimKumar4hard","SC3","Variance","true","original",1,NA,NA,1.6094379124341,4,1,4,4,300,325,4,TRUE,499,0,NA,NA,NA,1,1,1,1,155.287,300,NA,"300"
"SimKumar4hard","SC3","Variance","estimated","original",1,NA,NA,1.6094379124341,4,1,1,1,300,325,NA,NA,NA,NA,NA,NA,NA,0,0.420841683366733,0.295675688726851,0.543760690678217,46.375,300,NA,"300"
"SimKumar4hard","SC3","Variance","true","original",1,NA,NA,1.6094379124341,4,1,4,4,500,325,4,TRUE,499,0,NA,NA,NA,1,1,1,1,93.05,500,NA,"500"
"SimKumar4hard","SC3","Variance","estimated","original",1,NA,NA,1.6094379124341,4,1,1,1,500,325,NA,NA,NA,NA,NA,NA,NA,0,0.420841683366733,0.295675688726851,0.543760690678217,47.578,500,NA,"500"
"SimKumar4hard","SC3","Variance","true","original",1,NA,NA,1.6094379124341,4,1,4,4,750,325,4,TRUE,499,0,NA,NA,NA,1,1,1,1,95.157,750,NA,"750"
"SimKumar4hard","SC3","Variance","estimated","original",1,NA,NA,1.6094379124341,4,1,1,1,750,325,NA,NA,NA,NA,NA,NA,NA,0,0.420841683366733,0.295675688726851,0.543760690678217,47.409,750,NA,"750"
"SimKumar4hard","SC3","Variance","true","original",1,NA,NA,1.6094379124341,4,1,4,4,1000,325,4,TRUE,499,0,NA,NA,NA,1,1,1,1,93.038,1000,NA,"1000"
"SimKumar4hard","SC3","Variance","estimated","original",1,NA,NA,1.6094379124341,4,1,1,1,1000,325,NA,NA,NA,NA,NA,NA,NA,0,0.420841683366733,0.295675688726851,0.543760690678217,68.905,1000,NA,"1000"
"SimKumar4hard","SC3","Variance","true","original",1,NA,NA,1.6094379124341,4,1,4,4,1500,325,4,TRUE,499,0,NA,NA,NA,1,1,1,1,95.272,1500,NA,"1500"
"SimKumar4hard","SC3","Variance","estimated","original",1,NA,NA,1.6094379124341,4,1,1,1,1500,325,NA,NA,NA,NA,NA,NA,NA,0,0.420841683366733,0.295675688726851,0.543760690678217,47.983,1500,NA,"1500"
"SimKumar4hard","SC3","Variance","true","original",1,NA,NA,1.6094379124341,4,1,4,4,2500,325,4,TRUE,499,0,NA,NA,NA,1,1,1,1,92.322,2500,NA,"2500"
"SimKumar4hard","SC3","Variance","estimated","original",1,NA,NA,1.6094379124341,4,1,1,1,2500,325,NA,NA,NA,NA,NA,NA,NA,0,0.420841683366733,0.295675688726851,0.543760690678217,49.59,2500,NA,"2500"
"Trapnell","Refined Louvain","DIFS","true","original",1,NA,NA,1.6094379124341,3,3,3,3,775,775,3,TRUE,222,0,775,867,"3:1",0.40731058020647,0.657657657657658,0.431826209819852,0.603182476231904,52.432,0,NA,"gate_n"
"Trapnell","Refined Louvain","DIFS","estimated","original",1,NA,NA,1.6094379124341,3,3,3,3,775,775,NA,NA,NA,NA,775,867,"3:1",0.40731058020647,0.657657657657658,0.431826209819852,0.603182476231904,53.483,0,NA,"gate_n"
"Trapnell","Refined Louvain","DIFS","true","original",1,NA,NA,1.6094379124341,3,3,3,3,100,775,3,TRUE,222,0,775,867,"1:3",0.421155504048502,0.671171171171171,0.441722148246782,0.612770661870432,51.602,100,NA,"100"
"Trapnell","Refined Louvain","DIFS","estimated","original",1,NA,NA,1.6094379124341,3,3,3,3,100,775,NA,NA,NA,NA,775,867,"1:3",0.421155504048502,0.671171171171171,0.441722148246782,0.612770661870432,52.442,100,NA,"100"
"Trapnell","Refined Louvain","DIFS","true","original",1,NA,NA,1.6094379124341,3,3,3,3,200,775,3,TRUE,222,0,775,867,"1:3",0.427790914697616,0.671171171171171,0.446167557932264,0.617034431436908,54.198,200,NA,"200"
"Trapnell","Refined Louvain","DIFS","estimated","original",1,NA,NA,1.6094379124341,3,3,3,3,200,775,NA,NA,NA,NA,775,867,"1:3",0.427790914697616,0.671171171171171,0.446167557932264,0.617034431436908,63.295,200,NA,"200"
"Trapnell","Refined Louvain","DIFS","true","original",1,NA,NA,1.6094379124341,3,3,3,3,300,775,3,TRUE,222,0,775,867,"1:1",0.421605112878002,0.666666666666667,0.441777777777778,0.612823674475956,52.675,300,NA,"300"
"Trapnell","Refined Louvain","DIFS","estimated","original",1,NA,NA,1.6094379124341,3,3,3,3,300,775,NA,NA,NA,NA,775,867,"1:1",0.421605112878002,0.666666666666667,0.441777777777778,0.612823674475956,53.941,300,NA,"300"
"Trapnell","Refined Louvain","DIFS","true","original",1,NA,NA,1.6094379124341,3,3,3,3,500,775,3,TRUE,222,0,775,867,"3:1",0.394895794842113,0.653153153153153,0.423431329530496,0.594944512946979,52.038,500,NA,"500"
"Trapnell","Refined Louvain","DIFS","estimated","original",1,NA,NA,1.6094379124341,3,3,3,3,500,775,NA,NA,NA,NA,775,867,"3:1",0.394895794842113,0.653153153153153,0.423431329530496,0.594944512946979,53.322,500,NA,"500"
"Trapnell","Refined Louvain","DIFS","true","original",1,NA,NA,1.6094379124341,3,3,3,3,750,775,3,TRUE,222,0,775,867,"3:1",0.419503367597968,0.662162162162162,0.440390590324012,0.611487777538653,52.27,750,NA,"750"
"Trapnell","Refined Louvain","DIFS","estimated","original",1,NA,NA,1.6094379124341,3,3,3,3,750,775,NA,NA,NA,NA,775,867,"3:1",0.419503367597968,0.662162162162162,0.440390590324012,0.611487777538653,57.705,750,NA,"750"
"Trapnell","Refined Louvain","DIFS","true","original",1,NA,NA,1.6094379124341,3,3,3,3,1000,775,3,TRUE,222,0,775,867,"3:1",0.419285964815292,0.657657657657658,0.440092370548006,0.611200239208401,72.278,1000,NA,"1000"
"Trapnell","Refined Louvain","DIFS","estimated","original",1,NA,NA,1.6094379124341,3,3,3,3,1000,775,NA,NA,NA,NA,775,867,"3:1",0.419285964815292,0.657657657657658,0.440092370548006,0.611200239208401,62.497,1000,NA,"1000"
"Trapnell","Refined Louvain","DIFS","true","original",1,NA,NA,1.6094379124341,3,3,3,3,1170,775,3,TRUE,222,0,775,867,"1:1",0.393492828734752,0.644144144144144,0.4224054741644,0.593931211259022,54.223,1500,NA,"1500"
"Trapnell","Refined Louvain","DIFS","estimated","original",1,NA,NA,1.6094379124341,3,3,3,3,1170,775,NA,NA,NA,NA,775,867,"1:1",0.393492828734752,0.644144144144144,0.4224054741644,0.593931211259022,58.281,1500,NA,"1500"
"Trapnell","Refined Louvain","DIFS","true","original",1,NA,NA,1.6094379124341,3,3,3,3,1170,775,3,TRUE,222,0,775,867,"1:1",0.393492828734752,0.644144144144144,0.4224054741644,0.593931211259022,56.53,2500,NA,"2500"
"Trapnell","Refined Louvain","DIFS","estimated","original",1,NA,NA,1.6094379124341,3,3,3,3,1170,775,NA,NA,NA,NA,775,867,"1:1",0.393492828734752,0.644144144144144,0.4224054741644,0.593931211259022,58.803,2500,NA,"2500"
"Trapnell","SC3","DIFS","true","original",1,NA,NA,1.6094379124341,3,3,3,3,775,775,3,TRUE,222,0,775,867,"3:1",0.455190810384428,0.684684684684685,0.465637135374334,0.635405852836046,83.454,0,NA,"gate_n"
"Trapnell","SC3","DIFS","estimated","original",1,NA,NA,1.6094379124341,3,3,3,3,775,775,NA,NA,NA,NA,775,867,"3:1",0.455190810384428,0.684684684684685,0.465637135374334,0.635405852836046,89.745,0,NA,"gate_n"
"Trapnell","SC3","DIFS","true","original",1,NA,NA,1.6094379124341,3,3,3,3,100,775,3,TRUE,222,0,775,867,"1:3",0.209565871365121,0.572072072072072,0.314559899315661,0.478785796090898,83.148,100,NA,"100"
"Trapnell","SC3","DIFS","estimated","original",1,NA,NA,1.6094379124341,3,3,3,3,100,775,NA,NA,NA,NA,775,867,"1:3",0.209565871365121,0.572072072072072,0.314559899315661,0.478785796090898,133.736,100,NA,"100"
"Trapnell","SC3","DIFS","true","original",1,NA,NA,1.6094379124341,3,3,3,3,200,775,3,TRUE,222,0,775,867,"1:3",0.215904383603479,0.585585585585586,0.319742825780147,0.484873839501719,117.523,200,NA,"200"
"Trapnell","SC3","DIFS","estimated","original",1,NA,NA,1.6094379124341,3,3,3,3,200,775,NA,NA,NA,NA,775,867,"1:3",0.215904383603479,0.585585585585586,0.319742825780147,0.484873839501719,108.026,200,NA,"200"
"Trapnell","SC3","DIFS","true","original",1,NA,NA,1.6094379124341,3,3,3,3,300,775,3,TRUE,222,0,775,867,"1:1",0.455784407123095,0.689189189189189,0.466028189374774,0.635769795715455,85.006,300,NA,"300"
"Trapnell","SC3","DIFS","estimated","original",1,NA,NA,1.6094379124341,3,3,3,3,300,775,NA,NA,NA,NA,775,867,"1:1",0.455784407123095,0.689189189189189,0.466028189374774,0.635769795715455,90.288,300,NA,"300"
"Trapnell","SC3","DIFS","true","original",1,NA,NA,1.6094379124341,3,3,3,3,500,775,3,TRUE,222,0,775,867,"3:1",0.455087400334474,0.689189189189189,0.465812736785134,0.635570313872227,145.663,500,NA,"500"
"Trapnell","SC3","DIFS","estimated","original",1,NA,NA,1.6094379124341,3,3,3,3,500,775,NA,NA,NA,NA,775,867,"3:1",0.455087400334474,0.689189189189189,0.465812736785134,0.635570313872227,89.727,500,NA,"500"
"Trapnell","SC3","DIFS","true","original",1,NA,NA,1.6094379124341,3,3,3,3,750,775,3,TRUE,222,0,775,867,"3:1",0.453574394563188,0.68018018018018,0.464440433212996,0.634290688009254,83.383,750,NA,"750"
"Trapnell","SC3","DIFS","estimated","original",1,NA,NA,1.6094379124341,3,3,3,3,750,775,NA,NA,NA,NA,775,867,"3:1",0.453574394563188,0.68018018018018,0.464440433212996,0.634290688009254,139.639,750,NA,"750"
"Trapnell","SC3","DIFS","true","original",1,NA,NA,1.6094379124341,3,3,3,3,1000,775,3,TRUE,222,0,775,867,"3:1",0.455190810384428,0.684684684684685,0.465637135374334,0.635405852836046,101.776,1000,NA,"1000"
"Trapnell","SC3","DIFS","estimated","original",1,NA,NA,1.6094379124341,3,3,3,3,1000,775,NA,NA,NA,NA,775,867,"3:1",0.455190810384428,0.684684684684685,0.465637135374334,0.635405852836046,82.86,1000,NA,"1000"
"Trapnell","SC3","DIFS","true","original",1,NA,NA,1.6094379124341,3,3,3,3,1170,775,3,TRUE,222,0,775,867,"1:1",0.455190810384428,0.684684684684685,0.465637135374334,0.635405852836046,85.34,1500,NA,"1500"
"Trapnell","SC3","DIFS","estimated","original",1,NA,NA,1.6094379124341,3,3,3,3,1170,775,NA,NA,NA,NA,775,867,"1:1",0.455190810384428,0.684684684684685,0.465637135374334,0.635405852836046,93.622,1500,NA,"1500"
"Trapnell","SC3","DIFS","true","original",1,NA,NA,1.6094379124341,3,3,3,3,1170,775,3,TRUE,222,0,775,867,"1:1",0.455190810384428,0.684684684684685,0.465637135374334,0.635405852836046,82.774,2500,NA,"2500"
"Trapnell","SC3","DIFS","estimated","original",1,NA,NA,1.6094379124341,3,3,3,3,1170,775,NA,NA,NA,NA,775,867,"1:1",0.455190810384428,0.684684684684685,0.465637135374334,0.635405852836046,93.922,2500,NA,"2500"
"Trapnell","Refined Louvain","FEAST","true","original",1,NA,NA,1.6094379124341,3,3,3,3,775,775,3,TRUE,222,0,NA,NA,NA,0.383722214553224,0.653153153153153,0.416296296296296,0.587867248343523,9.694,0,NA,"gate_n"
"Trapnell","Refined Louvain","FEAST","estimated","original",1,NA,NA,1.6094379124341,3,3,3,3,775,775,NA,NA,NA,NA,NA,NA,NA,0.383722214553224,0.653153153153153,0.416296296296296,0.587867248343523,13.238,0,NA,"gate_n"
"Trapnell","Refined Louvain","FEAST","true","original",1,NA,NA,1.6094379124341,3,3,3,3,100,775,3,TRUE,222,0,NA,NA,NA,0.110483834712464,0.509009009009009,0.284780964170277,0.44721486037644,10.007,100,NA,"100"
"Trapnell","Refined Louvain","FEAST","estimated","original",1,NA,NA,1.6094379124341,3,3,3,3,100,775,NA,NA,NA,NA,NA,NA,NA,0.110483834712464,0.509009009009009,0.284780964170277,0.44721486037644,9.712,100,NA,"100"
"Trapnell","Refined Louvain","FEAST","true","original",1,NA,NA,1.6094379124341,3,3,3,3,200,775,2,FALSE,222,0,NA,NA,NA,0.0011024101037112,0.378378378378378,0.25130540376442,0.411099894440714,10.517,200,NA,"200"
"Trapnell","Refined Louvain","FEAST","estimated","original",1,NA,NA,1.6094379124341,3,3,3,3,200,775,NA,NA,NA,NA,NA,NA,NA,0.0011024101037112,0.378378378378378,0.25130540376442,0.411099894440714,9.6,200,NA,"200"
"Trapnell","Refined Louvain","FEAST","true","original",1,NA,NA,1.6094379124341,3,3,3,3,300,775,3,TRUE,222,0,NA,NA,NA,0.108350869700101,0.504504504504504,0.281838316722038,0.443171657122936,9.548,300,NA,"300"
"Trapnell","Refined Louvain","FEAST","estimated","original",1,NA,NA,1.6094379124341,3,3,3,3,300,775,NA,NA,NA,NA,NA,NA,NA,0.108350869700101,0.504504504504504,0.281838316722038,0.443171657122936,9.067,300,NA,"300"
"Trapnell","Refined Louvain","FEAST","true","original",1,NA,NA,1.6094379124341,3,3,3,3,500,775,3,TRUE,222,0,NA,NA,NA,0.0966559133135552,0.495495495495495,0.277542082934173,0.438283943017391,10.069,500,NA,"500"
"Trapnell","Refined Louvain","FEAST","estimated","original",1,NA,NA,1.6094379124341,3,3,3,3,500,775,NA,NA,NA,NA,NA,NA,NA,0.0966559133135552,0.495495495495495,0.277542082934173,0.438283943017391,9.41,500,NA,"500"
"Trapnell","Refined Louvain","FEAST","true","original",1,NA,NA,1.6094379124341,3,3,3,3,750,775,3,TRUE,222,0,NA,NA,NA,0.415264893817798,0.666666666666667,0.437638311056033,0.608830014527214,14.224,750,NA,"750"
"Trapnell","Refined Louvain","FEAST","estimated","original",1,NA,NA,1.6094379124341,3,3,3,3,750,775,NA,NA,NA,NA,NA,NA,NA,0.415264893817798,0.666666666666667,0.437638311056033,0.608830014527214,11.013,750,NA,"750"
"Trapnell","Refined Louvain","FEAST","true","original",1,NA,NA,1.6094379124341,3,3,3,3,1000,775,3,TRUE,222,0,NA,NA,NA,0.383722214553224,0.653153153153153,0.416296296296296,0.587867248343523,9.748,1000,NA,"1000"
"Trapnell","Refined Louvain","FEAST","estimated","original",1,NA,NA,1.6094379124341,3,3,3,3,1000,775,NA,NA,NA,NA,NA,NA,NA,0.383722214553224,0.653153153153153,0.416296296296296,0.587867248343523,14.89,1000,NA,"1000"
"Trapnell","Refined Louvain","FEAST","true","original",1,NA,NA,1.6094379124341,3,3,3,3,1500,775,3,TRUE,222,0,NA,NA,NA,0.278418875558761,0.603603603603604,0.350190051231201,0.518741039125149,10.085,1500,NA,"1500"
"Trapnell","Refined Louvain","FEAST","estimated","original",1,NA,NA,1.6094379124341,3,3,3,3,1500,775,NA,NA,NA,NA,NA,NA,NA,0.278418875558761,0.603603603603604,0.350190051231201,0.518741039125149,10.72,1500,NA,"1500"
"Trapnell","Refined Louvain","FEAST","true","original",1,NA,NA,1.6094379124341,3,3,3,3,2500,775,3,TRUE,222,0,NA,NA,NA,0.26934299562177,0.599099099099099,0.344216341000907,0.512151056452029,9.833,2500,NA,"2500"
"Trapnell","Refined Louvain","FEAST","estimated","original",1,NA,NA,1.6094379124341,3,3,3,3,2500,775,NA,NA,NA,NA,NA,NA,NA,0.26934299562177,0.599099099099099,0.344216341000907,0.512151056452029,9.595,2500,NA,"2500"
"Trapnell","SC3","FEAST","true","original",1,NA,NA,1.6094379124341,3,3,3,3,775,775,3,TRUE,222,0,NA,NA,NA,0.213574005215485,0.581081081081081,0.317592519839711,0.482338593064095,39.895,0,NA,"gate_n"
"Trapnell","SC3","FEAST","estimated","original",1,NA,NA,1.6094379124341,3,3,3,3,775,775,NA,NA,NA,NA,NA,NA,NA,0.213574005215485,0.581081081081081,0.317592519839711,0.482338593064095,52.059,0,NA,"gate_n"
"Trapnell","SC3","FEAST","true","original",1,NA,NA,1.6094379124341,3,3,3,3,100,775,3,TRUE,222,0,NA,NA,NA,0.209313209690326,0.576576576576577,0.31457318031756,0.478811115030631,48.661,100,NA,"100"
"Trapnell","SC3","FEAST","estimated","original",1,NA,NA,1.6094379124341,3,3,3,3,100,775,NA,NA,NA,NA,NA,NA,NA,0.209313209690326,0.576576576576577,0.31457318031756,0.478811115030631,40.639,100,NA,"100"
"Trapnell","SC3","FEAST","true","original",1,NA,NA,1.6094379124341,3,3,3,3,200,775,3,TRUE,222,0,NA,NA,NA,0.206314077582256,0.558558558558559,0.312814070351759,0.4767682507877,40.628,200,NA,"200"
"Trapnell","SC3","FEAST","estimated","original",1,NA,NA,1.6094379124341,3,3,3,3,200,775,NA,NA,NA,NA,NA,NA,NA,0.206314077582256,0.558558558558559,0.312814070351759,0.4767682507877,41.426,200,NA,"200"
"Trapnell","SC3","FEAST","true","original",1,NA,NA,1.6094379124341,3,3,3,3,300,775,3,TRUE,222,0,NA,NA,NA,0.173149441389365,0.554054054054054,0.291467897082975,0.451446139744631,40.112,300,NA,"300"
"Trapnell","SC3","FEAST","estimated","original",1,NA,NA,1.6094379124341,3,3,3,3,300,775,NA,NA,NA,NA,NA,NA,NA,0.173149441389365,0.554054054054054,0.291467897082975,0.451446139744631,40.929,300,NA,"300"
"Trapnell","SC3","FEAST","true","original",1,NA,NA,1.6094379124341,3,3,3,3,500,775,3,TRUE,222,0,NA,NA,NA,0.210408196234582,0.576576576576577,0.316370468957958,0.480971100393149,41.033,500,NA,"500"
"Trapnell","SC3","FEAST","estimated","original",1,NA,NA,1.6094379124341,3,3,3,3,500,775,NA,NA,NA,NA,NA,NA,NA,0.210408196234582,0.576576576576577,0.316370468957958,0.480971100393149,39.78,500,NA,"500"
"Trapnell","SC3","FEAST","true","original",1,NA,NA,1.6094379124341,3,3,3,3,750,775,3,TRUE,222,0,NA,NA,NA,0.213574005215485,0.581081081081081,0.317592519839711,0.482338593064095,40.424,750,NA,"750"
"Trapnell","SC3","FEAST","estimated","original",1,NA,NA,1.6094379124341,3,3,3,3,750,775,NA,NA,NA,NA,NA,NA,NA,0.213574005215485,0.581081081081081,0.317592519839711,0.482338593064095,48.099,750,NA,"750"
"Trapnell","SC3","FEAST","true","original",1,NA,NA,1.6094379124341,3,3,3,3,1000,775,3,TRUE,222,0,NA,NA,NA,0.213574005215485,0.581081081081081,0.317592519839711,0.482338593064095,49.076,1000,NA,"1000"
"Trapnell","SC3","FEAST","estimated","original",1,NA,NA,1.6094379124341,3,3,3,3,1000,775,NA,NA,NA,NA,NA,NA,NA,0.213574005215485,0.581081081081081,0.317592519839711,0.482338593064095,42.522,1000,NA,"1000"
"Trapnell","SC3","FEAST","true","original",1,NA,NA,1.6094379124341,3,3,3,3,1500,775,3,TRUE,222,0,NA,NA,NA,0.326017180790273,0.630630630630631,0.379915611814346,0.550653949459743,45.874,1500,NA,"1500"
"Trapnell","SC3","FEAST","estimated","original",1,NA,NA,1.6094379124341,3,3,3,3,1500,775,NA,NA,NA,NA,NA,NA,NA,0.326017180790273,0.630630630630631,0.379915611814346,0.550653949459743,42.918,1500,NA,"1500"
"Trapnell","SC3","FEAST","true","original",1,NA,NA,1.6094379124341,3,3,3,3,2500,775,3,TRUE,222,0,NA,NA,NA,0.337454490528269,0.635135135135135,0.387367528613819,0.558442546332474,41.726,2500,NA,"2500"
"Trapnell","SC3","FEAST","estimated","original",1,NA,NA,1.6094379124341,3,3,3,3,2500,775,NA,NA,NA,NA,NA,NA,NA,0.337454490528269,0.635135135135135,0.387367528613819,0.558442546332474,42.338,2500,NA,"2500"
"Trapnell","Refined Louvain","GateOnly","true","original",1,NA,NA,1.6094379124341,3,3,3,3,775,775,3,TRUE,222,0,NA,NA,NA,0.443744090304395,0.662162162162162,0.4573713053634,0.627666137183119,8.402,0,NA,"gate_n"
"Trapnell","Refined Louvain","GateOnly","estimated","original",1,NA,NA,1.6094379124341,3,3,3,3,775,775,NA,NA,NA,NA,NA,NA,NA,0.443744090304395,0.662162162162162,0.4573713053634,0.627666137183119,7.937,0,NA,"gate_n"
"Trapnell","Refined Louvain","GateOnly","true","original",1,NA,NA,1.6094379124341,3,3,3,3,100,775,3,TRUE,222,0,NA,NA,NA,0.350245923436057,0.626126126126126,0.394551995888299,0.565851508823531,11.853,100,NA,"100"
"Trapnell","Refined Louvain","GateOnly","estimated","original",1,NA,NA,1.6094379124341,3,3,3,3,100,775,NA,NA,NA,NA,NA,NA,NA,0.350245923436057,0.626126126126126,0.394551995888299,0.565851508823531,9.179,100,NA,"100"
"Trapnell","Refined Louvain","GateOnly","true","original",1,NA,NA,1.6094379124341,3,3,3,3,200,775,3,TRUE,222,0,NA,NA,NA,0.419210484364439,0.662162162162162,0.440113646452988,0.611220715166461,7.644,200,NA,"200"
"Trapnell","Refined Louvain","GateOnly","estimated","original",1,NA,NA,1.6094379124341,3,3,3,3,200,775,NA,NA,NA,NA,NA,NA,NA,0.419210484364439,0.662162162162162,0.440113646452988,0.611220715166461,8.035,200,NA,"200"
"Trapnell","Refined Louvain","GateOnly","true","original",1,NA,NA,1.6094379124341,3,3,3,3,300,775,3,TRUE,222,0,NA,NA,NA,0.44392828100297,0.666666666666667,0.457502246181491,0.627789426544184,8.16,300,NA,"300"
"Trapnell","Refined Louvain","GateOnly","estimated","original",1,NA,NA,1.6094379124341,3,3,3,3,300,775,NA,NA,NA,NA,NA,NA,NA,0.44392828100297,0.666666666666667,0.457502246181491,0.627789426544184,7.858,300,NA,"300"
"Trapnell","Refined Louvain","GateOnly","true","original",1,NA,NA,1.6094379124341,3,3,3,3,500,775,3,TRUE,222,0,NA,NA,NA,0.444630387046871,0.666666666666667,0.457977528089888,0.628236744759556,10.4,500,NA,"500"
"Trapnell","Refined Louvain","GateOnly","estimated","original",1,NA,NA,1.6094379124341,3,3,3,3,500,775,NA,NA,NA,NA,NA,NA,NA,0.444630387046871,0.666666666666667,0.457977528089888,0.628236744759556,12.041,500,NA,"500"
"Trapnell","Refined Louvain","GateOnly","true","original",1,NA,NA,1.6094379124341,3,3,3,3,750,775,3,TRUE,222,0,NA,NA,NA,0.444630387046871,0.666666666666667,0.457977528089888,0.628236744759556,7.816,750,NA,"750"
"Trapnell","Refined Louvain","GateOnly","estimated","original",1,NA,NA,1.6094379124341,3,3,3,3,750,775,NA,NA,NA,NA,NA,NA,NA,0.444630387046871,0.666666666666667,0.457977528089888,0.628236744759556,7.48,750,NA,"750"
"Trapnell","Refined Louvain","GateOnly","true","original",1,NA,NA,1.6094379124341,3,3,3,3,775,775,3,TRUE,222,0,NA,NA,NA,0.443744090304395,0.662162162162162,0.4573713053634,0.627666137183119,8.551,1000,NA,"1000"
"Trapnell","Refined Louvain","GateOnly","estimated","original",1,NA,NA,1.6094379124341,3,3,3,3,775,775,NA,NA,NA,NA,NA,NA,NA,0.443744090304395,0.662162162162162,0.4573713053634,0.627666137183119,7.754,1000,NA,"1000"
"Trapnell","Refined Louvain","GateOnly","true","original",1,NA,NA,1.6094379124341,3,3,3,3,775,775,3,TRUE,222,0,NA,NA,NA,0.443744090304395,0.662162162162162,0.4573713053634,0.627666137183119,7.976,1500,NA,"1500"
"Trapnell","Refined Louvain","GateOnly","estimated","original",1,NA,NA,1.6094379124341,3,3,3,3,775,775,NA,NA,NA,NA,NA,NA,NA,0.443744090304395,0.662162162162162,0.4573713053634,0.627666137183119,9.206,1500,NA,"1500"
"Trapnell","Refined Louvain","GateOnly","true","original",1,NA,NA,1.6094379124341,3,3,3,3,775,775,3,TRUE,222,0,NA,NA,NA,0.443744090304395,0.662162162162162,0.4573713053634,0.627666137183119,11.582,2500,NA,"2500"
"Trapnell","Refined Louvain","GateOnly","estimated","original",1,NA,NA,1.6094379124341,3,3,3,3,775,775,NA,NA,NA,NA,NA,NA,NA,0.443744090304395,0.662162162162162,0.4573713053634,0.627666137183119,8.817,2500,NA,"2500"
"Trapnell","SC3","GateOnly","true","original",1,NA,NA,1.6094379124341,3,3,3,3,775,775,3,TRUE,222,0,NA,NA,NA,0.453737941887082,0.684684684684685,0.464736652236652,0.634567367487608,51.869,0,NA,"gate_n"
"Trapnell","SC3","GateOnly","estimated","original",1,NA,NA,1.6094379124341,3,3,3,3,775,775,NA,NA,NA,NA,NA,NA,NA,0.453737941887082,0.684684684684685,0.464736652236652,0.634567367487608,43.252,0,NA,"gate_n"
"Trapnell","SC3","GateOnly","true","original",1,NA,NA,1.6094379124341,3,3,3,3,100,775,3,TRUE,222,0,NA,NA,NA,0.0893692192255059,0.486486486486487,0.246715989732749,0.395848131120326,38.909,100,NA,"100"
"Trapnell","SC3","GateOnly","estimated","original",1,NA,NA,1.6094379124341,3,3,3,3,100,775,NA,NA,NA,NA,NA,NA,NA,0.0893692192255059,0.486486486486487,0.246715989732749,0.395848131120326,48.27,100,NA,"100"
"Trapnell","SC3","GateOnly","true","original",1,NA,NA,1.6094379124341,3,3,3,3,200,775,3,TRUE,222,0,NA,NA,NA,0.105431658333174,0.518018018018018,0.255053959568323,0.406507444320629,39.755,200,NA,"200"
"Trapnell","SC3","GateOnly","estimated","original",1,NA,NA,1.6094379124341,3,3,3,3,200,775,NA,NA,NA,NA,NA,NA,NA,0.105431658333174,0.518018018018018,0.255053959568323,0.406507444320629,40.11,200,NA,"200"
"Trapnell","SC3","GateOnly","true","original",1,NA,NA,1.6094379124341,3,3,3,3,300,775,3,TRUE,222,0,NA,NA,NA,0.196659779342637,0.567567567567568,0.305279747832939,0.467862317300112,39.53,300,NA,"300"
"Trapnell","SC3","GateOnly","estimated","original",1,NA,NA,1.6094379124341,3,3,3,3,300,775,NA,NA,NA,NA,NA,NA,NA,0.196659779342637,0.567567567567568,0.305279747832939,0.467862317300112,54.807,300,NA,"300"
"Trapnell","SC3","GateOnly","true","original",1,NA,NA,1.6094379124341,3,3,3,3,500,775,3,TRUE,222,0,NA,NA,NA,0.445713109258756,0.675675675675676,0.458988410744767,0.629187669249973,41.159,500,NA,"500"
"Trapnell","SC3","GateOnly","estimated","original",1,NA,NA,1.6094379124341,3,3,3,3,500,775,NA,NA,NA,NA,NA,NA,NA,0.445713109258756,0.675675675675676,0.458988410744767,0.629187669249973,40.488,500,NA,"500"
"Trapnell","SC3","GateOnly","true","original",1,NA,NA,1.6094379124341,3,3,3,3,750,775,3,TRUE,222,0,NA,NA,NA,0.455784407123095,0.689189189189189,0.466028189374774,0.635769795715455,38.776,750,NA,"750"
"Trapnell","SC3","GateOnly","estimated","original",1,NA,NA,1.6094379124341,3,3,3,3,750,775,NA,NA,NA,NA,NA,NA,NA,0.455784407123095,0.689189189189189,0.466028189374774,0.635769795715455,40.666,750,NA,"750"
"Trapnell","SC3","GateOnly","true","original",1,NA,NA,1.6094379124341,3,3,3,3,775,775,3,TRUE,222,0,NA,NA,NA,0.453737941887082,0.684684684684685,0.464736652236652,0.634567367487608,39.449,1000,NA,"1000"
"Trapnell","SC3","GateOnly","estimated","original",1,NA,NA,1.6094379124341,3,3,3,3,775,775,NA,NA,NA,NA,NA,NA,NA,0.453737941887082,0.684684684684685,0.464736652236652,0.634567367487608,37.707,1000,NA,"1000"
"Trapnell","SC3","GateOnly","true","original",1,NA,NA,1.6094379124341,3,3,3,3,775,775,3,TRUE,222,0,NA,NA,NA,0.453737941887082,0.684684684684685,0.464736652236652,0.634567367487608,40.097,1500,NA,"1500"
"Trapnell","SC3","GateOnly","estimated","original",1,NA,NA,1.6094379124341,3,3,3,3,775,775,NA,NA,NA,NA,NA,NA,NA,0.453737941887082,0.684684684684685,0.464736652236652,0.634567367487608,41.857,1500,NA,"1500"
"Trapnell","SC3","GateOnly","true","original",1,NA,NA,1.6094379124341,3,3,3,3,775,775,3,TRUE,222,0,NA,NA,NA,0.453737941887082,0.684684684684685,0.464736652236652,0.634567367487608,40.827,2500,NA,"2500"
"Trapnell","SC3","GateOnly","estimated","original",1,NA,NA,1.6094379124341,3,3,3,3,775,775,NA,NA,NA,NA,NA,NA,NA,0.453737941887082,0.684684684684685,0.464736652236652,0.634567367487608,41.507,2500,NA,"2500"
"Trapnell","Refined Louvain","Seurat","true","original",1,NA,NA,1.6094379124341,3,3,3,3,775,775,3,TRUE,222,0,NA,NA,NA,0.286473428182583,0.617117117117117,0.35465647586608,0.523618223414129,8.897,0,NA,"gate_n"
"Trapnell","Refined Louvain","Seurat","estimated","original",1,NA,NA,1.6094379124341,3,3,3,3,775,775,NA,NA,NA,NA,NA,NA,NA,0.286473428182583,0.617117117117117,0.35465647586608,0.523618223414129,12.555,0,NA,"gate_n"
"Trapnell","Refined Louvain","Seurat","true","original",1,NA,NA,1.6094379124341,3,3,3,3,100,775,3,TRUE,222,0,NA,NA,NA,0.0951549344152329,0.490990990990991,0.264737482988325,0.420037508898074,8.752,100,NA,"100"
"Trapnell","Refined Louvain","Seurat","estimated","original",1,NA,NA,1.6094379124341,3,3,3,3,100,775,NA,NA,NA,NA,NA,NA,NA,0.0951549344152329,0.490990990990991,0.264737482988325,0.420037508898074,8.553,100,NA,"100"
"Trapnell","Refined Louvain","Seurat","true","original",1,NA,NA,1.6094379124341,3,3,3,3,200,775,3,TRUE,222,0,NA,NA,NA,0.102727952202324,0.495495495495495,0.26867816091954,0.42497119030054,12.18,200,NA,"200"
"Trapnell","Refined Louvain","Seurat","estimated","original",1,NA,NA,1.6094379124341,3,3,3,3,200,775,NA,NA,NA,NA,NA,NA,NA,0.102727952202324,0.495495495495495,0.26867816091954,0.42497119030054,8.647,200,NA,"200"
"Trapnell","Refined Louvain","Seurat","true","original",1,NA,NA,1.6094379124341,3,3,3,3,300,775,3,TRUE,222,0,NA,NA,NA,0.291506965548094,0.621621621621622,0.357351346843466,0.526545264595451,9.257,300,NA,"300"
"Trapnell","Refined Louvain","Seurat","estimated","original",1,NA,NA,1.6094379124341,3,3,3,3,300,775,NA,NA,NA,NA,NA,NA,NA,0.291506965548094,0.621621621621622,0.357351346843466,0.526545264595451,9.019,300,NA,"300"
"Trapnell","Refined Louvain","Seurat","true","original",1,NA,NA,1.6094379124341,3,3,3,3,500,775,3,TRUE,222,0,NA,NA,NA,0.293713536119966,0.626126126126126,0.358711077719342,0.528019837098402,9.216,500,NA,"500"
"Trapnell","Refined Louvain","Seurat","estimated","original",1,NA,NA,1.6094379124341,3,3,3,3,500,775,NA,NA,NA,NA,NA,NA,NA,0.293713536119966,0.626126126126126,0.358711077719342,0.528019837098402,9.095,500,NA,"500"
"Trapnell","Refined Louvain","Seurat","true","original",1,NA,NA,1.6094379124341,3,3,3,3,750,775,3,TRUE,222,0,NA,NA,NA,0.28540984384911,0.617117117117117,0.354137272802722,0.52305391782894,9.034,750,NA,"750"
"Trapnell","Refined Louvain","Seurat","estimated","original",1,NA,NA,1.6094379124341,3,3,3,3,750,775,NA,NA,NA,NA,NA,NA,NA,0.28540984384911,0.617117117117117,0.354137272802722,0.52305391782894,8.557,750,NA,"750"
"Trapnell","Refined Louvain","Seurat","true","original",1,NA,NA,1.6094379124341,3,3,3,3,1000,775,3,TRUE,222,0,NA,NA,NA,0.288780881966083,0.626126126126126,0.355529627468956,0.524563950463532,8.946,1000,NA,"1000"
"Trapnell","Refined Louvain","Seurat","estimated","original",1,NA,NA,1.6094379124341,3,3,3,3,1000,775,NA,NA,NA,NA,NA,NA,NA,0.288780881966083,0.626126126126126,0.355529627468956,0.524563950463532,8.65,1000,NA,"1000"
"Trapnell","Refined Louvain","Seurat","true","original",1,NA,NA,1.6094379124341,3,3,3,3,1500,775,3,TRUE,222,0,NA,NA,NA,0.282144030747127,0.617117117117117,0.351292924253762,0.519937015752854,9.028,1500,NA,"1500"
"Trapnell","Refined Louvain","Seurat","estimated","original",1,NA,NA,1.6094379124341,3,3,3,3,1500,775,NA,NA,NA,NA,NA,NA,NA,0.282144030747127,0.617117117117117,0.351292924253762,0.519937015752854,10.082,1500,NA,"1500"
"Trapnell","Refined Louvain","Seurat","true","original",1,NA,NA,1.6094379124341,3,3,3,3,2500,775,3,TRUE,222,0,NA,NA,NA,0.268591930845707,0.59009009009009,0.344824755807272,0.512843075716666,9.055,2500,NA,"2500"
"Trapnell","Refined Louvain","Seurat","estimated","original",1,NA,NA,1.6094379124341,3,3,3,3,2500,775,NA,NA,NA,NA,NA,NA,NA,0.268591930845707,0.59009009009009,0.344824755807272,0.512843075716666,13.855,2500,NA,"2500"
"Trapnell","SC3","Seurat","true","original",1,NA,NA,1.6094379124341,3,3,3,3,775,775,3,TRUE,222,0,NA,NA,NA,0.200687435862436,0.572072072072072,0.311166484971188,0.474960708392434,40.379,0,NA,"gate_n"
"Trapnell","SC3","Seurat","estimated","original",1,NA,NA,1.6094379124341,3,3,3,3,775,775,NA,NA,NA,NA,NA,NA,NA,0.200687435862436,0.572072072072072,0.311166484971188,0.474960708392434,49.753,0,NA,"gate_n"
"Trapnell","SC3","Seurat","true","original",1,NA,NA,1.6094379124341,3,3,3,3,100,775,3,TRUE,222,0,NA,NA,NA,0.406465494639818,0.675675675675676,0.431543683328925,0.602907132341668,41.228,100,NA,"100"
"Trapnell","SC3","Seurat","estimated","original",1,NA,NA,1.6094379124341,3,3,3,3,100,775,NA,NA,NA,NA,NA,NA,NA,0.406465494639818,0.675675675675676,0.431543683328925,0.602907132341668,42.202,100,NA,"100"
"Trapnell","SC3","Seurat","true","original",1,NA,NA,1.6094379124341,3,3,3,3,200,775,3,TRUE,222,0,NA,NA,NA,0.202044847077311,0.567567567567568,0.306241044419678,0.468920130208247,51.618,200,NA,"200"
"Trapnell","SC3","Seurat","estimated","original",1,NA,NA,1.6094379124341,3,3,3,3,200,775,NA,NA,NA,NA,NA,NA,NA,0.202044847077311,0.567567567567568,0.306241044419678,0.468920130208247,54.878,200,NA,"200"
"Trapnell","SC3","Seurat","true","original",1,NA,NA,1.6094379124341,3,3,3,3,300,775,3,TRUE,222,0,NA,NA,NA,0.208159136789382,0.576576576576577,0.311215175807604,0.474775628429666,39.218,300,NA,"300"
"Trapnell","SC3","Seurat","estimated","original",1,NA,NA,1.6094379124341,3,3,3,3,300,775,NA,NA,NA,NA,NA,NA,NA,0.208159136789382,0.576576576576577,0.311215175807604,0.474775628429666,40.345,300,NA,"300"
"Trapnell","SC3","Seurat","true","original",1,NA,NA,1.6094379124341,3,3,3,3,500,775,3,TRUE,222,0,NA,NA,NA,0.314915680018047,0.621621621621622,0.371838111298482,0.542104588149407,40.329,500,NA,"500"
"Trapnell","SC3","Seurat","estimated","original",1,NA,NA,1.6094379124341,3,3,3,3,500,775,NA,NA,NA,NA,NA,NA,NA,0.314915680018047,0.621621621621622,0.371838111298482,0.542104588149407,40.521,500,NA,"500"
"Trapnell","SC3","Seurat","true","original",1,NA,NA,1.6094379124341,3,3,3,3,750,775,3,TRUE,222,0,NA,NA,NA,0.324574384072896,0.626126126126126,0.378225192454107,0.548863695231602,41.519,750,NA,"750"
"Trapnell","SC3","Seurat","estimated","original",1,NA,NA,1.6094379124341,3,3,3,3,750,775,NA,NA,NA,NA,NA,NA,NA,0.324574384072896,0.626126126126126,0.378225192454107,0.548863695231602,40.011,750,NA,"750"
"Trapnell","SC3","Seurat","true","original",1,NA,NA,1.6094379124341,3,3,3,3,1000,775,3,TRUE,222,0,NA,NA,NA,0.31415406742491,0.621621621621622,0.371568132053226,0.541819505112114,39.361,1000,NA,"1000"
"Trapnell","SC3","Seurat","estimated","original",1,NA,NA,1.6094379124341,3,3,3,3,1000,775,NA,NA,NA,NA,NA,NA,NA,0.31415406742491,0.621621621621622,0.371568132053226,0.541819505112114,39.24,1000,NA,"1000"
"Trapnell","SC3","Seurat","true","original",1,NA,NA,1.6094379124341,3,3,3,3,1500,775,3,TRUE,222,0,NA,NA,NA,0.441339731010984,0.68018018018018,0.455784753363229,0.626170698465676,40.253,1500,NA,"1500"
"Trapnell","SC3","Seurat","estimated","original",1,NA,NA,1.6094379124341,3,3,3,3,1500,775,NA,NA,NA,NA,NA,NA,NA,0.441339731010984,0.68018018018018,0.455784753363229,0.626170698465676,42.532,1500,NA,"1500"
"Trapnell","SC3","Seurat","true","original",1,NA,NA,1.6094379124341,3,3,3,3,2500,775,3,TRUE,222,0,NA,NA,NA,0.441538773079542,0.675675675675676,0.455745062836625,0.626133080948605,40.622,2500,NA,"2500"
"Trapnell","SC3","Seurat","estimated","original",1,NA,NA,1.6094379124341,3,3,3,3,2500,775,NA,NA,NA,NA,NA,NA,NA,0.441538773079542,0.675675675675676,0.455745062836625,0.626133080948605,41.445,2500,NA,"2500"
"Trapnell","Refined Louvain","Variance","true","original",1,NA,NA,1.6094379124341,3,3,3,3,775,775,3,TRUE,222,0,NA,NA,NA,0.389633240161969,0.648648648648649,0.419984250590603,0.591533765246901,8.506,0,NA,"gate_n"
"Trapnell","Refined Louvain","Variance","estimated","original",1,NA,NA,1.6094379124341,3,3,3,3,775,775,NA,NA,NA,NA,NA,NA,NA,0.389633240161969,0.648648648648649,0.419984250590603,0.591533765246901,7.583,0,NA,"gate_n"
"Trapnell","Refined Louvain","Variance","true","original",1,NA,NA,1.6094379124341,3,3,3,3,100,775,3,TRUE,222,0,NA,NA,NA,0.39589435641917,0.657657657657658,0.424221149627029,0.595723796084067,17.317,100,NA,"100"
"Trapnell","Refined Louvain","Variance","estimated","original",1,NA,NA,1.6094379124341,3,3,3,3,100,775,NA,NA,NA,NA,NA,NA,NA,0.39589435641917,0.657657657657658,0.424221149627029,0.595723796084067,11.917,100,NA,"100"
"Trapnell","Refined Louvain","Variance","true","original",1,NA,NA,1.6094379124341,3,3,3,3,200,775,3,TRUE,222,0,NA,NA,NA,0.40963197031019,0.662162162162162,0.433495360141405,0.604808877928483,8.645,200,NA,"200"
"Trapnell","Refined Louvain","Variance","estimated","original",1,NA,NA,1.6094379124341,3,3,3,3,200,775,NA,NA,NA,NA,NA,NA,NA,0.40963197031019,0.662162162162162,0.433495360141405,0.604808877928483,7.705,200,NA,"200"
"Trapnell","Refined Louvain","Variance","true","original",1,NA,NA,1.6094379124341,3,3,3,3,300,775,3,TRUE,222,0,NA,NA,NA,0.41987488548164,0.662162162162162,0.440525894998668,0.611618173516013,8.423,300,NA,"300"
"Trapnell","Refined Louvain","Variance","estimated","original",1,NA,NA,1.6094379124341,3,3,3,3,300,775,NA,NA,NA,NA,NA,NA,NA,0.41987488548164,0.662162162162162,0.440525894998668,0.611618173516013,9.635,300,NA,"300"
"Trapnell","Refined Louvain","Variance","true","original",1,NA,NA,1.6094379124341,3,3,3,3,500,775,3,TRUE,222,0,NA,NA,NA,0.394966722225069,0.653153153153153,0.423404442103415,0.594918012856129,8.652,500,NA,"500"
"Trapnell","Refined Louvain","Variance","estimated","original",1,NA,NA,1.6094379124341,3,3,3,3,500,775,NA,NA,NA,NA,NA,NA,NA,0.394966722225069,0.653153153153153,0.423404442103415,0.594918012856129,9.005,500,NA,"500"
"Trapnell","Refined Louvain","Variance","true","original",1,NA,NA,1.6094379124341,3,3,3,3,750,775,3,TRUE,222,0,NA,NA,NA,0.40034701563758,0.648648648648649,0.427087916923348,0.598544665471508,8.213,750,NA,"750"
"Trapnell","Refined Louvain","Variance","estimated","original",1,NA,NA,1.6094379124341,3,3,3,3,750,775,NA,NA,NA,NA,NA,NA,NA,0.40034701563758,0.648648648648649,0.427087916923348,0.598544665471508,12.613,750,NA,"750"
"Trapnell","Refined Louvain","Variance","true","original",1,NA,NA,1.6094379124341,3,3,3,3,1000,775,3,TRUE,222,0,NA,NA,NA,0.408195285479477,0.657657657657658,0.432532673966796,0.603871290497528,8.485,1000,NA,"1000"
"Trapnell","Refined Louvain","Variance","estimated","original",1,NA,NA,1.6094379124341,3,3,3,3,1000,775,NA,NA,NA,NA,NA,NA,NA,0.408195285479477,0.657657657657658,0.432532673966796,0.603871290497528,12.165,1000,NA,"1000"
"Trapnell","Refined Louvain","Variance","true","original",1,NA,NA,1.6094379124341,3,3,3,3,1500,775,3,TRUE,222,0,NA,NA,NA,0.409521491802491,0.662162162162162,0.433530606836852,0.604843274964957,8.684,1500,NA,"1500"
"Trapnell","Refined Louvain","Variance","estimated","original",1,NA,NA,1.6094379124341,3,3,3,3,1500,775,NA,NA,NA,NA,NA,NA,NA,0.409521491802491,0.662162162162162,0.433530606836852,0.604843274964957,9.592,1500,NA,"1500"
"Trapnell","Refined Louvain","Variance","true","original",1,NA,NA,1.6094379124341,3,3,3,3,2500,775,3,TRUE,222,0,NA,NA,NA,0.408195285479477,0.657657657657658,0.432532673966796,0.603871290497528,9.027,2500,NA,"2500"
"Trapnell","Refined Louvain","Variance","estimated","original",1,NA,NA,1.6094379124341,3,3,3,3,2500,775,NA,NA,NA,NA,NA,NA,NA,0.408195285479477,0.657657657657658,0.432532673966796,0.603871290497528,9.527,2500,NA,"2500"
"Trapnell","SC3","Variance","true","original",1,NA,NA,1.6094379124341,3,3,3,3,775,775,3,TRUE,222,0,NA,NA,NA,0.454263103262495,0.68018018018018,0.465030231928526,0.634840694366874,38.768,0,NA,"gate_n"
"Trapnell","SC3","Variance","estimated","original",1,NA,NA,1.6094379124341,3,3,3,3,775,775,NA,NA,NA,NA,NA,NA,NA,0.454263103262495,0.68018018018018,0.465030231928526,0.634840694366874,66.529,0,NA,"gate_n"
"Trapnell","SC3","Variance","true","original",1,NA,NA,1.6094379124341,3,3,3,3,100,775,3,TRUE,222,0,NA,NA,NA,0.171853308555892,0.558558558558559,0.293516942596317,0.454030809108568,47.794,100,NA,"100"
"Trapnell","SC3","Variance","estimated","original",1,NA,NA,1.6094379124341,3,3,3,3,100,775,NA,NA,NA,NA,NA,NA,NA,0.171853308555892,0.558558558558559,0.293516942596317,0.454030809108568,45.243,100,NA,"100"
"Trapnell","SC3","Variance","true","original",1,NA,NA,1.6094379124341,3,3,3,3,200,775,3,TRUE,222,0,NA,NA,NA,0.455784407123095,0.689189189189189,0.466028189374774,0.635769795715455,39.021,200,NA,"200"
"Trapnell","SC3","Variance","estimated","original",1,NA,NA,1.6094379124341,3,3,3,3,200,775,NA,NA,NA,NA,NA,NA,NA,0.455784407123095,0.689189189189189,0.466028189374774,0.635769795715455,37.93,200,NA,"200"
"Trapnell","SC3","Variance","true","original",1,NA,NA,1.6094379124341,3,3,3,3,300,775,3,TRUE,222,0,NA,NA,NA,0.455784407123095,0.689189189189189,0.466028189374774,0.635769795715455,39.503,300,NA,"300"
"Trapnell","SC3","Variance","estimated","original",1,NA,NA,1.6094379124341,3,3,3,3,300,775,NA,NA,NA,NA,NA,NA,NA,0.455784407123095,0.689189189189189,0.466028189374774,0.635769795715455,54.446,300,NA,"300"
"Trapnell","SC3","Variance","true","original",1,NA,NA,1.6094379124341,3,3,3,3,500,775,3,TRUE,222,0,NA,NA,NA,0.45408590751551,0.684684684684685,0.46484339741854,0.634666435629488,39.797,500,NA,"500"
"Trapnell","SC3","Variance","estimated","original",1,NA,NA,1.6094379124341,3,3,3,3,500,775,NA,NA,NA,NA,NA,NA,NA,0.45408590751551,0.684684684684685,0.46484339741854,0.634666435629488,66.038,500,NA,"500"
"Trapnell","SC3","Variance","true","original",1,NA,NA,1.6094379124341,3,3,3,3,750,775,3,TRUE,222,0,NA,NA,NA,0.453574394563188,0.68018018018018,0.464440433212996,0.634290688009254,39.002,750,NA,"750"
"Trapnell","SC3","Variance","estimated","original",1,NA,NA,1.6094379124341,3,3,3,3,750,775,NA,NA,NA,NA,NA,NA,NA,0.453574394563188,0.68018018018018,0.464440433212996,0.634290688009254,38.536,750,NA,"750"
"Trapnell","SC3","Variance","true","original",1,NA,NA,1.6094379124341,3,3,3,3,1000,775,3,TRUE,222,0,NA,NA,NA,0.455190810384428,0.684684684684685,0.465637135374334,0.635405852836046,38.785,1000,NA,"1000"
"Trapnell","SC3","Variance","estimated","original",1,NA,NA,1.6094379124341,3,3,3,3,1000,775,NA,NA,NA,NA,NA,NA,NA,0.455190810384428,0.684684684684685,0.465637135374334,0.635405852836046,37.914,1000,NA,"1000"
"Trapnell","SC3","Variance","true","original",1,NA,NA,1.6094379124341,3,3,3,3,1500,775,3,TRUE,222,0,NA,NA,NA,0.455190810384428,0.684684684684685,0.465637135374334,0.635405852836046,39.027,1500,NA,"1500"
"Trapnell","SC3","Variance","estimated","original",1,NA,NA,1.6094379124341,3,3,3,3,1500,775,NA,NA,NA,NA,NA,NA,NA,0.455190810384428,0.684684684684685,0.465637135374334,0.635405852836046,41.868,1500,NA,"1500"
"Trapnell","SC3","Variance","true","original",1,NA,NA,1.6094379124341,3,3,3,3,2500,775,3,TRUE,222,0,NA,NA,NA,0.455190810384428,0.684684684684685,0.465637135374334,0.635405852836046,40.263,2500,NA,"2500"
"Trapnell","SC3","Variance","estimated","original",1,NA,NA,1.6094379124341,3,3,3,3,2500,775,NA,NA,NA,NA,NA,NA,NA,0.455190810384428,0.684684684684685,0.465637135374334,0.635405852836046,54.815,2500,NA,"2500"
"Zhengmix4eq","Refined Louvain","DIFS","true","original",1,NA,NA,1.6094379124341,4,26,4,4,1935,1935,4,TRUE,3994,0,1900,1535,"1:2",0.982056896971247,0.993239859789685,0.973436753171814,0.98653960273102,1278.434,0,NA,"gate_n"
"Zhengmix4eq","Refined Louvain","DIFS","estimated","original",1,NA,NA,1.6094379124341,4,26,26,26,1935,1935,NA,NA,NA,NA,600,2371,"3:1",0.290795927130309,0.992488733099649,0.215401848838507,0.461649997255786,2145.666,0,NA,"gate_n"
"Zhengmix4eq","Refined Louvain","DIFS","true","original",1,NA,NA,1.6094379124341,4,26,4,4,100,1935,4,TRUE,3994,0,1900,1535,"2:3",0.932724156417917,0.973710565848773,0.903911612981843,0.949531067860253,1264.064,100,NA,"100"
"Zhengmix4eq","Refined Louvain","DIFS","estimated","original",1,NA,NA,1.6094379124341,4,26,26,26,100,1935,NA,NA,NA,NA,600,2371,"2:3",0.223635441980778,0.949173760640961,0.164601200569207,0.393457039654602,2341.091,100,NA,"100"
"Zhengmix4eq","Refined Louvain","DIFS","true","original",1,NA,NA,1.6094379124341,4,26,4,4,200,1935,4,TRUE,3994,0,1900,1535,"1:3",0.971573414026945,0.989233850776164,0.958240891919973,0.978675195594294,1264.685,200,NA,"200"
"Zhengmix4eq","Refined Louvain","DIFS","estimated","original",1,NA,NA,1.6094379124341,4,26,26,26,200,1935,NA,NA,NA,NA,600,2371,"1:3",0.253085933418001,0.978217325988983,0.186371947013416,0.424538377019016,2813.501,200,NA,"200"
"Zhengmix4eq","Refined Louvain","DIFS","true","original",1,NA,NA,1.6094379124341,4,26,4,4,300,1935,4,TRUE,3994,0,1900,1535,"1:2",0.975490551633489,0.990736104156234,0.963891315106143,0.98161370705183,1436.355,300,NA,"300"
"Zhengmix4eq","Refined Louvain","DIFS","estimated","original",1,NA,NA,1.6094379124341,4,26,26,26,300,1935,NA,NA,NA,NA,600,2371,"1:2",0.274374126999703,0.988733099649474,0.202251451048496,0.44656270364927,2127.45,300,NA,"300"
"Zhengmix4eq","Refined Louvain","DIFS","true","original",1,NA,NA,1.6094379124341,4,26,4,4,500,1935,4,TRUE,3994,0,1900,1535,"1:3",0.979406340601255,0.992238357536304,0.96957271396186,0.984551329855307,1285.402,500,NA,"500"
"Zhengmix4eq","Refined Louvain","DIFS","estimated","original",1,NA,NA,1.6094379124341,4,26,26,26,500,1935,NA,NA,NA,NA,600,2371,"1:3",0.259876188642033,0.990736104156234,0.19050557122648,0.433548781021869,2142.962,500,NA,"500"
"Zhengmix4eq","Refined Louvain","DIFS","true","original",1,NA,NA,1.6094379124341,4,26,4,4,750,1935,4,TRUE,3994,0,1900,1535,"1:3",0.981383255712278,0.992989484226339,0.972453356250916,0.986034327560109,1274.001,750,NA,"750"
"Zhengmix4eq","Refined Louvain","DIFS","estimated","original",1,NA,NA,1.6094379124341,4,26,26,26,750,1935,NA,NA,NA,NA,600,2371,"1:2",0.245809580279335,0.992238357536304,0.179091829288388,0.420983010482264,2153.522,750,NA,"750"
"Zhengmix4eq","Refined Louvain","DIFS","true","original",1,NA,NA,1.6094379124341,4,26,4,4,1000,1935,4,TRUE,3994,0,1900,1535,"2:3",0.983367811811684,0.993740610916375,0.975353580825451,0.987523036621006,1493.922,1000,NA,"1000"
"Zhengmix4eq","Refined Louvain","DIFS","estimated","original",1,NA,NA,1.6094379124341,4,26,26,26,1000,1935,NA,NA,NA,NA,600,2371,"1:1",0.28332166903325,0.992488733099649,0.209092730724723,0.455462586929474,2153.534,1000,NA,"1000"
"Zhengmix4eq","Refined Louvain","DIFS","true","original",1,NA,NA,1.6094379124341,4,26,4,4,1500,1935,4,TRUE,3994,0,1900,1535,"1:1",0.984035952555774,0.99399098647972,0.976331950899029,0.988024256671795,1293.216,1500,NA,"1500"
"Zhengmix4eq","Refined Louvain","DIFS","estimated","original",1,NA,NA,1.6094379124341,4,26,26,26,1500,1935,NA,NA,NA,NA,600,2371,"3:1",0.298793392728439,0.991236855282924,0.222110951931234,0.468385225501445,3491.354,1500,NA,"1500"
"Zhengmix4eq","Refined Louvain","DIFS","true","original",1,NA,NA,1.6094379124341,4,26,4,4,2023,1935,4,TRUE,3994,0,1900,1535,"1:1",0.982704511191687,0.993490235353029,0.974383369878966,0.987025506989333,1466.737,2500,NA,"2500"
"Zhengmix4eq","Refined Louvain","DIFS","estimated","original",1,NA,NA,1.6094379124341,4,26,26,26,2496,1935,NA,NA,NA,NA,600,2371,"1:1",0.281263099911695,0.992488733099649,0.207640448538366,0.453157424091204,2150.021,2500,NA,"2500"
"Zhengmix4eq","SC3","DIFS","true","original",1,NA,NA,1.6094379124341,4,26,4,4,1935,1935,4,TRUE,3994,0,1900,1535,"1:2",0.984708792426562,0.994241362043065,0.97731819293928,0.988529007640679,1917.197,0,NA,"gate_n"
"Zhengmix4eq","SC3","DIFS","estimated","original",1,NA,NA,1.6094379124341,4,26,26,26,1935,1935,NA,NA,NA,NA,600,2371,"3:1",0.521030807657404,0.993490235353029,0.420624137687366,0.647808759990862,4024.689,0,NA,"gate_n"
"Zhengmix4eq","SC3","DIFS","true","original",1,NA,NA,1.6094379124341,4,26,4,4,100,1935,4,TRUE,3994,0,1900,1535,"2:3",0.706321201885592,0.748122183274912,0.658950452433651,0.810937802032336,1746.117,100,NA,"100"
"Zhengmix4eq","SC3","DIFS","estimated","original",1,NA,NA,1.6094379124341,4,26,26,26,100,1935,NA,NA,NA,NA,600,2371,"2:3",0.476851769501989,0.943164747120681,0.381968285469169,0.608791518277341,3638.547,100,NA,"100"
"Zhengmix4eq","SC3","DIFS","true","original",1,NA,NA,1.6094379124341,4,26,4,4,200,1935,4,TRUE,3994,0,1900,1535,"1:3",0.694175354753831,0.747871807711567,0.646746640851372,0.800883790268116,1803.363,200,NA,"200"
"Zhengmix4eq","SC3","DIFS","estimated","original",1,NA,NA,1.6094379124341,4,26,26,26,200,1935,NA,NA,NA,NA,600,2371,"1:3",0.455385625183608,0.968452679018528,0.359394009775869,0.595749166716963,3152.621,200,NA,"200"
"Zhengmix4eq","SC3","DIFS","true","original",1,NA,NA,1.6094379124341,4,26,4,4,300,1935,4,TRUE,3994,0,1900,1535,"1:2",0.693712195914477,0.747120681021532,0.646370332409761,0.800701285421697,1831.852,300,NA,"300"
"Zhengmix4eq","SC3","DIFS","estimated","original",1,NA,NA,1.6094379124341,4,26,26,26,300,1935,NA,NA,NA,NA,600,2371,"1:2",0.479888274804262,0.975463194792188,0.381861274828534,0.615383612623156,3180.592,300,NA,"300"
"Zhengmix4eq","SC3","DIFS","true","original",1,NA,NA,1.6094379124341,4,26,4,4,500,1935,4,TRUE,3994,0,1900,1535,"1:3",0.704539311653033,0.747621432148222,0.657204314377701,0.809588551296144,1993.919,500,NA,"500"
"Zhengmix4eq","SC3","DIFS","estimated","original",1,NA,NA,1.6094379124341,4,26,26,26,500,1935,NA,NA,NA,NA,600,2371,"1:3",0.49799769544852,0.986479719579369,0.398618303795986,0.629951245406847,3423.069,500,NA,"500"
"Zhengmix4eq","SC3","DIFS","true","original",1,NA,NA,1.6094379124341,4,26,4,4,750,1935,4,TRUE,3994,0,1900,1535,"1:3",0.984704526639901,0.994241362043065,0.977311753460608,0.988525712129068,2380.436,750,NA,"750"
"Zhengmix4eq","SC3","DIFS","estimated","original",1,NA,NA,1.6094379124341,4,26,26,26,750,1935,NA,NA,NA,NA,600,2371,"1:2",0.367737107391231,0.992238357536304,0.27997606601374,0.527388056387495,5782.669,750,NA,"750"
"Zhengmix4eq","SC3","DIFS","true","original",1,NA,NA,1.6094379124341,4,26,4,4,1000,1935,4,TRUE,3994,0,1900,1535,"2:3",0.980714602469705,0.992739108662995,0.97147843193719,0.985532910690943,2446.442,1000,NA,"1000"
"Zhengmix4eq","SC3","DIFS","estimated","original",1,NA,NA,1.6094379124341,4,26,26,26,1000,1935,NA,NA,NA,NA,600,2371,"1:1",0.398061888696052,0.991987981972959,0.306503592799379,0.552059448506957,3525.581,1000,NA,"1000"
"Zhengmix4eq","SC3","DIFS","true","original",1,NA,NA,1.6094379124341,4,26,4,4,1500,1935,4,TRUE,3994,0,1900,1535,"1:1",0.982698500554799,0.993490235353029,0.97437458994785,0.98702100243335,1943.546,1500,NA,"1500"
"Zhengmix4eq","SC3","DIFS","estimated","original",1,NA,NA,1.6094379124341,4,26,26,26,1500,1935,NA,NA,NA,NA,600,2371,"3:1",0.51854978108372,0.990485728592889,0.418301318207046,0.645790838560308,3577.605,1500,NA,"1500"
"Zhengmix4eq","SC3","DIFS","true","original",1,NA,NA,1.6094379124341,4,26,4,4,2023,1935,4,TRUE,3994,0,1900,1535,"1:1",0.984033169068228,0.99399098647972,0.97632779478897,0.988022127887019,2070.509,2500,NA,"2500"
"Zhengmix4eq","SC3","DIFS","estimated","original",1,NA,NA,1.6094379124341,4,26,26,26,2496,1935,NA,NA,NA,NA,600,2371,"1:1",0.528179526397811,0.99399098647972,0.42767403048906,0.653113352010716,3726.31,2500,NA,"2500"
"Zhengmix4eq","Refined Louvain","FEAST","true","original",1,NA,NA,1.6094379124341,4,26,4,4,1935,1935,4,TRUE,3994,0,NA,NA,NA,0.980061933516047,0.992488733099649,0.970526966542199,0.985043072780806,44.288,0,NA,"gate_n"
"Zhengmix4eq","Refined Louvain","FEAST","estimated","original",1,NA,NA,1.6094379124341,4,26,26,26,1935,1935,NA,NA,NA,NA,NA,NA,NA,0.31934819186624,0.992488733099649,0.238938256871916,0.486620469794963,62.252,0,NA,"gate_n"
"Zhengmix4eq","Refined Louvain","FEAST","true","original",1,NA,NA,1.6094379124341,4,26,4,4,100,1935,4,TRUE,3994,0,NA,NA,NA,0.970294669421659,0.988733099649474,0.956403336652702,0.977715914443517,43.31,100,NA,"100"
"Zhengmix4eq","Refined Louvain","FEAST","estimated","original",1,NA,NA,1.6094379124341,4,26,26,26,100,1935,NA,NA,NA,NA,NA,NA,NA,0.281570532744015,0.980220330495744,0.209350168142351,0.450481426516585,62.979,100,NA,"100"
"Zhengmix4eq","Refined Louvain","FEAST","true","original",1,NA,NA,1.6094379124341,4,26,4,4,200,1935,4,TRUE,3994,0,NA,NA,NA,0.97677635637195,0.991236855282924,0.965753711885186,0.982578551729591,42.54,200,NA,"200"
"Zhengmix4eq","Refined Louvain","FEAST","estimated","original",1,NA,NA,1.6094379124341,4,26,26,26,200,1935,NA,NA,NA,NA,NA,NA,NA,0.258937358097071,0.991487230846269,0.189707456698576,0.43278901474235,60.211,200,NA,"200"
"Zhengmix4eq","Refined Louvain","FEAST","true","original",1,NA,NA,1.6094379124341,4,26,4,4,300,1935,4,TRUE,3994,0,NA,NA,NA,0.980734263266718,0.992739108662995,0.97150679400467,0.985547501573841,42.87,300,NA,"300"
"Zhengmix4eq","Refined Louvain","FEAST","estimated","original",1,NA,NA,1.6094379124341,4,26,26,26,300,1935,NA,NA,NA,NA,NA,NA,NA,0.258469587880814,0.990736104156234,0.189468771291619,0.432062587013223,67.188,300,NA,"300"
"Zhengmix4eq","Refined Louvain","FEAST","true","original",1,NA,NA,1.6094379124341,4,26,4,4,500,1935,4,TRUE,3994,0,NA,NA,NA,0.980084324234994,0.992488733099649,0.970559316115541,0.985059733201312,45.111,500,NA,"500"
"Zhengmix4eq","Refined Louvain","FEAST","estimated","original",1,NA,NA,1.6094379124341,4,26,26,26,500,1935,NA,NA,NA,NA,NA,NA,NA,0.278553352674756,0.991987981972959,0.205570211490731,0.450459217764063,53.929,500,NA,"500"
"Zhengmix4eq","Refined Louvain","FEAST","true","original",1,NA,NA,1.6094379124341,4,26,4,4,750,1935,4,TRUE,3994,0,NA,NA,NA,0.978758485829256,0.991987981972959,0.968630179222237,0.984065154253219,43.573,750,NA,"750"
"Zhengmix4eq","Refined Louvain","FEAST","estimated","original",1,NA,NA,1.6094379124341,4,26,26,26,750,1935,NA,NA,NA,NA,NA,NA,NA,0.259367679679116,0.991987981972959,0.189974482631218,0.43335420810225,64.184,750,NA,"750"
"Zhengmix4eq","Refined Louvain","FEAST","true","original",1,NA,NA,1.6094379124341,4,26,4,4,1000,1935,4,TRUE,3994,0,NA,NA,NA,0.980062244722093,0.992488733099649,0.970527402808977,0.985043297365023,55.62,1000,NA,"1000"
"Zhengmix4eq","Refined Louvain","FEAST","estimated","original",1,NA,NA,1.6094379124341,4,26,26,26,1000,1935,NA,NA,NA,NA,NA,NA,NA,0.273321532107836,0.990986479719579,0.201266728021303,0.445897414409975,87.705,1000,NA,"1000"
"Zhengmix4eq","Refined Louvain","FEAST","true","original",1,NA,NA,1.6094379124341,4,26,4,4,1500,1935,4,TRUE,3994,0,NA,NA,NA,0.97939537919616,0.992238357536304,0.969556822552054,0.984543137180939,57.739,1500,NA,"1500"
"Zhengmix4eq","Refined Louvain","FEAST","estimated","original",1,NA,NA,1.6094379124341,4,26,26,26,1500,1935,NA,NA,NA,NA,NA,NA,NA,0.284508408270134,0.992488733099649,0.210103562972969,0.456423807984776,67.185,1500,NA,"1500"
"Zhengmix4eq","Refined Louvain","FEAST","true","original",1,NA,NA,1.6094379124341,4,26,4,4,2500,1935,4,TRUE,3994,0,NA,NA,NA,0.9813733121981,0.992989484226339,0.972438914031629,0.986026903916495,47.335,2500,NA,"2500"
"Zhengmix4eq","Refined Louvain","FEAST","estimated","original",1,NA,NA,1.6094379124341,4,26,26,26,2500,1935,NA,NA,NA,NA,NA,NA,NA,0.269481022117305,0.991737606409614,0.198003132811999,0.44277922607596,63.826,2500,NA,"2500"
"Zhengmix4eq","SC3","FEAST","true","original",1,NA,NA,1.6094379124341,4,26,4,4,1935,1935,4,TRUE,3994,0,NA,NA,NA,0.982698500554799,0.993490235353029,0.97437458994785,0.98702100243335,707.943,0,NA,"gate_n"
"Zhengmix4eq","SC3","FEAST","estimated","original",1,NA,NA,1.6094379124341,4,26,26,26,1935,1935,NA,NA,NA,NA,NA,NA,NA,0.455676155934063,0.994241362043065,0.358464804912817,0.597891117850851,1352.619,0,NA,"gate_n"
"Zhengmix4eq","SC3","FEAST","true","original",1,NA,NA,1.6094379124341,4,26,4,4,100,1935,4,TRUE,3994,0,NA,NA,NA,0.700248332840249,0.746369554331497,0.653188686966419,0.806760232060123,533.147,100,NA,"100"
"Zhengmix4eq","SC3","FEAST","estimated","original",1,NA,NA,1.6094379124341,4,26,26,26,100,1935,NA,NA,NA,NA,NA,NA,NA,0.46309459780153,0.979218828242364,0.365691091411888,0.603094680370661,1179.553,100,NA,"100"
"Zhengmix4eq","SC3","FEAST","true","original",1,NA,NA,1.6094379124341,4,26,4,4,200,1935,4,TRUE,3994,0,NA,NA,NA,0.982033439418293,0.993239859789685,0.973402948646325,0.986522246848751,597.147,200,NA,"200"
"Zhengmix4eq","SC3","FEAST","estimated","original",1,NA,NA,1.6094379124341,4,26,26,26,200,1935,NA,NA,NA,NA,NA,NA,NA,0.461481631623021,0.991737606409614,0.363910280051633,0.60229787018623,952.081,200,NA,"200"
"Zhengmix4eq","SC3","FEAST","true","original",1,NA,NA,1.6094379124341,4,26,4,4,300,1935,4,TRUE,3994,0,NA,NA,NA,0.68844833848954,0.746369554331497,0.641201222856581,0.796520406351872,695.597,300,NA,"300"
"Zhengmix4eq","SC3","FEAST","estimated","original",1,NA,NA,1.6094379124341,4,26,26,26,300,1935,NA,NA,NA,NA,NA,NA,NA,0.546412280579487,0.991487230846269,0.446502755574001,0.665639004773328,1046.594,300,NA,"300"
"Zhengmix4eq","SC3","FEAST","true","original",1,NA,NA,1.6094379124341,4,26,4,4,500,1935,4,TRUE,3994,0,NA,NA,NA,0.985382601934703,0.99449173760641,0.978306573025451,0.989034345870071,688.945,500,NA,"500"
"Zhengmix4eq","SC3","FEAST","estimated","original",1,NA,NA,1.6094379124341,4,26,26,26,500,1935,NA,NA,NA,NA,NA,NA,NA,0.483465403436198,0.991737606409614,0.384635380927433,0.619075747044629,1229.066,500,NA,"500"
"Zhengmix4eq","SC3","FEAST","true","original",1,NA,NA,1.6094379124341,4,26,4,4,750,1935,4,TRUE,3994,0,NA,NA,NA,0.985376608900584,0.99449173760641,0.97829779690885,0.989029861142752,1365.117,750,NA,"750"
"Zhengmix4eq","SC3","FEAST","estimated","original",1,NA,NA,1.6094379124341,4,26,26,26,750,1935,NA,NA,NA,NA,NA,NA,NA,0.471209028319082,0.990485728592889,0.373035264906386,0.609744178996539,1390.524,750,NA,"750"
"Zhengmix4eq","SC3","FEAST","true","original",1,NA,NA,1.6094379124341,4,26,4,4,1000,1935,4,TRUE,3994,0,NA,NA,NA,0.982082645646614,0.993239859789685,0.973474112592367,0.986558786879085,707.663,1000,NA,"1000"
"Zhengmix4eq","SC3","FEAST","estimated","original",1,NA,NA,1.6094379124341,4,26,26,26,1000,1935,NA,NA,NA,NA,NA,NA,NA,0.494510390748732,0.990736104156234,0.395066794533781,0.62762916942884,1377.879,1000,NA,"1000"
"Zhengmix4eq","SC3","FEAST","true","original",1,NA,NA,1.6094379124341,4,26,4,4,1500,1935,4,TRUE,3994,0,NA,NA,NA,0.98603569880754,0.994742113169755,0.979266019679845,0.989524412117365,712.484,1500,NA,"1500"
"Zhengmix4eq","SC3","FEAST","estimated","original",1,NA,NA,1.6094379124341,4,26,26,26,1500,1935,NA,NA,NA,NA,NA,NA,NA,0.389116418010972,0.992238357536304,0.298402221253264,0.545218251448611,1397.442,1500,NA,"1500"
"Zhengmix4eq","SC3","FEAST","true","original",1,NA,NA,1.6094379124341,4,26,4,4,2500,1935,4,TRUE,3994,0,NA,NA,NA,0.982033439418293,0.993239859789685,0.973402948646325,0.986522246848751,761.475,2500,NA,"2500"
"Zhengmix4eq","SC3","FEAST","estimated","original",1,NA,NA,1.6094379124341,4,26,26,26,2500,1935,NA,NA,NA,NA,NA,NA,NA,0.433842889913948,0.992238357536304,0.33846435237964,0.580766589702031,1447.686,2500,NA,"2500"
"Zhengmix4eq","Refined Louvain","GateOnly","true","original",1,NA,NA,1.6094379124341,4,26,4,4,1935,1935,4,TRUE,3994,0,NA,NA,NA,0.982708630217353,0.993490235353029,0.974389468577633,0.987028636759916,39.848,0,NA,"gate_n"
"Zhengmix4eq","Refined Louvain","GateOnly","estimated","original",1,NA,NA,1.6094379124341,4,26,26,26,1935,1935,NA,NA,NA,NA,NA,NA,NA,0.251744216737345,0.993490235353029,0.18365046944028,0.426860085097714,41.408,0,NA,"gate_n"
"Zhengmix4eq","Refined Louvain","GateOnly","true","original",1,NA,NA,1.6094379124341,4,26,4,4,100,1935,4,TRUE,3994,0,NA,NA,NA,0.636579059394834,0.729093640460691,0.593273441356258,0.758717011895554,42.375,100,NA,"100"
"Zhengmix4eq","Refined Louvain","GateOnly","estimated","original",1,NA,NA,1.6094379124341,4,26,26,26,100,1935,NA,NA,NA,NA,NA,NA,NA,0.186754247569242,0.883825738607912,0.140582587997199,0.348008534345352,46.024,100,NA,"100"
"Zhengmix4eq","Refined Louvain","GateOnly","true","original",1,NA,NA,1.6094379124341,4,26,4,4,200,1935,4,TRUE,3994,0,NA,NA,NA,0.678368637284131,0.744116174261392,0.631617494444246,0.789056333733883,37.055,200,NA,"200"
"Zhengmix4eq","Refined Louvain","GateOnly","estimated","original",1,NA,NA,1.6094379124341,4,26,26,26,200,1935,NA,NA,NA,NA,NA,NA,NA,0.214742551830491,0.948923385077616,0.158026206079763,0.383975991873706,42.221,200,NA,"200"
"Zhengmix4eq","Refined Louvain","GateOnly","true","original",1,NA,NA,1.6094379124341,4,26,4,4,300,1935,3,FALSE,3994,0,NA,NA,NA,0.703551506967289,0.746870305458187,0.656318448740435,0.809035050508066,42.482,300,NA,"300"
"Zhengmix4eq","Refined Louvain","GateOnly","estimated","original",1,NA,NA,1.6094379124341,4,26,26,26,300,1935,NA,NA,NA,NA,NA,NA,NA,0.236125786118898,0.975963945918878,0.173136976420145,0.408116536442386,43.908,300,NA,"300"
"Zhengmix4eq","Refined Louvain","GateOnly","true","original",1,NA,NA,1.6094379124341,4,26,4,4,500,1935,4,TRUE,3994,0,NA,NA,NA,0.959445494414031,0.984476715072609,0.940950079652355,0.969576796307431,38.531,500,NA,"500"
"Zhengmix4eq","Refined Louvain","GateOnly","estimated","original",1,NA,NA,1.6094379124341,4,26,26,26,500,1935,NA,NA,NA,NA,NA,NA,NA,0.231709918825382,0.984226339509264,0.168747368215991,0.405875233596988,41.213,500,NA,"500"
"Zhengmix4eq","Refined Louvain","GateOnly","true","original",1,NA,NA,1.6094379124341,4,26,4,4,750,1935,4,TRUE,3994,0,NA,NA,NA,0.967779118276047,0.987731597396094,0.952797903741093,0.975828478880344,37.764,750,NA,"750"
"Zhengmix4eq","Refined Louvain","GateOnly","estimated","original",1,NA,NA,1.6094379124341,4,26,26,26,750,1935,NA,NA,NA,NA,NA,NA,NA,0.248062878123314,0.987481221832749,0.181537708251623,0.421622549482544,45.792,750,NA,"750"
"Zhengmix4eq","Refined Louvain","GateOnly","true","original",1,NA,NA,1.6094379124341,4,26,4,4,1000,1935,4,TRUE,3994,0,NA,NA,NA,0.982055173039717,0.993239859789685,0.973434197693949,0.986538290095439,37.849,1000,NA,"1000"
"Zhengmix4eq","Refined Louvain","GateOnly","estimated","original",1,NA,NA,1.6094379124341,4,26,26,26,1000,1935,NA,NA,NA,NA,NA,NA,NA,0.259749002987757,0.992739108662995,0.190138873235909,0.434015455320252,50.702,1000,NA,"1000"
"Zhengmix4eq","Refined Louvain","GateOnly","true","original",1,NA,NA,1.6094379124341,4,26,4,4,1500,1935,4,TRUE,3994,0,NA,NA,NA,0.980090639927853,0.992488733099649,0.970568728278443,0.985064582147986,39.069,1500,NA,"1500"
"Zhengmix4eq","Refined Louvain","GateOnly","estimated","original",1,NA,NA,1.6094379124341,4,26,26,26,1500,1935,NA,NA,NA,NA,NA,NA,NA,0.304018133735794,0.992488733099649,0.226264585792035,0.473259994930219,51.145,1500,NA,"1500"
"Zhengmix4eq","Refined Louvain","GateOnly","true","original",1,NA,NA,1.6094379124341,4,26,4,4,1935,1935,4,TRUE,3994,0,NA,NA,NA,0.982708630217353,0.993490235353029,0.974389468577633,0.987028636759916,42.199,2500,NA,"2500"
"Zhengmix4eq","Refined Louvain","GateOnly","estimated","original",1,NA,NA,1.6094379124341,4,26,26,26,1935,1935,NA,NA,NA,NA,NA,NA,NA,0.251744216737345,0.993490235353029,0.18365046944028,0.426860085097714,41.469,2500,NA,"2500"
"Zhengmix4eq","SC3","GateOnly","true","original",1,NA,NA,1.6094379124341,4,26,4,4,1935,1935,4,TRUE,3994,0,NA,NA,NA,0.979507790326001,0.992238357536304,0.969719906165723,0.984627209109145,691.481,0,NA,"gate_n"
"Zhengmix4eq","SC3","GateOnly","estimated","original",1,NA,NA,1.6094379124341,4,26,26,26,1935,1935,NA,NA,NA,NA,NA,NA,NA,0.518165024833575,0.99399098647972,0.417892621027297,0.645551968793364,1375.373,0,NA,"gate_n"
"Zhengmix4eq","SC3","GateOnly","true","original",1,NA,NA,1.6094379124341,4,26,4,4,100,1935,4,TRUE,3994,0,NA,NA,NA,0.268642043763846,0.541812719078618,0.346311137732551,0.548209011206867,567.921,100,NA,"100"
"Zhengmix4eq","SC3","GateOnly","estimated","original",1,NA,NA,1.6094379124341,4,26,26,26,100,1935,NA,NA,NA,NA,NA,NA,NA,0.256093766581026,0.790185277916875,0.206801626882023,0.405307747374022,1351.944,100,NA,"100"
"Zhengmix4eq","SC3","GateOnly","true","original",1,NA,NA,1.6094379124341,4,26,4,4,200,1935,4,TRUE,3994,0,NA,NA,NA,0.67024603173356,0.742113169754632,0.623460540671195,0.781923008464943,609.899,200,NA,"200"
"Zhengmix4eq","SC3","GateOnly","estimated","original",1,NA,NA,1.6094379124341,4,26,26,26,200,1935,NA,NA,NA,NA,NA,NA,NA,0.309857952518066,0.834251377065598,0.242184073799579,0.461728656569387,1065.889,200,NA,"200"
"Zhengmix4eq","SC3","GateOnly","true","original",1,NA,NA,1.6094379124341,4,26,4,4,300,1935,4,TRUE,3994,0,NA,NA,NA,0.696956570160536,0.745117676514772,0.649767067015223,0.803744030616704,751.014,300,NA,"300"
"Zhengmix4eq","SC3","GateOnly","estimated","original",1,NA,NA,1.6094379124341,4,26,26,26,300,1935,NA,NA,NA,NA,NA,NA,NA,0.231787378141632,0.880821231847772,0.1802808351617,0.387784934267355,1201.034,300,NA,"300"
"Zhengmix4eq","SC3","GateOnly","true","original",1,NA,NA,1.6094379124341,4,26,4,4,500,1935,4,TRUE,3994,0,NA,NA,NA,0.703300634978629,0.746870305458187,0.655868770121015,0.808353947764477,783.532,500,NA,"500"
"Zhengmix4eq","SC3","GateOnly","estimated","original",1,NA,NA,1.6094379124341,4,26,26,26,500,1935,NA,NA,NA,NA,NA,NA,NA,0.284782556486838,0.957185778668002,0.214803389331512,0.448305886819216,1768.436,500,NA,"500"
"Zhengmix4eq","SC3","GateOnly","true","original",1,NA,NA,1.6094379124341,4,26,4,4,750,1935,4,TRUE,3994,0,NA,NA,NA,0.704861702151548,0.747621432148222,0.657530223956416,0.809857371550913,759.35,750,NA,"750"
"Zhengmix4eq","SC3","GateOnly","estimated","original",1,NA,NA,1.6094379124341,4,26,26,26,750,1935,NA,NA,NA,NA,NA,NA,NA,0.373393373999835,0.980220330495744,0.285634426227053,0.53067977460694,1709.162,750,NA,"750"
"Zhengmix4eq","SC3","GateOnly","true","original",1,NA,NA,1.6094379124341,4,26,4,4,1000,1935,4,TRUE,3994,0,NA,NA,NA,0.979447731511243,0.992238357536304,0.969632628363544,0.984582216751792,759.2,1000,NA,"1000"
"Zhengmix4eq","SC3","GateOnly","estimated","original",1,NA,NA,1.6094379124341,4,26,26,26,1000,1935,NA,NA,NA,NA,NA,NA,NA,0.534595869443488,0.988733099649474,0.434267261325576,0.657522890439792,1651.522,1000,NA,"1000"
"Zhengmix4eq","SC3","GateOnly","true","original",1,NA,NA,1.6094379124341,4,26,4,4,1500,1935,4,TRUE,3994,0,NA,NA,NA,0.985399154860866,0.99449173760641,0.978330743787946,0.989046697103909,751.038,1500,NA,"1500"
"Zhengmix4eq","SC3","GateOnly","estimated","original",1,NA,NA,1.6094379124341,4,26,26,26,1500,1935,NA,NA,NA,NA,NA,NA,NA,0.505075009306722,0.993740610916375,0.405221839241699,0.635632428417848,1411.889,1500,NA,"1500"
"Zhengmix4eq","SC3","GateOnly","true","original",1,NA,NA,1.6094379124341,4,26,4,4,1935,1935,4,TRUE,3994,0,NA,NA,NA,0.979507790326001,0.992238357536304,0.969719906165723,0.984627209109145,730.22,2500,NA,"2500"
"Zhengmix4eq","SC3","GateOnly","estimated","original",1,NA,NA,1.6094379124341,4,26,26,26,1935,1935,NA,NA,NA,NA,NA,NA,NA,0.518165024833575,0.99399098647972,0.417892621027297,0.645551968793364,1298.783,2500,NA,"2500"
"Zhengmix4eq","Refined Louvain","Seurat","true","original",1,NA,NA,1.6094379124341,4,26,4,4,1935,1935,4,TRUE,3994,0,NA,NA,NA,0.691054086366012,0.745868803204807,0.643917314388747,0.798961321966568,39.876,0,NA,"gate_n"
"Zhengmix4eq","Refined Louvain","Seurat","estimated","original",1,NA,NA,1.6094379124341,4,26,26,26,1935,1935,NA,NA,NA,NA,NA,NA,NA,0.249533943306956,0.965197796695043,0.183803515644049,0.420690940661745,41.217,0,NA,"gate_n"
"Zhengmix4eq","Refined Louvain","Seurat","true","original",1,NA,NA,1.6094379124341,4,26,4,4,100,1935,4,TRUE,3994,0,NA,NA,NA,0.69466934632195,0.751377065598398,0.644320594333863,0.794871289372878,37.711,100,NA,"100"
"Zhengmix4eq","Refined Louvain","Seurat","estimated","original",1,NA,NA,1.6094379124341,4,26,26,26,100,1935,NA,NA,NA,NA,NA,NA,NA,0.211501551387747,0.890335503254882,0.159648792461887,0.373603185563815,34.92,100,NA,"100"
"Zhengmix4eq","Refined Louvain","Seurat","true","original",1,NA,NA,1.6094379124341,4,26,4,4,200,1935,4,TRUE,3994,0,NA,NA,NA,0.690377161612762,0.745618427641462,0.643212631937859,0.798329978413268,34.88,200,NA,"200"
"Zhengmix4eq","Refined Louvain","Seurat","estimated","original",1,NA,NA,1.6094379124341,4,26,26,26,200,1935,NA,NA,NA,NA,NA,NA,NA,0.227014660436982,0.916875312969454,0.170106472878083,0.391622178112599,39.73,200,NA,"200"
"Zhengmix4eq","Refined Louvain","Seurat","true","original",1,NA,NA,1.6094379124341,4,26,4,4,300,1935,4,TRUE,3994,0,NA,NA,NA,0.690437386363027,0.745618427641462,0.643301943628507,0.798447760947399,39.402,300,NA,"300"
"Zhengmix4eq","Refined Louvain","Seurat","estimated","original",1,NA,NA,1.6094379124341,4,26,26,26,300,1935,NA,NA,NA,NA,NA,NA,NA,0.208250792148459,0.908362543815724,0.156011911497515,0.372045869945407,41.034,300,NA,"300"
"Zhengmix4eq","Refined Louvain","Seurat","true","original",1,NA,NA,1.6094379124341,4,26,4,4,500,1935,4,TRUE,3994,0,NA,NA,NA,0.69067963072503,0.745618427641462,0.643514460054376,0.798581941577417,43.988,500,NA,"500"
"Zhengmix4eq","Refined Louvain","Seurat","estimated","original",1,NA,NA,1.6094379124341,4,26,26,26,500,1935,NA,NA,NA,NA,NA,NA,NA,0.235116097666939,0.952428642964447,0.173977008263506,0.403891332194271,40.86,500,NA,"500"
"Zhengmix4eq","Refined Louvain","Seurat","true","original",1,NA,NA,1.6094379124341,4,26,4,4,750,1935,4,TRUE,3994,0,NA,NA,NA,0.690992053412418,0.745868803204807,0.643826215821249,0.798842000447909,37.715,750,NA,"750"
"Zhengmix4eq","Refined Louvain","Seurat","estimated","original",1,NA,NA,1.6094379124341,4,26,26,26,750,1935,NA,NA,NA,NA,NA,NA,NA,0.221052925800093,0.956184276414622,0.161967622273436,0.392174663309677,50.253,750,NA,"750"
"Zhengmix4eq","Refined Louvain","Seurat","true","original",1,NA,NA,1.6094379124341,4,26,4,4,1000,1935,4,TRUE,3994,0,NA,NA,NA,0.690573743723808,0.745868803204807,0.643496271967756,0.798696478970903,38.809,1000,NA,"1000"
"Zhengmix4eq","Refined Louvain","Seurat","estimated","original",1,NA,NA,1.6094379124341,4,26,26,26,1000,1935,NA,NA,NA,NA,NA,NA,NA,0.25800484959672,0.961191787681522,0.191385635153045,0.426968512208886,38.476,1000,NA,"1000"
"Zhengmix4eq","Refined Louvain","Seurat","true","original",1,NA,NA,1.6094379124341,4,26,4,4,1500,1935,4,TRUE,3994,0,NA,NA,NA,0.691054086366012,0.745868803204807,0.643917314388747,0.798961321966568,42.417,1500,NA,"1500"
"Zhengmix4eq","Refined Louvain","Seurat","estimated","original",1,NA,NA,1.6094379124341,4,26,26,26,1500,1935,NA,NA,NA,NA,NA,NA,NA,0.286288709776333,0.969954932398598,0.213983342058449,0.453219658726294,46.071,1500,NA,"1500"
"Zhengmix4eq","Refined Louvain","Seurat","true","original",1,NA,NA,1.6094379124341,4,26,4,4,2500,1935,4,TRUE,3994,0,NA,NA,NA,0.691054086366012,0.745868803204807,0.643917314388747,0.798961321966568,54.113,2500,NA,"2500"
"Zhengmix4eq","Refined Louvain","Seurat","estimated","original",1,NA,NA,1.6094379124341,4,26,26,26,2500,1935,NA,NA,NA,NA,NA,NA,NA,0.284033855507867,0.973209814722083,0.211581134481322,0.452255910325314,43.715,2500,NA,"2500"
"Zhengmix4eq","SC3","Seurat","true","original",1,NA,NA,1.6094379124341,4,26,4,4,1935,1935,4,TRUE,3994,0,NA,NA,NA,0.693075049684459,0.747621432148222,0.645703324340543,0.80010261565853,630.552,0,NA,"gate_n"
"Zhengmix4eq","SC3","Seurat","estimated","original",1,NA,NA,1.6094379124341,4,26,26,26,1935,1935,NA,NA,NA,NA,NA,NA,NA,0.348003782340428,0.959188783174762,0.265104959472864,0.507307660272035,1758.311,0,NA,"gate_n"
"Zhengmix4eq","SC3","Seurat","true","original",1,NA,NA,1.6094379124341,4,26,4,4,100,1935,4,TRUE,3994,0,NA,NA,NA,0.685250515802998,0.747621432148222,0.637844113376324,0.793462079765345,464.249,100,NA,"100"
"Zhengmix4eq","SC3","Seurat","estimated","original",1,NA,NA,1.6094379124341,4,26,26,26,100,1935,NA,NA,NA,NA,NA,NA,NA,0.279777209758949,0.849023535302954,0.215540075243018,0.436846538757203,825.568,100,NA,"100"
"Zhengmix4eq","SC3","Seurat","true","original",1,NA,NA,1.6094379124341,4,26,4,4,200,1935,4,TRUE,3994,0,NA,NA,NA,0.706076104529934,0.747871807711567,0.658730208895065,0.810800977593392,422.737,200,NA,"200"
"Zhengmix4eq","SC3","Seurat","estimated","original",1,NA,NA,1.6094379124341,4,26,26,26,200,1935,NA,NA,NA,NA,NA,NA,NA,0.311101296730391,0.874561842764146,0.238501380507757,0.468650708721179,764.763,200,NA,"200"
"Zhengmix4eq","SC3","Seurat","true","original",1,NA,NA,1.6094379124341,4,26,4,4,300,1935,4,TRUE,3994,0,NA,NA,NA,0.694569164751572,0.748372558838257,0.647024630410596,0.800941448185448,426.232,300,NA,"300"
"Zhengmix4eq","SC3","Seurat","estimated","original",1,NA,NA,1.6094379124341,4,26,26,26,300,1935,NA,NA,NA,NA,NA,NA,NA,0.302155485257185,0.888582874311467,0.230600154260681,0.461453683913585,969.364,300,NA,"300"
"Zhengmix4eq","SC3","Seurat","true","original",1,NA,NA,1.6094379124341,4,26,4,4,500,1935,4,TRUE,3994,0,NA,NA,NA,0.693075049684459,0.747621432148222,0.645703324340543,0.80010261565853,518.13,500,NA,"500"
"Zhengmix4eq","SC3","Seurat","estimated","original",1,NA,NA,1.6094379124341,4,26,26,26,500,1935,NA,NA,NA,NA,NA,NA,NA,0.278433235540894,0.925388082123185,0.20785806889816,0.445661590779848,839.621,500,NA,"500"
"Zhengmix4eq","SC3","Seurat","true","original",1,NA,NA,1.6094379124341,4,26,4,4,750,1935,4,TRUE,3994,0,NA,NA,NA,0.693075049684459,0.747621432148222,0.645703324340543,0.80010261565853,486.279,750,NA,"750"
"Zhengmix4eq","SC3","Seurat","estimated","original",1,NA,NA,1.6094379124341,4,26,26,26,750,1935,NA,NA,NA,NA,NA,NA,NA,0.3158073591617,0.937406109163746,0.239041564705114,0.477978533093584,930.651,750,NA,"750"
"Zhengmix4eq","SC3","Seurat","true","original",1,NA,NA,1.6094379124341,4,26,4,4,1000,1935,4,TRUE,3994,0,NA,NA,NA,0.693075049684459,0.747621432148222,0.645703324340543,0.80010261565853,556.678,1000,NA,"1000"
"Zhengmix4eq","SC3","Seurat","estimated","original",1,NA,NA,1.6094379124341,4,26,26,26,1000,1935,NA,NA,NA,NA,NA,NA,NA,0.406594499653722,0.940911367050576,0.316034382440609,0.555665837703651,944.882,1000,NA,"1000"
"Zhengmix4eq","SC3","Seurat","true","original",1,NA,NA,1.6094379124341,4,26,4,4,1500,1935,4,TRUE,3994,0,NA,NA,NA,0.703976883114792,0.747621432148222,0.656664223154192,0.809187653783422,609.315,1500,NA,"1500"
"Zhengmix4eq","SC3","Seurat","estimated","original",1,NA,NA,1.6094379124341,4,26,26,26,1500,1935,NA,NA,NA,NA,NA,NA,NA,0.342886690681656,0.964697045568353,0.260639169788602,0.503185640522267,1168.868,1500,NA,"1500"
"Zhengmix4eq","SC3","Seurat","true","original",1,NA,NA,1.6094379124341,4,26,4,4,2500,1935,4,TRUE,3994,0,NA,NA,NA,0.704463175188262,0.747871807711567,0.657099039577907,0.809456814047516,759.214,2500,NA,"2500"
"Zhengmix4eq","SC3","Seurat","estimated","original",1,NA,NA,1.6094379124341,4,26,26,26,2500,1935,NA,NA,NA,NA,NA,NA,NA,0.304181329427148,0.937406109163746,0.229433107832072,0.467750201710735,1280.285,2500,NA,"2500"
"Zhengmix4eq","Refined Louvain","Variance","true","original",1,NA,NA,1.6094379124341,4,26,4,4,1935,1935,4,TRUE,3994,0,NA,NA,NA,0.983374670225232,0.993740610916375,0.975363740792761,0.987528245298701,47.785,0,NA,"gate_n"
"Zhengmix4eq","Refined Louvain","Variance","estimated","original",1,NA,NA,1.6094379124341,4,26,26,26,1935,1935,NA,NA,NA,NA,NA,NA,NA,0.268942170280661,0.993740610916375,0.197416548918217,0.442623483721833,41.813,0,NA,"gate_n"
"Zhengmix4eq","Refined Louvain","Variance","true","original",1,NA,NA,1.6094379124341,4,26,4,4,100,1935,4,TRUE,3994,0,NA,NA,NA,0.688600146114812,0.747371056584877,0.641234215257609,0.796376529431608,49.529,100,NA,"100"
"Zhengmix4eq","Refined Louvain","Variance","estimated","original",1,NA,NA,1.6094379124341,4,26,26,26,100,1935,NA,NA,NA,NA,NA,NA,NA,0.261015731589213,0.966950425638458,0.193585838255156,0.430160672527395,40.603,100,NA,"100"
"Zhengmix4eq","Refined Louvain","Variance","true","original",1,NA,NA,1.6094379124341,4,26,4,4,200,1935,4,TRUE,3994,0,NA,NA,NA,0.961967880779625,0.985478217325989,0.944521178412495,0.971469161313255,42.098,200,NA,"200"
"Zhengmix4eq","Refined Louvain","Variance","estimated","original",1,NA,NA,1.6094379124341,4,26,26,26,200,1935,NA,NA,NA,NA,NA,NA,NA,0.281195877023236,0.983975963945919,0.208438811829025,0.451342509372981,45.251,200,NA,"200"
"Zhengmix4eq","Refined Louvain","Variance","true","original",1,NA,NA,1.6094379124341,4,26,4,4,300,1935,4,TRUE,3994,0,NA,NA,NA,0.969065919288595,0.988232348522784,0.954640253585984,0.976793813673053,39.332,300,NA,"300"
"Zhengmix4eq","Refined Louvain","Variance","estimated","original",1,NA,NA,1.6094379124341,4,26,26,26,300,1935,NA,NA,NA,NA,NA,NA,NA,0.278003685278564,0.987731597396094,0.205478137960702,0.44922918724478,41.934,300,NA,"300"
"Zhengmix4eq","Refined Louvain","Variance","true","original",1,NA,NA,1.6094379124341,4,26,4,4,500,1935,4,TRUE,3994,0,NA,NA,NA,0.97093436062916,0.988983475212819,0.957321890014443,0.978195662096062,40.59,500,NA,"500"
"Zhengmix4eq","Refined Louvain","Variance","estimated","original",1,NA,NA,1.6094379124341,4,26,26,26,500,1935,NA,NA,NA,NA,NA,NA,NA,0.269969346032815,0.989233850776164,0.198705716585145,0.442557675020389,67.356,500,NA,"500"
"Zhengmix4eq","Refined Louvain","Variance","true","original",1,NA,NA,1.6094379124341,4,26,4,4,750,1935,4,TRUE,3994,0,NA,NA,NA,0.978763144621179,0.991987981972959,0.968637175977189,0.984068766333127,39.76,750,NA,"750"
"Zhengmix4eq","Refined Louvain","Variance","estimated","original",1,NA,NA,1.6094379124341,4,26,26,26,750,1935,NA,NA,NA,NA,NA,NA,NA,0.272702591924449,0.990736104156234,0.20078494876015,0.445299831939559,48.007,750,NA,"750"
"Zhengmix4eq","Refined Louvain","Variance","true","original",1,NA,NA,1.6094379124341,4,26,4,4,1000,1935,4,TRUE,3994,0,NA,NA,NA,0.978745180918704,0.991987981972959,0.968611380931253,0.98405545710263,43.235,1000,NA,"1000"
"Zhengmix4eq","Refined Louvain","Variance","estimated","original",1,NA,NA,1.6094379124341,4,26,26,26,1000,1935,NA,NA,NA,NA,NA,NA,NA,0.27290199961234,0.991487230846269,0.200773440050635,0.445849685072762,46.085,1000,NA,"1000"
"Zhengmix4eq","Refined Louvain","Variance","true","original",1,NA,NA,1.6094379124341,4,26,4,4,1500,1935,4,TRUE,3994,0,NA,NA,NA,0.979437818189005,0.992238357536304,0.969618293289409,0.984574826951119,42.407,1500,NA,"1500"
"Zhengmix4eq","Refined Louvain","Variance","estimated","original",1,NA,NA,1.6094379124341,4,26,26,26,1500,1935,NA,NA,NA,NA,NA,NA,NA,0.276698046747155,0.992488733099649,0.203877229574727,0.449195065825537,46.965,1500,NA,"1500"
"Zhengmix4eq","Refined Louvain","Variance","true","original",1,NA,NA,1.6094379124341,4,26,4,4,2500,1935,4,TRUE,3994,0,NA,NA,NA,0.981383255712278,0.992989484226339,0.972453356250916,0.986034327560109,57.451,2500,NA,"2500"
"Zhengmix4eq","Refined Louvain","Variance","estimated","original",1,NA,NA,1.6094379124341,4,26,26,26,2500,1935,NA,NA,NA,NA,NA,NA,NA,0.258453259187536,0.993239859789685,0.189029006499945,0.432989559072272,43.433,2500,NA,"2500"
"Zhengmix4eq","SC3","Variance","true","original",1,NA,NA,1.6094379124341,4,26,4,4,1935,1935,4,TRUE,3994,0,NA,NA,NA,0.984041391181789,0.99399098647972,0.976339981260079,0.988028369176493,696.668,0,NA,"gate_n"
"Zhengmix4eq","SC3","Variance","estimated","original",1,NA,NA,1.6094379124341,4,26,26,26,1935,1935,NA,NA,NA,NA,NA,NA,NA,0.520682596333564,0.99449173760641,0.420273199531887,0.647563102177324,1388.947,0,NA,"gate_n"
"Zhengmix4eq","SC3","Variance","true","original",1,NA,NA,1.6094379124341,4,26,4,4,100,1935,4,TRUE,3994,0,NA,NA,NA,0.706400713252361,0.747871807711567,0.659059138980096,0.811072427804568,671.854,100,NA,"100"
"Zhengmix4eq","SC3","Variance","estimated","original",1,NA,NA,1.6094379124341,4,26,26,26,100,1935,NA,NA,NA,NA,NA,NA,NA,0.525872621955585,0.953430145217827,0.427292579885344,0.648678108893814,1065.39,100,NA,"100"
"Zhengmix4eq","SC3","Variance","true","original",1,NA,NA,1.6094379124341,4,26,4,4,200,1935,4,TRUE,3994,0,NA,NA,NA,0.973622449835673,0.989984977466199,0.961191912409708,0.980211988875778,686.083,200,NA,"200"
"Zhengmix4eq","SC3","Variance","estimated","original",1,NA,NA,1.6094379124341,4,26,26,26,200,1935,NA,NA,NA,NA,NA,NA,NA,0.453967540113001,0.984727090635954,0.357844130312208,0.595016209572832,1478.979,200,NA,"200"
"Zhengmix4eq","SC3","Variance","true","original",1,NA,NA,1.6094379124341,4,26,4,4,300,1935,4,TRUE,3994,0,NA,NA,NA,0.967175074566981,0.987481221832749,0.951935140780935,0.975375793787913,750.571,300,NA,"300"
"Zhengmix4eq","SC3","Variance","estimated","original",1,NA,NA,1.6094379124341,4,26,26,26,300,1935,NA,NA,NA,NA,NA,NA,NA,0.395950376999685,0.973710565848773,0.30660733550422,0.547046547033903,2014.42,300,NA,"300"
"Zhengmix4eq","SC3","Variance","true","original",1,NA,NA,1.6094379124341,4,26,4,4,500,1935,4,TRUE,3994,0,NA,NA,NA,0.982738325025026,0.993490235353029,0.974432584046939,0.987050754228554,1001.283,500,NA,"500"
"Zhengmix4eq","SC3","Variance","estimated","original",1,NA,NA,1.6094379124341,4,26,26,26,500,1935,NA,NA,NA,NA,NA,NA,NA,0.386011524571554,0.986229344016024,0.295961544141093,0.542191123146655,1958.935,500,NA,"500"
"Zhengmix4eq","SC3","Variance","true","original",1,NA,NA,1.6094379124341,4,26,4,4,750,1935,4,TRUE,3994,0,NA,NA,NA,0.982728403465064,0.993490235353029,0.974418160959982,0.98704335526792,793.024,750,NA,"750"
"Zhengmix4eq","SC3","Variance","estimated","original",1,NA,NA,1.6094379124341,4,26,26,26,750,1935,NA,NA,NA,NA,NA,NA,NA,0.466570490170792,0.987230846269404,0.368679823836222,0.606190234571701,1588.243,750,NA,"750"
"Zhengmix4eq","SC3","Variance","true","original",1,NA,NA,1.6094379124341,4,26,4,4,1000,1935,4,TRUE,3994,0,NA,NA,NA,0.979507790326001,0.992238357536304,0.969719906165723,0.984627209109145,763.33,1000,NA,"1000"
"Zhengmix4eq","SC3","Variance","estimated","original",1,NA,NA,1.6094379124341,4,26,26,26,1000,1935,NA,NA,NA,NA,NA,NA,NA,0.424937715543985,0.991236855282924,0.330410039442672,0.573710995289113,1540.292,1000,NA,"1000"
"Zhengmix4eq","SC3","Variance","true","original",1,NA,NA,1.6094379124341,4,26,4,4,1500,1935,4,TRUE,3994,0,NA,NA,NA,0.98015824906823,0.992488733099649,0.970666981905271,0.985115183583671,745.835,1500,NA,"1500"
"Zhengmix4eq","SC3","Variance","estimated","original",1,NA,NA,1.6094379124341,4,26,26,26,1500,1935,NA,NA,NA,NA,NA,NA,NA,0.504459216275303,0.993490235353029,0.404562263922112,0.635267819493619,1384.484,1500,NA,"1500"
"Zhengmix4eq","SC3","Variance","true","original",1,NA,NA,1.6094379124341,4,26,4,4,2500,1935,4,TRUE,3994,0,NA,NA,NA,0.978800713292912,0.991987981972959,0.968691616723565,0.984096859077071,852.965,2500,NA,"2500"
"Zhengmix4eq","SC3","Variance","estimated","original",1,NA,NA,1.6094379124341,4,26,26,26,2500,1935,NA,NA,NA,NA,NA,NA,NA,0.535282965413257,0.995242864296445,0.434643134704316,0.658486562446308,2357.061,2500,NA,"2500"
"Zhengmix8eq","Refined Louvain","DIFS","true","original",1,"submitted",8,1.6094379124341,8,22,8,8,2134,2134,8,TRUE,3994,0,1700,1774,"3:2",0.742182853104296,0.832248372558838,0.635899643845041,0.779560480639451,1589.242,0,NA,"gate_n"
"Zhengmix8eq","Refined Louvain","DIFS","estimated","original",1,NA,NA,1.6094379124341,8,22,22,22,2134,2134,NA,NA,NA,NA,1600,2101,"3:2",0.481163268041318,0.843515272909364,0.355150521851108,0.559371926296442,3062.457,0,NA,"gate_n"
"Zhengmix8eq","Refined Louvain","DIFS","true","original",1,NA,NA,1.6094379124341,8,22,8,8,100,2134,8,TRUE,3994,0,1700,1774,"1:2",0.590950347981019,0.711817726589885,0.479551285077986,0.651507993293008,1700.292,100,NA,"100"
"Zhengmix8eq","Refined Louvain","DIFS","estimated","original",1,NA,NA,1.6094379124341,8,22,22,22,100,2134,NA,NA,NA,NA,1600,2101,"2:3",0.401576586924475,0.766900350525789,0.287059260708701,0.490530433528822,1813.836,100,NA,"100"
"Zhengmix8eq","Refined Louvain","DIFS","true","original",1,"submitted",8,1.6094379124341,8,22,8,8,200,2134,8,TRUE,3994,0,1700,1774,"1:2",0.705300580267405,0.816975463194792,0.595145254855532,0.749234201990694,1499.059,200,NA,"200"
"Zhengmix8eq","Refined Louvain","DIFS","estimated","original",1,NA,NA,1.6094379124341,8,22,22,22,200,2134,NA,NA,NA,NA,1600,2101,"1:3",0.407708155836918,0.819979969954932,0.291760037411371,0.49681803242571,1887.211,200,NA,"200"
"Zhengmix8eq","Refined Louvain","DIFS","true","original",1,"submitted",8,1.6094379124341,8,22,8,8,300,2134,8,TRUE,3994,0,1700,1774,"1:3",0.712816122239834,0.822233350025038,0.603593607387655,0.756121011252978,1421.724,300,NA,"300"
"Zhengmix8eq","Refined Louvain","DIFS","estimated","original",1,NA,NA,1.6094379124341,8,22,22,22,300,2134,NA,NA,NA,NA,1600,2101,"1:3",0.453339064101891,0.829243865798698,0.329563253560631,0.538546019034428,1931.951,300,NA,"300"
"Zhengmix8eq","Refined Louvain","DIFS","true","original",1,"submitted",8,1.6094379124341,8,22,8,8,500,2134,8,TRUE,3994,0,1700,1774,"1:3",0.725872108440017,0.827491236855283,0.617974698427052,0.766946066171819,1489.508,500,NA,"500"
"Zhengmix8eq","Refined Louvain","DIFS","estimated","original",1,NA,NA,1.6094379124341,8,22,22,22,500,2134,NA,NA,NA,NA,1600,2101,"2:3",0.407588566665984,0.831997996995493,0.29163970446422,0.496770701331252,1906.058,500,NA,"500"
"Zhengmix8eq","Refined Louvain","DIFS","true","original",1,"submitted",8,1.6094379124341,8,22,8,8,750,2134,8,TRUE,3994,0,1700,1774,"1:3",0.736754974773863,0.834001001502253,0.630055441433084,0.77571724663374,1608.342,750,NA,"750"
"Zhengmix8eq","Refined Louvain","DIFS","estimated","original",1,NA,NA,1.6094379124341,8,22,22,22,750,2134,NA,NA,NA,NA,1600,2101,"1:1",0.418706620880268,0.835002503755633,0.30111988517872,0.505836451387621,1906.867,750,NA,"750"
"Zhengmix8eq","Refined Louvain","DIFS","true","original",1,"submitted",8,1.6094379124341,8,22,8,8,1000,2134,8,TRUE,3994,0,1700,1774,"1:2",0.738712490291205,0.831997996995493,0.631910852863169,0.776577308576464,1457.469,1000,NA,"1000"
"Zhengmix8eq","Refined Louvain","DIFS","estimated","original",1,NA,NA,1.6094379124341,8,22,22,22,1000,2134,NA,NA,NA,NA,1600,2101,"2:1",0.406265730803855,0.841261892839259,0.289821672927501,0.497608771851722,1875.584,1000,NA,"1000"
"Zhengmix8eq","Refined Louvain","DIFS","true","original",1,"submitted",8,1.6094379124341,8,22,8,8,1500,2134,8,TRUE,3994,0,1700,1774,"2:3",0.742801823320289,0.835252879318979,0.63705558448465,0.781048646529306,1461.23,1500,NA,"1500"
"Zhengmix8eq","Refined Louvain","DIFS","estimated","original",1,NA,NA,1.6094379124341,8,22,22,22,1500,2134,NA,NA,NA,NA,1600,2101,"1:1",0.455910540787146,0.845518277416124,0.331605669075175,0.541286106210748,1861.451,1500,NA,"1500"
"Zhengmix8eq","Refined Louvain","DIFS","true","original",1,"submitted",8,1.6094379124341,8,22,8,8,2259,2134,8,TRUE,3994,0,1700,1774,"1:1",0.76647194030324,0.848773159739609,0.664437623494712,0.800566722933019,1721.71,2500,NA,"2500"
"Zhengmix8eq","Refined Louvain","DIFS","estimated","original",1,NA,NA,1.6094379124341,8,22,22,22,2500,2134,NA,NA,NA,NA,1600,2101,"1:1",0.475562634644959,0.842513770655984,0.350712677162748,0.553255743617715,1860.886,2500,NA,"2500"
"Zhengmix8eq","SC3","DIFS","true","original",1,"submitted",8,1.6094379124341,8,22,8,8,2134,2134,8,TRUE,3994,0,1700,1774,"3:2",0.762445053070693,0.846519779669504,0.659659786161247,0.79713192376501,2365.991,0,NA,"gate_n"
"Zhengmix8eq","SC3","DIFS","estimated","original",1,NA,NA,1.6094379124341,8,22,22,22,2134,2134,NA,NA,NA,NA,1600,2101,"3:2",0.537947245967497,0.831997996995493,0.416797459430318,0.59446858399847,3058.895,0,NA,"gate_n"
"Zhengmix8eq","SC3","DIFS","true","original",1,NA,NA,1.6094379124341,8,22,8,8,100,2134,8,TRUE,3994,0,1700,1774,"1:2",0.540788113731556,0.688532799198798,0.441476669510566,0.628978879904249,2383.357,100,NA,"100"
"Zhengmix8eq","SC3","DIFS","estimated","original",1,NA,NA,1.6094379124341,8,22,22,22,100,2134,NA,NA,NA,NA,1600,2101,"2:3",0.615356428404271,0.735102653980971,0.489040309648974,0.664639697351803,2589.48,100,NA,"100"
"Zhengmix8eq","SC3","DIFS","true","original",1,"submitted",8,1.6094379124341,8,22,8,8,200,2134,8,TRUE,3994,0,1700,1774,"1:2",0.594913570419011,0.725087631447171,0.488591513969864,0.669046096679526,2164.176,200,NA,"200"
"Zhengmix8eq","SC3","DIFS","estimated","original",1,NA,NA,1.6094379124341,8,22,22,22,200,2134,NA,NA,NA,NA,1600,2101,"1:3",0.584800261267977,0.766399599399099,0.45743133191776,0.639120353873931,2833.426,200,NA,"200"
"Zhengmix8eq","SC3","DIFS","true","original",1,"submitted",8,1.6094379124341,8,22,8,8,300,2134,8,TRUE,3994,0,1700,1774,"1:3",0.632159253223291,0.741362043064597,0.521541881423781,0.692355908310319,2191.921,300,NA,"300"
"Zhengmix8eq","SC3","DIFS","estimated","original",1,NA,NA,1.6094379124341,8,22,22,22,300,2134,NA,NA,NA,NA,1600,2101,"1:3",0.509406850253588,0.753630445668503,0.38645518080428,0.572892900180651,2871.392,300,NA,"300"
"Zhengmix8eq","SC3","DIFS","true","original",1,"submitted",8,1.6094379124341,8,22,8,8,500,2134,8,TRUE,3994,0,1700,1774,"1:3",0.648177429943636,0.746870305458187,0.535569506555967,0.701230372464563,2329.891,500,NA,"500"
"Zhengmix8eq","SC3","DIFS","estimated","original",1,NA,NA,1.6094379124341,8,22,22,22,500,2134,NA,NA,NA,NA,1600,2101,"2:3",0.416671845325796,0.769404106159239,0.303698215453932,0.494868342764022,2916.009,500,NA,"500"
"Zhengmix8eq","SC3","DIFS","true","original",1,"submitted",8,1.6094379124341,8,22,8,8,750,2134,8,TRUE,3994,0,1700,1774,"1:3",0.73954336807788,0.836755132699049,0.633253606872313,0.778125363065962,3088.421,750,NA,"750"
"Zhengmix8eq","SC3","DIFS","estimated","original",1,NA,NA,1.6094379124341,8,22,22,22,750,2134,NA,NA,NA,NA,1600,2101,"1:1",0.45065954229299,0.809213820731097,0.334714745959473,0.521252855759269,3870.142,750,NA,"750"
"Zhengmix8eq","SC3","DIFS","true","original",1,"submitted",8,1.6094379124341,8,22,8,8,1000,2134,8,TRUE,3994,0,1700,1774,"1:2",0.73380438510077,0.824236354531798,0.627042758329296,0.773981150886508,2298.557,1000,NA,"1000"
"Zhengmix8eq","SC3","DIFS","estimated","original",1,NA,NA,1.6094379124341,8,22,22,22,1000,2134,NA,NA,NA,NA,1600,2101,"2:1",0.476067877835817,0.812969454181272,0.358781648799366,0.541363843679837,3288.933,1000,NA,"1000"
"Zhengmix8eq","SC3","DIFS","true","original",1,"submitted",8,1.6094379124341,8,22,8,8,1500,2134,8,TRUE,3994,0,1700,1774,"2:3",0.711124521074012,0.820981472208313,0.601557330102592,0.754281946683855,2570.702,1500,NA,"1500"
"Zhengmix8eq","SC3","DIFS","estimated","original",1,NA,NA,1.6094379124341,8,22,22,22,1500,2134,NA,NA,NA,NA,1600,2101,"1:1",0.485976423592386,0.816474712068102,0.363450163023167,0.55524926151115,2979.019,1500,NA,"1500"
"Zhengmix8eq","SC3","DIFS","true","original",1,"submitted",8,1.6094379124341,8,22,8,8,2259,2134,8,TRUE,3994,0,1700,1774,"1:1",0.754878618026892,0.842263395092639,0.650724964823969,0.790608329891152,2278.891,2500,NA,"2500"
"Zhengmix8eq","SC3","DIFS","estimated","original",1,NA,NA,1.6094379124341,8,22,22,22,2500,2134,NA,NA,NA,NA,1600,2101,"1:1",0.537041675853692,0.835002503755633,0.415385691284598,0.593962256687481,3021.708,2500,NA,"2500"
"Zhengmix8eq","Refined Louvain","FEAST","true","original",1,"submitted",8,1.6094379124341,8,22,8,8,2134,2134,7,FALSE,3994,0,NA,NA,NA,0.76767378113651,0.844016024036054,0.666283861176228,0.802532056141572,43.408,0,NA,"gate_n"
"Zhengmix8eq","Refined Louvain","FEAST","estimated","original",1,NA,NA,1.6094379124341,8,22,22,22,2134,2134,NA,NA,NA,NA,NA,NA,NA,0.435490525348953,0.8542814221332,0.314500251321479,0.522455140098667,63.672,0,NA,"gate_n"
"Zhengmix8eq","Refined Louvain","FEAST","true","original",1,"submitted",8,1.6094379124341,8,22,8,8,100,2134,8,TRUE,3994,0,NA,NA,NA,0.536052709004221,0.64822233350025,0.430479057536079,0.605832374091136,47.705,100,NA,"100"
"Zhengmix8eq","Refined Louvain","FEAST","estimated","original",1,NA,NA,1.6094379124341,8,22,22,22,100,2134,NA,NA,NA,NA,NA,NA,NA,0.290586437639047,0.711817726589885,0.205609763400935,0.380007811809654,58.806,100,NA,"100"
"Zhengmix8eq","Refined Louvain","FEAST","true","original",1,"submitted",8,1.6094379124341,8,22,8,8,200,2134,8,TRUE,3994,0,NA,NA,NA,0.607102647382229,0.733350025037556,0.494004429178647,0.663650129677049,42.254,200,NA,"200"
"Zhengmix8eq","Refined Louvain","FEAST","estimated","original",1,NA,NA,1.6094379124341,8,22,22,22,200,2134,NA,NA,NA,NA,NA,NA,NA,0.343327102626843,0.778668002003004,0.242736511541976,0.433609903860808,62.348,200,NA,"200"
"Zhengmix8eq","Refined Louvain","FEAST","true","original",1,"submitted",8,1.6094379124341,8,22,8,8,300,2134,8,TRUE,3994,0,NA,NA,NA,0.720453003237105,0.823234852278418,0.611628996335526,0.761687530838878,42.036,300,NA,"300"
"Zhengmix8eq","Refined Louvain","FEAST","estimated","original",1,NA,NA,1.6094379124341,8,22,22,22,300,2134,NA,NA,NA,NA,NA,NA,NA,0.433511647983248,0.809464196294442,0.31589028091322,0.513318778317566,54.092,300,NA,"300"
"Zhengmix8eq","Refined Louvain","FEAST","true","original",1,"submitted",8,1.6094379124341,8,22,8,8,500,2134,8,TRUE,3994,0,NA,NA,NA,0.745036308355745,0.838507761642464,0.639471397053908,0.78260469176828,61.842,500,NA,"500"
"Zhengmix8eq","Refined Louvain","FEAST","estimated","original",1,NA,NA,1.6094379124341,8,22,22,22,500,2134,NA,NA,NA,NA,NA,NA,NA,0.386821715762828,0.842764146219329,0.274825633200769,0.478086970672259,52.295,500,NA,"500"
"Zhengmix8eq","Refined Louvain","FEAST","true","original",1,"submitted",8,1.6094379124341,8,22,8,8,750,2134,8,TRUE,3994,0,NA,NA,NA,0.756177100295401,0.844266399599399,0.652438023313085,0.79213390725344,45.342,750,NA,"750"
"Zhengmix8eq","Refined Louvain","FEAST","estimated","original",1,NA,NA,1.6094379124341,8,22,22,22,750,2134,NA,NA,NA,NA,NA,NA,NA,0.446589299740716,0.838758137205809,0.324473325609348,0.530734254171597,57.268,750,NA,"750"
"Zhengmix8eq","Refined Louvain","FEAST","true","original",1,"submitted",8,1.6094379124341,8,22,8,8,1000,2134,8,TRUE,3994,0,NA,NA,NA,0.758409680887976,0.847270906359539,0.654889865448933,0.793668420603944,45.43,1000,NA,"1000"
"Zhengmix8eq","Refined Louvain","FEAST","estimated","original",1,NA,NA,1.6094379124341,8,22,22,22,1000,2134,NA,NA,NA,NA,NA,NA,NA,0.447096712460086,0.843014521782674,0.325825087524183,0.528853885534066,60.743,1000,NA,"1000"
"Zhengmix8eq","Refined Louvain","FEAST","true","original",1,"submitted",8,1.6094379124341,8,22,8,8,1500,2134,8,TRUE,3994,0,NA,NA,NA,0.766775056074034,0.85177766649975,0.664687667820702,0.800588628254298,51.037,1500,NA,"1500"
"Zhengmix8eq","Refined Louvain","FEAST","estimated","original",1,NA,NA,1.6094379124341,8,22,22,22,1500,2134,NA,NA,NA,NA,NA,NA,NA,0.444356764797867,0.85127691537306,0.322486843246682,0.528990932784904,76.197,1500,NA,"1500"
"Zhengmix8eq","Refined Louvain","FEAST","true","original",1,"submitted",8,1.6094379124341,8,22,8,8,2500,2134,7,FALSE,3994,0,NA,NA,NA,0.77395477709265,0.847771657486229,0.67376851046697,0.807807839251744,47.664,2500,NA,"2500"
"Zhengmix8eq","Refined Louvain","FEAST","estimated","original",1,NA,NA,1.6094379124341,8,22,22,22,2500,2134,NA,NA,NA,NA,NA,NA,NA,0.436000084218023,0.854031046569855,0.314640060290311,0.523716970176735,88.239,2500,NA,"2500"
"Zhengmix8eq","SC3","FEAST","true","original",1,"submitted",8,1.6094379124341,8,22,8,8,2134,2134,8,TRUE,3994,0,NA,NA,NA,0.752237425524955,0.840260390585879,0.647813856972103,0.788730890667501,827.478,0,NA,"gate_n"
"Zhengmix8eq","SC3","FEAST","estimated","original",1,NA,NA,1.6094379124341,8,22,22,22,2134,2134,NA,NA,NA,NA,NA,NA,NA,0.532844964004311,0.832498748122183,0.40782225269529,0.593618306292192,1375.754,0,NA,"gate_n"
"Zhengmix8eq","SC3","FEAST","true","original",1,"submitted",8,1.6094379124341,8,22,8,8,100,2134,8,TRUE,3994,0,NA,NA,NA,0.368523078235419,0.559589384076114,0.321726054504522,0.552046836006141,738.537,100,NA,"100"
"Zhengmix8eq","SC3","FEAST","estimated","original",1,NA,NA,1.6094379124341,8,22,22,22,100,2134,NA,NA,NA,NA,NA,NA,NA,0.56930106854244,0.668753129694542,0.441838272611888,0.626210979761984,1019.439,100,NA,"100"
"Zhengmix8eq","SC3","FEAST","true","original",1,"submitted",8,1.6094379124341,8,22,8,8,200,2134,8,TRUE,3994,0,NA,NA,NA,0.427520934986989,0.561842764146219,0.351713935512485,0.541150951374987,760.12,200,NA,"200"
"Zhengmix8eq","SC3","FEAST","estimated","original",1,NA,NA,1.6094379124341,8,22,22,22,200,2134,NA,NA,NA,NA,NA,NA,NA,0.61472777668107,0.741362043064597,0.484969783010527,0.669001223031035,1016.806,200,NA,"200"
"Zhengmix8eq","SC3","FEAST","true","original",1,"submitted",8,1.6094379124341,8,22,8,8,300,2134,8,TRUE,3994,0,NA,NA,NA,0.493026239276438,0.623435152729094,0.396777632722856,0.575894932636167,675.616,300,NA,"300"
"Zhengmix8eq","SC3","FEAST","estimated","original",1,NA,NA,1.6094379124341,8,22,22,22,300,2134,NA,NA,NA,NA,NA,NA,NA,0.629239814252657,0.776915373059589,0.502137960386654,0.678076073157539,906.602,300,NA,"300"
"Zhengmix8eq","SC3","FEAST","true","original",1,"submitted",8,1.6094379124341,8,22,8,8,500,2134,8,TRUE,3994,0,NA,NA,NA,0.739372564775446,0.824987481221833,0.633085326199535,0.778040121897768,881.7,500,NA,"500"
"Zhengmix8eq","SC3","FEAST","estimated","original",1,NA,NA,1.6094379124341,8,22,22,22,500,2134,NA,NA,NA,NA,NA,NA,NA,0.613512310427139,0.78893340010015,0.485293900377614,0.665333867483041,1021.675,500,NA,"500"
"Zhengmix8eq","SC3","FEAST","true","original",1,"submitted",8,1.6094379124341,8,22,8,8,750,2134,8,TRUE,3994,0,NA,NA,NA,0.753898336459684,0.835503254882323,0.650229157605399,0.791250365142743,836.01,750,NA,"750"
"Zhengmix8eq","SC3","FEAST","estimated","original",1,NA,NA,1.6094379124341,8,22,22,22,750,2134,NA,NA,NA,NA,NA,NA,NA,0.570672582834861,0.827741612418628,0.442733385064148,0.62802224445697,1124.713,750,NA,"750"
"Zhengmix8eq","SC3","FEAST","true","original",1,"submitted",8,1.6094379124341,8,22,8,8,1000,2134,8,TRUE,3994,0,NA,NA,NA,0.74138377721509,0.834251377065598,0.635247577865439,0.779442221708397,1314.509,1000,NA,"1000"
"Zhengmix8eq","SC3","FEAST","estimated","original",1,NA,NA,1.6094379124341,8,22,22,22,1000,2134,NA,NA,NA,NA,NA,NA,NA,0.539812253811675,0.829243865798698,0.414664087524789,0.599295351396427,1214.243,1000,NA,"1000"
"Zhengmix8eq","SC3","FEAST","true","original",1,"submitted",8,1.6094379124341,8,22,8,8,1500,2134,8,TRUE,3994,0,NA,NA,NA,0.767629866585118,0.842513770655984,0.666180451750637,0.802374293621913,808.113,1500,NA,"1500"
"Zhengmix8eq","SC3","FEAST","estimated","original",1,NA,NA,1.6094379124341,8,22,22,22,1500,2134,NA,NA,NA,NA,NA,NA,NA,0.547138997158281,0.828743114672008,0.421352988224126,0.60594763357803,1224.513,1500,NA,"1500"
"Zhengmix8eq","SC3","FEAST","true","original",1,"submitted",8,1.6094379124341,8,22,8,8,2500,2134,8,TRUE,3994,0,NA,NA,NA,0.750372849011546,0.839509263895844,0.64569135557666,0.787246062692236,821.271,2500,NA,"2500"
"Zhengmix8eq","SC3","FEAST","estimated","original",1,NA,NA,1.6094379124341,8,22,22,22,2500,2134,NA,NA,NA,NA,NA,NA,NA,0.516292292646955,0.830746119178768,0.392785035704293,0.578850873721418,1817.807,2500,NA,"2500"
"Zhengmix8eq","Refined Louvain","GateOnly","true","original",1,"submitted",8,1.6094379124341,8,22,8,8,2134,2134,8,TRUE,3994,0,NA,NA,NA,0.754286911708078,0.840761141712569,0.650182444835725,0.790426891326423,42.159,0,NA,"gate_n"
"Zhengmix8eq","Refined Louvain","GateOnly","estimated","original",1,NA,NA,1.6094379124341,8,22,22,22,2134,2134,NA,NA,NA,NA,NA,NA,NA,0.451824310123959,0.836004006009013,0.329417655699653,0.534133189253736,66.356,0,NA,"gate_n"
"Zhengmix8eq","Refined Louvain","GateOnly","true","original",1,NA,NA,1.6094379124341,8,22,8,8,100,2134,7,FALSE,3994,0,NA,NA,NA,0.318162663984676,0.477466199298948,0.258091459594905,0.41106314119457,35.57,100,NA,"100"
"Zhengmix8eq","Refined Louvain","GateOnly","estimated","original",1,NA,NA,1.6094379124341,8,22,22,22,100,2134,NA,NA,NA,NA,NA,NA,NA,0.195099523451958,0.50550826239359,0.144339088961354,0.281250521694076,39.665,100,NA,"100"
"Zhengmix8eq","Refined Louvain","GateOnly","true","original",1,"submitted",8,1.6094379124341,8,22,8,8,200,2134,8,TRUE,3994,0,NA,NA,NA,0.476567222649047,0.626439659489234,0.376694939005126,0.54825251885826,36.562,200,NA,"200"
"Zhengmix8eq","Refined Louvain","GateOnly","estimated","original",1,NA,NA,1.6094379124341,8,22,22,22,200,2134,NA,NA,NA,NA,NA,NA,NA,0.298345519165972,0.636454682023035,0.21259959587222,0.385304922185682,39.008,200,NA,"200"
"Zhengmix8eq","Refined Louvain","GateOnly","true","original",1,"submitted",8,1.6094379124341,8,22,8,8,300,2134,8,TRUE,3994,0,NA,NA,NA,0.533802240993269,0.668502754131197,0.424603759392981,0.596835944614807,41.851,300,NA,"300"
"Zhengmix8eq","Refined Louvain","GateOnly","estimated","original",1,NA,NA,1.6094379124341,8,22,22,22,300,2134,NA,NA,NA,NA,NA,NA,NA,0.342128383484793,0.71056584877316,0.243765172396286,0.428673595616932,48.54,300,NA,"300"
"Zhengmix8eq","Refined Louvain","GateOnly","true","original",1,"submitted",8,1.6094379124341,8,22,8,8,500,2134,8,TRUE,3994,0,NA,NA,NA,0.566358475411319,0.687030545818728,0.458168543701047,0.633308833493624,38.778,500,NA,"500"
"Zhengmix8eq","Refined Louvain","GateOnly","estimated","original",1,NA,NA,1.6094379124341,8,22,22,22,500,2134,NA,NA,NA,NA,NA,NA,NA,0.370444136937519,0.753880821231848,0.265863025021957,0.454336582934563,42.591,500,NA,"500"
"Zhengmix8eq","Refined Louvain","GateOnly","true","original",1,"submitted",8,1.6094379124341,8,22,8,8,750,2134,8,TRUE,3994,0,NA,NA,NA,0.70086317751064,0.813470205307962,0.589439867282895,0.743632688310081,40.657,750,NA,"750"
"Zhengmix8eq","Refined Louvain","GateOnly","estimated","original",1,NA,NA,1.6094379124341,8,22,22,22,750,2134,NA,NA,NA,NA,NA,NA,NA,0.428507319785691,0.808963445167752,0.309531398567556,0.513891938074117,43.184,750,NA,"750"
"Zhengmix8eq","Refined Louvain","GateOnly","true","original",1,"submitted",8,1.6094379124341,8,22,8,8,1000,2134,8,TRUE,3994,0,NA,NA,NA,0.712706138168064,0.820480721081622,0.603008397732345,0.754998031644991,36.215,1000,NA,"1000"
"Zhengmix8eq","Refined Louvain","GateOnly","estimated","original",1,NA,NA,1.6094379124341,8,22,22,22,1000,2134,NA,NA,NA,NA,NA,NA,NA,0.466542734703505,0.824486730095143,0.342840293786522,0.545318677742455,41.216,1000,NA,"1000"
"Zhengmix8eq","Refined Louvain","GateOnly","true","original",1,"submitted",8,1.6094379124341,8,22,8,8,1500,2134,8,TRUE,3994,0,NA,NA,NA,0.746834328627253,0.836504757135704,0.640919247451697,0.782842260067931,38.106,1500,NA,"1500"
"Zhengmix8eq","Refined Louvain","GateOnly","estimated","original",1,NA,NA,1.6094379124341,8,22,22,22,1500,2134,NA,NA,NA,NA,NA,NA,NA,0.428535205832138,0.836755132699049,0.309726415711537,0.513482344243255,55.449,1500,NA,"1500"
"Zhengmix8eq","Refined Louvain","GateOnly","true","original",1,"submitted",8,1.6094379124341,8,22,8,8,2134,2134,8,TRUE,3994,0,NA,NA,NA,0.754286911708078,0.840761141712569,0.650182444835725,0.790426891326423,38.454,2500,NA,"2500"
"Zhengmix8eq","Refined Louvain","GateOnly","estimated","original",1,NA,NA,1.6094379124341,8,22,22,22,2134,2134,NA,NA,NA,NA,NA,NA,NA,0.451824310123959,0.836004006009013,0.329417655699653,0.534133189253736,64.256,2500,NA,"2500"
"Zhengmix8eq","SC3","GateOnly","true","original",1,"submitted",8,1.6094379124341,8,22,8,8,2134,2134,8,TRUE,3994,0,NA,NA,NA,0.743228122899606,0.835252879318979,0.637259832865102,0.780784673904682,894.28,0,NA,"gate_n"
"Zhengmix8eq","SC3","GateOnly","estimated","original",1,NA,NA,1.6094379124341,8,22,22,22,2134,2134,NA,NA,NA,NA,NA,NA,NA,0.5403494613098,0.836004006009013,0.416954177565527,0.597944032156993,1256.586,0,NA,"gate_n"
"Zhengmix8eq","SC3","GateOnly","true","original",1,NA,NA,1.6094379124341,8,22,8,8,100,2134,8,TRUE,3994,0,NA,NA,NA,0.0741023131001177,0.324737105658488,0.129645560223521,0.242147578365091,850.998,100,NA,"100"
"Zhengmix8eq","SC3","GateOnly","estimated","original",1,NA,NA,1.6094379124341,8,22,22,22,100,2134,NA,NA,NA,NA,NA,NA,NA,0.119293929830684,0.388833249874812,0.122510126258602,0.21979371981135,941.345,100,NA,"100"
"Zhengmix8eq","SC3","GateOnly","true","original",1,"submitted",8,1.6094379124341,8,22,8,8,200,2134,8,TRUE,3994,0,NA,NA,NA,0.270293306656425,0.516775162744116,0.2540594282627,0.454205340330587,734.347,200,NA,"200"
"Zhengmix8eq","SC3","GateOnly","estimated","original",1,NA,NA,1.6094379124341,8,22,22,22,200,2134,NA,NA,NA,NA,NA,NA,NA,0.185804409357957,0.519278918377566,0.150291041120364,0.271515753826761,974.766,200,NA,"200"
"Zhengmix8eq","SC3","GateOnly","true","original",1,"submitted",8,1.6094379124341,8,22,8,8,300,2134,8,TRUE,3994,0,NA,NA,NA,0.426287570892183,0.558087130696044,0.341922211639004,0.514715086626968,872.355,300,NA,"300"
"Zhengmix8eq","SC3","GateOnly","estimated","original",1,NA,NA,1.6094379124341,8,22,22,22,300,2134,NA,NA,NA,NA,NA,NA,NA,0.227092878378083,0.5728592889334,0.174748356748201,0.310324012242641,1187.087,300,NA,"300"
"Zhengmix8eq","SC3","GateOnly","true","original",1,"submitted",8,1.6094379124341,8,22,8,8,500,2134,8,TRUE,3994,0,NA,NA,NA,0.499808365377673,0.621682523785679,0.401189076943714,0.578646292931905,1087.698,500,NA,"500"
"Zhengmix8eq","SC3","GateOnly","estimated","original",1,NA,NA,1.6094379124341,8,22,22,22,500,2134,NA,NA,NA,NA,NA,NA,NA,0.314065174927931,0.619929894842263,0.233794060310156,0.392115147899998,1683.681,500,NA,"500"
"Zhengmix8eq","SC3","GateOnly","true","original",1,"submitted",8,1.6094379124341,8,22,8,8,750,2134,8,TRUE,3994,0,NA,NA,NA,0.682434609095862,0.78993490235353,0.571904017426066,0.732824111622122,1044.59,750,NA,"750"
"Zhengmix8eq","SC3","GateOnly","estimated","original",1,NA,NA,1.6094379124341,8,22,22,22,750,2134,NA,NA,NA,NA,NA,NA,NA,0.546633477604277,0.796945418127191,0.419810092315284,0.606937253016316,1796.107,750,NA,"750"
"Zhengmix8eq","SC3","GateOnly","true","original",1,"submitted",8,1.6094379124341,8,22,8,8,1000,2134,8,TRUE,3994,0,NA,NA,NA,0.702577122046823,0.811467200801202,0.592443342801318,0.747501491616828,1045.109,1000,NA,"1000"
"Zhengmix8eq","SC3","GateOnly","estimated","original",1,NA,NA,1.6094379124341,8,22,22,22,1000,2134,NA,NA,NA,NA,NA,NA,NA,0.480279817829437,0.803455182774161,0.361131944773215,0.546469296495674,1447.344,1000,NA,"1000"
"Zhengmix8eq","SC3","GateOnly","true","original",1,"submitted",8,1.6094379124341,8,22,8,8,1500,2134,8,TRUE,3994,0,NA,NA,NA,0.745777733479465,0.837005508262394,0.640134571008237,0.782822782695593,942.114,1500,NA,"1500"
"Zhengmix8eq","SC3","GateOnly","estimated","original",1,NA,NA,1.6094379124341,8,22,22,22,1500,2134,NA,NA,NA,NA,NA,NA,NA,0.554114926007243,0.829243865798698,0.430138876469753,0.609860140775967,1543.378,1500,NA,"1500"
"Zhengmix8eq","SC3","GateOnly","true","original",1,"submitted",8,1.6094379124341,8,22,8,8,2134,2134,8,TRUE,3994,0,NA,NA,NA,0.743228122899606,0.835252879318979,0.637259832865102,0.780784673904682,863.419,2500,NA,"2500"
"Zhengmix8eq","SC3","GateOnly","estimated","original",1,NA,NA,1.6094379124341,8,22,22,22,2134,2134,NA,NA,NA,NA,NA,NA,NA,0.5403494613098,0.836004006009013,0.416954177565527,0.597944032156993,1280.854,2500,NA,"2500"
"Zhengmix8eq","Refined Louvain","Seurat","true","original",1,"submitted",8,1.6094379124341,8,22,8,8,2134,2134,8,TRUE,3994,0,NA,NA,NA,0.596845747330842,0.730345518277416,0.484405554981035,0.655166662176199,40.958,0,NA,"gate_n"
"Zhengmix8eq","Refined Louvain","Seurat","estimated","original",1,NA,NA,1.6094379124341,8,22,22,22,2134,2134,NA,NA,NA,NA,NA,NA,NA,0.316701220452286,0.727090635953931,0.22551221442583,0.403499063236657,47.784,0,NA,"gate_n"
"Zhengmix8eq","Refined Louvain","Seurat","true","original",1,"submitted",8,1.6094379124341,8,22,8,8,100,2134,7,FALSE,3994,0,NA,NA,NA,0.471713629749976,0.635202804206309,0.391234812285471,0.600104028915245,33.082,100,NA,"100"
"Zhengmix8eq","Refined Louvain","Seurat","estimated","original",1,NA,NA,1.6094379124341,8,22,22,22,100,2134,NA,NA,NA,NA,NA,NA,NA,0.355032995238047,0.697045568352529,0.256065292486037,0.436719837074674,35.903,100,NA,"100"
"Zhengmix8eq","Refined Louvain","Seurat","true","original",1,"submitted",8,1.6094379124341,8,22,8,8,200,2134,8,TRUE,3994,0,NA,NA,NA,0.525092034731331,0.63820731096645,0.421662485770579,0.59799157510655,35.471,200,NA,"200"
"Zhengmix8eq","Refined Louvain","Seurat","estimated","original",1,NA,NA,1.6094379124341,8,22,22,22,200,2134,NA,NA,NA,NA,NA,NA,NA,0.312846002710073,0.675763645468202,0.224170145166993,0.397675199890404,46.668,200,NA,"200"
"Zhengmix8eq","Refined Louvain","Seurat","true","original",1,"submitted",8,1.6094379124341,8,22,8,8,300,2134,8,TRUE,3994,0,NA,NA,NA,0.582398579280212,0.704056084126189,0.475188839385597,0.652994636198875,37.002,300,NA,"300"
"Zhengmix8eq","Refined Louvain","Seurat","estimated","original",1,NA,NA,1.6094379124341,8,22,22,22,300,2134,NA,NA,NA,NA,NA,NA,NA,0.334249535196474,0.728843264897346,0.241463929560498,0.415943268478751,38.296,300,NA,"300"
"Zhengmix8eq","Refined Louvain","Seurat","true","original",1,"submitted",8,1.6094379124341,8,22,8,8,500,2134,8,TRUE,3994,0,NA,NA,NA,0.568331009662938,0.710816224336505,0.462472744688628,0.641434220946885,49.883,500,NA,"500"
"Zhengmix8eq","Refined Louvain","Seurat","estimated","original",1,NA,NA,1.6094379124341,8,22,22,22,500,2134,NA,NA,NA,NA,NA,NA,NA,0.323949564305341,0.734101151727591,0.231963926589396,0.408691335873629,42.382,500,NA,"500"
"Zhengmix8eq","Refined Louvain","Seurat","true","original",1,"submitted",8,1.6094379124341,8,22,8,8,750,2134,8,TRUE,3994,0,NA,NA,NA,0.562065353366399,0.715823735603405,0.456722967006983,0.635837230532183,37.342,750,NA,"750"
"Zhengmix8eq","Refined Louvain","Seurat","estimated","original",1,NA,NA,1.6094379124341,8,22,22,22,750,2134,NA,NA,NA,NA,NA,NA,NA,0.342360648402146,0.728843264897346,0.245370782610171,0.426506022763701,43.826,750,NA,"750"
"Zhengmix8eq","Refined Louvain","Seurat","true","original",1,"submitted",8,1.6094379124341,8,22,8,8,1000,2134,8,TRUE,3994,0,NA,NA,NA,0.587533580230748,0.713820731096645,0.47530732845539,0.64652519860141,39.085,1000,NA,"1000"
"Zhengmix8eq","Refined Louvain","Seurat","estimated","original",1,NA,NA,1.6094379124341,8,22,22,22,1000,2134,NA,NA,NA,NA,NA,NA,NA,0.333276825715856,0.728843264897346,0.237521243622635,0.419639354555827,47.916,1000,NA,"1000"
"Zhengmix8eq","Refined Louvain","Seurat","true","original",1,"submitted",8,1.6094379124341,8,22,8,8,1500,2134,8,TRUE,3994,0,NA,NA,NA,0.585661912136463,0.732348522784176,0.47838919247116,0.656295316429144,39.491,1500,NA,"1500"
"Zhengmix8eq","Refined Louvain","Seurat","estimated","original",1,NA,NA,1.6094379124341,8,22,22,22,1500,2134,NA,NA,NA,NA,NA,NA,NA,0.337632042934377,0.758387581372058,0.238811563590049,0.427448428322632,43.124,1500,NA,"1500"
"Zhengmix8eq","Refined Louvain","Seurat","true","original",1,"submitted",8,1.6094379124341,8,22,8,8,2500,2134,7,FALSE,3994,0,NA,NA,NA,0.590738681366745,0.71607411116675,0.484097713964273,0.663588502518368,39.149,2500,NA,"2500"
"Zhengmix8eq","Refined Louvain","Seurat","estimated","original",1,NA,NA,1.6094379124341,8,22,22,22,2500,2134,NA,NA,NA,NA,NA,NA,NA,0.342432114178935,0.732849273910866,0.246170508009893,0.42546240274819,78.733,2500,NA,"2500"
"Zhengmix8eq","SC3","Seurat","true","original",1,"submitted",8,1.6094379124341,8,22,8,8,2134,2134,8,TRUE,3994,0,NA,NA,NA,0.46577226701802,0.629694541812719,0.387670088156113,0.600597701893094,769.576,0,NA,"gate_n"
"Zhengmix8eq","SC3","Seurat","estimated","original",1,NA,NA,1.6094379124341,8,22,22,22,2134,2134,NA,NA,NA,NA,NA,NA,NA,0.425069135325754,0.726339509263896,0.311420674499917,0.501068629911967,1096.919,0,NA,"gate_n"
"Zhengmix8eq","SC3","Seurat","true","original",1,"submitted",8,1.6094379124341,8,22,8,8,200,2134,8,TRUE,3994,0,NA,NA,NA,0.399862136168117,0.580120180270406,0.336814196779098,0.540504433011276,554.911,200,NA,"200"
"Zhengmix8eq","SC3","Seurat","estimated","original",1,NA,NA,1.6094379124341,8,22,22,22,200,2134,NA,NA,NA,NA,NA,NA,NA,0.430509017559494,0.688282423635453,0.318123978214091,0.502846713253127,1057.766,200,NA,"200"
"Zhengmix8eq","SC3","Seurat","true","original",1,"submitted",8,1.6094379124341,8,22,8,8,300,2134,8,TRUE,3994,0,NA,NA,NA,0.36478560506782,0.577115673510265,0.318513106582505,0.545237426099438,545.46,300,NA,"300"
"Zhengmix8eq","SC3","Seurat","estimated","original",1,NA,NA,1.6094379124341,8,22,22,22,300,2134,NA,NA,NA,NA,NA,NA,NA,0.425449507915994,0.714321482223335,0.315028835366134,0.497065640465314,715.171,300,NA,"300"
"Zhengmix8eq","SC3","Seurat","true","original",1,"submitted",8,1.6094379124341,8,22,8,8,500,2134,8,TRUE,3994,0,NA,NA,NA,0.436361665067161,0.620931397095643,0.366287149060959,0.58255581366938,580.414,500,NA,"500"
"Zhengmix8eq","SC3","Seurat","estimated","original",1,NA,NA,1.6094379124341,8,22,22,22,500,2134,NA,NA,NA,NA,NA,NA,NA,0.461728895995757,0.706810215322984,0.342377396942078,0.533704438093999,818.938,500,NA,"500"
"Zhengmix8eq","SC3","Seurat","true","original",1,"submitted",8,1.6094379124341,8,22,8,8,750,2134,8,TRUE,3994,0,NA,NA,NA,0.471228319611488,0.64922383575363,0.389221096971447,0.59224349240002,626.351,750,NA,"750"
"Zhengmix8eq","SC3","Seurat","estimated","original",1,NA,NA,1.6094379124341,8,22,22,22,750,2134,NA,NA,NA,NA,NA,NA,NA,0.59028867847385,0.730345518277416,0.46435351094846,0.642276440601167,928.698,750,NA,"750"
"Zhengmix8eq","SC3","Seurat","true","original",1,"submitted",8,1.6094379124341,8,22,8,8,1000,2134,8,TRUE,3994,0,NA,NA,NA,0.484717879917102,0.643465197796695,0.395034784857293,0.584032461530291,676.636,1000,NA,"1000"
"Zhengmix8eq","SC3","Seurat","estimated","original",1,NA,NA,1.6094379124341,8,22,22,22,1000,2134,NA,NA,NA,NA,NA,NA,NA,0.602386423431256,0.712819228843265,0.476197633197702,0.653048380438617,910.968,1000,NA,"1000"
"Zhengmix8eq","SC3","Seurat","true","original",1,"submitted",8,1.6094379124341,8,22,8,8,1500,2134,8,TRUE,3994,0,NA,NA,NA,0.473157741055829,0.631947921882824,0.387542519433025,0.58081058905432,771.609,1500,NA,"1500"
"Zhengmix8eq","SC3","Seurat","estimated","original",1,NA,NA,1.6094379124341,8,22,22,22,1500,2134,NA,NA,NA,NA,NA,NA,NA,0.490097587749524,0.694541812719079,0.369050036842397,0.556030708686526,944.046,1500,NA,"1500"
"Zhengmix8eq","SC3","Seurat","true","original",1,"submitted",8,1.6094379124341,8,22,8,8,2500,2134,8,TRUE,3994,0,NA,NA,NA,0.495762424754023,0.639959939909865,0.405961014339981,0.600289612973675,754.495,2500,NA,"2500"
"Zhengmix8eq","SC3","Seurat","estimated","original",1,NA,NA,1.6094379124341,8,22,22,22,2500,2134,NA,NA,NA,NA,NA,NA,NA,0.432568549333137,0.731597396094141,0.318485741549218,0.506503963120001,1395.775,2500,NA,"2500"
"Zhengmix8eq","Refined Louvain","Variance","true","original",1,"submitted",8,1.6094379124341,8,22,8,8,2134,2134,8,TRUE,3994,0,NA,NA,NA,0.740237864595572,0.832749123685528,0.633644030843654,0.777852207279666,40.373,0,NA,"gate_n"
"Zhengmix8eq","Refined Louvain","Variance","estimated","original",1,NA,NA,1.6094379124341,8,22,22,22,2134,2134,NA,NA,NA,NA,NA,NA,NA,0.457682452750839,0.839008512769154,0.335226867311699,0.537393770780722,50.749,0,NA,"gate_n"
"Zhengmix8eq","Refined Louvain","Variance","true","original",1,NA,NA,1.6094379124341,8,22,8,8,100,2134,8,TRUE,3994,0,NA,NA,NA,0.605260495237487,0.742113169754632,0.491566529574761,0.660836238568622,40.891,100,NA,"100"
"Zhengmix8eq","Refined Louvain","Variance","estimated","original",1,NA,NA,1.6094379124341,8,22,22,22,100,2134,NA,NA,NA,NA,NA,NA,NA,0.40277001258403,0.768903355032549,0.29036018786317,0.486166208635656,44.889,100,NA,"100"
"Zhengmix8eq","Refined Louvain","Variance","true","original",1,"submitted",8,1.6094379124341,8,22,8,8,200,2134,8,TRUE,3994,0,NA,NA,NA,0.685391791305979,0.802453680520781,0.573219423487929,0.73117053809123,40.798,200,NA,"200"
"Zhengmix8eq","Refined Louvain","Variance","estimated","original",1,NA,NA,1.6094379124341,8,22,22,22,200,2134,NA,NA,NA,NA,NA,NA,NA,0.430055351206824,0.803705558337506,0.311406225179511,0.513826171964816,61.215,200,NA,"200"
"Zhengmix8eq","Refined Louvain","Variance","true","original",1,"submitted",8,1.6094379124341,8,22,8,8,300,2134,8,TRUE,3994,0,NA,NA,NA,0.710434729192319,0.816725087631447,0.600409018969594,0.752847918576531,39.364,300,NA,"300"
"Zhengmix8eq","Refined Louvain","Variance","estimated","original",1,NA,NA,1.6094379124341,8,22,22,22,300,2134,NA,NA,NA,NA,NA,NA,NA,0.486275447251498,0.821482223335003,0.362269059856258,0.558100422632634,39.474,300,NA,"300"
"Zhengmix8eq","Refined Louvain","Variance","true","original",1,"submitted",8,1.6094379124341,8,22,8,8,500,2134,8,TRUE,3994,0,NA,NA,NA,0.726357589689883,0.827240861291938,0.618340035070195,0.766956992451799,39.02,500,NA,"500"
"Zhengmix8eq","Refined Louvain","Variance","estimated","original",1,NA,NA,1.6094379124341,8,22,22,22,500,2134,NA,NA,NA,NA,NA,NA,NA,0.469361512668582,0.828743114672008,0.345434441349682,0.547464624518228,49.188,500,NA,"500"
"Zhengmix8eq","Refined Louvain","Variance","true","original",1,"submitted",8,1.6094379124341,8,22,8,8,750,2134,8,TRUE,3994,0,NA,NA,NA,0.727701114743616,0.822734101151728,0.619150986578789,0.766648802893748,38.414,750,NA,"750"
"Zhengmix8eq","Refined Louvain","Variance","estimated","original",1,NA,NA,1.6094379124341,8,22,22,22,750,2134,NA,NA,NA,NA,NA,NA,NA,0.454978637089676,0.834251377065598,0.332624399545305,0.535672991724692,43.399,750,NA,"750"
"Zhengmix8eq","Refined Louvain","Variance","true","original",1,"submitted",8,1.6094379124341,8,22,8,8,1000,2134,8,TRUE,3994,0,NA,NA,NA,0.747481683672815,0.836004006009013,0.641975299379859,0.784005936122615,39.623,1000,NA,"1000"
"Zhengmix8eq","Refined Louvain","Variance","estimated","original",1,NA,NA,1.6094379124341,8,22,22,22,1000,2134,NA,NA,NA,NA,NA,NA,NA,0.471146679774129,0.842764146219329,0.345585154145465,0.55257006225056,45.359,1000,NA,"1000"
"Zhengmix8eq","Refined Louvain","Variance","true","original",1,"submitted",8,1.6094379124341,8,22,8,8,1500,2134,8,TRUE,3994,0,NA,NA,NA,0.74536319139351,0.833750625938908,0.639327572506953,0.78179876700091,41.541,1500,NA,"1500"
"Zhengmix8eq","Refined Louvain","Variance","estimated","original",1,NA,NA,1.6094379124341,8,22,22,22,1500,2134,NA,NA,NA,NA,NA,NA,NA,0.461078449154858,0.836504757135704,0.338386764602485,0.539847149403917,43.164,1500,NA,"1500"
"Zhengmix8eq","Refined Louvain","Variance","true","original",1,"submitted",8,1.6094379124341,8,22,8,8,2500,2134,8,TRUE,3994,0,NA,NA,NA,0.744617443007343,0.833750625938908,0.638727997578846,0.781691278944613,49.114,2500,NA,"2500"
"Zhengmix8eq","Refined Louvain","Variance","estimated","original",1,NA,NA,1.6094379124341,8,22,22,22,2500,2134,NA,NA,NA,NA,NA,NA,NA,0.446177056558463,0.835753630445669,0.324446088064439,0.529527922627006,65.717,2500,NA,"2500"
"Zhengmix8eq","SC3","Variance","true","original",1,"submitted",8,1.6094379124341,8,22,8,8,2134,2134,8,TRUE,3994,0,NA,NA,NA,0.748617120481214,0.838007010515774,0.643668650588443,0.785782922630476,1060.547,0,NA,"gate_n"
"Zhengmix8eq","SC3","Variance","estimated","original",1,NA,NA,1.6094379124341,8,22,22,22,2134,2134,NA,NA,NA,NA,NA,NA,NA,0.576158705550541,0.834501752628943,0.453307097564134,0.628112184671475,2141.146,0,NA,"gate_n"
"Zhengmix8eq","SC3","Variance","true","original",1,NA,NA,1.6094379124341,8,22,8,8,100,2134,8,TRUE,3994,0,NA,NA,NA,0.524613467309635,0.652729093640461,0.430676464108814,0.627071068325489,747.927,100,NA,"100"
"Zhengmix8eq","SC3","Variance","estimated","original",1,NA,NA,1.6094379124341,8,22,22,22,100,2134,NA,NA,NA,NA,NA,NA,NA,0.599297351741578,0.743365047571357,0.472105946728554,0.651415463380727,1219.69,100,NA,"100"
"Zhengmix8eq","SC3","Variance","true","original",1,"submitted",8,1.6094379124341,8,22,8,8,200,2134,8,TRUE,3994,0,NA,NA,NA,0.628329795790284,0.7185778668002,0.519227088558509,0.693251886115015,929.997,200,NA,"200"
"Zhengmix8eq","SC3","Variance","estimated","original",1,NA,NA,1.6094379124341,8,22,22,22,200,2134,NA,NA,NA,NA,NA,NA,NA,0.517988346086642,0.809464196294442,0.395509634919912,0.579017263338582,1630.139,200,NA,"200"
"Zhengmix8eq","SC3","Variance","true","original",1,"submitted",8,1.6094379124341,8,22,8,8,300,2134,8,TRUE,3994,0,NA,NA,NA,0.688305867163345,0.801452178267401,0.575274340296436,0.731709090324136,1018.457,300,NA,"300"
"Zhengmix8eq","SC3","Variance","estimated","original",1,NA,NA,1.6094379124341,8,22,22,22,300,2134,NA,NA,NA,NA,NA,NA,NA,0.354148271182631,0.713820731096645,0.280095425618252,0.43766640403617,1467.642,300,NA,"300"
"Zhengmix8eq","SC3","Variance","true","original",1,"submitted",8,1.6094379124341,8,22,8,8,500,2134,8,TRUE,3994,0,NA,NA,NA,0.70739583712847,0.820731096644967,0.59709683960028,0.75029527232213,1002.548,500,NA,"500"
"Zhengmix8eq","SC3","Variance","estimated","original",1,NA,NA,1.6094379124341,8,22,22,22,500,2134,NA,NA,NA,NA,NA,NA,NA,0.399355710675495,0.773410115172759,0.296206608612669,0.471491506724856,1568.7,500,NA,"500"
"Zhengmix8eq","SC3","Variance","true","original",1,"submitted",8,1.6094379124341,8,22,8,8,750,2134,8,TRUE,3994,0,NA,NA,NA,0.728978090333015,0.828242363545318,0.621421901336329,0.769490592321243,988.454,750,NA,"750"
"Zhengmix8eq","SC3","Variance","estimated","original",1,NA,NA,1.6094379124341,8,22,22,22,750,2134,NA,NA,NA,NA,NA,NA,NA,0.479705955440169,0.806960440660991,0.356014004620787,0.553230934051486,1533.872,750,NA,"750"
"Zhengmix8eq","SC3","Variance","true","original",1,"submitted",8,1.6094379124341,8,22,8,8,1000,2134,8,TRUE,3994,0,NA,NA,NA,0.74159653182466,0.834001001502253,0.635086687424655,0.778775938546039,896.97,1000,NA,"1000"
"Zhengmix8eq","SC3","Variance","estimated","original",1,NA,NA,1.6094379124341,8,22,22,22,1000,2134,NA,NA,NA,NA,NA,NA,NA,0.535756822195374,0.827491236855283,0.413392062608441,0.593342307271462,1354.138,1000,NA,"1000"
"Zhengmix8eq","SC3","Variance","true","original",1,"submitted",8,1.6094379124341,8,22,8,8,1500,2134,8,TRUE,3994,0,NA,NA,NA,0.730885448209178,0.819729594391587,0.623323822272322,0.770560128761013,951.355,1500,NA,"1500"
"Zhengmix8eq","SC3","Variance","estimated","original",1,NA,NA,1.6094379124341,8,22,22,22,1500,2134,NA,NA,NA,NA,NA,NA,NA,0.547292649578806,0.826740110165248,0.421299958165303,0.606330116039406,1452.567,1500,NA,"1500"
"Zhengmix8eq","SC3","Variance","true","original",1,"submitted",8,1.6094379124341,8,22,8,8,2500,2134,8,TRUE,3994,0,NA,NA,NA,0.754706762568142,0.835753630445669,0.650755954549229,0.790967790454303,847.212,2500,NA,"2500"
"Zhengmix8eq","SC3","Variance","estimated","original",1,NA,NA,1.6094379124341,8,22,22,22,2500,2134,NA,NA,NA,NA,NA,NA,NA,0.55680255978425,0.843014521782674,0.433973195723435,0.611378960963017,1225.771,2500,NA,"2500"
