"n_cells","log2fc","disp","rep","min_expression","method","auc","precision_500","precision_1000","precision_2000","enrichment_1000","n_for_recall50","n_for_recall80"
300,2,0.2,1,1.6094379124341,"DIFS_stage1_modified",0.601575520833333,0.088,0.077,0.071,1.925,1634,2730
300,2,0.2,1,1.6094379124341,"dip_original",0.604016927083333,0.096,0.081,0.071,2.025,1634,2730
300,2,0.2,1,1.6094379124341,"dip_statistic_raw",0.63633096926714,0.112,0.088,0.071,2.2,1634,2730
300,2,0.2,1,1.6094379124341,"n_expressing",0.686766493055556,0.048,0.067,0.083,1.675,1499,2833
300,2,0.2,1,1.6094379124341,"Seurat_vst",0.99919994212963,0.478,0.24,0.12,6,120,192
300,2,0.2,1,1.6094379124341,"variance_lognorm",0.752140480324074,0.218,0.129,0.08,3.225,747,3422
300,2,0.2,1,1.6094379124341,"dropout_rate",0.441182725694444,0.018,0.023,0.0325,0.575,3561,4894
300,2,0.2,1,1.6094379124341,"random",0.49326244212963,0.026,0.027,0.039,0.675,2907,4831
300,2,0.2,1,1.6094379124341,"oracle_F",1,0.48,0.24,0.12,6,120,192
300,2,0.2,2,1.6094379124341,"DIFS_stage1_modified",0.55643482349537,0.07,0.063,0.0565,1.575,2143,3024
300,2,0.2,2,1.6094379124341,"dip_original",0.557832392939815,0.072,0.062,0.0565,1.55,2143,3024
300,2,0.2,2,1.6094379124341,"dip_statistic_raw",0.608357043235704,0.088,0.065,0.0565,1.625,2143,3024
300,2,0.2,2,1.6094379124341,"n_expressing",0.675334563078704,0.044,0.054,0.082,1.35,1637,2719
300,2,0.2,2,1.6094379124341,"Seurat_vst",0.999795283564815,0.48,0.24,0.12,6,120,192
300,2,0.2,2,1.6094379124341,"variance_lognorm",0.730002170138889,0.192,0.12,0.0765,3,976,3315
300,2,0.2,2,1.6094379124341,"dropout_rate",0.468377821180556,0.034,0.029,0.032,0.725,3315,4666
300,2,0.2,2,1.6094379124341,"random",0.473176359953704,0.034,0.029,0.0315,0.725,3096,4788
300,2,0.2,2,1.6094379124341,"oracle_F",1,0.48,0.24,0.12,6,120,192
300,2,0.2,3,1.6094379124341,"DIFS_stage1_modified",0.60029369212963,0.092,0.078,0.0735,1.95,1548,2797
300,2,0.2,3,1.6094379124341,"dip_original",0.602349537037037,0.102,0.077,0.0735,1.925,1548,2797
300,2,0.2,3,1.6094379124341,"dip_statistic_raw",0.616247412683909,0.106,0.083,0.0735,2.075,1548,2797
300,2,0.2,3,1.6094379124341,"n_expressing",0.711196831597222,0.058,0.064,0.0895,1.6,1442,2356
300,2,0.2,3,1.6094379124341,"Seurat_vst",0.998212528935185,0.478,0.239,0.1195,5.975,120,192
300,2,0.2,3,1.6094379124341,"variance_lognorm",0.769832175925926,0.22,0.13,0.084,3.25,724,3097
300,2,0.2,3,1.6094379124341,"dropout_rate",0.416404079861111,0.02,0.018,0.0255,0.45,3516,5087
300,2,0.2,3,1.6094379124341,"random",0.495567853009259,0.036,0.042,0.0405,1.05,3024,4814
300,2,0.2,3,1.6094379124341,"oracle_F",0.999998553240741,0.48,0.24,0.12,6,120,192
300,2,0.2,4,1.6094379124341,"DIFS_stage1_modified",0.611633391203704,0.078,0.077,0.0745,1.925,1593,2781
300,2,0.2,4,1.6094379124341,"dip_original",0.613780381944444,0.088,0.083,0.0745,2.075,1593,2781
300,2,0.2,4,1.6094379124341,"dip_statistic_raw",0.589213315004611,0.106,0.09,0.0745,2.25,1593,2781
300,2,0.2,4,1.6094379124341,"n_expressing",0.703576027199074,0.044,0.077,0.084,1.925,1403,2562
300,2,0.2,4,1.6094379124341,"Seurat_vst",0.997923900462963,0.476,0.238,0.12,5.95,120,192
300,2,0.2,4,1.6094379124341,"variance_lognorm",0.757669270833333,0.24,0.134,0.078,3.35,486,3294
300,2,0.2,4,1.6094379124341,"dropout_rate",0.438772424768519,0.02,0.026,0.0275,0.65,3517,5004
300,2,0.2,4,1.6094379124341,"random",0.500239438657407,0.052,0.041,0.0375,1.025,3040,4834
300,2,0.2,4,1.6094379124341,"oracle_F",0.999998553240741,0.48,0.24,0.12,6,120,192
300,2,0.2,5,1.6094379124341,"DIFS_stage1_modified",0.573540219907407,0.076,0.067,0.0725,1.675,1754,2849
300,2,0.2,5,1.6094379124341,"dip_original",0.57572337962963,0.08,0.07,0.0725,1.75,1754,2849
300,2,0.2,5,1.6094379124341,"dip_statistic_raw",0.626906465814017,0.096,0.074,0.0725,1.85,1754,2849
300,2,0.2,5,1.6094379124341,"n_expressing",0.66887767650463,0.054,0.063,0.076,1.575,1624,2877
300,2,0.2,5,1.6094379124341,"Seurat_vst",0.998645109953704,0.474,0.24,0.12,6,120,192
300,2,0.2,5,1.6094379124341,"variance_lognorm",0.702190393518519,0.19,0.115,0.0735,2.875,1147,3899
300,2,0.2,5,1.6094379124341,"dropout_rate",0.472827329282407,0.038,0.034,0.034,0.85,3211,4936
300,2,0.2,5,1.6094379124341,"random",0.500142505787037,0.028,0.037,0.04,0.925,3004,4639
300,2,0.2,5,1.6094379124341,"oracle_F",1,0.48,0.24,0.12,6,120,192
300,2,0.5,1,1.6094379124341,"DIFS_stage1_modified",0.602013165509259,0.082,0.071,0.068,1.775,1676,2950
300,2,0.5,1,1.6094379124341,"dip_original",0.603474392361111,0.08,0.076,0.068,1.9,1676,2950
300,2,0.5,1,1.6094379124341,"dip_statistic_raw",0.547994860350308,0.084,0.07,0.068,1.75,1676,2950
300,2,0.5,1,1.6094379124341,"n_expressing",0.68525318287037,0.056,0.066,0.072,1.65,1652,2876
300,2,0.5,1,1.6094379124341,"Seurat_vst",0.991736834490741,0.454,0.237,0.12,5.925,120,202
300,2,0.5,1,1.6094379124341,"variance_lognorm",0.714424913194444,0.166,0.11,0.0735,2.75,1180,3435
300,2,0.5,1,1.6094379124341,"dropout_rate",0.431659794560185,0.018,0.022,0.0285,0.55,3519,5025
300,2,0.5,1,1.6094379124341,"random",0.517841435185185,0.04,0.044,0.042,1.1,2816,4707
300,2,0.5,1,1.6094379124341,"oracle_F",0.999987702546296,0.48,0.24,0.12,6,120,192
300,2,0.5,2,1.6094379124341,"DIFS_stage1_modified",0.563898292824074,0.066,0.059,0.065,1.475,1865,2928
300,2,0.5,2,1.6094379124341,"dip_original",0.564113859953704,0.068,0.058,0.065,1.45,1865,2928
300,2,0.5,2,1.6094379124341,"dip_statistic_raw",0.520364034249787,0.064,0.062,0.065,1.55,1865,2928
300,2,0.5,2,1.6094379124341,"n_expressing",0.650828631365741,0.056,0.061,0.065,1.525,1814,3069
300,2,0.5,2,1.6094379124341,"Seurat_vst",0.984543757596805,0.438,0.232,0.119,5.8,120,234
300,2,0.5,2,1.6094379124341,"variance_lognorm",0.66209056712963,0.142,0.091,0.068,2.275,1611,4015
300,2,0.5,2,1.6094379124341,"dropout_rate",0.467588252314815,0.032,0.036,0.0355,0.9,3201,4928
300,2,0.5,2,1.6094379124341,"random",0.510282118055556,0.034,0.031,0.037,0.775,2769,4611
300,2,0.5,2,1.6094379124341,"oracle_F",0.999962384259259,0.48,0.24,0.12,6,120,192
300,2,0.5,3,1.6094379124341,"DIFS_stage1_modified",0.561024305555556,0.068,0.053,0.062,1.325,1901,2982
300,2,0.5,3,1.6094379124341,"dip_original",0.561370804398148,0.066,0.052,0.062,1.3,1901,2982
300,2,0.5,3,1.6094379124341,"dip_statistic_raw",0.519398220578707,0.066,0.06,0.062,1.5,1901,2982
300,2,0.5,3,1.6094379124341,"n_expressing",0.650920500578704,0.048,0.06,0.0605,1.5,1964,3036
300,2,0.5,3,1.6094379124341,"Seurat_vst",0.985954137731481,0.444,0.235,0.119,5.875,138,273
300,2,0.5,3,1.6094379124341,"variance_lognorm",0.658046875,0.132,0.088,0.0635,2.2,1783,3782
300,2,0.5,3,1.6094379124341,"dropout_rate",0.467776692708333,0.028,0.034,0.0345,0.85,3147,4997
300,2,0.5,3,1.6094379124341,"random",0.504503761574074,0.044,0.046,0.0405,1.15,3084,4651
300,2,0.5,3,1.6094379124341,"oracle_F",1,0.48,0.24,0.12,6,120,192
300,2,0.5,4,1.6094379124341,"DIFS_stage1_modified",0.593186125578704,0.052,0.074,0.0695,1.85,1754,2941
300,2,0.5,4,1.6094379124341,"dip_original",0.594077329282407,0.06,0.07,0.0695,1.75,1754,2941
300,2,0.5,4,1.6094379124341,"dip_statistic_raw",0.509500609924938,0.078,0.07,0.0695,1.75,1754,2941
300,2,0.5,4,1.6094379124341,"n_expressing",0.691097005208333,0.06,0.066,0.0725,1.65,1591,2827
300,2,0.5,4,1.6094379124341,"Seurat_vst",0.989973958333333,0.452,0.237,0.119,5.925,120,204
300,2,0.5,4,1.6094379124341,"variance_lognorm",0.713551793981481,0.15,0.101,0.073,2.525,1259,3384
300,2,0.5,4,1.6094379124341,"dropout_rate",0.423503689236111,0.02,0.027,0.027,0.675,3611,5117
300,2,0.5,4,1.6094379124341,"random",0.51505787037037,0.038,0.036,0.041,0.9,2751,4688
300,2,0.5,4,1.6094379124341,"oracle_F",1,0.48,0.24,0.12,6,120,192
300,2,0.5,5,1.6094379124341,"DIFS_stage1_modified",0.541813512731481,0.06,0.055,0.06,1.375,1992,3037
300,2,0.5,5,1.6094379124341,"dip_original",0.541707899305556,0.052,0.053,0.06,1.325,1992,3037
300,2,0.5,5,1.6094379124341,"dip_statistic_raw",0.500643274853801,0.054,0.053,0.06,1.325,1992,3037
300,2,0.5,5,1.6094379124341,"n_expressing",0.641967954282407,0.064,0.05,0.056,1.25,2097,2987
300,2,0.5,5,1.6094379124341,"Seurat_vst",0.994626012731481,0.47,0.238,0.12,5.95,120,204
300,2,0.5,5,1.6094379124341,"variance_lognorm",0.643472222222222,0.118,0.081,0.0595,2.025,2011,3911
300,2,0.5,5,1.6094379124341,"dropout_rate",0.494996744791667,0.026,0.031,0.039,0.775,2803,4773
300,2,0.5,5,1.6094379124341,"random",0.497338686342593,0.028,0.031,0.038,0.775,2989,4734
300,2,0.5,5,1.6094379124341,"oracle_F",0.999986255787037,0.48,0.24,0.12,6,120,192
300,3,0.2,1,1.6094379124341,"DIFS_stage1_modified",0.66051685474537,0.132,0.103,0.079,2.575,1264,2529
300,3,0.2,1,1.6094379124341,"dip_original",0.662524956597222,0.14,0.106,0.079,2.65,1264,2529
300,3,0.2,1,1.6094379124341,"dip_statistic_raw",0.693682008045152,0.152,0.109,0.079,2.725,1264,2529
300,3,0.2,1,1.6094379124341,"n_expressing",0.775192057291667,0.058,0.085,0.103,2.125,1254,1753
300,3,0.2,1,1.6094379124341,"Seurat_vst",0.99873119212963,0.478,0.239,0.12,5.975,120,192
300,3,0.2,1,1.6094379124341,"variance_lognorm",0.870531684027778,0.31,0.174,0.101,4.35,124,1608
300,3,0.2,1,1.6094379124341,"dropout_rate",0.438999204282407,0.02,0.022,0.0305,0.55,3363,4977
300,3,0.2,1,1.6094379124341,"random",0.482097077546296,0.046,0.04,0.038,1,3138,4887
300,3,0.2,1,1.6094379124341,"oracle_F",1,0.48,0.24,0.12,6,120,192
300,3,0.2,2,1.6094379124341,"DIFS_stage1_modified",0.644288194444444,0.116,0.094,0.0805,2.35,1503,2442
300,3,0.2,2,1.6094379124341,"dip_original",0.647222945601852,0.13,0.097,0.0805,2.425,1503,2442
300,3,0.2,2,1.6094379124341,"dip_statistic_raw",0.716480885145735,0.146,0.107,0.0805,2.675,1503,2442
300,3,0.2,2,1.6094379124341,"n_expressing",0.769565610532407,0.064,0.08,0.103,2,1265,1869
300,3,0.2,2,1.6094379124341,"Seurat_vst",0.999756178734734,0.478,0.24,0.12,6,120,192
300,3,0.2,2,1.6094379124341,"variance_lognorm",0.839870515046296,0.302,0.159,0.0885,3.975,143,2289
300,3,0.2,2,1.6094379124341,"dropout_rate",0.447824074074074,0.02,0.024,0.035,0.6,3242,5190
300,3,0.2,2,1.6094379124341,"random",0.478211082175926,0.03,0.04,0.035,1,3067,4925
300,3,0.2,2,1.6094379124341,"oracle_F",0.999768518518519,0.478,0.24,0.12,6,120,192
300,3,0.2,3,1.6094379124341,"DIFS_stage1_modified",0.676751302083333,0.142,0.11,0.084,2.75,1100,2459
300,3,0.2,3,1.6094379124341,"dip_original",0.680277054398148,0.144,0.116,0.084,2.9,1076,2459
300,3,0.2,3,1.6094379124341,"dip_statistic_raw",0.73574574455422,0.19,0.12,0.084,3,999,2459
300,3,0.2,3,1.6094379124341,"n_expressing",0.772349537037037,0.05,0.096,0.0995,2.4,1174,1871
300,3,0.2,3,1.6094379124341,"Seurat_vst",0.996248553240741,0.478,0.239,0.1195,5.975,120,192
300,3,0.2,3,1.6094379124341,"variance_lognorm",0.851678240740741,0.318,0.171,0.0935,4.275,122,2229
300,3,0.2,3,1.6094379124341,"dropout_rate",0.440377242476852,0.022,0.032,0.0335,0.8,3511,5157
300,3,0.2,3,1.6094379124341,"random",0.468371672453704,0.046,0.039,0.0375,0.975,3317,5145
300,3,0.2,3,1.6094379124341,"oracle_F",1,0.48,0.24,0.12,6,120,192
300,3,0.2,4,1.6094379124341,"DIFS_stage1_modified",0.663348524305556,0.126,0.099,0.0795,2.475,1241,2600
300,3,0.2,4,1.6094379124341,"dip_original",0.666501012731481,0.13,0.105,0.0795,2.625,1239,2600
300,3,0.2,4,1.6094379124341,"dip_statistic_raw",0.731573083778966,0.168,0.115,0.0795,2.875,1107,2600
300,3,0.2,4,1.6094379124341,"n_expressing",0.770697699652778,0.044,0.087,0.0995,2.175,1236,1913
300,3,0.2,4,1.6094379124341,"Seurat_vst",1,0.48,0.24,0.12,6,120,192
300,3,0.2,4,1.6094379124341,"variance_lognorm",0.850835503472222,0.31,0.17,0.096,4.25,122,1951
300,3,0.2,4,1.6094379124341,"dropout_rate",0.474602502893519,0.03,0.031,0.035,0.775,3273,4672
300,3,0.2,4,1.6094379124341,"random",0.493209635416667,0.03,0.042,0.0405,1.05,3082,4942
300,3,0.2,4,1.6094379124341,"oracle_F",1,0.48,0.24,0.12,6,120,192
300,3,0.2,5,1.6094379124341,"DIFS_stage1_modified",0.685466579861111,0.14,0.11,0.084,2.75,1127,2672
300,3,0.2,5,1.6094379124341,"dip_original",0.687814670138889,0.14,0.114,0.084,2.85,1079,2672
300,3,0.2,5,1.6094379124341,"dip_statistic_raw",0.704653921487489,0.16,0.125,0.084,3.125,922,2672
300,3,0.2,5,1.6094379124341,"n_expressing",0.782046802662037,0.066,0.099,0.0985,2.475,1188,1876
300,3,0.2,5,1.6094379124341,"Seurat_vst",0.999955873842593,0.48,0.24,0.12,6,120,192
300,3,0.2,5,1.6094379124341,"variance_lognorm",0.849656394675926,0.324,0.171,0.094,4.275,124,2174
300,3,0.2,5,1.6094379124341,"dropout_rate",0.43246997974537,0.018,0.029,0.032,0.725,3465,5177
300,3,0.2,5,1.6094379124341,"random",0.472000144675926,0.032,0.036,0.0355,0.9,3120,4987
300,3,0.2,5,1.6094379124341,"oracle_F",1,0.48,0.24,0.12,6,120,192
300,3,0.5,1,1.6094379124341,"DIFS_stage1_modified",0.64322265625,0.116,0.082,0.0765,2.05,1446,2739
300,3,0.5,1,1.6094379124341,"dip_original",0.645728443287037,0.116,0.087,0.0765,2.175,1432,2739
300,3,0.5,1,1.6094379124341,"dip_statistic_raw",0.625016660002666,0.126,0.102,0.0765,2.55,1450,2739
300,3,0.5,1,1.6094379124341,"n_expressing",0.739095052083333,0.048,0.074,0.085,1.85,1455,2314
300,3,0.5,1,1.6094379124341,"Seurat_vst",0.999947193287037,0.48,0.24,0.12,6,120,192
300,3,0.5,1,1.6094379124341,"variance_lognorm",0.800378327546296,0.25,0.141,0.0875,3.525,409,2596
300,3,0.5,1,1.6094379124341,"dropout_rate",0.472627314814815,0.026,0.028,0.0335,0.7,3314,4734
300,3,0.5,1,1.6094379124341,"random",0.468276186342593,0.036,0.033,0.032,0.825,3231,4777
300,3,0.5,1,1.6094379124341,"oracle_F",1,0.48,0.24,0.12,6,120,192
300,3,0.5,2,1.6094379124341,"DIFS_stage1_modified",0.655737123842593,0.106,0.092,0.08,2.3,1300,2804
300,3,0.5,2,1.6094379124341,"dip_original",0.656823640046296,0.102,0.097,0.08,2.425,1337,2804
300,3,0.5,2,1.6094379124341,"dip_statistic_raw",0.560732318774055,0.098,0.1,0.08,2.5,1273,2804
300,3,0.5,2,1.6094379124341,"n_expressing",0.757352430555556,0.076,0.084,0.0855,2.1,1387,2317
300,3,0.5,2,1.6094379124341,"Seurat_vst",0.99912181712963,0.478,0.24,0.12,6,120,192
300,3,0.5,2,1.6094379124341,"variance_lognorm",0.807315538194444,0.252,0.151,0.089,3.775,419,2804
300,3,0.5,2,1.6094379124341,"dropout_rate",0.431712601273148,0.018,0.027,0.0295,0.675,3496,5164
300,3,0.5,2,1.6094379124341,"random",0.500358796296296,0.026,0.034,0.0405,0.85,3067,4681
300,3,0.5,2,1.6094379124341,"oracle_F",1,0.48,0.24,0.12,6,120,192
300,3,0.5,3,1.6094379124341,"DIFS_stage1_modified",0.673819444444444,0.112,0.096,0.082,2.4,1281,2761
300,3,0.5,3,1.6094379124341,"dip_original",0.674715711805556,0.112,0.099,0.082,2.475,1289,2761
300,3,0.5,3,1.6094379124341,"dip_statistic_raw",0.553066037735849,0.118,0.104,0.082,2.6,1229,2761
300,3,0.5,3,1.6094379124341,"n_expressing",0.776498842592593,0.092,0.093,0.0955,2.325,1214,2008
300,3,0.5,3,1.6094379124341,"Seurat_vst",0.996012762632401,0.476,0.238,0.1195,5.95,120,192
300,3,0.5,3,1.6094379124341,"variance_lognorm",0.841769386574074,0.268,0.162,0.0965,4.05,249,1967
300,3,0.5,3,1.6094379124341,"dropout_rate",0.402221498842593,0.016,0.022,0.026,0.55,3593,5331
300,3,0.5,3,1.6094379124341,"random",0.492072482638889,0.03,0.037,0.039,0.925,3007,4796
300,3,0.5,3,1.6094379124341,"oracle_F",1,0.48,0.24,0.12,6,120,192
300,3,0.5,4,1.6094379124341,"DIFS_stage1_modified",0.661111111111111,0.11,0.093,0.0735,2.325,1382,2730
300,3,0.5,4,1.6094379124341,"dip_original",0.662972366898148,0.116,0.092,0.0735,2.3,1354,2730
300,3,0.5,4,1.6094379124341,"dip_statistic_raw",0.593358993508359,0.122,0.104,0.0735,2.6,1267,2730
300,3,0.5,4,1.6094379124341,"n_expressing",0.754718243634259,0.054,0.087,0.0895,2.175,1336,2114
300,3,0.5,4,1.6094379124341,"Seurat_vst",0.999994212962963,0.48,0.24,0.12,6,120,192
300,3,0.5,4,1.6094379124341,"variance_lognorm",0.831174045138889,0.256,0.158,0.092,3.95,338,2143
300,3,0.5,4,1.6094379124341,"dropout_rate",0.425211588541667,0.016,0.024,0.027,0.6,3388,5161
300,3,0.5,4,1.6094379124341,"random",0.471893084490741,0.034,0.034,0.036,0.85,3013,5019
300,3,0.5,4,1.6094379124341,"oracle_F",1,0.48,0.24,0.12,6,120,192
300,3,0.5,5,1.6094379124341,"DIFS_stage1_modified",0.659971788194444,0.102,0.091,0.0815,2.275,1346,2694
300,3,0.5,5,1.6094379124341,"dip_original",0.660251736111111,0.108,0.088,0.0815,2.2,1327,2694
300,3,0.5,5,1.6094379124341,"dip_statistic_raw",0.538106866678295,0.1,0.1,0.0815,2.5,1286,2694
300,3,0.5,5,1.6094379124341,"n_expressing",0.766259765625,0.08,0.092,0.0855,2.3,1330,2272
300,3,0.5,5,1.6094379124341,"Seurat_vst",0.999944299768519,0.48,0.24,0.12,6,120,192
300,3,0.5,5,1.6094379124341,"variance_lognorm",0.821717303240741,0.27,0.152,0.0875,3.8,314,2573
300,3,0.5,5,1.6094379124341,"dropout_rate",0.422179181134259,0.018,0.024,0.0285,0.6,3564,5236
300,3,0.5,5,1.6094379124341,"random",0.480269097222222,0.03,0.034,0.034,0.85,3153,4734
300,3,0.5,5,1.6094379124341,"oracle_F",1,0.48,0.24,0.12,6,120,192
300,4,0.2,1,1.6094379124341,"DIFS_stage1_modified",0.722541594328704,0.17,0.131,0.087,3.275,869,2426
300,4,0.2,1,1.6094379124341,"dip_original",0.725903862847222,0.176,0.135,0.087,3.375,816,2426
300,4,0.2,1,1.6094379124341,"dip_statistic_raw",0.750324183745174,0.204,0.139,0.087,3.475,619,2426
300,4,0.2,1,1.6094379124341,"n_expressing",0.832771267361111,0.048,0.126,0.116,3.15,978,1448
300,4,0.2,1,1.6094379124341,"Seurat_vst",1,0.48,0.24,0.12,6,120,192
300,4,0.2,1,1.6094379124341,"variance_lognorm",0.932236689814815,0.388,0.205,0.1095,5.125,120,433
300,4,0.2,1,1.6094379124341,"dropout_rate",0.438017216435185,0.028,0.03,0.0285,0.75,3453,4954
300,4,0.2,1,1.6094379124341,"random",0.516683304398148,0.05,0.042,0.0405,1.05,2993,4615
300,4,0.2,1,1.6094379124341,"oracle_F",1,0.48,0.24,0.12,6,120,192
300,4,0.2,2,1.6094379124341,"DIFS_stage1_modified",0.71597583912037,0.154,0.129,0.0875,3.225,919,2481
300,4,0.2,2,1.6094379124341,"dip_original",0.719407552083333,0.172,0.133,0.0875,3.325,886,2481
300,4,0.2,2,1.6094379124341,"dip_statistic_raw",0.733406002470751,0.198,0.137,0.0875,3.425,732,2481
300,4,0.2,2,1.6094379124341,"n_expressing",0.833761574074074,0.088,0.11,0.116,2.75,1027,1515
300,4,0.2,2,1.6094379124341,"Seurat_vst",0.999680989583333,0.478,0.24,0.12,6,120,192
300,4,0.2,2,1.6094379124341,"variance_lognorm",0.934342447916667,0.39,0.201,0.11,5.025,120,375
300,4,0.2,2,1.6094379124341,"dropout_rate",0.439730541087963,0.018,0.027,0.0315,0.675,3446,5055
300,4,0.2,2,1.6094379124341,"random",0.507654803240741,0.03,0.043,0.0425,1.075,2884,4737
300,4,0.2,2,1.6094379124341,"oracle_F",1,0.48,0.24,0.12,6,120,192
300,4,0.2,3,1.6094379124341,"DIFS_stage1_modified",0.775027126736111,0.196,0.143,0.0955,3.575,732,2017
300,4,0.2,3,1.6094379124341,"dip_original",0.778420500578704,0.206,0.149,0.0955,3.725,625,2017
300,4,0.2,3,1.6094379124341,"dip_statistic_raw",0.752930722799277,0.228,0.162,0.0955,4.05,536,2017
300,4,0.2,3,1.6094379124341,"n_expressing",0.847987919560185,0.07,0.139,0.114,3.475,937,1314
300,4,0.2,3,1.6094379124341,"Seurat_vst",0.990477224055102,0.47,0.237,0.1185,5.925,120,192
300,4,0.2,3,1.6094379124341,"variance_lognorm",0.956163917824074,0.42,0.215,0.112,5.375,120,192
300,4,0.2,3,1.6094379124341,"dropout_rate",0.404612991898148,0.018,0.02,0.027,0.5,3637,5246
300,4,0.2,3,1.6094379124341,"random",0.50654296875,0.04,0.039,0.04,0.975,2864,4699
300,4,0.2,3,1.6094379124341,"oracle_F",1,0.48,0.24,0.12,6,120,192
300,4,0.2,4,1.6094379124341,"DIFS_stage1_modified",0.716414930555556,0.182,0.125,0.0895,3.125,969,2234
300,4,0.2,4,1.6094379124341,"dip_original",0.718387586805556,0.184,0.126,0.0895,3.15,922,2234
300,4,0.2,4,1.6094379124341,"dip_statistic_raw",0.72957931901143,0.186,0.135,0.0895,3.375,764,2234
300,4,0.2,4,1.6094379124341,"n_expressing",0.840213396990741,0.108,0.112,0.114,2.8,1043,1388
300,4,0.2,4,1.6094379124341,"Seurat_vst",0.991687644675926,0.476,0.238,0.119,5.95,120,192
300,4,0.2,4,1.6094379124341,"variance_lognorm",0.947247540509259,0.412,0.211,0.111,5.275,120,228
300,4,0.2,4,1.6094379124341,"dropout_rate",0.404611906828704,0.018,0.023,0.029,0.575,3715,5363
300,4,0.2,4,1.6094379124341,"random",0.5175,0.042,0.044,0.0385,1.1,2875,4508
300,4,0.2,4,1.6094379124341,"oracle_F",1,0.48,0.24,0.12,6,120,192
300,4,0.2,5,1.6094379124341,"DIFS_stage1_modified",0.714303385416667,0.158,0.127,0.0865,3.175,924,2528
300,4,0.2,5,1.6094379124341,"dip_original",0.717204861111111,0.164,0.133,0.0865,3.325,875,2528
300,4,0.2,5,1.6094379124341,"dip_statistic_raw",0.703905030134108,0.192,0.138,0.0865,3.45,752,2528
300,4,0.2,5,1.6094379124341,"n_expressing",0.831032986111111,0.068,0.128,0.113,3.2,963,1454
300,4,0.2,5,1.6094379124341,"Seurat_vst",0.993880592695491,0.474,0.238,0.119,5.95,120,192
300,4,0.2,5,1.6094379124341,"variance_lognorm",0.92747974537037,0.394,0.202,0.108,5.05,120,393
300,4,0.2,5,1.6094379124341,"dropout_rate",0.446966869212963,0.028,0.028,0.0355,0.7,3456,5050
300,4,0.2,5,1.6094379124341,"random",0.496528501157407,0.054,0.039,0.035,0.975,3087,4648
300,4,0.2,5,1.6094379124341,"oracle_F",1,0.48,0.24,0.12,6,120,192
300,4,0.5,1,1.6094379124341,"DIFS_stage1_modified",0.686571903935185,0.13,0.103,0.0835,2.575,1183,2483
300,4,0.5,1,1.6094379124341,"dip_original",0.686741174768518,0.128,0.106,0.0835,2.65,1172,2483
300,4,0.5,1,1.6094379124341,"dip_statistic_raw",0.588148734372875,0.132,0.106,0.0835,2.65,1112,2483
300,4,0.5,1,1.6094379124341,"n_expressing",0.815151186342593,0.102,0.105,0.1095,2.625,1203,1749
300,4,0.5,1,1.6094379124341,"Seurat_vst",0.991102332580888,0.474,0.238,0.119,5.95,120,192
300,4,0.5,1,1.6094379124341,"variance_lognorm",0.907724247685185,0.328,0.19,0.107,4.75,121,1081
300,4,0.5,1,1.6094379124341,"dropout_rate",0.398575303819444,0.016,0.026,0.026,0.65,3756,5351
300,4,0.5,1,1.6094379124341,"random",0.519617332175926,0.042,0.043,0.0435,1.075,2750,4774
300,4,0.5,1,1.6094379124341,"oracle_F",1,0.48,0.24,0.12,6,120,192
300,4,0.5,2,1.6094379124341,"DIFS_stage1_modified",0.712643952546296,0.15,0.113,0.087,2.825,1050,2549
300,4,0.5,2,1.6094379124341,"dip_original",0.714027777777778,0.146,0.119,0.087,2.975,1002,2549
300,4,0.5,2,1.6094379124341,"dip_statistic_raw",0.624537587157814,0.144,0.128,0.087,3.2,926,2549
300,4,0.5,2,1.6094379124341,"n_expressing",0.807101417824074,0.088,0.109,0.104,2.725,1108,1792
300,4,0.5,2,1.6094379124341,"Seurat_vst",0.997439236111111,0.474,0.238,0.1195,5.95,120,192
300,4,0.5,2,1.6094379124341,"variance_lognorm",0.88771484375,0.324,0.184,0.1015,4.6,122,1335
300,4,0.5,2,1.6094379124341,"dropout_rate",0.439059244791667,0.024,0.028,0.032,0.7,3506,5091
300,4,0.5,2,1.6094379124341,"random",0.485682146990741,0.042,0.037,0.0365,0.925,2966,4896
300,4,0.5,2,1.6094379124341,"oracle_F",1,0.48,0.24,0.12,6,120,192
300,4,0.5,3,1.6094379124341,"DIFS_stage1_modified",0.711329210069444,0.142,0.112,0.0885,2.8,1086,2388
300,4,0.5,3,1.6094379124341,"dip_original",0.713809678819444,0.144,0.114,0.0885,2.85,1051,2388
300,4,0.5,3,1.6094379124341,"dip_statistic_raw",0.649380792121885,0.154,0.126,0.0885,3.15,875,2388
300,4,0.5,3,1.6094379124341,"n_expressing",0.801944806134259,0.072,0.099,0.1025,2.475,1198,1880
300,4,0.5,3,1.6094379124341,"Seurat_vst",0.998842592592593,0.476,0.239,0.12,5.975,120,192
300,4,0.5,3,1.6094379124341,"variance_lognorm",0.897169415509259,0.336,0.184,0.1025,4.6,121,1379
300,4,0.5,3,1.6094379124341,"dropout_rate",0.439669053819444,0.022,0.028,0.031,0.7,3459,5149
300,4,0.5,3,1.6094379124341,"random",0.493459201388889,0.046,0.037,0.0405,0.925,3195,4719
300,4,0.5,3,1.6094379124341,"oracle_F",1,0.48,0.24,0.12,6,120,192
300,4,0.5,4,1.6094379124341,"DIFS_stage1_modified",0.695687934027778,0.124,0.109,0.0805,2.725,1091,2582
300,4,0.5,4,1.6094379124341,"dip_original",0.697563657407407,0.128,0.109,0.0805,2.725,1087,2582
300,4,0.5,4,1.6094379124341,"dip_statistic_raw",0.609475774059538,0.136,0.116,0.0805,2.9,1106,2582
300,4,0.5,4,1.6094379124341,"n_expressing",0.801873914930556,0.09,0.103,0.1055,2.575,1155,1858
300,4,0.5,4,1.6094379124341,"Seurat_vst",0.993961950231481,0.476,0.238,0.119,5.95,120,192
300,4,0.5,4,1.6094379124341,"variance_lognorm",0.897259114583333,0.314,0.179,0.107,4.475,122,1337
300,4,0.5,4,1.6094379124341,"dropout_rate",0.401456886574074,0.02,0.022,0.024,0.55,3863,5150
300,4,0.5,4,1.6094379124341,"random",0.465864438657407,0.03,0.03,0.0325,0.75,3345,4846
300,4,0.5,4,1.6094379124341,"oracle_F",1,0.48,0.24,0.12,6,120,192
300,4,0.5,5,1.6094379124341,"DIFS_stage1_modified",0.714709201388889,0.15,0.121,0.0855,3.025,984,2583
300,4,0.5,5,1.6094379124341,"dip_original",0.715876736111111,0.146,0.121,0.0855,3.025,971,2583
300,4,0.5,5,1.6094379124341,"dip_statistic_raw",0.614358377516272,0.142,0.127,0.0855,3.175,919,2583
300,4,0.5,5,1.6094379124341,"n_expressing",0.803051938657407,0.076,0.113,0.104,2.825,1048,1813
300,4,0.5,5,1.6094379124341,"Seurat_vst",0.997077546296296,0.478,0.239,0.1195,5.975,120,192
300,4,0.5,5,1.6094379124341,"variance_lognorm",0.892925347222222,0.338,0.192,0.1035,4.8,120,963
300,4,0.5,5,1.6094379124341,"dropout_rate",0.429098668981481,0.024,0.026,0.029,0.65,3621,5086
300,4,0.5,5,1.6094379124341,"random",0.507751736111111,0.04,0.037,0.0355,0.925,2990,4565
300,4,0.5,5,1.6094379124341,"oracle_F",1,0.48,0.24,0.12,6,120,192
300,5,0.2,1,1.6094379124341,"DIFS_stage1_modified",0.75746997974537,0.186,0.153,0.093,3.825,732,2112
300,5,0.2,1,1.6094379124341,"dip_original",0.759922960069444,0.206,0.153,0.093,3.825,667,2112
300,5,0.2,1,1.6094379124341,"dip_statistic_raw",0.744237843982089,0.234,0.153,0.093,3.825,545,2112
300,5,0.2,1,1.6094379124341,"n_expressing",0.872054398148148,0.126,0.153,0.119,3.825,866,1258
300,5,0.2,1,1.6094379124341,"Seurat_vst",0.96273365162037,0.454,0.229,0.115,5.725,120,192
300,5,0.2,1,1.6094379124341,"variance_lognorm",0.976412760416667,0.442,0.228,0.1155,5.7,120,192
300,5,0.2,1,1.6094379124341,"dropout_rate",0.391684027777778,0.01,0.021,0.024,0.525,3840,5323
300,5,0.2,1,1.6094379124341,"random",0.529182581018519,0.04,0.049,0.0455,1.225,2971,4594
300,5,0.2,1,1.6094379124341,"oracle_F",1,0.48,0.24,0.12,6,120,192
300,5,0.2,2,1.6094379124341,"DIFS_stage1_modified",0.724311342592593,0.16,0.14,0.089,3.5,838,2253
300,5,0.2,2,1.6094379124341,"dip_original",0.72625,0.164,0.14,0.089,3.5,820,2253
300,5,0.2,2,1.6094379124341,"dip_statistic_raw",0.667163507508859,0.194,0.14,0.089,3.5,635,2253
300,5,0.2,2,1.6094379124341,"n_expressing",0.879742476851852,0.126,0.151,0.119,3.775,847,1170
300,5,0.2,2,1.6094379124341,"Seurat_vst",0.975988136574074,0.462,0.232,0.116,5.8,120,192
300,5,0.2,2,1.6094379124341,"variance_lognorm",0.980536024305556,0.448,0.228,0.1165,5.7,120,192
300,5,0.2,2,1.6094379124341,"dropout_rate",0.435201461226852,0.022,0.026,0.0325,0.65,3518,5110
300,5,0.2,2,1.6094379124341,"random",0.50658203125,0.052,0.046,0.038,1.15,2966,4824
300,5,0.2,2,1.6094379124341,"oracle_F",1,0.48,0.24,0.12,6,120,192
300,5,0.2,3,1.6094379124341,"DIFS_stage1_modified",0.764324363425926,0.198,0.153,0.0945,3.825,714,2153
300,5,0.2,3,1.6094379124341,"dip_original",0.767740162037037,0.202,0.155,0.0945,3.875,669,2153
300,5,0.2,3,1.6094379124341,"dip_statistic_raw",0.753358425014476,0.24,0.157,0.0945,3.925,500,2153
300,5,0.2,3,1.6094379124341,"n_expressing",0.865043764467593,0.116,0.152,0.1175,3.8,882,1178
300,5,0.2,3,1.6094379124341,"Seurat_vst",0.961624558661805,0.452,0.227,0.115,5.675,120,192
300,5,0.2,3,1.6094379124341,"variance_lognorm",0.976746961805556,0.448,0.23,0.116,5.75,120,192
300,5,0.2,3,1.6094379124341,"dropout_rate",0.421597583912037,0.02,0.026,0.028,0.65,3577,5213
300,5,0.2,3,1.6094379124341,"random",0.48913990162037,0.036,0.041,0.0385,1.025,3208,4857
300,5,0.2,3,1.6094379124341,"oracle_F",1,0.48,0.24,0.12,6,120,192
300,5,0.2,4,1.6094379124341,"DIFS_stage1_modified",0.773700086805556,0.192,0.162,0.096,4.05,688,1995
300,5,0.2,4,1.6094379124341,"dip_original",0.776552372685185,0.202,0.162,0.096,4.05,635,1995
300,5,0.2,4,1.6094379124341,"dip_statistic_raw",0.721822715572716,0.244,0.162,0.096,4.05,481,1995
300,5,0.2,4,1.6094379124341,"n_expressing",0.885649956597222,0.136,0.176,0.119,4.4,734,1074
300,5,0.2,4,1.6094379124341,"Seurat_vst",0.98072193287037,0.46,0.234,0.1175,5.85,120,192
300,5,0.2,4,1.6094379124341,"variance_lognorm",0.985143952546296,0.458,0.233,0.1175,5.825,120,192
300,5,0.2,4,1.6094379124341,"dropout_rate",0.407296368634259,0.022,0.021,0.029,0.525,3730,5231
300,5,0.2,4,1.6094379124341,"random",0.474367766203704,0.042,0.038,0.037,0.95,3294,4977
300,5,0.2,4,1.6094379124341,"oracle_F",1,0.48,0.24,0.12,6,120,192
300,5,0.2,5,1.6094379124341,"DIFS_stage1_modified",0.748600983796296,0.186,0.153,0.094,3.825,746,2095
300,5,0.2,5,1.6094379124341,"dip_original",0.751472077546296,0.194,0.153,0.094,3.825,689,2095
300,5,0.2,5,1.6094379124341,"dip_statistic_raw",0.722690370979344,0.224,0.153,0.094,3.825,551,2095
300,5,0.2,5,1.6094379124341,"n_expressing",0.877839626736111,0.124,0.154,0.1195,3.85,858,1141
300,5,0.2,5,1.6094379124341,"Seurat_vst",0.968287760416667,0.45,0.228,0.116,5.7,120,192
300,5,0.2,5,1.6094379124341,"variance_lognorm",0.969674479166667,0.422,0.223,0.1155,5.575,120,201
300,5,0.2,5,1.6094379124341,"dropout_rate",0.413800274884259,0.014,0.027,0.031,0.675,3753,5270
300,5,0.2,5,1.6094379124341,"random",0.519267939814815,0.044,0.044,0.0445,1.1,2826,4788
300,5,0.2,5,1.6094379124341,"oracle_F",1,0.48,0.24,0.12,6,120,192
300,5,0.5,1,1.6094379124341,"DIFS_stage1_modified",0.773806423611111,0.184,0.152,0.0945,3.8,724,2082
300,5,0.5,1,1.6094379124341,"dip_original",0.775544704861111,0.192,0.153,0.0945,3.825,683,2082
300,5,0.5,1,1.6094379124341,"dip_statistic_raw",0.680600375234522,0.208,0.157,0.0945,3.925,593,2082
300,5,0.5,1,1.6094379124341,"n_expressing",0.867314814814815,0.132,0.151,0.1185,3.775,861,1342
300,5,0.5,1,1.6094379124341,"Seurat_vst",0.970027488425926,0.454,0.231,0.116,5.775,120,192
300,5,0.5,1,1.6094379124341,"variance_lognorm",0.970088252314815,0.42,0.22,0.1165,5.5,120,220
300,5,0.5,1,1.6094379124341,"dropout_rate",0.403786168981482,0.018,0.02,0.0265,0.5,3713,5130
300,5,0.5,1,1.6094379124341,"random",0.487551359953704,0.028,0.028,0.039,0.7,3114,4914
300,5,0.5,1,1.6094379124341,"oracle_F",1,0.48,0.24,0.12,6,120,192
300,5,0.5,2,1.6094379124341,"DIFS_stage1_modified",0.730544704861111,0.17,0.136,0.091,3.4,887,2308
300,5,0.5,2,1.6094379124341,"dip_original",0.732265625,0.182,0.137,0.091,3.425,843,2308
300,5,0.5,2,1.6094379124341,"dip_statistic_raw",0.662118327339398,0.188,0.137,0.091,3.425,739,2308
300,5,0.5,2,1.6094379124341,"n_expressing",0.852426576967593,0.126,0.127,0.117,3.175,944,1454
300,5,0.5,2,1.6094379124341,"Seurat_vst",0.964390190972222,0.44,0.223,0.1155,5.575,120,192
300,5,0.5,2,1.6094379124341,"variance_lognorm",0.941399739583333,0.376,0.201,0.112,5.025,120,674
300,5,0.5,2,1.6094379124341,"dropout_rate",0.414553313078704,0.018,0.028,0.0315,0.7,3827,5246
300,5,0.5,2,1.6094379124341,"random",0.530011574074074,0.054,0.042,0.041,1.05,2815,4482
300,5,0.5,2,1.6094379124341,"oracle_F",1,0.48,0.24,0.12,6,120,192
300,5,0.5,3,1.6094379124341,"DIFS_stage1_modified",0.746442418981481,0.16,0.132,0.094,3.3,888,2208
300,5,0.5,3,1.6094379124341,"dip_original",0.749896556712963,0.172,0.134,0.094,3.35,838,2208
300,5,0.5,3,1.6094379124341,"dip_statistic_raw",0.688916691198116,0.2,0.144,0.094,3.6,707,2208
300,5,0.5,3,1.6094379124341,"n_expressing",0.837384620949074,0.102,0.112,0.115,2.8,1087,1546
300,5,0.5,3,1.6094379124341,"Seurat_vst",0.985586328645019,0.47,0.236,0.118,5.9,120,192
300,5,0.5,3,1.6094379124341,"variance_lognorm",0.953004918981481,0.406,0.211,0.113,5.275,120,309
300,5,0.5,3,1.6094379124341,"dropout_rate",0.463189380787037,0.024,0.032,0.032,0.8,3275,5006
300,5,0.5,3,1.6094379124341,"random",0.518422309027778,0.048,0.043,0.0445,1.075,2791,4685
300,5,0.5,3,1.6094379124341,"oracle_F",1,0.48,0.24,0.12,6,120,192
300,5,0.5,4,1.6094379124341,"DIFS_stage1_modified",0.782509403935185,0.204,0.153,0.0965,3.825,597,1907
300,5,0.5,4,1.6094379124341,"dip_original",0.785766782407407,0.218,0.157,0.0965,3.925,583,1907
300,5,0.5,4,1.6094379124341,"dip_statistic_raw",0.733818367322151,0.236,0.165,0.0965,4.125,520,1907
300,5,0.5,4,1.6094379124341,"n_expressing",0.859792751736111,0.128,0.127,0.1185,3.175,929,1412
300,5,0.5,4,1.6094379124341,"Seurat_vst",0.970243055555556,0.46,0.231,0.1155,5.775,120,192
300,5,0.5,4,1.6094379124341,"variance_lognorm",0.961168258101852,0.402,0.218,0.114,5.45,120,371
300,5,0.5,4,1.6094379124341,"dropout_rate",0.417209924768519,0.02,0.026,0.0285,0.65,3501,5158
300,5,0.5,4,1.6094379124341,"random",0.488501880787037,0.038,0.037,0.0425,0.925,3092,4913
300,5,0.5,4,1.6094379124341,"oracle_F",1,0.48,0.24,0.12,6,120,192
300,5,0.5,5,1.6094379124341,"DIFS_stage1_modified",0.746345486111111,0.16,0.124,0.0915,3.1,921,2303
300,5,0.5,5,1.6094379124341,"dip_original",0.747826244212963,0.168,0.13,0.0915,3.25,900,2303
300,5,0.5,5,1.6094379124341,"dip_statistic_raw",0.631649108733351,0.168,0.147,0.0915,3.675,774,2303
300,5,0.5,5,1.6094379124341,"n_expressing",0.846362847222222,0.126,0.124,0.1165,3.1,943,1526
300,5,0.5,5,1.6094379124341,"Seurat_vst",0.961105324074074,0.448,0.226,0.114,5.65,120,192
300,5,0.5,5,1.6094379124341,"variance_lognorm",0.947801649305556,0.38,0.209,0.1115,5.225,120,557
300,5,0.5,5,1.6094379124341,"dropout_rate",0.424165943287037,0.024,0.024,0.025,0.6,3433,5138
300,5,0.5,5,1.6094379124341,"random",0.47064453125,0.034,0.035,0.038,0.875,3269,5019
300,5,0.5,5,1.6094379124341,"oracle_F",1,0.48,0.24,0.12,6,120,192
300,6,0.2,1,1.6094379124341,"DIFS_stage1_modified",0.834389105902778,0.206,0.192,0.109,4.8,565,983
300,6,0.2,1,1.6094379124341,"dip_original",0.839312427662037,0.236,0.192,0.109,4.8,509,983
300,6,0.2,1,1.6094379124341,"dip_statistic_raw",0.716859307703371,0.292,0.192,0.109,4.8,376,983
300,6,0.2,1,1.6094379124341,"n_expressing",0.891099175347222,0.126,0.195,0.119,4.875,734,906
300,6,0.2,1,1.6094379124341,"Seurat_vst",0.947815393518519,0.442,0.223,0.114,5.575,120,192
300,6,0.2,1,1.6094379124341,"variance_lognorm",0.980842737268519,0.44,0.229,0.118,5.725,120,192
300,6,0.2,1,1.6094379124341,"dropout_rate",0.449921875,0.016,0.02,0.031,0.5,3241,4894
300,6,0.2,1,1.6094379124341,"random",0.500359519675926,0.028,0.04,0.0385,1,2916,4792
300,6,0.2,1,1.6094379124341,"oracle_F",1,0.48,0.24,0.12,6,120,192
300,6,0.2,2,1.6094379124341,"DIFS_stage1_modified",0.772449363425926,0.194,0.165,0.1,4.125,650,1799
300,6,0.2,2,1.6094379124341,"dip_original",0.775240162037037,0.206,0.165,0.1,4.125,606,1799
300,6,0.2,2,1.6094379124341,"dip_statistic_raw",0.717767375597843,0.266,0.165,0.1,4.125,412,1799
300,6,0.2,2,1.6094379124341,"n_expressing",0.900162398726852,0.118,0.206,0.119,5.15,694,970
300,6,0.2,2,1.6094379124341,"Seurat_vst",0.916417100694444,0.428,0.216,0.1085,5.4,120,192
300,6,0.2,2,1.6094379124341,"variance_lognorm",0.986988570601852,0.46,0.232,0.118,5.8,120,192
300,6,0.2,2,1.6094379124341,"dropout_rate",0.421976634837963,0.018,0.022,0.029,0.55,3633,5194
300,6,0.2,2,1.6094379124341,"random",0.516088686342593,0.058,0.052,0.0435,1.3,2905,4884
300,6,0.2,2,1.6094379124341,"oracle_F",1,0.48,0.24,0.12,6,120,192
300,6,0.2,3,1.6094379124341,"DIFS_stage1_modified",0.787631655092593,0.202,0.168,0.0975,4.2,596,1815
300,6,0.2,3,1.6094379124341,"dip_original",0.789951533564815,0.218,0.168,0.0975,4.2,551,1815
300,6,0.2,3,1.6094379124341,"dip_statistic_raw",0.678495529090982,0.256,0.168,0.0975,4.2,450,1815
300,6,0.2,3,1.6094379124341,"n_expressing",0.914109881365741,0.15,0.22,0.12,5.5,597,856
300,6,0.2,3,1.6094379124341,"Seurat_vst",0.918716001157407,0.426,0.217,0.1095,5.425,120,192
300,6,0.2,3,1.6094379124341,"variance_lognorm",0.994001012731481,0.468,0.236,0.119,5.9,120,192
300,6,0.2,3,1.6094379124341,"dropout_rate",0.420575086805556,0.022,0.018,0.0265,0.45,3450,5060
300,6,0.2,3,1.6094379124341,"random",0.486710069444444,0.038,0.033,0.039,0.825,3139,4740
300,6,0.2,3,1.6094379124341,"oracle_F",1,0.48,0.24,0.12,6,120,192
300,6,0.2,4,1.6094379124341,"DIFS_stage1_modified",0.792094184027778,0.196,0.174,0.101,4.35,630,1686
300,6,0.2,4,1.6094379124341,"dip_original",0.795011574074074,0.21,0.174,0.101,4.35,590,1686
300,6,0.2,4,1.6094379124341,"dip_statistic_raw",0.679116088065561,0.262,0.174,0.101,4.35,424,1686
300,6,0.2,4,1.6094379124341,"n_expressing",0.905294053819444,0.14,0.2,0.12,5,695,888
300,6,0.2,4,1.6094379124341,"Seurat_vst",0.912228732638889,0.424,0.213,0.1075,5.325,120,192
300,6,0.2,4,1.6094379124341,"variance_lognorm",0.996270978009259,0.474,0.237,0.1195,5.925,120,192
300,6,0.2,4,1.6094379124341,"dropout_rate",0.413891059027778,0.006,0.016,0.0235,0.4,3439,5233
300,6,0.2,4,1.6094379124341,"random",0.519140625,0.04,0.044,0.0435,1.1,2773,4688
300,6,0.2,4,1.6094379124341,"oracle_F",1,0.48,0.24,0.12,6,120,192
300,6,0.2,5,1.6094379124341,"DIFS_stage1_modified",0.757700376157407,0.17,0.157,0.098,3.925,709,1886
300,6,0.2,5,1.6094379124341,"dip_original",0.761344039351852,0.188,0.157,0.098,3.925,648,1886
300,6,0.2,5,1.6094379124341,"dip_statistic_raw",0.727257733470166,0.254,0.157,0.098,3.925,437,1886
300,6,0.2,5,1.6094379124341,"n_expressing",0.886780598958333,0.102,0.194,0.119,4.85,732,994
300,6,0.2,5,1.6094379124341,"Seurat_vst",0.918966290509259,0.43,0.215,0.109,5.375,120,192
300,6,0.2,5,1.6094379124341,"variance_lognorm",0.990622106481482,0.466,0.237,0.1185,5.925,120,192
300,6,0.2,5,1.6094379124341,"dropout_rate",0.453011791087963,0.026,0.031,0.0315,0.775,3266,4951
300,6,0.2,5,1.6094379124341,"random",0.500930989583333,0.038,0.044,0.045,1.1,2972,4952
300,6,0.2,5,1.6094379124341,"oracle_F",1,0.48,0.24,0.12,6,120,192
300,6,0.5,1,1.6094379124341,"DIFS_stage1_modified",0.783755787037037,0.19,0.161,0.098,4.025,671,1867
300,6,0.5,1,1.6094379124341,"dip_original",0.785799334490741,0.196,0.161,0.098,4.025,650,1867
300,6,0.5,1,1.6094379124341,"dip_statistic_raw",0.646314023891344,0.218,0.166,0.098,4.15,591,1867
300,6,0.5,1,1.6094379124341,"n_expressing",0.88115162037037,0.144,0.165,0.12,4.125,795,1136
300,6,0.5,1,1.6094379124341,"Seurat_vst",0.908039641203704,0.416,0.21,0.1075,5.25,120,192
300,6,0.5,1,1.6094379124341,"variance_lognorm",0.983405671296296,0.438,0.228,0.1185,5.7,120,193
300,6,0.5,1,1.6094379124341,"dropout_rate",0.423426287615741,0.008,0.017,0.0255,0.425,3547,5099
300,6,0.5,1,1.6094379124341,"random",0.493070023148148,0.028,0.034,0.0405,0.85,2827,4950
300,6,0.5,1,1.6094379124341,"oracle_F",1,0.48,0.24,0.12,6,120,192
300,6,0.5,2,1.6094379124341,"DIFS_stage1_modified",0.764988425925926,0.194,0.143,0.0965,3.575,757,1949
300,6,0.5,2,1.6094379124341,"dip_original",0.767417534722222,0.204,0.147,0.0965,3.675,736,1949
300,6,0.5,2,1.6094379124341,"dip_statistic_raw",0.692508012820513,0.222,0.156,0.0965,3.9,557,1949
300,6,0.5,2,1.6094379124341,"n_expressing",0.863963035300926,0.102,0.15,0.1185,3.75,852,1261
300,6,0.5,2,1.6094379124341,"Seurat_vst",0.921765769675926,0.432,0.216,0.1085,5.4,120,192
300,6,0.5,2,1.6094379124341,"variance_lognorm",0.975815972222222,0.434,0.223,0.1185,5.575,120,204
300,6,0.5,2,1.6094379124341,"dropout_rate",0.451852575231481,0.02,0.03,0.033,0.75,3382,5013
300,6,0.5,2,1.6094379124341,"random",0.504084201388889,0.032,0.038,0.04,0.95,2902,4786
300,6,0.5,2,1.6094379124341,"oracle_F",1,0.48,0.24,0.12,6,120,192
300,6,0.5,3,1.6094379124341,"DIFS_stage1_modified",0.830145399305556,0.194,0.188,0.1075,4.7,619,1080
300,6,0.5,3,1.6094379124341,"dip_original",0.833052662037037,0.208,0.189,0.1075,4.725,594,1080
300,6,0.5,3,1.6094379124341,"dip_statistic_raw",0.651326821899922,0.246,0.191,0.1075,4.775,455,1080
300,6,0.5,3,1.6094379124341,"n_expressing",0.884994212962963,0.142,0.191,0.119,4.775,699,1010
300,6,0.5,3,1.6094379124341,"Seurat_vst",0.901085792824074,0.414,0.212,0.1065,5.3,120,195
300,6,0.5,3,1.6094379124341,"variance_lognorm",0.969342447916667,0.418,0.219,0.116,5.475,120,195
300,6,0.5,3,1.6094379124341,"dropout_rate",0.406813512731481,0.014,0.017,0.026,0.425,3733,5144
300,6,0.5,3,1.6094379124341,"random",0.494704861111111,0.042,0.042,0.0415,1.05,3007,4992
300,6,0.5,3,1.6094379124341,"oracle_F",1,0.48,0.24,0.12,6,120,192
300,6,0.5,4,1.6094379124341,"DIFS_stage1_modified",0.802610677083333,0.208,0.175,0.104,4.375,656,1531
300,6,0.5,4,1.6094379124341,"dip_original",0.805373263888889,0.216,0.175,0.104,4.375,574,1531
300,6,0.5,4,1.6094379124341,"dip_statistic_raw",0.685070888680174,0.256,0.175,0.104,4.375,444,1531
300,6,0.5,4,1.6094379124341,"n_expressing",0.888793402777778,0.144,0.178,0.12,4.45,772,1195
300,6,0.5,4,1.6094379124341,"Seurat_vst",0.925347945601852,0.42,0.213,0.111,5.325,120,192
300,6,0.5,4,1.6094379124341,"variance_lognorm",0.980539641203704,0.438,0.225,0.1175,5.625,120,198
300,6,0.5,4,1.6094379124341,"dropout_rate",0.441413845486111,0.032,0.03,0.0305,0.75,3447,5035
300,6,0.5,4,1.6094379124341,"random",0.491312210648148,0.04,0.039,0.041,0.975,2821,4883
300,6,0.5,4,1.6094379124341,"oracle_F",1,0.48,0.24,0.12,6,120,192
300,6,0.5,5,1.6094379124341,"DIFS_stage1_modified",0.75757884837963,0.168,0.156,0.093,3.9,775,2139
300,6,0.5,5,1.6094379124341,"dip_original",0.758880931712963,0.17,0.156,0.093,3.9,732,2139
300,6,0.5,5,1.6094379124341,"dip_statistic_raw",0.604989187519308,0.172,0.156,0.093,3.9,644,2139
300,6,0.5,5,1.6094379124341,"n_expressing",0.881253978587963,0.162,0.157,0.119,3.925,830,1178
300,6,0.5,5,1.6094379124341,"Seurat_vst",0.938577112268518,0.424,0.219,0.111,5.475,120,192
300,6,0.5,5,1.6094379124341,"variance_lognorm",0.974380787037037,0.44,0.225,0.116,5.625,120,194
300,6,0.5,5,1.6094379124341,"dropout_rate",0.445596064814815,0.02,0.026,0.0295,0.65,3246,4994
300,6,0.5,5,1.6094379124341,"random",0.506920572916667,0.044,0.04,0.0375,1,2849,4731
300,6,0.5,5,1.6094379124341,"oracle_F",1,0.48,0.24,0.12,6,120,192
300,8,0.2,1,1.6094379124341,"DIFS_stage1_modified",0.86429759837963,0.37,0.202,0.1075,5.05,250,641
300,8,0.2,1,1.6094379124341,"dip_original",0.865092592592593,0.37,0.202,0.1075,5.05,242,641
300,8,0.2,1,1.6094379124341,"dip_statistic_raw",0.636237256719184,0.37,0.202,0.1075,5.05,201,641
300,8,0.2,1,1.6094379124341,"n_expressing",0.975493706597222,0.474,0.24,0.12,6,252,395
300,8,0.2,1,1.6094379124341,"Seurat_vst",0.786068431712963,0.336,0.175,0.0915,4.375,120,3202
300,8,0.2,1,1.6094379124341,"variance_lognorm",0.999328703703704,0.478,0.239,0.12,5.975,120,192
300,8,0.2,1,1.6094379124341,"dropout_rate",0.398141276041667,0.02,0.021,0.0255,0.525,3844,5210
300,8,0.2,1,1.6094379124341,"random",0.547647569444444,0.064,0.055,0.049,1.375,2517,4569
300,8,0.2,1,1.6094379124341,"oracle_F",1,0.48,0.24,0.12,6,120,192
300,8,0.2,2,1.6094379124341,"DIFS_stage1_modified",0.880013020833333,0.384,0.201,0.1085,5.025,238,497
300,8,0.2,2,1.6094379124341,"dip_original",0.881105324074074,0.384,0.201,0.1085,5.025,228,497
300,8,0.2,2,1.6094379124341,"dip_statistic_raw",0.672716273442226,0.384,0.201,0.1085,5.025,184,497
300,8,0.2,2,1.6094379124341,"n_expressing",0.973999927662037,0.476,0.24,0.12,6,279,405
300,8,0.2,2,1.6094379124341,"Seurat_vst",0.809599247685185,0.374,0.188,0.0945,4.7,120,2330
300,8,0.2,2,1.6094379124341,"variance_lognorm",0.999909577546296,0.48,0.24,0.12,6,120,192
300,8,0.2,2,1.6094379124341,"dropout_rate",0.387769458912037,0.018,0.017,0.0225,0.425,3937,5252
300,8,0.2,2,1.6094379124341,"random",0.513682002314815,0.04,0.04,0.0425,1,2879,4638
300,8,0.2,2,1.6094379124341,"oracle_F",1,0.48,0.24,0.12,6,120,192
300,8,0.2,3,1.6094379124341,"DIFS_stage1_modified",0.806782769097222,0.318,0.178,0.11,4.45,264,1298
300,8,0.2,3,1.6094379124341,"dip_original",0.807456958912037,0.318,0.178,0.11,4.45,265,1298
300,8,0.2,3,1.6094379124341,"dip_statistic_raw",0.626483692746391,0.318,0.178,0.11,4.45,234,1298
300,8,0.2,3,1.6094379124341,"n_expressing",0.972922092013889,0.478,0.24,0.12,6,294,404
300,8,0.2,3,1.6094379124341,"Seurat_vst",0.784109519675926,0.348,0.18,0.091,4.5,120,4453
300,8,0.2,3,1.6094379124341,"variance_lognorm",0.999931278935185,0.48,0.24,0.12,6,120,192
300,8,0.2,3,1.6094379124341,"dropout_rate",0.397537977430556,0.014,0.02,0.0255,0.5,3832,5225
300,8,0.2,3,1.6094379124341,"random",0.515188802083333,0.042,0.042,0.0405,1.05,2961,4501
300,8,0.2,3,1.6094379124341,"oracle_F",1,0.48,0.24,0.12,6,120,192
300,8,0.2,4,1.6094379124341,"DIFS_stage1_modified",0.772270326967593,0.296,0.165,0.103,4.125,293,1590
300,8,0.2,4,1.6094379124341,"dip_original",0.772691333912037,0.296,0.165,0.103,4.125,285,1590
300,8,0.2,4,1.6094379124341,"dip_statistic_raw",0.584448503373467,0.296,0.165,0.103,4.125,266,1590
300,8,0.2,4,1.6094379124341,"n_expressing",0.97076099537037,0.46,0.24,0.12,6,281,411
300,8,0.2,4,1.6094379124341,"Seurat_vst",0.815862852347051,0.362,0.187,0.097,4.675,120,1546
300,8,0.2,4,1.6094379124341,"variance_lognorm",0.999801793981482,0.48,0.24,0.12,6,120,192
300,8,0.2,4,1.6094379124341,"dropout_rate",0.453656684027778,0.026,0.032,0.034,0.8,3267,5119
300,8,0.2,4,1.6094379124341,"random",0.485376880787037,0.046,0.048,0.0395,1.2,3289,5047
300,8,0.2,4,1.6094379124341,"oracle_F",1,0.48,0.24,0.12,6,120,192
300,8,0.2,5,1.6094379124341,"DIFS_stage1_modified",0.782514467592593,0.294,0.166,0.1005,4.15,307,1774
300,8,0.2,5,1.6094379124341,"dip_original",0.782834924768519,0.294,0.166,0.1005,4.15,294,1774
300,8,0.2,5,1.6094379124341,"dip_statistic_raw",0.573432343234323,0.294,0.166,0.1005,4.15,268,1774
300,8,0.2,5,1.6094379124341,"n_expressing",0.971116174768519,0.46,0.24,0.12,6,299,453
300,8,0.2,5,1.6094379124341,"Seurat_vst",0.790816695601852,0.354,0.185,0.095,4.625,120,4298
300,8,0.2,5,1.6094379124341,"variance_lognorm",0.999845196759259,0.48,0.24,0.12,6,120,192
300,8,0.2,5,1.6094379124341,"dropout_rate",0.403411458333333,0.012,0.014,0.0255,0.35,3681,5241
300,8,0.2,5,1.6094379124341,"random",0.495428240740741,0.048,0.045,0.0405,1.125,2969,4985
300,8,0.2,5,1.6094379124341,"oracle_F",1,0.48,0.24,0.12,6,120,192
300,8,0.5,1,1.6094379124341,"DIFS_stage1_modified",0.770280671296296,0.286,0.165,0.1025,4.125,360,1644
300,8,0.5,1,1.6094379124341,"dip_original",0.770470196759259,0.286,0.165,0.1025,4.125,367,1644
300,8,0.5,1,1.6094379124341,"dip_statistic_raw",0.535628404573784,0.286,0.165,0.1025,4.125,358,1644
300,8,0.5,1,1.6094379124341,"n_expressing",0.955620298032407,0.328,0.239,0.12,5.975,352,553
300,8,0.5,1,1.6094379124341,"Seurat_vst",0.805672743055556,0.354,0.181,0.095,4.525,120,2556
300,8,0.5,1,1.6094379124341,"variance_lognorm",0.998464265046296,0.478,0.239,0.12,5.975,120,192
300,8,0.5,1,1.6094379124341,"dropout_rate",0.45572193287037,0.02,0.032,0.033,0.8,3272,5066
300,8,0.5,1,1.6094379124341,"random",0.506636284722222,0.044,0.039,0.0385,0.975,2972,4642
300,8,0.5,1,1.6094379124341,"oracle_F",1,0.48,0.24,0.12,6,120,192
300,8,0.5,2,1.6094379124341,"DIFS_stage1_modified",0.777707609953704,0.294,0.165,0.1005,4.125,350,1823
300,8,0.5,2,1.6094379124341,"dip_original",0.777886284722222,0.294,0.165,0.1005,4.125,356,1823
300,8,0.5,2,1.6094379124341,"dip_statistic_raw",0.504316730523627,0.294,0.165,0.1005,4.125,349,1823
300,8,0.5,2,1.6094379124341,"n_expressing",0.961140046296296,0.362,0.24,0.12,6,361,523
300,8,0.5,2,1.6094379124341,"Seurat_vst",0.78740234375,0.346,0.182,0.0935,4.55,120,3604
300,8,0.5,2,1.6094379124341,"variance_lognorm",0.998591579861111,0.476,0.24,0.12,6,120,192
300,8,0.5,2,1.6094379124341,"dropout_rate",0.404768880208333,0.012,0.015,0.0245,0.375,3516,5091
300,8,0.5,2,1.6094379124341,"random",0.5048046875,0.032,0.032,0.039,0.8,2849,4607
300,8,0.5,2,1.6094379124341,"oracle_F",1,0.48,0.24,0.12,6,120,192
300,8,0.5,3,1.6094379124341,"DIFS_stage1_modified",0.790508897569444,0.304,0.171,0.098,4.275,365,1858
300,8,0.5,3,1.6094379124341,"dip_original",0.790457537615741,0.304,0.171,0.098,4.275,361,1858
300,8,0.5,3,1.6094379124341,"dip_statistic_raw",0.498456317315171,0.304,0.171,0.098,4.275,340,1858
300,8,0.5,3,1.6094379124341,"n_expressing",0.961165364583333,0.318,0.239,0.12,5.975,361,562
300,8,0.5,3,1.6094379124341,"Seurat_vst",0.698044704861111,0.31,0.158,0.082,3.95,120,5730
300,8,0.5,3,1.6094379124341,"variance_lognorm",0.998810763888889,0.478,0.239,0.12,5.975,120,192
300,8,0.5,3,1.6094379124341,"dropout_rate",0.416447844328704,0.01,0.013,0.025,0.325,3488,5087
300,8,0.5,3,1.6094379124341,"random",0.506247829861111,0.032,0.035,0.0395,0.875,2903,4635
300,8,0.5,3,1.6094379124341,"oracle_F",1,0.48,0.24,0.12,6,120,192
300,8,0.5,4,1.6094379124341,"DIFS_stage1_modified",0.766941550925926,0.286,0.158,0.1035,3.95,387,1691
300,8,0.5,4,1.6094379124341,"dip_original",0.767053674768518,0.286,0.158,0.1035,3.95,385,1691
300,8,0.5,4,1.6094379124341,"dip_statistic_raw",0.557190635451505,0.286,0.158,0.1035,3.95,354,1691
300,8,0.5,4,1.6094379124341,"n_expressing",0.953217954282407,0.362,0.24,0.12,6,329,744
300,8,0.5,4,1.6094379124341,"Seurat_vst",0.803253761574074,0.356,0.183,0.095,4.575,120,2427
300,8,0.5,4,1.6094379124341,"variance_lognorm",0.995161313657407,0.462,0.239,0.12,5.975,120,192
300,8,0.5,4,1.6094379124341,"dropout_rate",0.447913049768519,0.012,0.021,0.032,0.525,3236,4913
300,8,0.5,4,1.6094379124341,"random",0.475909288194444,0.04,0.039,0.0375,0.975,3255,4764
300,8,0.5,4,1.6094379124341,"oracle_F",1,0.48,0.24,0.12,6,120,192
300,8,0.5,5,1.6094379124341,"DIFS_stage1_modified",0.794515335648148,0.31,0.171,0.098,4.275,327,1851
300,8,0.5,5,1.6094379124341,"dip_original",0.794457465277778,0.31,0.171,0.098,4.275,329,1851
300,8,0.5,5,1.6094379124341,"dip_statistic_raw",0.504108591637196,0.31,0.171,0.098,4.275,320,1851
300,8,0.5,5,1.6094379124341,"n_expressing",0.964084201388889,0.378,0.24,0.12,6,304,535
300,8,0.5,5,1.6094379124341,"Seurat_vst",0.765621383101852,0.324,0.173,0.09,4.325,120,5345
300,8,0.5,5,1.6094379124341,"variance_lognorm",0.999476273148148,0.478,0.24,0.12,6,120,192
300,8,0.5,5,1.6094379124341,"dropout_rate",0.425221715856481,0.018,0.022,0.028,0.55,3498,5091
300,8,0.5,5,1.6094379124341,"random",0.492546296296296,0.03,0.036,0.038,0.9,3020,4802
300,8,0.5,5,1.6094379124341,"oracle_F",1,0.48,0.24,0.12,6,120,192
600,2,0.2,1,1.6094379124341,"DIFS_stage1_modified",0.613755787037037,0.088,0.076,0.0705,1.9,1622,2839
600,2,0.2,1,1.6094379124341,"dip_original",0.61802662037037,0.1,0.087,0.0705,2.175,1622,2839
600,2,0.2,1,1.6094379124341,"dip_statistic_raw",0.65884855737269,0.116,0.097,0.0705,2.425,1622,2839
600,2,0.2,1,1.6094379124341,"n_expressing",0.658610387731482,0.03,0.062,0.0745,1.55,1657,2905
600,2,0.2,1,1.6094379124341,"Seurat_vst",0.999422743055556,0.478,0.239,0.12,5.975,120,192
600,2,0.2,1,1.6094379124341,"variance_lognorm",0.69744068287037,0.188,0.111,0.067,2.775,1399,3825
600,2,0.2,1,1.6094379124341,"dropout_rate",0.487615379050926,0.022,0.032,0.0375,0.8,3014,4777
600,2,0.2,1,1.6094379124341,"random",0.488259548611111,0.034,0.037,0.0375,0.925,3172,4688
600,2,0.2,1,1.6094379124341,"oracle_F",1,0.48,0.24,0.12,6,120,192
600,2,0.2,2,1.6094379124341,"DIFS_stage1_modified",0.661579861111111,0.118,0.095,0.076,2.375,1408,2839
600,2,0.2,2,1.6094379124341,"dip_original",0.663834635416667,0.128,0.098,0.076,2.45,1351,2839
600,2,0.2,2,1.6094379124341,"dip_statistic_raw",0.604452831044018,0.108,0.103,0.076,2.575,1285,2839
600,2,0.2,2,1.6094379124341,"n_expressing",0.69333984375,0.044,0.082,0.0765,2.05,1404,2728
600,2,0.2,2,1.6094379124341,"Seurat_vst",0.999709924768518,0.478,0.24,0.12,6,120,193
600,2,0.2,2,1.6094379124341,"variance_lognorm",0.724045138888889,0.22,0.13,0.0715,3.25,640,3661
600,2,0.2,2,1.6094379124341,"dropout_rate",0.446327763310185,0.036,0.031,0.0355,0.775,3536,5166
600,2,0.2,2,1.6094379124341,"random",0.494169560185185,0.04,0.035,0.0385,0.875,3006,4777
600,2,0.2,2,1.6094379124341,"oracle_F",1,0.48,0.24,0.12,6,120,192
600,2,0.2,3,1.6094379124341,"DIFS_stage1_modified",0.65930736400463,0.106,0.098,0.0775,2.45,1288,2744
600,2,0.2,3,1.6094379124341,"dip_original",0.663493561921296,0.11,0.103,0.0775,2.575,1272,2744
600,2,0.2,3,1.6094379124341,"dip_statistic_raw",0.632643962572239,0.132,0.105,0.0775,2.625,1411,2744
600,2,0.2,3,1.6094379124341,"n_expressing",0.699358362268519,0.068,0.073,0.082,1.825,1425,2592
600,2,0.2,3,1.6094379124341,"Seurat_vst",0.999969618055556,0.48,0.24,0.12,6,120,192
600,2,0.2,3,1.6094379124341,"variance_lognorm",0.744150028935185,0.222,0.132,0.08,3.3,705,3684
600,2,0.2,3,1.6094379124341,"dropout_rate",0.440994285300926,0.028,0.03,0.032,0.75,3472,5114
600,2,0.2,3,1.6094379124341,"random",0.488355758101852,0.038,0.036,0.0375,0.9,3097,4824
600,2,0.2,3,1.6094379124341,"oracle_F",1,0.48,0.24,0.12,6,120,192
600,2,0.2,4,1.6094379124341,"DIFS_stage1_modified",0.655348307291667,0.108,0.093,0.076,2.325,1445,2655
600,2,0.2,4,1.6094379124341,"dip_original",0.659125795717593,0.118,0.102,0.076,2.55,1421,2655
600,2,0.2,4,1.6094379124341,"dip_statistic_raw",0.620385649763323,0.132,0.107,0.076,2.675,1335,2655
600,2,0.2,4,1.6094379124341,"n_expressing",0.713765914351852,0.048,0.075,0.086,1.875,1407,2365
600,2,0.2,4,1.6094379124341,"Seurat_vst",0.999898003472222,0.48,0.24,0.12,6,120,192
600,2,0.2,4,1.6094379124341,"variance_lognorm",0.76761646412037,0.23,0.134,0.082,3.35,580,3101
600,2,0.2,4,1.6094379124341,"dropout_rate",0.425708912037037,0.02,0.022,0.0285,0.55,3659,5021
600,2,0.2,4,1.6094379124341,"random",0.481343315972222,0.05,0.037,0.036,0.925,3209,4884
600,2,0.2,4,1.6094379124341,"oracle_F",1,0.48,0.24,0.12,6,120,192
600,2,0.2,5,1.6094379124341,"DIFS_stage1_modified",0.609588758680556,0.106,0.074,0.065,1.85,1758,3004
600,2,0.2,5,1.6094379124341,"dip_original",0.613060980902778,0.106,0.08,0.065,2,1758,3004
600,2,0.2,5,1.6094379124341,"dip_statistic_raw",0.632158605001768,0.116,0.088,0.065,2.2,1758,3004
600,2,0.2,5,1.6094379124341,"n_expressing",0.670605830439815,0.048,0.056,0.074,1.4,1645,2826
600,2,0.2,5,1.6094379124341,"Seurat_vst",0.999951533564815,0.48,0.24,0.12,6,120,192
600,2,0.2,5,1.6094379124341,"variance_lognorm",0.692709780092593,0.18,0.112,0.0705,2.8,1291,3830
600,2,0.2,5,1.6094379124341,"dropout_rate",0.47750904224537,0.04,0.034,0.04,0.85,3155,4986
600,2,0.2,5,1.6094379124341,"random",0.513644386574074,0.04,0.045,0.039,1.125,2757,4814
600,2,0.2,5,1.6094379124341,"oracle_F",1,0.48,0.24,0.12,6,120,192
600,2,0.5,1,1.6094379124341,"DIFS_stage1_modified",0.640180844907407,0.074,0.074,0.072,1.85,1540,2875
600,2,0.5,1,1.6094379124341,"dip_original",0.641576244212963,0.074,0.074,0.072,1.85,1583,2875
600,2,0.5,1,1.6094379124341,"dip_statistic_raw",0.535674112164551,0.088,0.08,0.072,2,1607,2875
600,2,0.5,1,1.6094379124341,"n_expressing",0.695354456018519,0.06,0.064,0.072,1.6,1608,2785
600,2,0.5,1,1.6094379124341,"Seurat_vst",0.997820457175926,0.476,0.239,0.12,5.975,120,194
600,2,0.5,1,1.6094379124341,"variance_lognorm",0.720467303240741,0.166,0.106,0.0745,2.65,1283,3359
600,2,0.5,1,1.6094379124341,"dropout_rate",0.42364185474537,0.018,0.021,0.0275,0.525,3566,5068
600,2,0.5,1,1.6094379124341,"random",0.526459056712963,0.044,0.048,0.042,1.2,2840,4442
600,2,0.5,1,1.6094379124341,"oracle_F",1,0.48,0.24,0.12,6,120,192
600,2,0.5,2,1.6094379124341,"DIFS_stage1_modified",0.583255208333333,0.06,0.057,0.0605,1.425,1984,3215
600,2,0.5,2,1.6094379124341,"dip_original",0.582836371527778,0.05,0.058,0.0605,1.45,1984,3215
600,2,0.5,2,1.6094379124341,"dip_statistic_raw",0.503253475303165,0.062,0.063,0.0605,1.575,1984,3215
600,2,0.5,2,1.6094379124341,"n_expressing",0.649915002893519,0.06,0.056,0.064,1.4,1908,3144
600,2,0.5,2,1.6094379124341,"Seurat_vst",0.997241753472222,0.472,0.239,0.12,5.975,120,198
600,2,0.5,2,1.6094379124341,"variance_lognorm",0.648318142361111,0.12,0.087,0.0655,2.175,1769,3884
600,2,0.5,2,1.6094379124341,"dropout_rate",0.475704210069444,0.042,0.034,0.04,0.85,3167,5040
600,2,0.5,2,1.6094379124341,"random",0.515753038194444,0.04,0.04,0.0425,1,2836,4693
600,2,0.5,2,1.6094379124341,"oracle_F",1,0.48,0.24,0.12,6,120,192
600,2,0.5,3,1.6094379124341,"DIFS_stage1_modified",0.580172887731481,0.044,0.049,0.063,1.225,1916,3179
600,2,0.5,3,1.6094379124341,"dip_original",0.581694878472222,0.042,0.051,0.063,1.275,1916,3179
600,2,0.5,3,1.6094379124341,"dip_statistic_raw",0.490285358613425,0.064,0.06,0.063,1.5,1916,3179
600,2,0.5,3,1.6094379124341,"n_expressing",0.666708984375,0.06,0.057,0.064,1.425,1920,2991
600,2,0.5,3,1.6094379124341,"Seurat_vst",0.99757740162037,0.474,0.239,0.1195,5.975,120,194
600,2,0.5,3,1.6094379124341,"variance_lognorm",0.67705005787037,0.13,0.095,0.07,2.375,1660,3866
600,2,0.5,3,1.6094379124341,"dropout_rate",0.456453269675926,0.026,0.027,0.031,0.675,3254,4974
600,2,0.5,3,1.6094379124341,"random",0.512685908564815,0.044,0.05,0.0455,1.25,2903,4904
600,2,0.5,3,1.6094379124341,"oracle_F",1,0.48,0.24,0.12,6,120,192
600,2,0.5,4,1.6094379124341,"DIFS_stage1_modified",0.608336950231481,0.066,0.065,0.066,1.625,1803,2974
600,2,0.5,4,1.6094379124341,"dip_original",0.607758246527778,0.072,0.064,0.066,1.6,1793,2974
600,2,0.5,4,1.6094379124341,"dip_statistic_raw",0.485422378379338,0.06,0.063,0.066,1.575,1838,2974
600,2,0.5,4,1.6094379124341,"n_expressing",0.663917824074074,0.064,0.071,0.0685,1.775,1811,2996
600,2,0.5,4,1.6094379124341,"Seurat_vst",0.998169849537037,0.474,0.24,0.12,6,120,194
600,2,0.5,4,1.6094379124341,"variance_lognorm",0.681909722222222,0.148,0.103,0.071,2.575,1414,3851
600,2,0.5,4,1.6094379124341,"dropout_rate",0.444591290509259,0.024,0.034,0.035,0.85,3518,5152
600,2,0.5,4,1.6094379124341,"random",0.48767578125,0.034,0.037,0.035,0.925,3090,4783
600,2,0.5,4,1.6094379124341,"oracle_F",1,0.48,0.24,0.12,6,120,192
600,2,0.5,5,1.6094379124341,"DIFS_stage1_modified",0.606419632523148,0.068,0.066,0.0665,1.65,1866,3116
600,2,0.5,5,1.6094379124341,"dip_original",0.606435546875,0.076,0.068,0.0665,1.7,1840,3116
600,2,0.5,5,1.6094379124341,"dip_statistic_raw",0.505644268774704,0.066,0.069,0.0665,1.725,1768,3116
600,2,0.5,5,1.6094379124341,"n_expressing",0.675878544560185,0.064,0.065,0.068,1.625,1810,2804
600,2,0.5,5,1.6094379124341,"Seurat_vst",0.999914641203704,0.48,0.24,0.12,6,120,192
600,2,0.5,5,1.6094379124341,"variance_lognorm",0.688297164351852,0.148,0.097,0.0685,2.425,1515,3481
600,2,0.5,5,1.6094379124341,"dropout_rate",0.450139973958333,0.032,0.026,0.0335,0.65,3364,5081
600,2,0.5,5,1.6094379124341,"random",0.499663628472222,0.038,0.043,0.0415,1.075,2989,4885
600,2,0.5,5,1.6094379124341,"oracle_F",1,0.48,0.24,0.12,6,120,192
600,3,0.2,1,1.6094379124341,"DIFS_stage1_modified",0.763559027777778,0.166,0.128,0.0915,3.2,820,2373
600,3,0.2,1,1.6094379124341,"dip_original",0.769331597222222,0.178,0.141,0.0915,3.525,817,2373
600,3,0.2,1,1.6094379124341,"dip_statistic_raw",0.695478816834118,0.2,0.145,0.0915,3.625,700,2373
600,3,0.2,1,1.6094379124341,"n_expressing",0.791209129050926,0.05,0.097,0.1035,2.425,1175,1628
600,3,0.2,1,1.6094379124341,"Seurat_vst",1,0.48,0.24,0.12,6,120,192
600,3,0.2,1,1.6094379124341,"variance_lognorm",0.872241753472222,0.334,0.18,0.0995,4.5,120,1688
600,3,0.2,1,1.6094379124341,"dropout_rate",0.427549913194444,0.024,0.03,0.025,0.75,3555,5066
600,3,0.2,1,1.6094379124341,"random",0.492165075231482,0.046,0.048,0.0395,1.2,3246,4900
600,3,0.2,1,1.6094379124341,"oracle_F",1,0.48,0.24,0.12,6,120,192
600,3,0.2,2,1.6094379124341,"DIFS_stage1_modified",0.740159505208333,0.154,0.117,0.0905,2.925,1033,2238
600,3,0.2,2,1.6094379124341,"dip_original",0.748178891782407,0.174,0.129,0.0905,3.225,864,2238
600,3,0.2,2,1.6094379124341,"dip_statistic_raw",0.727489364055809,0.198,0.152,0.0905,3.8,661,2238
600,3,0.2,2,1.6094379124341,"n_expressing",0.780238353587963,0.042,0.085,0.105,2.125,1240,1777
600,3,0.2,2,1.6094379124341,"Seurat_vst",1,0.48,0.24,0.12,6,120,192
600,3,0.2,2,1.6094379124341,"variance_lognorm",0.867102864583333,0.32,0.173,0.0975,4.325,120,1948
600,3,0.2,2,1.6094379124341,"dropout_rate",0.46021556712963,0.016,0.026,0.033,0.65,3367,4680
600,3,0.2,2,1.6094379124341,"random",0.46958912037037,0.026,0.032,0.035,0.8,3252,4818
600,3,0.2,2,1.6094379124341,"oracle_F",1,0.48,0.24,0.12,6,120,192
600,3,0.2,3,1.6094379124341,"DIFS_stage1_modified",0.738729383680556,0.184,0.119,0.0875,2.975,1003,2586
600,3,0.2,3,1.6094379124341,"dip_original",0.742380280671296,0.194,0.124,0.0875,3.1,925,2586
600,3,0.2,3,1.6094379124341,"dip_statistic_raw",0.718007216398948,0.19,0.14,0.0875,3.5,764,2586
600,3,0.2,3,1.6094379124341,"n_expressing",0.773951822916667,0.072,0.092,0.0995,2.3,1178,1776
600,3,0.2,3,1.6094379124341,"Seurat_vst",1,0.48,0.24,0.12,6,120,192
600,3,0.2,3,1.6094379124341,"variance_lognorm",0.839505931712963,0.32,0.173,0.0945,4.325,120,2183
600,3,0.2,3,1.6094379124341,"dropout_rate",0.437485532407407,0.042,0.031,0.032,0.775,3433,5121
600,3,0.2,3,1.6094379124341,"random",0.482681568287037,0.036,0.032,0.0395,0.8,3109,4891
600,3,0.2,3,1.6094379124341,"oracle_F",1,0.48,0.24,0.12,6,120,192
600,3,0.2,4,1.6094379124341,"DIFS_stage1_modified",0.742861689814815,0.18,0.122,0.0885,3.05,953,2311
600,3,0.2,4,1.6094379124341,"dip_original",0.748292100694444,0.196,0.128,0.0885,3.2,797,2311
600,3,0.2,4,1.6094379124341,"dip_statistic_raw",0.735741586998981,0.196,0.142,0.0885,3.55,698,2311
600,3,0.2,4,1.6094379124341,"n_expressing",0.778070023148148,0.066,0.084,0.1025,2.1,1226,1805
600,3,0.2,4,1.6094379124341,"Seurat_vst",1,0.48,0.24,0.12,6,120,192
600,3,0.2,4,1.6094379124341,"variance_lognorm",0.848313078703704,0.306,0.165,0.091,4.125,122,2387
600,3,0.2,4,1.6094379124341,"dropout_rate",0.431023943865741,0.02,0.025,0.0325,0.625,3384,5237
600,3,0.2,4,1.6094379124341,"random",0.492145543981481,0.044,0.042,0.0395,1.05,3078,4824
600,3,0.2,4,1.6094379124341,"oracle_F",1,0.48,0.24,0.12,6,120,192
600,3,0.2,5,1.6094379124341,"DIFS_stage1_modified",0.702719184027778,0.142,0.108,0.085,2.7,1105,2364
600,3,0.2,5,1.6094379124341,"dip_original",0.708364438657407,0.158,0.117,0.085,2.925,1071,2364
600,3,0.2,5,1.6094379124341,"dip_statistic_raw",0.709155563934976,0.176,0.13,0.085,3.25,864,2364
600,3,0.2,5,1.6094379124341,"n_expressing",0.765406177662037,0.06,0.084,0.0965,2.1,1321,1975
600,3,0.2,5,1.6094379124341,"Seurat_vst",0.999997106481481,0.48,0.24,0.12,6,120,192
600,3,0.2,5,1.6094379124341,"variance_lognorm",0.832667824074074,0.29,0.157,0.093,3.925,157,2170
600,3,0.2,5,1.6094379124341,"dropout_rate",0.465413411458333,0.026,0.027,0.037,0.675,3070,5078
600,3,0.2,5,1.6094379124341,"random",0.492259837962963,0.042,0.042,0.04,1.05,3224,4757
600,3,0.2,5,1.6094379124341,"oracle_F",1,0.48,0.24,0.12,6,120,192
600,3,0.5,1,1.6094379124341,"DIFS_stage1_modified",0.693012876157407,0.11,0.096,0.083,2.4,1329,2578
600,3,0.5,1,1.6094379124341,"dip_original",0.695709635416667,0.112,0.1,0.083,2.5,1257,2578
600,3,0.5,1,1.6094379124341,"dip_statistic_raw",0.575062034739454,0.094,0.104,0.083,2.6,1198,2578
600,3,0.5,1,1.6094379124341,"n_expressing",0.753585792824074,0.068,0.077,0.085,1.925,1422,2305
600,3,0.5,1,1.6094379124341,"Seurat_vst",0.999997106481481,0.48,0.24,0.12,6,120,192
600,3,0.5,1,1.6094379124341,"variance_lognorm",0.799508101851852,0.228,0.141,0.0845,3.525,566,2780
600,3,0.5,1,1.6094379124341,"dropout_rate",0.43186451099537,0.02,0.023,0.0325,0.575,3477,5150
600,3,0.5,1,1.6094379124341,"random",0.478080873842593,0.03,0.036,0.0355,0.9,3242,4765
600,3,0.5,1,1.6094379124341,"oracle_F",1,0.48,0.24,0.12,6,120,192
600,3,0.5,2,1.6094379124341,"DIFS_stage1_modified",0.670754123263889,0.116,0.084,0.0775,2.1,1516,2595
600,3,0.5,2,1.6094379124341,"dip_original",0.673020471643519,0.116,0.09,0.0775,2.25,1482,2595
600,3,0.5,2,1.6094379124341,"dip_statistic_raw",0.558563332882038,0.096,0.09,0.0775,2.25,1417,2595
600,3,0.5,2,1.6094379124341,"n_expressing",0.73862232349537,0.07,0.081,0.0785,2.025,1598,2362
600,3,0.5,2,1.6094379124341,"Seurat_vst",0.999926215277778,0.48,0.24,0.12,6,120,192
600,3,0.5,2,1.6094379124341,"variance_lognorm",0.777021122685185,0.214,0.128,0.084,3.2,758,2612
600,3,0.5,2,1.6094379124341,"dropout_rate",0.455822482638889,0.024,0.026,0.036,0.65,3206,5049
600,3,0.5,2,1.6094379124341,"random",0.490852141203704,0.03,0.032,0.039,0.8,2989,4803
600,3,0.5,2,1.6094379124341,"oracle_F",1,0.48,0.24,0.12,6,120,192
600,3,0.5,3,1.6094379124341,"DIFS_stage1_modified",0.696725983796296,0.102,0.097,0.0815,2.425,1257,2731
600,3,0.5,3,1.6094379124341,"dip_original",0.701359230324074,0.112,0.108,0.0815,2.7,1234,2731
600,3,0.5,3,1.6094379124341,"dip_statistic_raw",0.586418230314991,0.128,0.099,0.0815,2.475,1167,2731
600,3,0.5,3,1.6094379124341,"n_expressing",0.743805338541667,0.068,0.081,0.087,2.025,1518,2290
600,3,0.5,3,1.6094379124341,"Seurat_vst",0.999914641203704,0.48,0.24,0.12,6,120,192
600,3,0.5,3,1.6094379124341,"variance_lognorm",0.791549479166667,0.224,0.137,0.0865,3.425,619,2579
600,3,0.5,3,1.6094379124341,"dropout_rate",0.446145109953704,0.026,0.029,0.033,0.725,3420,4911
600,3,0.5,3,1.6094379124341,"random",0.524307002314815,0.04,0.045,0.044,1.125,2817,4522
600,3,0.5,3,1.6094379124341,"oracle_F",1,0.48,0.24,0.12,6,120,192
600,3,0.5,4,1.6094379124341,"DIFS_stage1_modified",0.71395580150463,0.122,0.108,0.0865,2.7,1162,2475
600,3,0.5,4,1.6094379124341,"dip_original",0.718455946180556,0.134,0.113,0.0865,2.825,1106,2475
600,3,0.5,4,1.6094379124341,"dip_statistic_raw",0.594898051818363,0.124,0.106,0.0865,2.65,1186,2475
600,3,0.5,4,1.6094379124341,"n_expressing",0.748398075810185,0.06,0.076,0.088,1.9,1376,2275
600,3,0.5,4,1.6094379124341,"Seurat_vst",1,0.48,0.24,0.12,6,120,192
600,3,0.5,4,1.6094379124341,"variance_lognorm",0.803980034722222,0.25,0.149,0.088,3.725,361,2896
600,3,0.5,4,1.6094379124341,"dropout_rate",0.448616898148148,0.02,0.032,0.034,0.8,3580,5032
600,3,0.5,4,1.6094379124341,"random",0.506022858796296,0.044,0.04,0.0405,1,2940,4742
600,3,0.5,4,1.6094379124341,"oracle_F",1,0.48,0.24,0.12,6,120,192
600,3,0.5,5,1.6094379124341,"DIFS_stage1_modified",0.720003616898148,0.116,0.102,0.0875,2.55,1168,2360
600,3,0.5,5,1.6094379124341,"dip_original",0.725620659722222,0.116,0.116,0.0875,2.9,1044,2360
600,3,0.5,5,1.6094379124341,"dip_statistic_raw",0.608122384438174,0.14,0.12,0.0875,3,980,2360
600,3,0.5,5,1.6094379124341,"n_expressing",0.753391203703704,0.062,0.07,0.0895,1.75,1452,2121
600,3,0.5,5,1.6094379124341,"Seurat_vst",1,0.48,0.24,0.12,6,120,192
600,3,0.5,5,1.6094379124341,"variance_lognorm",0.822037760416667,0.244,0.154,0.092,3.85,479,2305
600,3,0.5,5,1.6094379124341,"dropout_rate",0.445566767939815,0.016,0.028,0.0315,0.7,3448,4818
600,3,0.5,5,1.6094379124341,"random",0.467543402777778,0.04,0.036,0.0345,0.9,3260,4910
600,3,0.5,5,1.6094379124341,"oracle_F",1,0.48,0.24,0.12,6,120,192
600,4,0.2,1,1.6094379124341,"DIFS_stage1_modified",0.822907986111111,0.206,0.144,0.0995,3.6,712,1416
600,4,0.2,1,1.6094379124341,"dip_original",0.829500868055556,0.218,0.148,0.0995,3.7,607,1386
600,4,0.2,1,1.6094379124341,"dip_statistic_raw",0.738309689398505,0.234,0.177,0.0995,4.425,516,1242
600,4,0.2,1,1.6094379124341,"n_expressing",0.83938404224537,0.068,0.117,0.1155,2.925,1019,1423
600,4,0.2,1,1.6094379124341,"Seurat_vst",0.991831597222222,0.476,0.238,0.119,5.95,120,192
600,4,0.2,1,1.6094379124341,"variance_lognorm",0.951629050925926,0.402,0.21,0.1125,5.25,120,257
600,4,0.2,1,1.6094379124341,"dropout_rate",0.420288266782407,0.014,0.025,0.03,0.625,3573,5181
600,4,0.2,1,1.6094379124341,"random",0.521499565972222,0.052,0.046,0.045,1.15,2800,4718
600,4,0.2,1,1.6094379124341,"oracle_F",1,0.48,0.24,0.12,6,120,192
600,4,0.2,2,1.6094379124341,"DIFS_stage1_modified",0.843938078703704,0.196,0.152,0.109,3.8,710,1309
600,4,0.2,2,1.6094379124341,"dip_original",0.854007523148148,0.214,0.164,0.109,4.1,585,1241
600,4,0.2,2,1.6094379124341,"dip_statistic_raw",0.737497504691181,0.242,0.191,0.109,4.775,480,1008
600,4,0.2,2,1.6094379124341,"n_expressing",0.845470196759259,0.062,0.115,0.1175,2.875,1032,1357
600,4,0.2,2,1.6094379124341,"Seurat_vst",0.999152199074074,0.478,0.239,0.12,5.975,120,192
600,4,0.2,2,1.6094379124341,"variance_lognorm",0.95890697337963,0.414,0.215,0.1125,5.375,120,200
600,4,0.2,2,1.6094379124341,"dropout_rate",0.418922887731482,0.012,0.024,0.0285,0.6,3721,4940
600,4,0.2,2,1.6094379124341,"random",0.533917100694444,0.054,0.05,0.0475,1.25,2554,4781
600,4,0.2,2,1.6094379124341,"oracle_F",1,0.48,0.24,0.12,6,120,192
600,4,0.2,3,1.6094379124341,"DIFS_stage1_modified",0.814304832175926,0.198,0.142,0.1045,3.55,732,1464
600,4,0.2,3,1.6094379124341,"dip_original",0.821369357638889,0.214,0.151,0.1045,3.775,603,1446
600,4,0.2,3,1.6094379124341,"dip_statistic_raw",0.729024491422715,0.236,0.175,0.1045,4.375,511,1318
600,4,0.2,3,1.6094379124341,"n_expressing",0.832283347800926,0.072,0.106,0.115,2.65,1120,1392
600,4,0.2,3,1.6094379124341,"Seurat_vst",0.994251302083333,0.474,0.238,0.119,5.95,120,192
600,4,0.2,3,1.6094379124341,"variance_lognorm",0.951630497685185,0.41,0.211,0.1115,5.275,120,208
600,4,0.2,3,1.6094379124341,"dropout_rate",0.423868634259259,0.012,0.017,0.0255,0.425,3471,5068
600,4,0.2,3,1.6094379124341,"random",0.492063802083333,0.026,0.028,0.037,0.7,2947,4768
600,4,0.2,3,1.6094379124341,"oracle_F",1,0.48,0.24,0.12,6,120,192
600,4,0.2,4,1.6094379124341,"DIFS_stage1_modified",0.816926359953704,0.194,0.147,0.1,3.675,685,1411
600,4,0.2,4,1.6094379124341,"dip_original",0.821599392361111,0.206,0.154,0.1,3.85,607,1395
600,4,0.2,4,1.6094379124341,"dip_statistic_raw",0.693303085916259,0.216,0.169,0.1,4.225,578,1283
600,4,0.2,4,1.6094379124341,"n_expressing",0.839513165509259,0.094,0.124,0.1145,3.1,958,1411
600,4,0.2,4,1.6094379124341,"Seurat_vst",0.995857928240741,0.478,0.239,0.1195,5.975,120,192
600,4,0.2,4,1.6094379124341,"variance_lognorm",0.939935619212963,0.408,0.209,0.1115,5.225,120,233
600,4,0.2,4,1.6094379124341,"dropout_rate",0.435699146412037,0.022,0.023,0.0315,0.575,3263,5187
600,4,0.2,4,1.6094379124341,"random",0.480252459490741,0.034,0.041,0.036,1.025,3140,4887
600,4,0.2,4,1.6094379124341,"oracle_F",1,0.48,0.24,0.12,6,120,192
600,4,0.2,5,1.6094379124341,"DIFS_stage1_modified",0.800082465277778,0.182,0.147,0.099,3.675,801,1662
600,4,0.2,5,1.6094379124341,"dip_original",0.806849681712963,0.2,0.155,0.099,3.875,668,1662
600,4,0.2,5,1.6094379124341,"dip_statistic_raw",0.739925768822906,0.248,0.176,0.099,4.4,479,1662
600,4,0.2,5,1.6094379124341,"n_expressing",0.842526041666667,0.056,0.115,0.117,2.875,1011,1500
600,4,0.2,5,1.6094379124341,"Seurat_vst",0.992023292824074,0.476,0.238,0.119,5.95,120,192
600,4,0.2,5,1.6094379124341,"variance_lognorm",0.938182146990741,0.39,0.205,0.1095,5.125,120,350
600,4,0.2,5,1.6094379124341,"dropout_rate",0.415132016782407,0.014,0.023,0.0275,0.575,3560,5159
600,4,0.2,5,1.6094379124341,"random",0.502925347222222,0.036,0.046,0.0365,1.15,2953,4751
600,4,0.2,5,1.6094379124341,"oracle_F",1,0.48,0.24,0.12,6,120,192
600,4,0.5,1,1.6094379124341,"DIFS_stage1_modified",0.784361255787037,0.18,0.131,0.097,3.275,898,1867
600,4,0.5,1,1.6094379124341,"dip_original",0.786241319444444,0.186,0.127,0.097,3.175,861,1867
600,4,0.5,1,1.6094379124341,"dip_statistic_raw",0.621366448550695,0.158,0.134,0.097,3.35,897,1867
600,4,0.5,1,1.6094379124341,"n_expressing",0.811098090277778,0.086,0.107,0.1075,2.675,1095,1799
600,4,0.5,1,1.6094379124341,"Seurat_vst",0.992005931712963,0.472,0.236,0.119,5.9,120,192
600,4,0.5,1,1.6094379124341,"variance_lognorm",0.899991319444444,0.342,0.187,0.105,4.675,121,1136
600,4,0.5,1,1.6094379124341,"dropout_rate",0.435738208912037,0.02,0.022,0.033,0.55,3434,5159
600,4,0.5,1,1.6094379124341,"random",0.485797164351852,0.03,0.034,0.038,0.85,3202,4827
600,4,0.5,1,1.6094379124341,"oracle_F",1,0.48,0.24,0.12,6,120,192
600,4,0.5,2,1.6094379124341,"DIFS_stage1_modified",0.777648292824074,0.166,0.122,0.099,3.05,978,1889
600,4,0.5,2,1.6094379124341,"dip_original",0.781650028935185,0.152,0.131,0.099,3.275,886,1889
600,4,0.5,2,1.6094379124341,"dip_statistic_raw",0.635645287555568,0.164,0.138,0.099,3.45,811,1889
600,4,0.5,2,1.6094379124341,"n_expressing",0.813410734953704,0.084,0.094,0.103,2.35,1200,1782
600,4,0.5,2,1.6094379124341,"Seurat_vst",0.998547453703704,0.478,0.239,0.1195,5.975,120,192
600,4,0.5,2,1.6094379124341,"variance_lognorm",0.899127604166667,0.334,0.185,0.1035,4.625,128,1202
600,4,0.5,2,1.6094379124341,"dropout_rate",0.414367042824074,0.012,0.02,0.0255,0.5,3573,5221
600,4,0.5,2,1.6094379124341,"random",0.529682436342593,0.05,0.042,0.043,1.05,2829,4510
600,4,0.5,2,1.6094379124341,"oracle_F",1,0.48,0.24,0.12,6,120,192
600,4,0.5,3,1.6094379124341,"DIFS_stage1_modified",0.76306640625,0.17,0.123,0.0915,3.075,949,2240
600,4,0.5,3,1.6094379124341,"dip_original",0.766901765046296,0.172,0.125,0.0915,3.125,893,2240
600,4,0.5,3,1.6094379124341,"dip_statistic_raw",0.646276960872864,0.168,0.135,0.0915,3.375,848,2240
600,4,0.5,3,1.6094379124341,"n_expressing",0.805053891782407,0.1,0.098,0.104,2.45,1271,1828
600,4,0.5,3,1.6094379124341,"Seurat_vst",0.992788628472222,0.474,0.238,0.119,5.95,120,192
600,4,0.5,3,1.6094379124341,"variance_lognorm",0.882591145833333,0.314,0.179,0.1005,4.475,128,1437
600,4,0.5,3,1.6094379124341,"dropout_rate",0.433764467592593,0.032,0.029,0.0325,0.725,3507,5241
600,4,0.5,3,1.6094379124341,"random",0.488914207175926,0.04,0.036,0.039,0.9,3092,4755
600,4,0.5,3,1.6094379124341,"oracle_F",1,0.48,0.24,0.12,6,120,192
600,4,0.5,4,1.6094379124341,"DIFS_stage1_modified",0.77603587962963,0.184,0.131,0.0955,3.275,855,2017
600,4,0.5,4,1.6094379124341,"dip_original",0.780545428240741,0.192,0.134,0.0955,3.35,819,2017
600,4,0.5,4,1.6094379124341,"dip_statistic_raw",0.649114304578083,0.168,0.138,0.0955,3.45,828,2017
600,4,0.5,4,1.6094379124341,"n_expressing",0.805228587962963,0.102,0.096,0.103,2.4,1273,1856
600,4,0.5,4,1.6094379124341,"Seurat_vst",0.991829427083333,0.476,0.238,0.119,5.95,120,192
600,4,0.5,4,1.6094379124341,"variance_lognorm",0.887465277777778,0.318,0.18,0.101,4.5,131,1575
600,4,0.5,4,1.6094379124341,"dropout_rate",0.436083984375,0.012,0.027,0.032,0.675,3302,5199
600,4,0.5,4,1.6094379124341,"random",0.513619791666667,0.046,0.045,0.043,1.125,2782,4700
600,4,0.5,4,1.6094379124341,"oracle_F",1,0.48,0.24,0.12,6,120,192
600,4,0.5,5,1.6094379124341,"DIFS_stage1_modified",0.788836805555556,0.162,0.126,0.0995,3.15,933,1766
600,4,0.5,5,1.6094379124341,"dip_original",0.795522280092593,0.176,0.136,0.0995,3.4,814,1761
600,4,0.5,5,1.6094379124341,"dip_statistic_raw",0.68417045692179,0.184,0.148,0.0995,3.7,700,1578
600,4,0.5,5,1.6094379124341,"n_expressing",0.796055049189815,0.054,0.095,0.1035,2.375,1233,1776
600,4,0.5,5,1.6094379124341,"Seurat_vst",0.999958043981481,0.48,0.24,0.12,6,120,192
600,4,0.5,5,1.6094379124341,"variance_lognorm",0.89976490162037,0.33,0.181,0.1065,4.525,120,1142
600,4,0.5,5,1.6094379124341,"dropout_rate",0.437528935185185,0.02,0.026,0.028,0.65,3405,4865
600,4,0.5,5,1.6094379124341,"random",0.489765625,0.04,0.044,0.039,1.1,3053,5039
600,4,0.5,5,1.6094379124341,"oracle_F",1,0.48,0.24,0.12,6,120,192
600,5,0.2,1,1.6094379124341,"DIFS_stage1_modified",0.832712311921296,0.2,0.164,0.1065,4.1,686,1226
600,5,0.2,1,1.6094379124341,"dip_original",0.836644603587963,0.208,0.165,0.1065,4.125,640,1216
600,5,0.2,1,1.6094379124341,"dip_statistic_raw",0.676311495297313,0.232,0.19,0.1065,4.75,524,1032
600,5,0.2,1,1.6094379124341,"n_expressing",0.871628689236111,0.124,0.154,0.119,3.85,874,1188
600,5,0.2,1,1.6094379124341,"Seurat_vst",0.983005642361111,0.466,0.234,0.118,5.85,120,192
600,5,0.2,1,1.6094379124341,"variance_lognorm",0.984429253472222,0.45,0.23,0.1185,5.75,120,192
600,5,0.2,1,1.6094379124341,"dropout_rate",0.417836371527778,0.01,0.025,0.0245,0.625,3713,5028
600,5,0.2,1,1.6094379124341,"random",0.511576967592593,0.046,0.047,0.0425,1.175,3015,4726
600,5,0.2,1,1.6094379124341,"oracle_F",1,0.48,0.24,0.12,6,120,192
600,5,0.2,2,1.6094379124341,"DIFS_stage1_modified",0.823715277777778,0.188,0.144,0.1035,3.6,712,1280
600,5,0.2,2,1.6094379124341,"dip_original",0.828396990740741,0.2,0.151,0.1035,3.775,622,1272
600,5,0.2,2,1.6094379124341,"dip_statistic_raw",0.673168330755168,0.226,0.18,0.1035,4.5,526,1140
600,5,0.2,2,1.6094379124341,"n_expressing",0.869623480902778,0.124,0.148,0.1185,3.7,898,1273
600,5,0.2,2,1.6094379124341,"Seurat_vst",0.985754484953704,0.468,0.235,0.1185,5.875,120,192
600,5,0.2,2,1.6094379124341,"variance_lognorm",0.979275173611111,0.442,0.23,0.1175,5.75,120,192
600,5,0.2,2,1.6094379124341,"dropout_rate",0.4401953125,0.016,0.025,0.031,0.625,3294,5134
600,5,0.2,2,1.6094379124341,"random",0.530947627314815,0.052,0.052,0.042,1.3,2868,4467
600,5,0.2,2,1.6094379124341,"oracle_F",1,0.48,0.24,0.12,6,120,192
600,5,0.2,3,1.6094379124341,"DIFS_stage1_modified",0.852260561342593,0.216,0.171,0.1085,4.275,608,1132
600,5,0.2,3,1.6094379124341,"dip_original",0.857471788194444,0.236,0.179,0.1085,4.475,525,1120
600,5,0.2,3,1.6094379124341,"dip_statistic_raw",0.69395404338647,0.26,0.193,0.1085,4.825,440,972
600,5,0.2,3,1.6094379124341,"n_expressing",0.885354094328704,0.142,0.163,0.119,4.075,736,1093
600,5,0.2,3,1.6094379124341,"Seurat_vst",0.970133101851852,0.46,0.23,0.1155,5.75,120,192
600,5,0.2,3,1.6094379124341,"variance_lognorm",0.973077256944444,0.436,0.222,0.1145,5.55,120,192
600,5,0.2,3,1.6094379124341,"dropout_rate",0.412341579861111,0.018,0.022,0.03,0.55,3485,5466
600,5,0.2,3,1.6094379124341,"random",0.474715711805556,0.036,0.035,0.037,0.875,3283,4946
600,5,0.2,3,1.6094379124341,"oracle_F",1,0.48,0.24,0.12,6,120,192
600,5,0.2,4,1.6094379124341,"DIFS_stage1_modified",0.81294994212963,0.168,0.146,0.103,3.65,816,1286
600,5,0.2,4,1.6094379124341,"dip_original",0.817874710648148,0.184,0.155,0.103,3.875,724,1286
600,5,0.2,4,1.6094379124341,"dip_statistic_raw",0.681921748543739,0.23,0.181,0.103,4.525,519,1286
600,5,0.2,4,1.6094379124341,"n_expressing",0.878320674189815,0.11,0.148,0.12,3.7,813,1223
600,5,0.2,4,1.6094379124341,"Seurat_vst",0.967960792824074,0.458,0.23,0.115,5.75,120,192
600,5,0.2,4,1.6094379124341,"variance_lognorm",0.98466869212963,0.456,0.23,0.1175,5.75,120,192
600,5,0.2,4,1.6094379124341,"dropout_rate",0.434762731481481,0.018,0.022,0.03,0.55,3421,4994
600,5,0.2,4,1.6094379124341,"random",0.514305555555556,0.028,0.035,0.04,0.875,2732,4649
600,5,0.2,4,1.6094379124341,"oracle_F",1,0.48,0.24,0.12,6,120,192
600,5,0.2,5,1.6094379124341,"DIFS_stage1_modified",0.818140552662037,0.178,0.152,0.1045,3.8,766,1259
600,5,0.2,5,1.6094379124341,"dip_original",0.823201316550926,0.192,0.162,0.1045,4.05,685,1258
600,5,0.2,5,1.6094379124341,"dip_statistic_raw",0.662925931501328,0.23,0.182,0.1045,4.55,529,1180
600,5,0.2,5,1.6094379124341,"n_expressing",0.860501302083333,0.1,0.156,0.117,3.9,913,1225
600,5,0.2,5,1.6094379124341,"Seurat_vst",0.983055555555556,0.47,0.235,0.1175,5.875,120,192
600,5,0.2,5,1.6094379124341,"variance_lognorm",0.96484447337963,0.444,0.224,0.113,5.6,120,192
600,5,0.2,5,1.6094379124341,"dropout_rate",0.439231047453704,0.026,0.025,0.0315,0.625,3673,4930
600,5,0.2,5,1.6094379124341,"random",0.456380931712963,0.03,0.032,0.0335,0.8,3263,5035
600,5,0.2,5,1.6094379124341,"oracle_F",1,0.48,0.24,0.12,6,120,192
600,5,0.5,1,1.6094379124341,"DIFS_stage1_modified",0.834259259259259,0.2,0.145,0.105,3.625,679,1460
600,5,0.5,1,1.6094379124341,"dip_original",0.838990885416667,0.208,0.154,0.105,3.85,607,1444
600,5,0.5,1,1.6094379124341,"dip_statistic_raw",0.672482065997131,0.214,0.161,0.105,4.025,606,1308
600,5,0.5,1,1.6094379124341,"n_expressing",0.851048538773148,0.112,0.128,0.117,3.2,967,1455
600,5,0.5,1,1.6094379124341,"Seurat_vst",0.960262586805556,0.452,0.228,0.1145,5.7,120,192
600,5,0.5,1,1.6094379124341,"variance_lognorm",0.959788773148148,0.392,0.218,0.1155,5.45,120,441
600,5,0.5,1,1.6094379124341,"dropout_rate",0.429207175925926,0.02,0.019,0.0305,0.475,3449,5091
600,5,0.5,1,1.6094379124341,"random",0.489422743055556,0.026,0.034,0.039,0.85,2967,4862
600,5,0.5,1,1.6094379124341,"oracle_F",1,0.48,0.24,0.12,6,120,192
600,5,0.5,2,1.6094379124341,"DIFS_stage1_modified",0.823446903935185,0.186,0.145,0.105,3.625,727,1474
600,5,0.5,2,1.6094379124341,"dip_original",0.82695240162037,0.2,0.144,0.105,3.6,724,1494
600,5,0.5,2,1.6094379124341,"dip_statistic_raw",0.65146773464058,0.202,0.158,0.105,3.95,665,1357
600,5,0.5,2,1.6094379124341,"n_expressing",0.839680989583333,0.1,0.117,0.115,2.925,1039,1482
600,5,0.5,2,1.6094379124341,"Seurat_vst",0.98595630787037,0.468,0.234,0.118,5.85,120,192
600,5,0.5,2,1.6094379124341,"variance_lognorm",0.946883680555556,0.4,0.215,0.113,5.375,120,334
600,5,0.5,2,1.6094379124341,"dropout_rate",0.436385633680556,0.024,0.024,0.0295,0.6,3558,4891
600,5,0.5,2,1.6094379124341,"random",0.502673611111111,0.05,0.042,0.038,1.05,2917,4821
600,5,0.5,2,1.6094379124341,"oracle_F",1,0.48,0.24,0.12,6,120,192
600,5,0.5,3,1.6094379124341,"DIFS_stage1_modified",0.799764539930556,0.172,0.137,0.1,3.425,830,1586
600,5,0.5,3,1.6094379124341,"dip_original",0.803455222800926,0.174,0.14,0.1,3.5,782,1586
600,5,0.5,3,1.6094379124341,"dip_statistic_raw",0.642649990588976,0.18,0.154,0.1,3.85,716,1586
600,5,0.5,3,1.6094379124341,"n_expressing",0.843275101273148,0.116,0.118,0.115,2.95,1012,1561
600,5,0.5,3,1.6094379124341,"Seurat_vst",0.94486328125,0.448,0.226,0.113,5.65,120,192
600,5,0.5,3,1.6094379124341,"variance_lognorm",0.93666087962963,0.372,0.202,0.112,5.05,120,609
600,5,0.5,3,1.6094379124341,"dropout_rate",0.420228587962963,0.014,0.028,0.029,0.7,3590,5265
600,5,0.5,3,1.6094379124341,"random",0.524246238425926,0.05,0.046,0.0425,1.15,2834,4574
600,5,0.5,3,1.6094379124341,"oracle_F",1,0.48,0.24,0.12,6,120,192
600,5,0.5,4,1.6094379124341,"DIFS_stage1_modified",0.803506944444444,0.2,0.138,0.097,3.45,748,1750
600,5,0.5,4,1.6094379124341,"dip_original",0.807152777777778,0.21,0.144,0.097,3.6,673,1750
600,5,0.5,4,1.6094379124341,"dip_statistic_raw",0.676310194337722,0.194,0.157,0.097,3.925,690,1750
600,5,0.5,4,1.6094379124341,"n_expressing",0.832676866319444,0.106,0.12,0.111,3,995,1605
600,5,0.5,4,1.6094379124341,"Seurat_vst",0.9811328125,0.464,0.232,0.1175,5.8,120,192
600,5,0.5,4,1.6094379124341,"variance_lognorm",0.933635706018519,0.374,0.203,0.11,5.075,120,617
600,5,0.5,4,1.6094379124341,"dropout_rate",0.445744357638889,0.032,0.028,0.033,0.7,3645,5032
600,5,0.5,4,1.6094379124341,"random",0.516553096064815,0.052,0.047,0.0415,1.175,2956,4661
600,5,0.5,4,1.6094379124341,"oracle_F",1,0.48,0.24,0.12,6,120,192
600,5,0.5,5,1.6094379124341,"DIFS_stage1_modified",0.842337962962963,0.212,0.149,0.1065,3.725,649,1424
600,5,0.5,5,1.6094379124341,"dip_original",0.845363859953704,0.216,0.155,0.1065,3.875,635,1369
600,5,0.5,5,1.6094379124341,"dip_statistic_raw",0.677608655785806,0.218,0.169,0.1065,4.225,555,1288
600,5,0.5,5,1.6094379124341,"n_expressing",0.861114366319444,0.12,0.14,0.118,3.5,897,1322
600,5,0.5,5,1.6094379124341,"Seurat_vst",0.969211516203704,0.456,0.23,0.1155,5.75,120,192
600,5,0.5,5,1.6094379124341,"variance_lognorm",0.963454861111111,0.404,0.216,0.115,5.4,120,326
600,5,0.5,5,1.6094379124341,"dropout_rate",0.408219401041667,0.01,0.02,0.031,0.5,3728,5279
600,5,0.5,5,1.6094379124341,"random",0.466402633101852,0.032,0.032,0.038,0.8,3300,5062
600,5,0.5,5,1.6094379124341,"oracle_F",1,0.48,0.24,0.12,6,120,192
600,6,0.2,1,1.6094379124341,"DIFS_stage1_modified",0.864990234375,0.222,0.203,0.1095,5.075,570,943
600,6,0.2,1,1.6094379124341,"dip_original",0.868240379050926,0.23,0.203,0.1095,5.075,547,932
600,6,0.2,1,1.6094379124341,"dip_statistic_raw",0.658113458458005,0.288,0.205,0.1095,5.125,407,832
600,6,0.2,1,1.6094379124341,"n_expressing",0.909427806712963,0.152,0.203,0.12,5.075,670,813
600,6,0.2,1,1.6094379124341,"Seurat_vst",0.92111255787037,0.426,0.215,0.1085,5.375,120,192
600,6,0.2,1,1.6094379124341,"variance_lognorm",0.99418041087963,0.466,0.236,0.1195,5.9,120,192
600,6,0.2,1,1.6094379124341,"dropout_rate",0.430454644097222,0.02,0.028,0.029,0.7,3517,5082
600,6,0.2,1,1.6094379124341,"random",0.487964409722222,0.038,0.035,0.0375,0.875,3018,4770
600,6,0.2,1,1.6094379124341,"oracle_F",1,0.48,0.24,0.12,6,120,192
600,6,0.2,2,1.6094379124341,"DIFS_stage1_modified",0.851092303240741,0.212,0.197,0.108,4.925,591,979
600,6,0.2,2,1.6094379124341,"dip_original",0.85505787037037,0.226,0.197,0.108,4.925,534,963
600,6,0.2,2,1.6094379124341,"dip_statistic_raw",0.670674359451579,0.262,0.199,0.108,4.975,437,802
600,6,0.2,2,1.6094379124341,"n_expressing",0.903161892361111,0.15,0.198,0.12,4.95,736,907
600,6,0.2,2,1.6094379124341,"Seurat_vst",0.920777633101852,0.43,0.216,0.11,5.4,120,192
600,6,0.2,2,1.6094379124341,"variance_lognorm",0.993083043981482,0.47,0.237,0.119,5.925,120,192
600,6,0.2,2,1.6094379124341,"dropout_rate",0.425729528356481,0.024,0.024,0.029,0.6,3561,5177
600,6,0.2,2,1.6094379124341,"random",0.517463831018519,0.052,0.043,0.046,1.075,2870,4639
600,6,0.2,2,1.6094379124341,"oracle_F",1,0.48,0.24,0.12,6,120,192
600,6,0.2,3,1.6094379124341,"DIFS_stage1_modified",0.848451244212963,0.196,0.195,0.1085,4.875,639,986
600,6,0.2,3,1.6094379124341,"dip_original",0.851749855324074,0.208,0.198,0.1085,4.95,615,955
600,6,0.2,3,1.6094379124341,"dip_statistic_raw",0.653970588235294,0.262,0.2,0.1085,5,435,841
600,6,0.2,3,1.6094379124341,"n_expressing",0.904539207175926,0.176,0.2,0.12,5,729,873
600,6,0.2,3,1.6094379124341,"Seurat_vst",0.941819299768519,0.444,0.222,0.1125,5.55,120,192
600,6,0.2,3,1.6094379124341,"variance_lognorm",0.992874710648148,0.468,0.235,0.1185,5.875,120,192
600,6,0.2,3,1.6094379124341,"dropout_rate",0.42178638599537,0.016,0.017,0.026,0.425,3449,5198
600,6,0.2,3,1.6094379124341,"random",0.491379484953704,0.042,0.042,0.041,1.05,3157,4968
600,6,0.2,3,1.6094379124341,"oracle_F",1,0.48,0.24,0.12,6,120,192
600,6,0.2,4,1.6094379124341,"DIFS_stage1_modified",0.839246961805556,0.212,0.192,0.1065,4.8,623,981
600,6,0.2,4,1.6094379124341,"dip_original",0.841263020833333,0.22,0.192,0.1065,4.8,593,981
600,6,0.2,4,1.6094379124341,"dip_statistic_raw",0.653899978876215,0.264,0.192,0.1065,4.8,463,942
600,6,0.2,4,1.6094379124341,"n_expressing",0.909379701967593,0.2,0.193,0.12,4.825,651,952
600,6,0.2,4,1.6094379124341,"Seurat_vst",0.909621672453704,0.422,0.211,0.108,5.275,120,192
600,6,0.2,4,1.6094379124341,"variance_lognorm",0.993601707175926,0.466,0.236,0.1195,5.9,120,192
600,6,0.2,4,1.6094379124341,"dropout_rate",0.391269892939815,0.018,0.022,0.0245,0.55,3934,5226
600,6,0.2,4,1.6094379124341,"random",0.496585648148148,0.042,0.043,0.043,1.075,3012,4839
600,6,0.2,4,1.6094379124341,"oracle_F",1,0.48,0.24,0.12,6,120,192
600,6,0.2,5,1.6094379124341,"DIFS_stage1_modified",0.861965060763889,0.224,0.189,0.1125,4.725,566,1011
600,6,0.2,5,1.6094379124341,"dip_original",0.865144314236111,0.232,0.195,0.1125,4.875,541,988
600,6,0.2,5,1.6094379124341,"dip_statistic_raw",0.659772124602966,0.26,0.204,0.1125,5.1,453,874
600,6,0.2,5,1.6094379124341,"n_expressing",0.902591507523148,0.142,0.203,0.1195,5.075,742,890
600,6,0.2,5,1.6094379124341,"Seurat_vst",0.901959635416667,0.42,0.211,0.107,5.275,120,192
600,6,0.2,5,1.6094379124341,"variance_lognorm",0.993934461805556,0.474,0.237,0.1185,5.925,120,192
600,6,0.2,5,1.6094379124341,"dropout_rate",0.425494429976852,0.018,0.024,0.0335,0.6,3579,5162
600,6,0.2,5,1.6094379124341,"random",0.489780092592593,0.048,0.04,0.0375,1,3088,4965
600,6,0.2,5,1.6094379124341,"oracle_F",1,0.48,0.24,0.12,6,120,192
600,6,0.5,1,1.6094379124341,"DIFS_stage1_modified",0.838449435763889,0.224,0.162,0.1065,4.05,595,1224
600,6,0.5,1,1.6094379124341,"dip_original",0.839007884837963,0.218,0.165,0.1065,4.125,624,1241
600,6,0.5,1,1.6094379124341,"dip_statistic_raw",0.634679215358535,0.202,0.18,0.1065,4.5,641,1109
600,6,0.5,1,1.6094379124341,"n_expressing",0.892165436921296,0.166,0.177,0.12,4.425,701,1129
600,6,0.5,1,1.6094379124341,"Seurat_vst",0.904246238425926,0.41,0.21,0.108,5.25,120,196
600,6,0.5,1,1.6094379124341,"variance_lognorm",0.982857349537037,0.442,0.228,0.118,5.7,120,192
600,6,0.5,1,1.6094379124341,"dropout_rate",0.38868236400463,0.016,0.019,0.024,0.475,3875,5271
600,6,0.5,1,1.6094379124341,"random",0.527781394675926,0.044,0.04,0.045,1,2681,4594
600,6,0.5,1,1.6094379124341,"oracle_F",1,0.48,0.24,0.12,6,120,192
600,6,0.5,2,1.6094379124341,"DIFS_stage1_modified",0.859135561342593,0.222,0.156,0.1125,3.9,627,1236
600,6,0.5,2,1.6094379124341,"dip_original",0.861280381944444,0.224,0.164,0.1125,4.1,571,1231
600,6,0.5,2,1.6094379124341,"dip_statistic_raw",0.643869583869584,0.238,0.176,0.1125,4.4,504,1155
600,6,0.5,2,1.6094379124341,"n_expressing",0.886695240162037,0.138,0.17,0.1195,4.25,794,1085
600,6,0.5,2,1.6094379124341,"Seurat_vst",0.887568721064815,0.408,0.206,0.104,5.15,120,195
600,6,0.5,2,1.6094379124341,"variance_lognorm",0.987063802083333,0.444,0.236,0.1185,5.9,120,193
600,6,0.5,2,1.6094379124341,"dropout_rate",0.418808955439815,0.018,0.024,0.031,0.6,3681,5192
600,6,0.5,2,1.6094379124341,"random",0.474621672453704,0.024,0.031,0.0365,0.775,3309,4826
600,6,0.5,2,1.6094379124341,"oracle_F",1,0.48,0.24,0.12,6,120,192
600,6,0.5,3,1.6094379124341,"DIFS_stage1_modified",0.812830946180556,0.18,0.145,0.1025,3.625,830,1391
600,6,0.5,3,1.6094379124341,"dip_original",0.814394892939815,0.188,0.146,0.1025,3.65,827,1387
600,6,0.5,3,1.6094379124341,"dip_statistic_raw",0.639365338722508,0.198,0.159,0.1025,3.975,660,1328
600,6,0.5,3,1.6094379124341,"n_expressing",0.865868778935185,0.114,0.144,0.12,3.6,859,1318
600,6,0.5,3,1.6094379124341,"Seurat_vst",0.938854890046296,0.434,0.22,0.112,5.5,120,192
600,6,0.5,3,1.6094379124341,"variance_lognorm",0.973637876157407,0.416,0.226,0.1165,5.65,120,215
600,6,0.5,3,1.6094379124341,"dropout_rate",0.41908130787037,0.018,0.021,0.027,0.525,3674,5000
600,6,0.5,3,1.6094379124341,"random",0.494488570601852,0.048,0.048,0.0415,1.2,3192,4847
600,6,0.5,3,1.6094379124341,"oracle_F",1,0.48,0.24,0.12,6,120,192
600,6,0.5,4,1.6094379124341,"DIFS_stage1_modified",0.82327076099537,0.192,0.145,0.106,3.625,708,1288
600,6,0.5,4,1.6094379124341,"dip_original",0.825069806134259,0.19,0.15,0.106,3.75,676,1292
600,6,0.5,4,1.6094379124341,"dip_statistic_raw",0.624663562874945,0.208,0.162,0.106,4.05,607,1261
600,6,0.5,4,1.6094379124341,"n_expressing",0.877710865162037,0.14,0.155,0.1195,3.875,800,1253
600,6,0.5,4,1.6094379124341,"Seurat_vst",0.924348234953704,0.43,0.217,0.11,5.425,120,192
600,6,0.5,4,1.6094379124341,"variance_lognorm",0.968445457175926,0.408,0.221,0.1165,5.525,120,286
600,6,0.5,4,1.6094379124341,"dropout_rate",0.447474681712963,0.022,0.027,0.0315,0.675,3258,5035
600,6,0.5,4,1.6094379124341,"random",0.517497829861111,0.028,0.04,0.0445,1,2655,4709
600,6,0.5,4,1.6094379124341,"oracle_F",1,0.48,0.24,0.12,6,120,192
600,6,0.5,5,1.6094379124341,"DIFS_stage1_modified",0.85287037037037,0.218,0.174,0.1085,4.35,582,1164
600,6,0.5,5,1.6094379124341,"dip_original",0.853990162037037,0.224,0.174,0.1085,4.35,577,1150
600,6,0.5,5,1.6094379124341,"dip_statistic_raw",0.647172180632697,0.222,0.185,0.1085,4.625,543,1049
600,6,0.5,5,1.6094379124341,"n_expressing",0.893208550347222,0.188,0.171,0.1195,4.275,766,1073
600,6,0.5,5,1.6094379124341,"Seurat_vst",0.927878327546296,0.432,0.218,0.1105,5.45,120,192
600,6,0.5,5,1.6094379124341,"variance_lognorm",0.975013020833333,0.424,0.228,0.117,5.7,120,196
600,6,0.5,5,1.6094379124341,"dropout_rate",0.456463035300926,0.028,0.029,0.0375,0.725,3116,5171
600,6,0.5,5,1.6094379124341,"random",0.476431568287037,0.04,0.033,0.037,0.825,3180,4867
600,6,0.5,5,1.6094379124341,"oracle_F",1,0.48,0.24,0.12,6,120,192
600,8,0.2,1,1.6094379124341,"DIFS_stage1_modified",0.899885706018518,0.406,0.21,0.112,5.25,273,428
600,8,0.2,1,1.6094379124341,"dip_original",0.900440538194444,0.406,0.21,0.112,5.25,265,429
600,8,0.2,1,1.6094379124341,"dip_statistic_raw",0.567090600273417,0.406,0.21,0.112,5.25,234,395
600,8,0.2,1,1.6094379124341,"n_expressing",0.974299406828704,0.48,0.24,0.12,6,288,371
600,8,0.2,1,1.6094379124341,"Seurat_vst",0.788468605324074,0.354,0.182,0.094,4.55,120,3878
600,8,0.2,1,1.6094379124341,"variance_lognorm",1,0.48,0.24,0.12,6,120,192
600,8,0.2,1,1.6094379124341,"dropout_rate",0.410580150462963,0.006,0.015,0.0265,0.375,3647,5194
600,8,0.2,1,1.6094379124341,"random",0.504318576388889,0.036,0.035,0.039,0.875,2941,4593
600,8,0.2,1,1.6094379124341,"oracle_F",1,0.48,0.24,0.12,6,120,192
600,8,0.2,2,1.6094379124341,"DIFS_stage1_modified",0.877667824074074,0.378,0.197,0.1075,4.925,222,715
600,8,0.2,2,1.6094379124341,"dip_original",0.877667824074074,0.378,0.197,0.1075,4.925,219,715
600,8,0.2,2,1.6094379124341,"dip_statistic_raw",0.538212276840303,0.378,0.197,0.1075,4.925,221,715
600,8,0.2,2,1.6094379124341,"n_expressing",0.979939959490741,0.478,0.239,0.12,5.975,230,374
600,8,0.2,2,1.6094379124341,"Seurat_vst",0.80484375,0.364,0.185,0.0955,4.625,120,2152
600,8,0.2,2,1.6094379124341,"variance_lognorm",0.999476273148148,0.478,0.24,0.12,6,120,192
600,8,0.2,2,1.6094379124341,"dropout_rate",0.419120732060185,0.016,0.02,0.0265,0.5,3428,5101
600,8,0.2,2,1.6094379124341,"random",0.483785445601852,0.034,0.032,0.0385,0.8,2970,5041
600,8,0.2,2,1.6094379124341,"oracle_F",1,0.48,0.24,0.12,6,120,192
600,8,0.2,3,1.6094379124341,"DIFS_stage1_modified",0.86085865162037,0.37,0.197,0.111,4.925,336,729
600,8,0.2,3,1.6094379124341,"dip_original",0.861707899305556,0.368,0.197,0.111,4.925,330,729
600,8,0.2,3,1.6094379124341,"dip_statistic_raw",0.557402017193529,0.374,0.197,0.111,4.925,287,729
600,8,0.2,3,1.6094379124341,"n_expressing",0.962438512731482,0.374,0.24,0.12,6,336,550
600,8,0.2,3,1.6094379124341,"Seurat_vst",0.783699363425926,0.346,0.177,0.0905,4.425,120,4157
600,8,0.2,3,1.6094379124341,"variance_lognorm",0.99921875,0.478,0.24,0.12,6,120,192
600,8,0.2,3,1.6094379124341,"dropout_rate",0.438871527777778,0.028,0.024,0.0315,0.6,3430,5022
600,8,0.2,3,1.6094379124341,"random",0.495767505787037,0.04,0.038,0.043,0.95,3002,4916
600,8,0.2,3,1.6094379124341,"oracle_F",1,0.48,0.24,0.12,6,120,192
600,8,0.2,4,1.6094379124341,"DIFS_stage1_modified",0.977692780671296,0.478,0.239,0.12,5.975,246,381
600,8,0.2,4,1.6094379124341,"dip_original",0.978779296875,0.478,0.239,0.12,5.975,232,372
600,8,0.2,4,1.6094379124341,"dip_statistic_raw",0.585887654063879,0.478,0.239,0.12,5.975,206,350
600,8,0.2,4,1.6094379124341,"n_expressing",0.975745804398148,0.478,0.239,0.12,5.975,259,368
600,8,0.2,4,1.6094379124341,"Seurat_vst",0.74064453125,0.33,0.166,0.0845,4.15,120,5314
600,8,0.2,4,1.6094379124341,"variance_lognorm",0.999835069444444,0.48,0.24,0.12,6,120,192
600,8,0.2,4,1.6094379124341,"dropout_rate",0.414310980902778,0.014,0.021,0.028,0.525,3516,5292
600,8,0.2,4,1.6094379124341,"random",0.457739438657407,0.05,0.037,0.0325,0.925,3393,5051
600,8,0.2,4,1.6094379124341,"oracle_F",1,0.48,0.24,0.12,6,120,192
600,8,0.2,5,1.6094379124341,"DIFS_stage1_modified",0.871294849537037,0.384,0.202,0.108,5.05,347,498
600,8,0.2,5,1.6094379124341,"dip_original",0.871095920138889,0.384,0.202,0.108,5.05,343,499
600,8,0.2,5,1.6094379124341,"dip_statistic_raw",0.474413430420712,0.384,0.202,0.108,5.05,332,489
600,8,0.2,5,1.6094379124341,"n_expressing",0.967529658564815,0.384,0.24,0.12,6,295,498
600,8,0.2,5,1.6094379124341,"Seurat_vst",0.769769965277778,0.348,0.179,0.092,4.475,120,5779
600,8,0.2,5,1.6094379124341,"variance_lognorm",0.998194444444444,0.476,0.238,0.12,5.95,120,192
600,8,0.2,5,1.6094379124341,"dropout_rate",0.447628038194444,0.022,0.032,0.031,0.8,3316,5102
600,8,0.2,5,1.6094379124341,"random",0.525266203703704,0.042,0.04,0.041,1,2799,4513
600,8,0.2,5,1.6094379124341,"oracle_F",1,0.48,0.24,0.12,6,120,192
600,8,0.5,1,1.6094379124341,"DIFS_stage1_modified",0.964612991898148,0.396,0.237,0.1195,5.925,290,475
600,8,0.5,1,1.6094379124341,"dip_original",0.96482349537037,0.392,0.237,0.1195,5.925,295,490
600,8,0.5,1,1.6094379124341,"dip_statistic_raw",0.536023511621668,0.384,0.237,0.1195,5.925,262,497
600,8,0.5,1,1.6094379124341,"n_expressing",0.96958912037037,0.396,0.239,0.12,5.975,304,462
600,8,0.5,1,1.6094379124341,"Seurat_vst",0.722122395833333,0.324,0.162,0.083,4.05,120,5650
600,8,0.5,1,1.6094379124341,"variance_lognorm",0.999309172453704,0.478,0.24,0.12,6,120,192
600,8,0.5,1,1.6094379124341,"dropout_rate",0.413671875,0.014,0.016,0.028,0.4,3503,5233
600,8,0.5,1,1.6094379124341,"random",0.537393663194444,0.062,0.054,0.047,1.35,2816,4711
600,8,0.5,1,1.6094379124341,"oracle_F",1,0.48,0.24,0.12,6,120,192
600,8,0.5,2,1.6094379124341,"DIFS_stage1_modified",0.865275969328704,0.272,0.201,0.108,5.025,413,667
600,8,0.5,2,1.6094379124341,"dip_original",0.863890697337963,0.272,0.201,0.108,5.025,452,666
600,8,0.5,2,1.6094379124341,"dip_statistic_raw",0.449579786949307,0.268,0.201,0.108,5.025,462,652
600,8,0.5,2,1.6094379124341,"n_expressing",0.954631438078704,0.31,0.238,0.12,5.95,360,575
600,8,0.5,2,1.6094379124341,"Seurat_vst",0.765055700231482,0.346,0.176,0.091,4.4,120,5768
600,8,0.5,2,1.6094379124341,"variance_lognorm",0.994290364583333,0.464,0.237,0.1195,5.925,120,192
600,8,0.5,2,1.6094379124341,"dropout_rate",0.448536603009259,0.022,0.031,0.033,0.775,3352,5032
600,8,0.5,2,1.6094379124341,"random",0.51560619212963,0.05,0.045,0.0415,1.125,2738,4661
600,8,0.5,2,1.6094379124341,"oracle_F",1,0.48,0.24,0.12,6,120,192
600,8,0.5,3,1.6094379124341,"DIFS_stage1_modified",0.879194155092593,0.26,0.21,0.1125,5.25,441,720
600,8,0.5,3,1.6094379124341,"dip_original",0.87818359375,0.248,0.21,0.1125,5.25,469,714
600,8,0.5,3,1.6094379124341,"dip_statistic_raw",0.494802848146558,0.264,0.21,0.1125,5.25,450,703
600,8,0.5,3,1.6094379124341,"n_expressing",0.949057074652778,0.308,0.239,0.12,5.975,418,603
600,8,0.5,3,1.6094379124341,"Seurat_vst",0.773782552083333,0.344,0.176,0.0905,4.4,120,4944
600,8,0.5,3,1.6094379124341,"variance_lognorm",0.997301070601852,0.474,0.238,0.1195,5.95,120,192
600,8,0.5,3,1.6094379124341,"dropout_rate",0.418625578703704,0.016,0.019,0.0255,0.475,3675,4990
600,8,0.5,3,1.6094379124341,"random",0.479223090277778,0.032,0.036,0.036,0.9,3067,4805
600,8,0.5,3,1.6094379124341,"oracle_F",1,0.48,0.24,0.12,6,120,192
600,8,0.5,4,1.6094379124341,"DIFS_stage1_modified",0.866860894097222,0.292,0.2,0.1075,5,415,629
600,8,0.5,4,1.6094379124341,"dip_original",0.866074580439815,0.28,0.2,0.1075,5,431,633
600,8,0.5,4,1.6094379124341,"dip_statistic_raw",0.473791085871623,0.306,0.2,0.1075,5,410,629
600,8,0.5,4,1.6094379124341,"n_expressing",0.957638165509259,0.376,0.24,0.12,6,333,605
600,8,0.5,4,1.6094379124341,"Seurat_vst",0.775985966435185,0.352,0.179,0.091,4.475,120,4791
600,8,0.5,4,1.6094379124341,"variance_lognorm",0.998419415509259,0.476,0.239,0.12,5.975,120,192
600,8,0.5,4,1.6094379124341,"dropout_rate",0.412187138310185,0.01,0.022,0.024,0.55,3575,5134
600,8,0.5,4,1.6094379124341,"random",0.498525028935185,0.024,0.032,0.038,0.8,2888,4764
600,8,0.5,4,1.6094379124341,"oracle_F",1,0.48,0.24,0.12,6,120,192
600,8,0.5,5,1.6094379124341,"DIFS_stage1_modified",0.893587962962963,0.33,0.213,0.112,5.325,370,562
600,8,0.5,5,1.6094379124341,"dip_original",0.89320384837963,0.33,0.213,0.112,5.325,370,563
600,8,0.5,5,1.6094379124341,"dip_statistic_raw",0.471293576810114,0.354,0.213,0.112,5.325,349,554
600,8,0.5,5,1.6094379124341,"n_expressing",0.96497142650463,0.394,0.24,0.12,6,308,475
600,8,0.5,5,1.6094379124341,"Seurat_vst",0.774025607638889,0.344,0.174,0.0885,4.35,120,3997
600,8,0.5,5,1.6094379124341,"variance_lognorm",0.999754774305556,0.48,0.24,0.12,6,120,192
600,8,0.5,5,1.6094379124341,"dropout_rate",0.41624927662037,0.022,0.027,0.0315,0.675,3749,5153
600,8,0.5,5,1.6094379124341,"random",0.503156105324074,0.028,0.034,0.0415,0.85,2786,4699
600,8,0.5,5,1.6094379124341,"oracle_F",1,0.48,0.24,0.12,6,120,192
1200,2,0.2,1,1.6094379124341,"DIFS_stage1_modified",0.651499565972222,0.124,0.094,0.0765,2.35,1481,2652
1200,2,0.2,1,1.6094379124341,"dip_original",0.656897424768519,0.136,0.099,0.0765,2.475,1422,2652
1200,2,0.2,1,1.6094379124341,"dip_statistic_raw",0.696210276140388,0.152,0.106,0.0765,2.65,1365,2652
1200,2,0.2,1,1.6094379124341,"n_expressing",0.684331235532407,0.044,0.064,0.0795,1.6,1482,2654
1200,2,0.2,1,1.6094379124341,"Seurat_vst",0.999997106481481,0.48,0.24,0.12,6,120,192
1200,2,0.2,1,1.6094379124341,"variance_lognorm",0.730218460648148,0.206,0.121,0.075,3.025,990,3681
1200,2,0.2,1,1.6094379124341,"dropout_rate",0.464557291666667,0.022,0.03,0.0365,0.75,3349,4823
1200,2,0.2,1,1.6094379124341,"random",0.490187355324074,0.054,0.038,0.039,0.95,3169,4777
1200,2,0.2,1,1.6094379124341,"oracle_F",1,0.48,0.24,0.12,6,120,192
1200,2,0.2,2,1.6094379124341,"DIFS_stage1_modified",0.635509982638889,0.112,0.093,0.0715,2.325,1608,2956
1200,2,0.2,2,1.6094379124341,"dip_original",0.637866030092593,0.114,0.09,0.0715,2.25,1608,2956
1200,2,0.2,2,1.6094379124341,"dip_statistic_raw",0.601058721851443,0.104,0.094,0.0715,2.35,1608,2956
1200,2,0.2,2,1.6094379124341,"n_expressing",0.7170703125,0.064,0.073,0.0805,1.825,1533,2518
1200,2,0.2,2,1.6094379124341,"Seurat_vst",1,0.48,0.24,0.12,6,120,192
1200,2,0.2,2,1.6094379124341,"variance_lognorm",0.749719328703704,0.192,0.12,0.077,3,913,3133
1200,2,0.2,2,1.6094379124341,"dropout_rate",0.438683810763889,0.014,0.022,0.03,0.55,3282,5029
1200,2,0.2,2,1.6094379124341,"random",0.474191261574074,0.034,0.036,0.0405,0.9,3279,5055
1200,2,0.2,2,1.6094379124341,"oracle_F",1,0.48,0.24,0.12,6,120,192
1200,2,0.2,3,1.6094379124341,"DIFS_stage1_modified",0.665164207175926,0.126,0.098,0.0795,2.45,1403,2674
1200,2,0.2,3,1.6094379124341,"dip_original",0.669758391203704,0.13,0.102,0.0795,2.55,1374,2674
1200,2,0.2,3,1.6094379124341,"dip_statistic_raw",0.632837812083095,0.124,0.109,0.0795,2.725,1122,2674
1200,2,0.2,3,1.6094379124341,"n_expressing",0.698347800925926,0.05,0.075,0.084,1.875,1448,2719
1200,2,0.2,3,1.6094379124341,"Seurat_vst",0.999994936342593,0.48,0.24,0.12,6,120,192
1200,2,0.2,3,1.6094379124341,"variance_lognorm",0.746066261574074,0.23,0.129,0.08,3.225,607,3617
1200,2,0.2,3,1.6094379124341,"dropout_rate",0.436746238425926,0.032,0.028,0.033,0.7,3518,5077
1200,2,0.2,3,1.6094379124341,"random",0.458459201388889,0.028,0.035,0.0315,0.875,3429,4892
1200,2,0.2,3,1.6094379124341,"oracle_F",1,0.48,0.24,0.12,6,120,192
1200,2,0.2,4,1.6094379124341,"DIFS_stage1_modified",0.631146556712963,0.1,0.076,0.072,1.9,1554,2905
1200,2,0.2,4,1.6094379124341,"dip_original",0.634886067708333,0.104,0.085,0.072,2.125,1558,2905
1200,2,0.2,4,1.6094379124341,"dip_statistic_raw",0.598081826611034,0.104,0.095,0.072,2.375,1557,2905
1200,2,0.2,4,1.6094379124341,"n_expressing",0.715085720486111,0.06,0.068,0.0875,1.7,1544,2393
1200,2,0.2,4,1.6094379124341,"Seurat_vst",0.996634114583333,0.478,0.239,0.1195,5.975,120,192
1200,2,0.2,4,1.6094379124341,"variance_lognorm",0.757256221064815,0.198,0.121,0.0805,3.025,988,2899
1200,2,0.2,4,1.6094379124341,"dropout_rate",0.432719545717593,0.016,0.02,0.0275,0.5,3431,5217
1200,2,0.2,4,1.6094379124341,"random",0.5358984375,0.062,0.047,0.042,1.175,2697,4484
1200,2,0.2,4,1.6094379124341,"oracle_F",1,0.48,0.24,0.12,6,120,192
1200,2,0.2,5,1.6094379124341,"DIFS_stage1_modified",0.64220630787037,0.092,0.087,0.074,2.175,1510,2821
1200,2,0.2,5,1.6094379124341,"dip_original",0.646925998263889,0.09,0.092,0.074,2.3,1502,2821
1200,2,0.2,5,1.6094379124341,"dip_statistic_raw",0.614363598468643,0.112,0.098,0.074,2.45,1371,2821
1200,2,0.2,5,1.6094379124341,"n_expressing",0.69392505787037,0.04,0.072,0.076,1.8,1495,2588
1200,2,0.2,5,1.6094379124341,"Seurat_vst",0.999986255787037,0.48,0.24,0.12,6,120,192
1200,2,0.2,5,1.6094379124341,"variance_lognorm",0.731072771990741,0.22,0.125,0.0735,3.125,768,3347
1200,2,0.2,5,1.6094379124341,"dropout_rate",0.446121600115741,0.03,0.033,0.034,0.825,3428,5037
1200,2,0.2,5,1.6094379124341,"random",0.503993778935185,0.042,0.044,0.0435,1.1,3148,4741
1200,2,0.2,5,1.6094379124341,"oracle_F",1,0.48,0.24,0.12,6,120,192
1200,2,0.5,1,1.6094379124341,"DIFS_stage1_modified",0.610187355324074,0.058,0.06,0.0675,1.5,1826,3071
1200,2,0.5,1,1.6094379124341,"dip_original",0.61197193287037,0.07,0.063,0.0675,1.575,1810,3071
1200,2,0.5,1,1.6094379124341,"dip_statistic_raw",0.510481240500709,0.078,0.069,0.0675,1.725,1748,3071
1200,2,0.5,1,1.6094379124341,"n_expressing",0.691206958912037,0.072,0.063,0.0685,1.575,1782,2717
1200,2,0.5,1,1.6094379124341,"Seurat_vst",0.999783709490741,0.478,0.24,0.12,6,120,192
1200,2,0.5,1,1.6094379124341,"variance_lognorm",0.706118344907407,0.144,0.094,0.07,2.35,1486,3232
1200,2,0.5,1,1.6094379124341,"dropout_rate",0.432777416087963,0.016,0.021,0.0265,0.525,3323,5134
1200,2,0.5,1,1.6094379124341,"random",0.51538990162037,0.05,0.041,0.041,1.025,2972,4590
1200,2,0.5,1,1.6094379124341,"oracle_F",1,0.48,0.24,0.12,6,120,192
1200,2,0.5,2,1.6094379124341,"DIFS_stage1_modified",0.600474537037037,0.056,0.06,0.0635,1.5,1948,3085
1200,2,0.5,2,1.6094379124341,"dip_original",0.602078269675926,0.052,0.063,0.064,1.575,1924,3085
1200,2,0.5,2,1.6094379124341,"dip_statistic_raw",0.490518974358974,0.048,0.065,0.0645,1.625,1836,3085
1200,2,0.5,2,1.6094379124341,"n_expressing",0.66676830150463,0.046,0.063,0.065,1.575,1721,2949
1200,2,0.5,2,1.6094379124341,"Seurat_vst",0.999845920138889,0.48,0.24,0.12,6,120,192
1200,2,0.5,2,1.6094379124341,"variance_lognorm",0.683740596064815,0.138,0.108,0.0685,2.7,1388,3484
1200,2,0.5,2,1.6094379124341,"dropout_rate",0.44736328125,0.026,0.033,0.032,0.825,3399,5049
1200,2,0.5,2,1.6094379124341,"random",0.52009837962963,0.036,0.04,0.041,1,2821,4525
1200,2,0.5,2,1.6094379124341,"oracle_F",1,0.48,0.24,0.12,6,120,192
1200,2,0.5,3,1.6094379124341,"DIFS_stage1_modified",0.583046875,0.056,0.051,0.0615,1.275,1955,3117
1200,2,0.5,3,1.6094379124341,"dip_original",0.58418041087963,0.06,0.051,0.0615,1.275,1957,3117
1200,2,0.5,3,1.6094379124341,"dip_statistic_raw",0.491363950873551,0.064,0.064,0.0615,1.6,1969,3117
1200,2,0.5,3,1.6094379124341,"n_expressing",0.660326605902778,0.062,0.053,0.0615,1.325,1969,3064
1200,2,0.5,3,1.6094379124341,"Seurat_vst",0.999934172453704,0.48,0.24,0.12,6,120,192
1200,2,0.5,3,1.6094379124341,"variance_lognorm",0.66240234375,0.14,0.092,0.0635,2.3,1804,3872
1200,2,0.5,3,1.6094379124341,"dropout_rate",0.468042173032407,0.024,0.025,0.0365,0.625,3144,4965
1200,2,0.5,3,1.6094379124341,"random",0.537696759259259,0.058,0.043,0.0425,1.075,2734,4371
1200,2,0.5,3,1.6094379124341,"oracle_F",1,0.48,0.24,0.12,6,120,192
1200,2,0.5,4,1.6094379124341,"DIFS_stage1_modified",0.606090494791667,0.058,0.07,0.0635,1.75,1851,3027
1200,2,0.5,4,1.6094379124341,"dip_original",0.608840060763889,0.068,0.073,0.0635,1.825,1851,3027
1200,2,0.5,4,1.6094379124341,"dip_statistic_raw",0.551165293794618,0.076,0.077,0.0635,1.925,1858,3027
1200,2,0.5,4,1.6094379124341,"n_expressing",0.640885778356482,0.046,0.053,0.063,1.325,1864,3340
1200,2,0.5,4,1.6094379124341,"Seurat_vst",0.999908854166667,0.48,0.24,0.12,6,120,192
1200,2,0.5,4,1.6094379124341,"variance_lognorm",0.650102719907407,0.128,0.093,0.065,2.325,1677,4121
1200,2,0.5,4,1.6094379124341,"dropout_rate",0.480242693865741,0.024,0.038,0.0405,0.95,3197,4960
1200,2,0.5,4,1.6094379124341,"random",0.48603515625,0.032,0.033,0.038,0.825,2913,4901
1200,2,0.5,4,1.6094379124341,"oracle_F",1,0.48,0.24,0.12,6,120,192
1200,2,0.5,5,1.6094379124341,"DIFS_stage1_modified",0.609389467592593,0.08,0.067,0.065,1.675,1831,3278
1200,2,0.5,5,1.6094379124341,"dip_original",0.608984375,0.078,0.063,0.065,1.575,1877,3278
1200,2,0.5,5,1.6094379124341,"dip_statistic_raw",0.495679775744084,0.064,0.068,0.065,1.7,1869,3278
1200,2,0.5,5,1.6094379124341,"n_expressing",0.664796368634259,0.066,0.064,0.065,1.6,1750,3094
1200,2,0.5,5,1.6094379124341,"Seurat_vst",0.999906684027778,0.48,0.24,0.12,6,120,193
1200,2,0.5,5,1.6094379124341,"variance_lognorm",0.681128472222222,0.158,0.108,0.066,2.7,1456,3820
1200,2,0.5,5,1.6094379124341,"dropout_rate",0.457318070023148,0.03,0.032,0.036,0.8,3370,5130
1200,2,0.5,5,1.6094379124341,"random",0.497214988425926,0.05,0.041,0.04,1.025,2930,4928
1200,2,0.5,5,1.6094379124341,"oracle_F",1,0.48,0.24,0.12,6,120,192
1200,3,0.2,1,1.6094379124341,"DIFS_stage1_modified",0.76135669849537,0.18,0.131,0.0895,3.275,851,2510
1200,3,0.2,1,1.6094379124341,"dip_original",0.767914134837963,0.2,0.137,0.0895,3.425,756,2510
1200,3,0.2,1,1.6094379124341,"dip_statistic_raw",0.739269969869142,0.202,0.159,0.0895,3.975,644,2510
1200,3,0.2,1,1.6094379124341,"n_expressing",0.781258680555556,0.066,0.097,0.101,2.425,1119,1738
1200,3,0.2,1,1.6094379124341,"Seurat_vst",1,0.48,0.24,0.12,6,120,192
1200,3,0.2,1,1.6094379124341,"variance_lognorm",0.856987847222222,0.324,0.174,0.095,4.35,120,2054
1200,3,0.2,1,1.6094379124341,"dropout_rate",0.437607421875,0.026,0.031,0.033,0.775,3520,5177
1200,3,0.2,1,1.6094379124341,"random",0.48951099537037,0.048,0.044,0.04,1.1,3103,4992
1200,3,0.2,1,1.6094379124341,"oracle_F",1,0.48,0.24,0.12,6,120,192
1200,3,0.2,2,1.6094379124341,"DIFS_stage1_modified",0.793973524305556,0.192,0.129,0.099,3.225,839,1825
1200,3,0.2,2,1.6094379124341,"dip_original",0.802722077546296,0.208,0.137,0.099,3.425,680,1825
1200,3,0.2,2,1.6094379124341,"dip_statistic_raw",0.755912224775743,0.24,0.163,0.099,4.075,500,1825
1200,3,0.2,2,1.6094379124341,"n_expressing",0.791047815393519,0.048,0.095,0.1055,2.375,1198,1690
1200,3,0.2,2,1.6094379124341,"Seurat_vst",1,0.48,0.24,0.12,6,120,192
1200,3,0.2,2,1.6094379124341,"variance_lognorm",0.881950231481481,0.35,0.182,0.0995,4.55,120,1702
1200,3,0.2,2,1.6094379124341,"dropout_rate",0.423382523148148,0.024,0.023,0.0285,0.575,3545,5103
1200,3,0.2,2,1.6094379124341,"random",0.519079861111111,0.038,0.041,0.0435,1.025,2761,4669
1200,3,0.2,2,1.6094379124341,"oracle_F",1,0.48,0.24,0.12,6,120,192
1200,3,0.2,3,1.6094379124341,"DIFS_stage1_modified",0.735494791666667,0.162,0.123,0.086,3.075,990,2516
1200,3,0.2,3,1.6094379124341,"dip_original",0.741019965277778,0.172,0.13,0.086,3.25,833,2516
1200,3,0.2,3,1.6094379124341,"dip_statistic_raw",0.718293663407064,0.188,0.142,0.086,3.55,699,2516
1200,3,0.2,3,1.6094379124341,"n_expressing",0.782961154513889,0.058,0.091,0.101,2.275,1179,1894
1200,3,0.2,3,1.6094379124341,"Seurat_vst",1,0.48,0.24,0.12,6,120,192
1200,3,0.2,3,1.6094379124341,"variance_lognorm",0.843587239583333,0.306,0.165,0.0925,4.125,120,2381
1200,3,0.2,3,1.6094379124341,"dropout_rate",0.460851417824074,0.022,0.027,0.036,0.675,3170,5027
1200,3,0.2,3,1.6094379124341,"random",0.488590133101852,0.04,0.041,0.0395,1.025,3024,4925
1200,3,0.2,3,1.6094379124341,"oracle_F",1,0.48,0.24,0.12,6,120,192
1200,3,0.2,4,1.6094379124341,"DIFS_stage1_modified",0.756946976273148,0.174,0.127,0.0905,3.175,880,2499
1200,3,0.2,4,1.6094379124341,"dip_original",0.762213903356482,0.186,0.136,0.0905,3.4,802,2499
1200,3,0.2,4,1.6094379124341,"dip_statistic_raw",0.719708756498054,0.18,0.148,0.0905,3.7,708,2499
1200,3,0.2,4,1.6094379124341,"n_expressing",0.771048177083333,0.054,0.097,0.0995,2.425,1158,1854
1200,3,0.2,4,1.6094379124341,"Seurat_vst",1,0.48,0.24,0.12,6,120,192
1200,3,0.2,4,1.6094379124341,"variance_lognorm",0.84687572337963,0.322,0.172,0.094,4.3,120,2300
1200,3,0.2,4,1.6094379124341,"dropout_rate",0.441316189236111,0.034,0.033,0.0345,0.825,3559,5134
1200,3,0.2,4,1.6094379124341,"random",0.500232928240741,0.046,0.041,0.0415,1.025,3104,4886
1200,3,0.2,4,1.6094379124341,"oracle_F",1,0.48,0.24,0.12,6,120,192
1200,3,0.2,5,1.6094379124341,"DIFS_stage1_modified",0.735818142361111,0.162,0.115,0.0925,2.875,1111,2209
1200,3,0.2,5,1.6094379124341,"dip_original",0.745248842592593,0.174,0.124,0.0925,3.1,895,2209
1200,3,0.2,5,1.6094379124341,"dip_statistic_raw",0.744678808611647,0.19,0.149,0.0925,3.725,636,2209
1200,3,0.2,5,1.6094379124341,"n_expressing",0.759112413194444,0.04,0.085,0.098,2.125,1299,1925
1200,3,0.2,5,1.6094379124341,"Seurat_vst",1,0.48,0.24,0.12,6,120,192
1200,3,0.2,5,1.6094379124341,"variance_lognorm",0.838006365740741,0.308,0.166,0.0915,4.15,121,2460
1200,3,0.2,5,1.6094379124341,"dropout_rate",0.476691984953704,0.028,0.035,0.0355,0.875,3219,4725
1200,3,0.2,5,1.6094379124341,"random",0.525005063657407,0.05,0.048,0.0455,1.2,2791,4872
1200,3,0.2,5,1.6094379124341,"oracle_F",1,0.48,0.24,0.12,6,120,192
1200,3,0.5,1,1.6094379124341,"DIFS_stage1_modified",0.727063802083333,0.14,0.11,0.0855,2.75,1100,2749
1200,3,0.5,1,1.6094379124341,"dip_original",0.730357711226852,0.14,0.118,0.0855,2.95,1058,2749
1200,3,0.5,1,1.6094379124341,"dip_statistic_raw",0.599084974864061,0.122,0.113,0.0855,2.825,1105,2749
1200,3,0.5,1,1.6094379124341,"n_expressing",0.744768518518519,0.064,0.083,0.0855,2.075,1434,2370
1200,3,0.5,1,1.6094379124341,"Seurat_vst",1,0.48,0.24,0.12,6,120,192
1200,3,0.5,1,1.6094379124341,"variance_lognorm",0.802212818287037,0.264,0.145,0.0895,3.625,281,2786
1200,3,0.5,1,1.6094379124341,"dropout_rate",0.438965205439815,0.028,0.033,0.034,0.825,3599,5075
1200,3,0.5,1,1.6094379124341,"random",0.496572627314815,0.05,0.039,0.0375,0.975,3131,4821
1200,3,0.5,1,1.6094379124341,"oracle_F",1,0.48,0.24,0.12,6,120,192
1200,3,0.5,2,1.6094379124341,"DIFS_stage1_modified",0.698561197916667,0.14,0.095,0.08,2.375,1296,2627
1200,3,0.5,2,1.6094379124341,"dip_original",0.703939525462963,0.14,0.104,0.08,2.6,1177,2627
1200,3,0.5,2,1.6094379124341,"dip_statistic_raw",0.624257114955357,0.116,0.112,0.08,2.8,1093,2627
1200,3,0.5,2,1.6094379124341,"n_expressing",0.733079788773148,0.05,0.068,0.0825,1.7,1499,2364
1200,3,0.5,2,1.6094379124341,"Seurat_vst",1,0.48,0.24,0.12,6,120,192
1200,3,0.5,2,1.6094379124341,"variance_lognorm",0.785692997685185,0.226,0.136,0.0855,3.4,645,2778
1200,3,0.5,2,1.6094379124341,"dropout_rate",0.472454788773148,0.026,0.032,0.035,0.8,3215,4724
1200,3,0.5,2,1.6094379124341,"random",0.508155381944444,0.046,0.039,0.04,0.975,2819,4754
1200,3,0.5,2,1.6094379124341,"oracle_F",1,0.48,0.24,0.12,6,120,192
1200,3,0.5,3,1.6094379124341,"DIFS_stage1_modified",0.716166811342593,0.13,0.109,0.083,2.725,1123,2721
1200,3,0.5,3,1.6094379124341,"dip_original",0.721472077546296,0.144,0.113,0.083,2.825,1084,2721
1200,3,0.5,3,1.6094379124341,"dip_statistic_raw",0.643336373771156,0.14,0.116,0.083,2.9,1020,2721
1200,3,0.5,3,1.6094379124341,"n_expressing",0.737099971064815,0.054,0.068,0.0845,1.7,1482,2342
1200,3,0.5,3,1.6094379124341,"Seurat_vst",1,0.48,0.24,0.12,6,120,192
1200,3,0.5,3,1.6094379124341,"variance_lognorm",0.792034866898148,0.232,0.138,0.086,3.45,590,2844
1200,3,0.5,3,1.6094379124341,"dropout_rate",0.459378616898148,0.022,0.026,0.037,0.65,3409,4881
1200,3,0.5,3,1.6094379124341,"random",0.49277271412037,0.036,0.033,0.0365,0.825,2993,4690
1200,3,0.5,3,1.6094379124341,"oracle_F",1,0.48,0.24,0.12,6,120,192
1200,3,0.5,4,1.6094379124341,"DIFS_stage1_modified",0.707459129050926,0.122,0.101,0.082,2.525,1231,2823
1200,3,0.5,4,1.6094379124341,"dip_original",0.711468460648148,0.136,0.105,0.082,2.625,1212,2823
1200,3,0.5,4,1.6094379124341,"dip_statistic_raw",0.63193148717398,0.13,0.114,0.082,2.85,1144,2823
1200,3,0.5,4,1.6094379124341,"n_expressing",0.734794560185185,0.062,0.065,0.0825,1.625,1569,2232
1200,3,0.5,4,1.6094379124341,"Seurat_vst",1,0.48,0.24,0.12,6,120,192
1200,3,0.5,4,1.6094379124341,"variance_lognorm",0.792093460648148,0.218,0.131,0.0895,3.275,723,2641
1200,3,0.5,4,1.6094379124341,"dropout_rate",0.461404079861111,0.026,0.025,0.033,0.625,3236,4810
1200,3,0.5,4,1.6094379124341,"random",0.512761140046296,0.04,0.042,0.046,1.05,2838,4879
1200,3,0.5,4,1.6094379124341,"oracle_F",1,0.48,0.24,0.12,6,120,192
1200,3,0.5,5,1.6094379124341,"DIFS_stage1_modified",0.715440538194444,0.14,0.102,0.083,2.55,1168,2737
1200,3,0.5,5,1.6094379124341,"dip_original",0.721193576388889,0.154,0.109,0.083,2.725,1087,2737
1200,3,0.5,5,1.6094379124341,"dip_statistic_raw",0.626366718868982,0.126,0.119,0.083,2.975,1043,2737
1200,3,0.5,5,1.6094379124341,"n_expressing",0.758923249421296,0.052,0.077,0.0895,1.925,1390,2208
1200,3,0.5,5,1.6094379124341,"Seurat_vst",1,0.48,0.24,0.12,6,120,192
1200,3,0.5,5,1.6094379124341,"variance_lognorm",0.811940827546296,0.238,0.14,0.088,3.5,584,2396
1200,3,0.5,5,1.6094379124341,"dropout_rate",0.452066695601852,0.012,0.019,0.0315,0.475,3264,4928
1200,3,0.5,5,1.6094379124341,"random",0.514248408564815,0.042,0.043,0.0395,1.075,2857,4593
1200,3,0.5,5,1.6094379124341,"oracle_F",1,0.48,0.24,0.12,6,120,192
1200,4,0.2,1,1.6094379124341,"DIFS_stage1_modified",0.802301070601852,0.192,0.141,0.1,3.525,761,1605
1200,4,0.2,1,1.6094379124341,"dip_original",0.807721354166667,0.196,0.15,0.1,3.75,700,1605
1200,4,0.2,1,1.6094379124341,"dip_statistic_raw",0.717382942715011,0.216,0.168,0.1,4.2,545,1605
1200,4,0.2,1,1.6094379124341,"n_expressing",0.842216796875,0.084,0.118,0.1145,2.95,1015,1488
1200,4,0.2,1,1.6094379124341,"Seurat_vst",0.989781539351852,0.474,0.237,0.1185,5.925,120,192
1200,4,0.2,1,1.6094379124341,"variance_lognorm",0.934424189814815,0.394,0.205,0.109,5.125,120,349
1200,4,0.2,1,1.6094379124341,"dropout_rate",0.423137297453704,0.02,0.028,0.03,0.7,3467,5263
1200,4,0.2,1,1.6094379124341,"random",0.520881076388889,0.032,0.036,0.045,0.9,2556,4693
1200,4,0.2,1,1.6094379124341,"oracle_F",1,0.48,0.24,0.12,6,120,192
1200,4,0.2,2,1.6094379124341,"DIFS_stage1_modified",0.813396267361111,0.192,0.143,0.1015,3.575,745,1424
1200,4,0.2,2,1.6094379124341,"dip_original",0.820708188657407,0.222,0.154,0.1015,3.85,678,1418
1200,4,0.2,2,1.6094379124341,"dip_statistic_raw",0.749323593073593,0.242,0.179,0.1015,4.475,492,1302
1200,4,0.2,2,1.6094379124341,"n_expressing",0.832729311342593,0.076,0.121,0.114,3.025,988,1424
1200,4,0.2,2,1.6094379124341,"Seurat_vst",0.997013165509259,0.476,0.238,0.119,5.95,120,192
1200,4,0.2,2,1.6094379124341,"variance_lognorm",0.924155815972222,0.388,0.204,0.108,5.1,120,318
1200,4,0.2,2,1.6094379124341,"dropout_rate",0.43499927662037,0.022,0.026,0.032,0.65,3581,5114
1200,4,0.2,2,1.6094379124341,"random",0.465355902777778,0.044,0.039,0.0345,0.975,3325,5034
1200,4,0.2,2,1.6094379124341,"oracle_F",1,0.48,0.24,0.12,6,120,192
1200,4,0.2,3,1.6094379124341,"DIFS_stage1_modified",0.815263671875,0.206,0.147,0.1,3.675,644,1512
1200,4,0.2,3,1.6094379124341,"dip_original",0.821344401041667,0.216,0.155,0.1,3.875,624,1512
1200,4,0.2,3,1.6094379124341,"dip_statistic_raw",0.743871733869816,0.228,0.18,0.1,4.5,534,1512
1200,4,0.2,3,1.6094379124341,"n_expressing",0.833569155092593,0.068,0.112,0.1125,2.8,1019,1487
1200,4,0.2,3,1.6094379124341,"Seurat_vst",0.996537905092593,0.478,0.239,0.1195,5.975,120,192
1200,4,0.2,3,1.6094379124341,"variance_lognorm",0.935396412037037,0.39,0.202,0.108,5.05,120,323
1200,4,0.2,3,1.6094379124341,"dropout_rate",0.452453703703704,0.022,0.033,0.0345,0.825,3195,5241
1200,4,0.2,3,1.6094379124341,"random",0.518543113425926,0.054,0.043,0.044,1.075,2811,4728
1200,4,0.2,3,1.6094379124341,"oracle_F",1,0.48,0.24,0.12,6,120,192
1200,4,0.2,4,1.6094379124341,"DIFS_stage1_modified",0.853038194444444,0.204,0.145,0.1085,3.625,723,1345
1200,4,0.2,4,1.6094379124341,"dip_original",0.863537326388889,0.224,0.161,0.1085,4.025,565,1286
1200,4,0.2,4,1.6094379124341,"dip_statistic_raw",0.756956554139653,0.27,0.199,0.1085,4.975,413,893
1200,4,0.2,4,1.6094379124341,"n_expressing",0.844819516782407,0.064,0.116,0.115,2.9,1019,1377
1200,4,0.2,4,1.6094379124341,"Seurat_vst",1,0.48,0.24,0.12,6,120,192
1200,4,0.2,4,1.6094379124341,"variance_lognorm",0.963206741898148,0.408,0.214,0.1175,5.35,120,193
1200,4,0.2,4,1.6094379124341,"dropout_rate",0.428840060763889,0.01,0.017,0.029,0.425,3456,5150
1200,4,0.2,4,1.6094379124341,"random",0.523424479166667,0.046,0.044,0.042,1.1,2753,4637
1200,4,0.2,4,1.6094379124341,"oracle_F",1,0.48,0.24,0.12,6,120,192
1200,4,0.2,5,1.6094379124341,"DIFS_stage1_modified",0.852818287037037,0.216,0.15,0.111,3.75,674,1339
1200,4,0.2,5,1.6094379124341,"dip_original",0.862094184027778,0.234,0.163,0.111,4.075,519,1263
1200,4,0.2,5,1.6094379124341,"dip_statistic_raw",0.760278115893918,0.27,0.186,0.111,4.65,404,1061
1200,4,0.2,5,1.6094379124341,"n_expressing",0.844773582175926,0.084,0.112,0.1155,2.8,1034,1413
1200,4,0.2,5,1.6094379124341,"Seurat_vst",0.994565972222222,0.476,0.238,0.1195,5.95,120,192
1200,4,0.2,5,1.6094379124341,"variance_lognorm",0.952994791666667,0.41,0.213,0.1105,5.325,120,198
1200,4,0.2,5,1.6094379124341,"dropout_rate",0.414355107060185,0.016,0.022,0.0305,0.55,3797,5172
1200,4,0.2,5,1.6094379124341,"random",0.505198929398148,0.036,0.036,0.043,0.9,2750,4890
1200,4,0.2,5,1.6094379124341,"oracle_F",1,0.48,0.24,0.12,6,120,192
1200,4,0.5,1,1.6094379124341,"DIFS_stage1_modified",0.828810040509259,0.206,0.146,0.104,3.65,676,1675
1200,4,0.5,1,1.6094379124341,"dip_original",0.834254918981482,0.226,0.149,0.104,3.725,605,1621
1200,4,0.5,1,1.6094379124341,"dip_statistic_raw",0.691917077963225,0.198,0.158,0.104,3.95,614,1455
1200,4,0.5,1,1.6094379124341,"n_expressing",0.815275245949074,0.084,0.1,0.1085,2.5,1166,1757
1200,4,0.5,1,1.6094379124341,"Seurat_vst",0.998093171296296,0.476,0.238,0.12,5.95,120,192
1200,4,0.5,1,1.6094379124341,"variance_lognorm",0.923810040509259,0.344,0.192,0.108,4.8,120,987
1200,4,0.5,1,1.6094379124341,"dropout_rate",0.428104021990741,0.01,0.017,0.0275,0.425,3465,5114
1200,4,0.5,1,1.6094379124341,"random",0.490157696759259,0.026,0.039,0.039,0.975,3110,4574
1200,4,0.5,1,1.6094379124341,"oracle_F",1,0.48,0.24,0.12,6,120,192
1200,4,0.5,2,1.6094379124341,"DIFS_stage1_modified",0.832252604166667,0.216,0.143,0.104,3.575,645,1634
1200,4,0.5,2,1.6094379124341,"dip_original",0.837530381944444,0.226,0.152,0.104,3.8,578,1611
1200,4,0.5,2,1.6094379124341,"dip_statistic_raw",0.688791039568821,0.206,0.16,0.104,4,633,1480
1200,4,0.5,2,1.6094379124341,"n_expressing",0.820384114583333,0.098,0.103,0.1095,2.575,1166,1697
1200,4,0.5,2,1.6094379124341,"Seurat_vst",0.991313657407407,0.472,0.236,0.1185,5.9,120,192
1200,4,0.5,2,1.6094379124341,"variance_lognorm",0.91634693287037,0.338,0.193,0.108,4.825,120,951
1200,4,0.5,2,1.6094379124341,"dropout_rate",0.415637297453704,0.014,0.021,0.0295,0.525,3736,5227
1200,4,0.5,2,1.6094379124341,"random",0.506414930555556,0.038,0.036,0.036,0.9,2940,4502
1200,4,0.5,2,1.6094379124341,"oracle_F",1,0.48,0.24,0.12,6,120,192
1200,4,0.5,3,1.6094379124341,"DIFS_stage1_modified",0.773081597222222,0.16,0.122,0.0955,3.05,977,2008
1200,4,0.5,3,1.6094379124341,"dip_original",0.778992332175926,0.176,0.129,0.0955,3.225,905,2008
1200,4,0.5,3,1.6094379124341,"dip_statistic_raw",0.66861530990105,0.176,0.136,0.0955,3.4,782,2008
1200,4,0.5,3,1.6094379124341,"n_expressing",0.781039496527778,0.05,0.082,0.1005,2.05,1291,1935
1200,4,0.5,3,1.6094379124341,"Seurat_vst",0.995899884259259,0.478,0.239,0.1195,5.975,120,192
1200,4,0.5,3,1.6094379124341,"variance_lognorm",0.881315827546296,0.318,0.181,0.1025,4.525,132,1374
1200,4,0.5,3,1.6094379124341,"dropout_rate",0.485431857638889,0.038,0.028,0.0365,0.7,3164,4632
1200,4,0.5,3,1.6094379124341,"random",0.50617115162037,0.038,0.037,0.044,0.925,2852,4690
1200,4,0.5,3,1.6094379124341,"oracle_F",1,0.48,0.24,0.12,6,120,192
1200,4,0.5,4,1.6094379124341,"DIFS_stage1_modified",0.81611328125,0.204,0.131,0.104,3.275,747,1698
1200,4,0.5,4,1.6094379124341,"dip_original",0.82066478587963,0.21,0.139,0.104,3.475,697,1670
1200,4,0.5,4,1.6094379124341,"dip_statistic_raw",0.661457587901341,0.188,0.149,0.104,3.725,680,1607
1200,4,0.5,4,1.6094379124341,"n_expressing",0.818985460069444,0.088,0.104,0.109,2.6,1105,1713
1200,4,0.5,4,1.6094379124341,"Seurat_vst",0.999534143518519,0.478,0.24,0.12,6,120,192
1200,4,0.5,4,1.6094379124341,"variance_lognorm",0.917497106481482,0.338,0.194,0.108,4.85,120,944
1200,4,0.5,4,1.6094379124341,"dropout_rate",0.413225188078704,0.01,0.018,0.026,0.45,3591,5221
1200,4,0.5,4,1.6094379124341,"random",0.514383680555556,0.056,0.046,0.0375,1.15,2835,4768
1200,4,0.5,4,1.6094379124341,"oracle_F",1,0.48,0.24,0.12,6,120,192
1200,4,0.5,5,1.6094379124341,"DIFS_stage1_modified",0.836556351273148,0.216,0.155,0.106,3.875,696,1523
1200,4,0.5,5,1.6094379124341,"dip_original",0.842124204282407,0.226,0.154,0.106,3.85,528,1502
1200,4,0.5,5,1.6094379124341,"dip_statistic_raw",0.694907318734172,0.214,0.159,0.106,3.975,600,1374
1200,4,0.5,5,1.6094379124341,"n_expressing",0.817777777777778,0.074,0.109,0.109,2.725,1077,1684
1200,4,0.5,5,1.6094379124341,"Seurat_vst",0.996618923611111,0.478,0.239,0.1195,5.975,120,192
1200,4,0.5,5,1.6094379124341,"variance_lognorm",0.911545862268519,0.346,0.195,0.106,4.875,120,920
1200,4,0.5,5,1.6094379124341,"dropout_rate",0.419397063078704,0.018,0.022,0.0295,0.55,3708,5104
1200,4,0.5,5,1.6094379124341,"random",0.482492766203704,0.042,0.038,0.0355,0.95,3045,4887
1200,4,0.5,5,1.6094379124341,"oracle_F",1,0.48,0.24,0.12,6,120,192
1200,5,0.2,1,1.6094379124341,"DIFS_stage1_modified",0.84095703125,0.2,0.156,0.1095,3.9,657,1294
1200,5,0.2,1,1.6094379124341,"dip_original",0.845980902777778,0.218,0.164,0.1095,4.1,608,1270
1200,5,0.2,1,1.6094379124341,"dip_statistic_raw",0.708456915560552,0.232,0.19,0.1095,4.75,525,1049
1200,5,0.2,1,1.6094379124341,"n_expressing",0.862611038773148,0.112,0.149,0.1175,3.725,877,1244
1200,5,0.2,1,1.6094379124341,"Seurat_vst",0.977432002314815,0.466,0.233,0.1165,5.825,120,192
1200,5,0.2,1,1.6094379124341,"variance_lognorm",0.969176793981481,0.442,0.224,0.1155,5.6,120,192
1200,5,0.2,1,1.6094379124341,"dropout_rate",0.422427662037037,0.028,0.026,0.028,0.65,3509,5151
1200,5,0.2,1,1.6094379124341,"random",0.441304253472222,0.032,0.031,0.0345,0.775,3382,5317
1200,5,0.2,1,1.6094379124341,"oracle_F",1,0.48,0.24,0.12,6,120,192
1200,5,0.2,2,1.6094379124341,"DIFS_stage1_modified",0.875828993055556,0.212,0.17,0.112,4.25,583,1128
1200,5,0.2,2,1.6094379124341,"dip_original",0.883335503472222,0.224,0.182,0.112,4.55,550,1069
1200,5,0.2,2,1.6094379124341,"dip_statistic_raw",0.730655411849647,0.286,0.208,0.112,5.2,386,840
1200,5,0.2,2,1.6094379124341,"n_expressing",0.880380497685185,0.116,0.17,0.1195,4.25,848,1138
1200,5,0.2,2,1.6094379124341,"Seurat_vst",0.975149739583333,0.464,0.233,0.1165,5.825,120,192
1200,5,0.2,2,1.6094379124341,"variance_lognorm",0.979912471064815,0.446,0.227,0.1175,5.675,120,192
1200,5,0.2,2,1.6094379124341,"dropout_rate",0.408632450810185,0.022,0.024,0.0295,0.6,3863,5170
1200,5,0.2,2,1.6094379124341,"random",0.482504340277778,0.032,0.036,0.04,0.9,3176,4871
1200,5,0.2,2,1.6094379124341,"oracle_F",1,0.48,0.24,0.12,6,120,192
1200,5,0.2,3,1.6094379124341,"DIFS_stage1_modified",0.829959490740741,0.182,0.149,0.1065,3.725,773,1322
1200,5,0.2,3,1.6094379124341,"dip_original",0.837799479166667,0.194,0.159,0.1065,3.975,681,1262
1200,5,0.2,3,1.6094379124341,"dip_statistic_raw",0.699312150602815,0.25,0.185,0.1065,4.625,471,1058
1200,5,0.2,3,1.6094379124341,"n_expressing",0.857706163194444,0.094,0.129,0.1185,3.225,967,1264
1200,5,0.2,3,1.6094379124341,"Seurat_vst",0.983209635416667,0.47,0.235,0.1175,5.875,120,192
1200,5,0.2,3,1.6094379124341,"variance_lognorm",0.986027199074074,0.454,0.231,0.118,5.775,120,192
1200,5,0.2,3,1.6094379124341,"dropout_rate",0.457643590856481,0.016,0.022,0.032,0.55,3215,4792
1200,5,0.2,3,1.6094379124341,"random",0.474864728009259,0.03,0.034,0.033,0.85,3283,4865
1200,5,0.2,3,1.6094379124341,"oracle_F",1,0.48,0.24,0.12,6,120,192
1200,5,0.2,4,1.6094379124341,"DIFS_stage1_modified",0.895790653935185,0.202,0.18,0.115,4.5,641,1068
1200,5,0.2,4,1.6094379124341,"dip_original",0.9048828125,0.228,0.19,0.115,4.75,563,1028
1200,5,0.2,4,1.6094379124341,"dip_statistic_raw",0.732739242132306,0.308,0.214,0.115,5.35,337,808
1200,5,0.2,4,1.6094379124341,"n_expressing",0.882486617476852,0.13,0.157,0.1195,3.925,856,1077
1200,5,0.2,4,1.6094379124341,"Seurat_vst",0.962943431712963,0.458,0.23,0.115,5.75,120,192
1200,5,0.2,4,1.6094379124341,"variance_lognorm",0.987400173611111,0.452,0.232,0.119,5.8,120,192
1200,5,0.2,4,1.6094379124341,"dropout_rate",0.400101273148148,0.02,0.022,0.026,0.55,3769,5209
1200,5,0.2,4,1.6094379124341,"random",0.466106770833333,0.036,0.035,0.036,0.875,3298,4867
1200,5,0.2,4,1.6094379124341,"oracle_F",1,0.48,0.24,0.12,6,120,192
1200,5,0.2,5,1.6094379124341,"DIFS_stage1_modified",0.888289207175926,0.228,0.175,0.1135,4.375,566,1103
1200,5,0.2,5,1.6094379124341,"dip_original",0.895660445601852,0.248,0.185,0.1135,4.625,469,1034
1200,5,0.2,5,1.6094379124341,"dip_statistic_raw",0.743665158371041,0.286,0.214,0.1135,5.35,367,811
1200,5,0.2,5,1.6094379124341,"n_expressing",0.882841435185185,0.118,0.163,0.119,4.075,769,1065
1200,5,0.2,5,1.6094379124341,"Seurat_vst",0.966340422453704,0.458,0.23,0.115,5.75,120,192
1200,5,0.2,5,1.6094379124341,"variance_lognorm",0.987866030092593,0.458,0.233,0.118,5.825,120,192
1200,5,0.2,5,1.6094379124341,"dropout_rate",0.407340856481481,0.012,0.019,0.0285,0.475,3694,5306
1200,5,0.2,5,1.6094379124341,"random",0.498917100694444,0.044,0.039,0.039,0.975,3049,4724
1200,5,0.2,5,1.6094379124341,"oracle_F",1,0.48,0.24,0.12,6,120,192
1200,5,0.5,1,1.6094379124341,"DIFS_stage1_modified",0.871956741898148,0.228,0.156,0.112,3.9,550,1352
1200,5,0.5,1,1.6094379124341,"dip_original",0.876576967592593,0.236,0.159,0.112,3.975,510,1333
1200,5,0.5,1,1.6094379124341,"dip_statistic_raw",0.700474308300395,0.238,0.179,0.112,4.475,502,1201
1200,5,0.5,1,1.6094379124341,"n_expressing",0.863963758680556,0.138,0.13,0.118,3.25,889,1335
1200,5,0.5,1,1.6094379124341,"Seurat_vst",0.96048900462963,0.456,0.229,0.1145,5.725,120,192
1200,5,0.5,1,1.6094379124341,"variance_lognorm",0.96837962962963,0.416,0.221,0.1155,5.525,120,242
1200,5,0.5,1,1.6094379124341,"dropout_rate",0.395667317708333,0.018,0.02,0.0255,0.5,3758,5213
1200,5,0.5,1,1.6094379124341,"random",0.471649305555556,0.036,0.038,0.036,0.95,3221,5070
1200,5,0.5,1,1.6094379124341,"oracle_F",1,0.48,0.24,0.12,6,120,192
1200,5,0.5,2,1.6094379124341,"DIFS_stage1_modified",0.864600694444444,0.232,0.152,0.1105,3.8,513,1400
1200,5,0.5,2,1.6094379124341,"dip_original",0.868226996527778,0.24,0.158,0.1105,3.95,499,1379
1200,5,0.5,2,1.6094379124341,"dip_statistic_raw",0.692759140296614,0.214,0.177,0.1105,4.425,561,1191
1200,5,0.5,2,1.6094379124341,"n_expressing",0.86486255787037,0.126,0.135,0.118,3.375,859,1301
1200,5,0.5,2,1.6094379124341,"Seurat_vst",0.957643229166667,0.452,0.228,0.1145,5.7,120,192
1200,5,0.5,2,1.6094379124341,"variance_lognorm",0.972042100694444,0.418,0.225,0.1165,5.625,120,230
1200,5,0.5,2,1.6094379124341,"dropout_rate",0.396020688657407,0.01,0.016,0.0255,0.4,3834,5392
1200,5,0.5,2,1.6094379124341,"random",0.51603443287037,0.05,0.044,0.0455,1.1,2804,4837
1200,5,0.5,2,1.6094379124341,"oracle_F",1,0.48,0.24,0.12,6,120,192
1200,5,0.5,3,1.6094379124341,"DIFS_stage1_modified",0.870620298032407,0.216,0.159,0.112,3.975,633,1332
1200,5,0.5,3,1.6094379124341,"dip_original",0.875456814236111,0.23,0.162,0.112,4.05,558,1241
1200,5,0.5,3,1.6094379124341,"dip_statistic_raw",0.686171983752263,0.224,0.174,0.112,4.35,560,1191
1200,5,0.5,3,1.6094379124341,"n_expressing",0.855921585648148,0.128,0.129,0.118,3.225,894,1391
1200,5,0.5,3,1.6094379124341,"Seurat_vst",0.961392505787037,0.456,0.229,0.115,5.725,120,192
1200,5,0.5,3,1.6094379124341,"variance_lognorm",0.961104600694444,0.406,0.218,0.1155,5.45,120,322
1200,5,0.5,3,1.6094379124341,"dropout_rate",0.422766565393519,0.012,0.027,0.0265,0.675,3391,5196
1200,5,0.5,3,1.6094379124341,"random",0.512826967592593,0.042,0.044,0.0375,1.1,2831,4663
1200,5,0.5,3,1.6094379124341,"oracle_F",1,0.48,0.24,0.12,6,120,192
1200,5,0.5,4,1.6094379124341,"DIFS_stage1_modified",0.847404513888889,0.238,0.156,0.105,3.9,508,1411
1200,5,0.5,4,1.6094379124341,"dip_original",0.850506365740741,0.248,0.161,0.105,4.025,461,1396
1200,5,0.5,4,1.6094379124341,"dip_statistic_raw",0.710630461563994,0.226,0.164,0.105,4.1,562,1350
1200,5,0.5,4,1.6094379124341,"n_expressing",0.840608000578704,0.11,0.125,0.116,3.125,962,1590
1200,5,0.5,4,1.6094379124341,"Seurat_vst",0.984895109953704,0.468,0.235,0.118,5.875,120,192
1200,5,0.5,4,1.6094379124341,"variance_lognorm",0.950591001157407,0.386,0.211,0.1145,5.275,120,466
1200,5,0.5,4,1.6094379124341,"dropout_rate",0.418266782407407,0.022,0.024,0.03,0.6,3671,5195
1200,5,0.5,4,1.6094379124341,"random",0.512369791666667,0.044,0.041,0.0405,1.025,2878,4756
1200,5,0.5,4,1.6094379124341,"oracle_F",1,0.48,0.24,0.12,6,120,192
1200,5,0.5,5,1.6094379124341,"DIFS_stage1_modified",0.834807581018518,0.218,0.146,0.1055,3.65,675,1502
1200,5,0.5,5,1.6094379124341,"dip_original",0.837097077546296,0.22,0.151,0.1055,3.775,572,1499
1200,5,0.5,5,1.6094379124341,"dip_statistic_raw",0.686914155778429,0.21,0.162,0.1055,4.05,592,1385
1200,5,0.5,5,1.6094379124341,"n_expressing",0.856910083912037,0.128,0.128,0.1165,3.2,879,1400
1200,5,0.5,5,1.6094379124341,"Seurat_vst",0.968616898148148,0.452,0.229,0.1155,5.725,120,192
1200,5,0.5,5,1.6094379124341,"variance_lognorm",0.955277777777778,0.398,0.214,0.1145,5.35,120,351
1200,5,0.5,5,1.6094379124341,"dropout_rate",0.407891710069444,0.016,0.028,0.0285,0.7,3704,5282
1200,5,0.5,5,1.6094379124341,"random",0.501453993055556,0.042,0.046,0.044,1.15,2899,5047
1200,5,0.5,5,1.6094379124341,"oracle_F",1,0.48,0.24,0.12,6,120,192
1200,6,0.2,1,1.6094379124341,"DIFS_stage1_modified",0.871898871527778,0.206,0.208,0.1095,5.2,582,926
1200,6,0.2,1,1.6094379124341,"dip_original",0.874733796296296,0.218,0.209,0.1095,5.225,560,903
1200,6,0.2,1,1.6094379124341,"dip_statistic_raw",0.64297422052957,0.268,0.209,0.1095,5.225,434,785
1200,6,0.2,1,1.6094379124341,"n_expressing",0.915672019675926,0.186,0.209,0.12,5.225,649,801
1200,6,0.2,1,1.6094379124341,"Seurat_vst",0.905260416666667,0.424,0.214,0.1075,5.35,120,192
1200,6,0.2,1,1.6094379124341,"variance_lognorm",0.997288049768518,0.472,0.237,0.12,5.925,120,192
1200,6,0.2,1,1.6094379124341,"dropout_rate",0.389282769097222,0.016,0.019,0.0245,0.475,3833,5279
1200,6,0.2,1,1.6094379124341,"random",0.499446614583333,0.046,0.041,0.0425,1.025,3114,4940
1200,6,0.2,1,1.6094379124341,"oracle_F",1,0.48,0.24,0.12,6,120,192
1200,6,0.2,2,1.6094379124341,"DIFS_stage1_modified",0.863016131365741,0.206,0.204,0.11,5.1,599,962
1200,6,0.2,2,1.6094379124341,"dip_original",0.865443431712963,0.224,0.204,0.11,5.1,560,937
1200,6,0.2,2,1.6094379124341,"dip_statistic_raw",0.630529118340117,0.264,0.205,0.11,5.125,464,855
1200,6,0.2,2,1.6094379124341,"n_expressing",0.915112123842593,0.164,0.205,0.12,5.125,637,864
1200,6,0.2,2,1.6094379124341,"Seurat_vst",0.887346643518519,0.418,0.211,0.1055,5.275,120,192
1200,6,0.2,2,1.6094379124341,"variance_lognorm",0.993939525462963,0.466,0.235,0.12,5.875,120,192
1200,6,0.2,2,1.6094379124341,"dropout_rate",0.405728081597222,0.018,0.024,0.0325,0.6,3843,5268
1200,6,0.2,2,1.6094379124341,"random",0.479703414351852,0.034,0.036,0.037,0.9,3261,4733
1200,6,0.2,2,1.6094379124341,"oracle_F",1,0.48,0.24,0.12,6,120,192
1200,6,0.2,3,1.6094379124341,"DIFS_stage1_modified",0.839652777777778,0.194,0.189,0.109,4.725,610,1010
1200,6,0.2,3,1.6094379124341,"dip_original",0.842029803240741,0.214,0.194,0.109,4.85,579,991
1200,6,0.2,3,1.6094379124341,"dip_statistic_raw",0.633576642335766,0.24,0.195,0.109,4.875,496,863
1200,6,0.2,3,1.6094379124341,"n_expressing",0.906837745949074,0.128,0.195,0.1195,4.875,657,882
1200,6,0.2,3,1.6094379124341,"Seurat_vst",0.91222728587963,0.426,0.214,0.108,5.35,120,192
1200,6,0.2,3,1.6094379124341,"variance_lognorm",0.991935763888889,0.462,0.235,0.119,5.875,120,192
1200,6,0.2,3,1.6094379124341,"dropout_rate",0.413077980324074,0.02,0.026,0.027,0.65,3637,5182
1200,6,0.2,3,1.6094379124341,"random",0.474526186342593,0.016,0.03,0.039,0.75,3322,4902
1200,6,0.2,3,1.6094379124341,"oracle_F",1,0.48,0.24,0.12,6,120,192
1200,6,0.2,4,1.6094379124341,"DIFS_stage1_modified",0.833782552083333,0.182,0.185,0.1065,4.625,689,1034
1200,6,0.2,4,1.6094379124341,"dip_original",0.837309751157407,0.196,0.188,0.1065,4.7,670,1028
1200,6,0.2,4,1.6094379124341,"dip_statistic_raw",0.629322044076142,0.244,0.195,0.1065,4.875,491,947
1200,6,0.2,4,1.6094379124341,"n_expressing",0.902616102430556,0.126,0.194,0.12,4.85,712,944
1200,6,0.2,4,1.6094379124341,"Seurat_vst",0.93462890625,0.436,0.22,0.1105,5.5,120,192
1200,6,0.2,4,1.6094379124341,"variance_lognorm",0.991809895833333,0.464,0.235,0.118,5.875,120,192
1200,6,0.2,4,1.6094379124341,"dropout_rate",0.434251663773148,0.012,0.016,0.0295,0.4,3412,5039
1200,6,0.2,4,1.6094379124341,"random",0.516716579861111,0.044,0.044,0.042,1.1,2767,4794
1200,6,0.2,4,1.6094379124341,"oracle_F",1,0.48,0.24,0.12,6,120,192
1200,6,0.2,5,1.6094379124341,"DIFS_stage1_modified",0.926872468171296,0.24,0.23,0.119,5.75,492,875
1200,6,0.2,5,1.6094379124341,"dip_original",0.932422236689815,0.258,0.228,0.119,5.7,431,814
1200,6,0.2,5,1.6094379124341,"dip_statistic_raw",0.678246744600964,0.308,0.235,0.119,5.875,367,683
1200,6,0.2,5,1.6094379124341,"n_expressing",0.914640842013889,0.172,0.22,0.12,5.5,556,835
1200,6,0.2,5,1.6094379124341,"Seurat_vst",0.921896701388889,0.438,0.219,0.1095,5.475,120,192
1200,6,0.2,5,1.6094379124341,"variance_lognorm",0.994625289351852,0.474,0.237,0.119,5.925,120,192
1200,6,0.2,5,1.6094379124341,"dropout_rate",0.428213252314815,0.016,0.023,0.034,0.575,3633,5209
1200,6,0.2,5,1.6094379124341,"random",0.489484953703704,0.034,0.039,0.0375,0.975,3213,4744
1200,6,0.2,5,1.6094379124341,"oracle_F",1,0.48,0.24,0.12,6,120,192
1200,6,0.5,1,1.6094379124341,"DIFS_stage1_modified",0.840275969328704,0.204,0.157,0.104,3.925,600,1292
1200,6,0.5,1,1.6094379124341,"dip_original",0.841523075810185,0.214,0.157,0.104,3.925,591,1269
1200,6,0.5,1,1.6094379124341,"dip_statistic_raw",0.631862521453866,0.204,0.169,0.104,4.225,617,1217
1200,6,0.5,1,1.6094379124341,"n_expressing",0.882740162037037,0.124,0.171,0.12,4.275,822,1063
1200,6,0.5,1,1.6094379124341,"Seurat_vst",0.927469618055556,0.432,0.216,0.109,5.4,120,192
1200,6,0.5,1,1.6094379124341,"variance_lognorm",0.98154369212963,0.44,0.23,0.1175,5.75,120,192
1200,6,0.5,1,1.6094379124341,"dropout_rate",0.431313657407407,0.014,0.017,0.0295,0.425,3450,5002
1200,6,0.5,1,1.6094379124341,"random",0.479871238425926,0.036,0.042,0.0415,1.05,3249,4934
1200,6,0.5,1,1.6094379124341,"oracle_F",1,0.48,0.24,0.12,6,120,192
1200,6,0.5,2,1.6094379124341,"DIFS_stage1_modified",0.914231409143519,0.23,0.192,0.1175,4.8,520,1000
1200,6,0.5,2,1.6094379124341,"dip_original",0.917859881365741,0.25,0.194,0.1175,4.85,465,976
1200,6,0.5,2,1.6094379124341,"dip_statistic_raw",0.66160809475645,0.258,0.205,0.1175,5.125,460,921
1200,6,0.5,2,1.6094379124341,"n_expressing",0.894856409143518,0.142,0.175,0.119,4.375,657,1051
1200,6,0.5,2,1.6094379124341,"Seurat_vst",0.913181423611111,0.428,0.216,0.1095,5.4,120,192
1200,6,0.5,2,1.6094379124341,"variance_lognorm",0.988420862268519,0.454,0.233,0.1185,5.825,120,192
1200,6,0.5,2,1.6094379124341,"dropout_rate",0.417894965277778,0.014,0.02,0.033,0.5,3716,5193
1200,6,0.5,2,1.6094379124341,"random",0.535287181712963,0.056,0.05,0.045,1.25,2727,4641
1200,6,0.5,2,1.6094379124341,"oracle_F",1,0.48,0.24,0.12,6,120,192
1200,6,0.5,3,1.6094379124341,"DIFS_stage1_modified",0.869637586805556,0.2,0.156,0.112,3.9,698,1268
1200,6,0.5,3,1.6094379124341,"dip_original",0.872727141203704,0.212,0.157,0.112,3.925,624,1260
1200,6,0.5,3,1.6094379124341,"dip_statistic_raw",0.642910860429109,0.206,0.184,0.112,4.6,583,1069
1200,6,0.5,3,1.6094379124341,"n_expressing",0.878544921875,0.112,0.164,0.1195,4.1,799,1154
1200,6,0.5,3,1.6094379124341,"Seurat_vst",0.935899884259259,0.442,0.221,0.1115,5.525,120,192
1200,6,0.5,3,1.6094379124341,"variance_lognorm",0.981029369212963,0.44,0.228,0.1165,5.7,120,192
1200,6,0.5,3,1.6094379124341,"dropout_rate",0.428193359375,0.014,0.027,0.0285,0.675,3642,5064
1200,6,0.5,3,1.6094379124341,"random",0.524280960648148,0.052,0.051,0.045,1.275,2603,4767
1200,6,0.5,3,1.6094379124341,"oracle_F",1,0.48,0.24,0.12,6,120,192
1200,6,0.5,4,1.6094379124341,"DIFS_stage1_modified",0.824699797453704,0.19,0.145,0.1035,3.625,757,1375
1200,6,0.5,4,1.6094379124341,"dip_original",0.826770833333333,0.198,0.151,0.1035,3.775,739,1377
1200,6,0.5,4,1.6094379124341,"dip_statistic_raw",0.642216021783709,0.204,0.166,0.1035,4.15,598,1287
1200,6,0.5,4,1.6094379124341,"n_expressing",0.874935980902778,0.14,0.147,0.12,3.675,881,1256
1200,6,0.5,4,1.6094379124341,"Seurat_vst",0.903914207175926,0.424,0.213,0.1065,5.325,120,192
1200,6,0.5,4,1.6094379124341,"variance_lognorm",0.97013744212963,0.422,0.219,0.1155,5.475,120,205
1200,6,0.5,4,1.6094379124341,"dropout_rate",0.430384837962963,0.036,0.029,0.0275,0.725,3612,5083
1200,6,0.5,4,1.6094379124341,"random",0.513715277777778,0.056,0.045,0.0425,1.125,2809,4806
1200,6,0.5,4,1.6094379124341,"oracle_F",1,0.48,0.24,0.12,6,120,192
1200,6,0.5,5,1.6094379124341,"DIFS_stage1_modified",0.833114872685185,0.206,0.157,0.103,3.925,639,1373
1200,6,0.5,5,1.6094379124341,"dip_original",0.833297887731482,0.208,0.154,0.103,3.85,633,1360
1200,6,0.5,5,1.6094379124341,"dip_statistic_raw",0.621124249956064,0.192,0.156,0.103,3.9,720,1255
1200,6,0.5,5,1.6094379124341,"n_expressing",0.881851128472222,0.166,0.157,0.119,3.925,718,1351
1200,6,0.5,5,1.6094379124341,"Seurat_vst",0.903793402777778,0.418,0.213,0.1075,5.325,120,192
1200,6,0.5,5,1.6094379124341,"variance_lognorm",0.971004050925926,0.426,0.219,0.117,5.475,120,201
1200,6,0.5,5,1.6094379124341,"dropout_rate",0.442288411458333,0.022,0.031,0.034,0.775,3482,5279
1200,6,0.5,5,1.6094379124341,"random",0.490009403935185,0.03,0.034,0.038,0.85,3024,4783
1200,6,0.5,5,1.6094379124341,"oracle_F",1,0.48,0.24,0.12,6,120,192
1200,8,0.2,1,1.6094379124341,"DIFS_stage1_modified",0.883011429398148,0.384,0.206,0.1135,5.15,345,500
1200,8,0.2,1,1.6094379124341,"dip_original",0.883667173032407,0.378,0.206,0.1135,5.15,336,504
1200,8,0.2,1,1.6094379124341,"dip_statistic_raw",0.511752445085778,0.39,0.206,0.1135,5.15,294,480
1200,8,0.2,1,1.6094379124341,"n_expressing",0.967554253472222,0.394,0.24,0.12,6,294,429
1200,8,0.2,1,1.6094379124341,"Seurat_vst",0.794574652777778,0.36,0.183,0.093,4.575,120,4013
1200,8,0.2,1,1.6094379124341,"variance_lognorm",0.999864728009259,0.48,0.24,0.12,6,120,192
1200,8,0.2,1,1.6094379124341,"dropout_rate",0.436476056134259,0.014,0.025,0.031,0.625,3468,5203
1200,8,0.2,1,1.6094379124341,"random",0.524577546296296,0.064,0.059,0.043,1.475,2850,4702
1200,8,0.2,1,1.6094379124341,"oracle_F",1,0.48,0.24,0.12,6,120,192
1200,8,0.2,2,1.6094379124341,"DIFS_stage1_modified",0.968033854166667,0.472,0.237,0.1195,5.925,273,421
1200,8,0.2,2,1.6094379124341,"dip_original",0.968249421296296,0.472,0.237,0.1195,5.925,269,411
1200,8,0.2,2,1.6094379124341,"dip_statistic_raw",0.507078763708873,0.472,0.237,0.1195,5.925,256,387
1200,8,0.2,2,1.6094379124341,"n_expressing",0.977196180555556,0.478,0.24,0.12,6,225,360
1200,8,0.2,2,1.6094379124341,"Seurat_vst",0.762820457175926,0.354,0.18,0.091,4.5,120,5827
1200,8,0.2,2,1.6094379124341,"variance_lognorm",0.99998119212963,0.48,0.24,0.12,6,120,192
1200,8,0.2,2,1.6094379124341,"dropout_rate",0.396979528356481,0.01,0.018,0.024,0.45,3888,5184
1200,8,0.2,2,1.6094379124341,"random",0.510436197916667,0.032,0.031,0.044,0.775,2804,4623
1200,8,0.2,2,1.6094379124341,"oracle_F",1,0.48,0.24,0.12,6,120,192
1200,8,0.2,3,1.6094379124341,"DIFS_stage1_modified",0.891888744212963,0.398,0.21,0.111,5.25,283,432
1200,8,0.2,3,1.6094379124341,"dip_original",0.892243923611111,0.398,0.21,0.111,5.25,283,432
1200,8,0.2,3,1.6094379124341,"dip_statistic_raw",0.529841832111377,0.398,0.21,0.111,5.25,255,401
1200,8,0.2,3,1.6094379124341,"n_expressing",0.97419921875,0.48,0.24,0.12,6,268,374
1200,8,0.2,3,1.6094379124341,"Seurat_vst",0.743420862268519,0.346,0.173,0.088,4.325,120,5624
1200,8,0.2,3,1.6094379124341,"variance_lognorm",1,0.48,0.24,0.12,6,120,192
1200,8,0.2,3,1.6094379124341,"dropout_rate",0.403245804398148,0.008,0.016,0.023,0.4,3762,5083
1200,8,0.2,3,1.6094379124341,"random",0.516200086805556,0.046,0.037,0.044,0.925,2806,4754
1200,8,0.2,3,1.6094379124341,"oracle_F",1,0.48,0.24,0.12,6,120,192
1200,8,0.2,4,1.6094379124341,"DIFS_stage1_modified",0.874621310763889,0.378,0.195,0.107,4.875,276,848
1200,8,0.2,4,1.6094379124341,"dip_original",0.874801432291667,0.378,0.195,0.107,4.875,275,848
1200,8,0.2,4,1.6094379124341,"dip_statistic_raw",0.505620169214639,0.378,0.195,0.107,4.875,241,848
1200,8,0.2,4,1.6094379124341,"n_expressing",0.97566478587963,0.476,0.239,0.12,5.975,245,424
1200,8,0.2,4,1.6094379124341,"Seurat_vst",0.793472222222222,0.368,0.186,0.0935,4.65,120,4403
1200,8,0.2,4,1.6094379124341,"variance_lognorm",0.997811053240741,0.476,0.239,0.1195,5.975,120,192
1200,8,0.2,4,1.6094379124341,"dropout_rate",0.410757016782407,0.022,0.021,0.0285,0.525,3692,5259
1200,8,0.2,4,1.6094379124341,"random",0.514871961805556,0.04,0.048,0.0435,1.2,2734,4775
1200,8,0.2,4,1.6094379124341,"oracle_F",1,0.48,0.24,0.12,6,120,192
1200,8,0.2,5,1.6094379124341,"DIFS_stage1_modified",0.900162760416667,0.4,0.208,0.1105,5.2,235,369
1200,8,0.2,5,1.6094379124341,"dip_original",0.900053530092593,0.4,0.208,0.1105,5.2,245,370
1200,8,0.2,5,1.6094379124341,"dip_statistic_raw",0.494245810055866,0.4,0.208,0.1105,5.2,221,353
1200,8,0.2,5,1.6094379124341,"n_expressing",0.98224609375,0.48,0.24,0.12,6,218,319
1200,8,0.2,5,1.6094379124341,"Seurat_vst",0.766430121527778,0.348,0.176,0.089,4.4,120,4749
1200,8,0.2,5,1.6094379124341,"variance_lognorm",0.99997974537037,0.48,0.24,0.12,6,120,192
1200,8,0.2,5,1.6094379124341,"dropout_rate",0.42726634837963,0.028,0.031,0.029,0.775,3570,5248
1200,8,0.2,5,1.6094379124341,"random",0.511475694444444,0.046,0.041,0.04,1.025,2866,4814
1200,8,0.2,5,1.6094379124341,"oracle_F",1,0.48,0.24,0.12,6,120,192
1200,8,0.5,1,1.6094379124341,"DIFS_stage1_modified",0.86802806712963,0.334,0.194,0.107,4.85,366,728
1200,8,0.5,1,1.6094379124341,"dip_original",0.867097077546296,0.338,0.194,0.107,4.85,358,728
1200,8,0.5,1,1.6094379124341,"dip_statistic_raw",0.462830117728732,0.342,0.194,0.107,4.85,366,728
1200,8,0.5,1,1.6094379124341,"n_expressing",0.964911747685185,0.378,0.239,0.1195,5.975,302,555
1200,8,0.5,1,1.6094379124341,"Seurat_vst",0.786456163194444,0.356,0.182,0.093,4.55,120,4505
1200,8,0.5,1,1.6094379124341,"variance_lognorm",0.995582320601852,0.47,0.238,0.1195,5.95,120,192
1200,8,0.5,1,1.6094379124341,"dropout_rate",0.412788266782407,0.022,0.022,0.0295,0.55,3721,5170
1200,8,0.5,1,1.6094379124341,"random",0.5,0.03,0.035,0.0405,0.875,2926,4759
1200,8,0.5,1,1.6094379124341,"oracle_F",1,0.48,0.24,0.12,6,120,192
1200,8,0.5,2,1.6094379124341,"DIFS_stage1_modified",0.895745081018518,0.404,0.209,0.11,5.225,302,460
1200,8,0.5,2,1.6094379124341,"dip_original",0.894679542824074,0.404,0.209,0.11,5.225,316,477
1200,8,0.5,2,1.6094379124341,"dip_statistic_raw",0.428345411860774,0.404,0.209,0.11,5.225,303,476
1200,8,0.5,2,1.6094379124341,"n_expressing",0.97535083912037,0.404,0.24,0.12,6,247,360
1200,8,0.5,2,1.6094379124341,"Seurat_vst",0.765699508101852,0.342,0.175,0.0895,4.375,120,4685
1200,8,0.5,2,1.6094379124341,"variance_lognorm",0.998776041666667,0.478,0.24,0.12,6,120,192
1200,8,0.5,2,1.6094379124341,"dropout_rate",0.426103153935185,0.028,0.03,0.0295,0.75,3547,5304
1200,8,0.5,2,1.6094379124341,"random",0.497667824074074,0.036,0.043,0.041,1.075,2921,4981
1200,8,0.5,2,1.6094379124341,"oracle_F",1,0.48,0.24,0.12,6,120,192
1200,8,0.5,3,1.6094379124341,"DIFS_stage1_modified",0.96078125,0.352,0.239,0.12,5.975,329,545
1200,8,0.5,3,1.6094379124341,"dip_original",0.961535011574074,0.35,0.239,0.12,5.975,323,541
1200,8,0.5,3,1.6094379124341,"dip_statistic_raw",0.543482612960701,0.382,0.239,0.12,5.975,315,501
1200,8,0.5,3,1.6094379124341,"n_expressing",0.962138310185185,0.39,0.24,0.12,6,340,482
1200,8,0.5,3,1.6094379124341,"Seurat_vst",0.835412326388889,0.386,0.198,0.1,4.95,120,391
1200,8,0.5,3,1.6094379124341,"variance_lognorm",0.999087818287037,0.478,0.24,0.12,6,120,192
1200,8,0.5,3,1.6094379124341,"dropout_rate",0.421117259837963,0.024,0.019,0.0275,0.475,3588,5054
1200,8,0.5,3,1.6094379124341,"random",0.504887152777778,0.03,0.035,0.042,0.875,3009,4719
1200,8,0.5,3,1.6094379124341,"oracle_F",1,0.48,0.24,0.12,6,120,192
1200,8,0.5,4,1.6094379124341,"DIFS_stage1_modified",0.962916666666667,0.37,0.238,0.12,5.95,323,515
1200,8,0.5,4,1.6094379124341,"dip_original",0.963658130787037,0.358,0.238,0.12,5.95,294,526
1200,8,0.5,4,1.6094379124341,"dip_statistic_raw",0.54827021717778,0.392,0.238,0.12,5.95,301,478
1200,8,0.5,4,1.6094379124341,"n_expressing",0.965876012731481,0.388,0.24,0.12,6,307,489
1200,8,0.5,4,1.6094379124341,"Seurat_vst",0.795135271990741,0.366,0.186,0.095,4.65,120,3659
1200,8,0.5,4,1.6094379124341,"variance_lognorm",0.999330150462963,0.478,0.24,0.12,6,120,192
1200,8,0.5,4,1.6094379124341,"dropout_rate",0.431700303819444,0.028,0.022,0.0325,0.55,3541,5130
1200,8,0.5,4,1.6094379124341,"random",0.524134837962963,0.046,0.039,0.0445,0.975,2680,4681
1200,8,0.5,4,1.6094379124341,"oracle_F",1,0.48,0.24,0.12,6,120,192
1200,8,0.5,5,1.6094379124341,"DIFS_stage1_modified",0.865859736689815,0.324,0.201,0.1105,5.025,380,586
1200,8,0.5,5,1.6094379124341,"dip_original",0.865162398726852,0.324,0.201,0.1105,5.025,378,586
1200,8,0.5,5,1.6094379124341,"dip_statistic_raw",0.480917786165564,0.326,0.201,0.1105,5.025,369,586
1200,8,0.5,5,1.6094379124341,"n_expressing",0.963860677083333,0.378,0.24,0.12,6,317,594
1200,8,0.5,5,1.6094379124341,"Seurat_vst",0.786548590611796,0.364,0.183,0.0925,4.575,120,4468
1200,8,0.5,5,1.6094379124341,"variance_lognorm",0.998286313657407,0.474,0.239,0.12,5.975,120,192
1200,8,0.5,5,1.6094379124341,"dropout_rate",0.418077980324074,0.022,0.024,0.03,0.6,3552,5133
1200,8,0.5,5,1.6094379124341,"random",0.500045572916667,0.038,0.04,0.039,1,2922,4867
1200,8,0.5,5,1.6094379124341,"oracle_F",1,0.48,0.24,0.12,6,120,192
