"r","lf","disp","depth","nc","method","auc_all","auc_within_gate","genes_for_half","top500_sens","genes_in_gate","focal_in_gate","markers_in_gate","null_detect","upshare"
1,1,0.2,5000,300,"DIFS_stage1",0.952411105607589,0.545243473895582,602,0.427083333333333,1258,0.995833333333333,1,0.431666666666667,0.201827719039423
1,1,0.2,5000,300,"dip_statistic_raw",0.944073269392411,0.465567627653471,686,0.302083333333333,1258,0.995833333333333,1,0.431666666666667,0.201827719039423
1,1,0.2,5000,300,"n_expressing",0.956383491684678,0.583203349110729,479,0.510416666666667,1258,0.995833333333333,1,0.431666666666667,0.201827719039423
1,1,0.2,5000,300,"Seurat_vst",0.867832913064361,0.738077309236948,1026,0.25,1258,0.995833333333333,1,0.431666666666667,0.201827719039423
1,1,0.2,5000,300,"random",0.548171454731028,0.53685276821572,4732,0.114583333333333,1258,0.995833333333333,1,0.431666666666667,0.201827719039423
2,1,0.2,5000,300,"DIFS_stage1",0.950857611371278,0.521755404615834,583,0.40625,1237,0.993333333333333,1,0.435,0.242503259452412
2,1,0.2,5000,300,"dip_statistic_raw",0.942738352545629,0.442740286298568,715,0.3125,1237,0.993333333333333,1,0.435,0.242503259452412
2,1,0.2,5000,300,"n_expressing",0.958997039355187,0.60096680543383,474,0.520833333333333,1237,0.993333333333333,1,0.435,0.242503259452412
2,1,0.2,5000,300,"Seurat_vst",0.898769587536023,0.811468375693836,731,0.260416666666667,1237,0.993333333333333,1,0.435,0.242503259452412
2,1,0.2,5000,300,"random",0.514855757684918,0.526155784399649,5869,0.0520833333333333,1237,0.993333333333333,1,0.435,0.242503259452412
3,1,0.2,5000,300,"DIFS_stage1",0.94703579040586,0.498195748009101,594,0.40625,1268,0.998333333333333,1,0.423333333333333,0.204545454545455
3,1,0.2,5000,300,"dip_statistic_raw",0.940541321445725,0.436664533560865,804,0.3125,1268,0.998333333333333,1,0.423333333333333,0.204545454545455
3,1,0.2,5000,300,"n_expressing",0.956987628332133,0.592483468430034,500,0.5,1268,0.998333333333333,1,0.423333333333333,0.204545454545455
3,1,0.2,5000,300,"Seurat_vst",0.883399750840538,0.789426905574516,768,0.229166666666667,1268,0.998333333333333,1,0.423333333333333,0.204545454545455
3,1,0.2,5000,300,"random",0.504031955451489,0.499182309442548,5569,0.0416666666666667,1268,0.998333333333333,1,0.423333333333333,0.204545454545455
4,1,0.2,5000,300,"DIFS_stage1",0.943972892651297,0.465987124463519,639,0.354166666666667,1261,0.995833333333333,1,0.426666666666667,0.173214451564967
4,1,0.2,5000,300,"dip_statistic_raw",0.934759808777618,0.37817417739628,797,0.260416666666667,1261,0.995833333333333,1,0.426666666666667,0.173214451564967
4,1,0.2,5000,300,"n_expressing",0.964606410602786,0.66265200286123,382,0.625,1261,0.995833333333333,1,0.426666666666667,0.173214451564967
4,1,0.2,5000,300,"Seurat_vst",0.908255189571326,0.823403969957082,607,0.34375,1261,0.995833333333333,1,0.426666666666667,0.173214451564967
4,1,0.2,5000,300,"random",0.469382279658982,0.461060443490701,6350,0.0729166666666667,1261,0.995833333333333,1,0.426666666666667,0.173214451564967
5,1,0.2,5000,300,"DIFS_stage1",0.949569599543708,0.51136198371146,580,0.4375,1242,0.993333333333333,1,0.451666666666667,0.253429101019462
5,1,0.2,5000,300,"dip_statistic_raw",0.945033884185879,0.467413830715532,674,0.354166666666667,1242,0.993333333333333,1,0.451666666666667,0.253429101019462
5,1,0.2,5000,300,"n_expressing",0.955233849663785,0.566244909831297,529,0.458333333333333,1242,0.993333333333333,1,0.451666666666667,0.253429101019462
5,1,0.2,5000,300,"Seurat_vst",0.900995699747839,0.796911358347877,806,0.28125,1242,0.993333333333333,1,0.451666666666667,0.253429101019462
5,1,0.2,5000,300,"random",0.455083753602305,0.460178519488074,6366,0.0520833333333333,1242,0.993333333333333,1,0.451666666666667,0.253429101019462
1,2,0.2,5000,300,"DIFS_stage1",0.951745992435158,0.537294905008636,559,0.427083333333333,1254,0.999166666666667,1,0.44,0.251582278481013
1,2,0.2,5000,300,"dip_statistic_raw",0.939220476104707,0.417188399539436,758,0.28125,1254,0.999166666666667,1,0.44,0.251582278481013
1,2,0.2,5000,300,"n_expressing",0.964027602665706,0.655062607944732,379,0.583333333333333,1254,0.999166666666667,1,0.44,0.251582278481013
1,2,0.2,5000,300,"Seurat_vst",0.995104054094621,0.997400331030512,59,0.979166666666667,1254,0.999166666666667,1,0.44,0.251582278481013
1,2,0.2,5000,300,"random",0.543261437319885,0.548458189407024,4957,0.03125,1254,0.999166666666667,1,0.44,0.251582278481013
2,2,0.2,5000,300,"DIFS_stage1",0.945784364493276,0.47877886002886,655,0.34375,1251,0.996666666666667,1,0.42,0.232150776053215
2,2,0.2,5000,300,"dip_statistic_raw",0.935014033981748,0.375234487734488,794,0.25,1251,0.996666666666667,1,0.42,0.232150776053215
2,2,0.2,5000,300,"n_expressing",0.96573635251561,0.670594336219336,356,0.65625,1251,0.996666666666667,1,0.42,0.232150776053215
2,2,0.2,5000,300,"Seurat_vst",0.985088894392411,0.985984848484848,84,0.84375,1251,0.996666666666667,1,0.42,0.232150776053215
2,2,0.2,5000,300,"random",0.488542980007205,0.478354978354978,5496,0.0104166666666667,1251,0.996666666666667,1,0.42,0.232150776053215
3,2,0.2,5000,300,"DIFS_stage1",0.944885664325168,0.469679737146158,649,0.34375,1250,0.994166666666667,1,0.44,0.26964485458613
3,2,0.2,5000,300,"dip_statistic_raw",0.936316117315082,0.387221981513576,755,0.1875,1250,0.994166666666667,1,0.44,0.26964485458613
3,2,0.2,5000,300,"n_expressing",0.963114361941643,0.645079614384749,417,0.5625,1250,0.994166666666667,1,0.44,0.26964485458613
3,2,0.2,5000,300,"Seurat_vst",0.995633142711335,0.998257871172733,69,0.989583333333333,1250,0.994166666666667,1,0.44,0.26964485458613
3,2,0.2,5000,300,"random",0.523594162764169,0.520382004621606,5504,0.0625,1250,0.994166666666667,1,0.44,0.26964485458613
4,2,0.2,5000,300,"DIFS_stage1",0.950021763928914,0.511049926578561,590,0.427083333333333,1231,0.9925,1,0.423333333333333,0.296065446045968
4,2,0.2,5000,300,"dip_statistic_raw",0.938741106808357,0.400688325991189,739,0.28125,1231,0.9925,1,0.423333333333333,0.296065446045968
4,2,0.2,5000,300,"n_expressing",0.965499482168588,0.662472466960352,346,0.645833333333333,1231,0.9925,1,0.423333333333333,0.296065446045968
4,2,0.2,5000,300,"Seurat_vst",0.994798233369356,0.998742657856094,74,0.989583333333333,1231,0.9925,1,0.423333333333333,0.296065446045968
4,2,0.2,5000,300,"random",0.466188047850624,0.47227422907489,6301,0.0625,1231,0.9925,1,0.423333333333333,0.296065446045968
5,2,0.2,5000,300,"DIFS_stage1",0.94836601675072,0.507859442060086,625,0.364583333333333,1261,0.996666666666667,1,0.423333333333333,0.247613256308909
5,2,0.2,5000,300,"dip_statistic_raw",0.937726082192603,0.406446709585122,739,0.270833333333333,1261,0.996666666666667,1,0.423333333333333,0.247613256308909
5,2,0.2,5000,300,"n_expressing",0.963329186929635,0.650478361945637,439,0.5625,1261,0.996666666666667,1,0.423333333333333,0.247613256308909
5,2,0.2,5000,300,"Seurat_vst",0.996226022154179,0.998184907010014,54,0.979166666666667,1261,0.996666666666667,1,0.423333333333333,0.247613256308909
5,2,0.2,5000,300,"random",0.541010934498079,0.554694206008584,4880,0.0208333333333333,1261,0.996666666666667,1,0.423333333333333,0.247613256308909
1,3,0.2,5000,300,"DIFS_stage1",0.957619438940922,0.582065941385435,469,0.520833333333333,1222,0.994166666666667,1,0.403333333333333,0.258333333333333
1,3,0.2,5000,300,"dip_statistic_raw",0.947078004923151,0.478112048549438,605,0.4375,1222,0.994166666666667,1,0.403333333333333,0.258333333333333
1,3,0.2,5000,300,"n_expressing",0.969947954190682,0.703643058022498,300,0.697916666666667,1222,0.994166666666667,1,0.403333333333333,0.258333333333333
1,3,0.2,5000,300,"Seurat_vst",0.948032053013929,0.905537670219065,48,0.8125,1222,0.994166666666667,1,0.403333333333333,0.258333333333333
1,3,0.2,5000,300,"random",0.515200978626321,0.522998075784488,5398,0.0416666666666667,1222,0.994166666666667,1,0.403333333333333,0.258333333333333
2,3,0.2,5000,300,"DIFS_stage1",0.969132744956772,0.700393356643357,247,0.6875,1240,0.993333333333333,1,0.415,0.299303779482808
2,3,0.2,5000,300,"dip_statistic_raw",0.958117570244957,0.593476835664336,510,0.489583333333333,1240,0.993333333333333,1,0.415,0.299303779482808
2,3,0.2,5000,300,"n_expressing",0.962441274915946,0.635443983100233,362,0.583333333333333,1240,0.993333333333333,1,0.415,0.299303779482808
2,3,0.2,5000,300,"Seurat_vst",0.979905889769452,0.966992642773893,48,0.885416666666667,1240,0.993333333333333,1,0.415,0.299303779482808
2,3,0.2,5000,300,"random",0.43991279418828,0.436106861888112,7097,0.0625,1240,0.993333333333333,1,0.415,0.299303779482808
3,3,0.2,5000,300,"DIFS_stage1",0.963407518311719,0.642635957197303,283,0.583333333333333,1233,0.996666666666667,1,0.416666666666667,0.251543209876543
3,3,0.2,5000,300,"dip_statistic_raw",0.951834173871278,0.529610085019056,618,0.46875,1233,0.996666666666667,1,0.416666666666667,0.251543209876543
3,3,0.2,5000,300,"n_expressing",0.966066563850865,0.668604331574318,294,0.604166666666667,1233,0.996666666666667,1,0.416666666666667,0.251543209876543
3,3,0.2,5000,300,"Seurat_vst",0.969120549651777,0.941934183523893,48,0.833333333333333,1233,0.996666666666667,1,0.416666666666667,0.251543209876543
3,3,0.2,5000,300,"random",0.510095836335255,0.505808413954852,5271,0.0520833333333333,1233,0.996666666666667,1,0.416666666666667,0.251543209876543
4,3,0.2,5000,300,"DIFS_stage1",0.960352125360231,0.621453138435082,449,0.53125,1259,0.9975,1,0.39,0.243243243243243
4,3,0.2,5000,300,"dip_statistic_raw",0.944658644032181,0.47161615075953,708,0.364583333333333,1259,0.9975,1,0.39,0.243243243243243
4,3,0.2,5000,300,"n_expressing",0.972906722802594,0.741320937231298,251,0.739583333333333,1259,0.9975,1,0.39,0.243243243243243
4,3,0.2,5000,300,"Seurat_vst",0.950745039325168,0.915851605044425,48,0.833333333333333,1259,0.9975,1,0.39,0.243243243243243
4,3,0.2,5000,300,"random",0.524006926933237,0.53880947262826,4837,0.0416666666666667,1259,0.9975,1,0.39,0.243243243243243
5,3,0.2,5000,300,"DIFS_stage1",0.962868110590778,0.638955779334501,291,0.59375,1238,0.994166666666667,1,0.406666666666667,0.266935681095622
5,3,0.2,5000,300,"dip_statistic_raw",0.951226284822286,0.525758902510216,543,0.427083333333333,1238,0.994166666666667,1,0.406666666666667,0.266935681095622
5,3,0.2,5000,300,"n_expressing",0.969102725744476,0.699576765907764,315,0.65625,1238,0.994166666666667,1,0.406666666666667,0.266935681095622
5,3,0.2,5000,300,"Seurat_vst",0.975929282240634,0.961142732049037,48,0.875,1238,0.994166666666667,1,0.406666666666667,0.266935681095622
5,3,0.2,5000,300,"random",0.467267801392891,0.47020030647986,6040,0.0416666666666667,1238,0.994166666666667,1,0.406666666666667,0.266935681095622
1,4,0.2,5000,300,"DIFS_stage1",0.990164955571566,0.90275304244583,48,0.90625,1219,0.985833333333333,1,0.363333333333333,0.334386549254004
1,4,0.2,5000,300,"dip_statistic_raw",0.982057892050913,0.822592015434847,118,0.802083333333333,1219,0.985833333333333,1,0.363333333333333,0.334386549254004
1,4,0.2,5000,300,"n_expressing",0.973516957102546,0.738140954289107,195,0.6875,1219,0.985833333333333,1,0.363333333333333,0.334386549254004
1,4,0.2,5000,300,"Seurat_vst",0.904332522814601,0.805468981893737,48,0.760416666666667,1219,0.985833333333333,1,0.363333333333333,0.334386549254004
1,4,0.2,5000,300,"random",0.515234750240154,0.510917557138617,5620,0.104166666666667,1219,0.985833333333333,1,0.363333333333333,0.334386549254004
2,4,0.2,5000,300,"DIFS_stage1",0.985105780199328,0.851138238823882,49,0.833333333333333,1207,0.985,1,0.356666666666667,0.337995337995338
2,4,0.2,5000,300,"dip_statistic_raw",0.979490311299231,0.795013876387639,96,0.760416666666667,1207,0.985,1,0.356666666666667,0.337995337995338
2,4,0.2,5000,300,"n_expressing",0.970601341108309,0.706172179717972,289,0.708333333333333,1207,0.985,1,0.356666666666667,0.337995337995338
2,4,0.2,5000,300,"Seurat_vst",0.916807381724304,0.82753900390039,48,0.791666666666667,1207,0.985,1,0.356666666666667,0.337995337995338
2,4,0.2,5000,300,"random",0.484724911443324,0.476138238823882,6178,0.0729166666666667,1207,0.985,1,0.356666666666667,0.337995337995338
3,4,0.2,5000,300,"DIFS_stage1",0.979309257925072,0.79811072056239,86,0.770833333333333,1234,0.989166666666667,1,0.38,0.282755102040816
3,4,0.2,5000,300,"dip_statistic_raw",0.966745279478866,0.675518087287639,260,0.604166666666667,1234,0.989166666666667,1,0.38,0.282755102040816
3,4,0.2,5000,300,"n_expressing",0.971940010356628,0.726205514059754,301,0.677083333333333,1234,0.989166666666667,1,0.38,0.282755102040816
3,4,0.2,5000,300,"Seurat_vst",0.922822481388088,0.852125439367311,48,0.8125,1234,0.989166666666667,1,0.38,0.282755102040816
3,4,0.2,5000,300,"random",0.479400253662344,0.484677065026362,5961,0.03125,1234,0.989166666666667,1,0.38,0.282755102040816
4,4,0.2,5000,300,"DIFS_stage1",0.979819584534102,0.800282234105763,48,0.75,1218,0.988333333333333,1,0.373333333333333,0.363133874239351
4,4,0.2,5000,300,"dip_statistic_raw",0.977892726344861,0.781212863933452,107,0.75,1218,0.988333333333333,1,0.373333333333333,0.363133874239351
4,4,0.2,5000,300,"n_expressing",0.970956881153939,0.712571486928105,275,0.666666666666667,1218,0.988333333333333,1,0.373333333333333,0.363133874239351
4,4,0.2,5000,300,"Seurat_vst",0.92193691462536,0.842979426619132,48,0.697916666666667,1218,0.988333333333333,1,0.373333333333333,0.363133874239351
4,4,0.2,5000,300,"random",0.494599356087896,0.502478832442068,5648,0.0520833333333333,1218,0.988333333333333,1,0.373333333333333,0.363133874239351
5,4,0.2,5000,300,"DIFS_stage1",0.983346841978866,0.834895833333333,48,0.8125,1216,0.983333333333333,1,0.366666666666667,0.326327588622671
5,4,0.2,5000,300,"dip_statistic_raw",0.976230412463977,0.764341517857143,99,0.75,1216,0.983333333333333,1,0.366666666666667,0.326327588622671
5,4,0.2,5000,300,"n_expressing",0.974394550012008,0.74614025297619,226,0.729166666666667,1216,0.983333333333333,1,0.366666666666667,0.326327588622671
5,4,0.2,5000,300,"Seurat_vst",0.891256341558597,0.777557663690476,48,0.697916666666667,1216,0.983333333333333,1,0.366666666666667,0.326327588622671
5,4,0.2,5000,300,"random",0.530355052233429,0.533658854166667,5240,0.03125,1216,0.983333333333333,1,0.366666666666667,0.326327588622671
1,5,0.2,5000,300,"DIFS_stage1",0.997353618816042,0.971771934037784,48,0.96875,1137,0.933333333333333,1,0.27,0.459049227799228
1,5,0.2,5000,300,"dip_statistic_raw",0.992066485050432,0.915375840537944,51,0.90625,1137,0.933333333333333,1,0.27,0.459049227799228
1,5,0.2,5000,300,"n_expressing",0.980330849243516,0.790195725264169,178,0.78125,1137,0.933333333333333,1,0.27,0.459049227799228
1,5,0.2,5000,300,"Seurat_vst",0.930364808477426,0.689231107909062,48,0.604166666666667,1137,0.933333333333333,1,0.27,0.459049227799228
1,5,0.2,5000,300,"random",0.492214704911143,0.488492635286583,6064,0.0625,1137,0.933333333333333,1,0.27,0.459049227799228
2,5,0.2,5000,300,"DIFS_stage1",0.996700700948607,0.966141019716574,48,0.989583333333333,1178,0.959166666666667,1,0.31,0.362352362204724
2,5,0.2,5000,300,"dip_statistic_raw",0.989062687620077,0.887756084411583,51,0.875,1178,0.959166666666667,1,0.31,0.362352362204724
2,5,0.2,5000,300,"n_expressing",0.976371127521614,0.757509242144177,263,0.760416666666667,1178,0.959166666666667,1,0.31,0.362352362204724
2,5,0.2,5000,300,"Seurat_vst",0.946001065682036,0.778862446087492,48,0.770833333333333,1178,0.959166666666667,1,0.31,0.362352362204724
2,5,0.2,5000,300,"random",0.530807216618636,0.517463801601972,4916,0.0520833333333333,1178,0.959166666666667,1,0.31,0.362352362204724
3,5,0.2,5000,300,"DIFS_stage1",0.995940839637368,0.958265817901235,48,0.979166666666667,1176,0.964166666666667,1,0.3,0.411497493734336
3,5,0.2,5000,300,"dip_statistic_raw",0.988222149675792,0.87890625,63,0.875,1176,0.964166666666667,1,0.3,0.411497493734336
3,5,0.2,5000,300,"n_expressing",0.973450351975264,0.727030285493827,256,0.760416666666667,1176,0.964166666666667,1,0.3,0.411497493734336
3,5,0.2,5000,300,"Seurat_vst",0.940733632024496,0.751273148148148,48,0.739583333333333,1176,0.964166666666667,1,0.3,0.411497493734336
3,5,0.2,5000,300,"random",0.461468464817483,0.461371527777778,5802,0.03125,1176,0.964166666666667,1,0.3,0.411497493734336
4,5,0.2,5000,300,"DIFS_stage1",0.998429619956772,0.983642120075047,48,1,1162,0.955833333333333,1,0.3,0.409311180339218
4,5,0.2,5000,300,"dip_statistic_raw",0.992509268431796,0.921972717323327,51,0.927083333333333,1162,0.955833333333333,1,0.3,0.409311180339218
4,5,0.2,5000,300,"n_expressing",0.97692273054755,0.759615384615385,185,0.770833333333333,1162,0.955833333333333,1,0.3,0.409311180339218
4,5,0.2,5000,300,"Seurat_vst",0.929997073126801,0.695913461538462,48,0.635416666666667,1162,0.955833333333333,1,0.3,0.409311180339218
4,5,0.2,5000,300,"random",0.430922978206052,0.426311366479049,6391,0.0520833333333333,1162,0.955833333333333,1,0.3,0.409311180339218
5,5,0.2,5000,300,"DIFS_stage1",0.996059040285783,0.959330467781908,48,0.979166666666667,1172,0.963333333333333,1,0.31,0.336585146556375
5,5,0.2,5000,300,"dip_statistic_raw",0.990886354767051,0.90594989157373,50,0.916666666666667,1172,0.963333333333333,1,0.31,0.336585146556375
5,5,0.2,5000,300,"n_expressing",0.977409135596782,0.766868997831475,209,0.791666666666667,1172,0.963333333333333,1,0.31,0.336585146556375
5,5,0.2,5000,300,"Seurat_vst",0.898627934378002,0.771917596034696,48,0.697916666666667,1172,0.963333333333333,1,0.31,0.336585146556375
5,5,0.2,5000,300,"random",0.456251688580692,0.454799798636927,6726,0.03125,1172,0.963333333333333,1,0.31,0.336585146556375
1,1,0.5,5000,300,"DIFS_stage1",0.944845326008646,0.472491386735573,669,0.364583333333333,1257,0.995833333333333,1,0.391666666666667,0.178716608594657
1,1,0.5,5000,300,"dip_statistic_raw",0.933192243035543,0.361039333907551,848,0.25,1257,0.995833333333333,1,0.391666666666667,0.178716608594657
1,1,0.5,5000,300,"n_expressing",0.965052008285303,0.665751507321275,342,0.572916666666667,1257,0.995833333333333,1,0.391666666666667,0.178716608594657
1,1,0.5,5000,300,"Seurat_vst",0.845984555115274,0.681937266724088,1044,0.229166666666667,1257,0.995833333333333,1,0.391666666666667,0.178716608594657
1,1,0.5,5000,300,"random",0.520623198847262,0.511403603215619,4752,0.0208333333333333,1257,0.995833333333333,1,0.391666666666667,0.178716608594657
2,1,0.5,5000,300,"DIFS_stage1",0.949521756424111,0.508755112474438,632,0.416666666666667,1237,0.995,1,0.41,0.2605320642846
2,1,0.5,5000,300,"dip_statistic_raw",0.94371960554755,0.452289658194566,746,0.364583333333333,1237,0.995,1,0.41,0.2605320642846
2,1,0.5,5000,300,"n_expressing",0.956521861491354,0.576878834355828,509,0.479166666666667,1237,0.995,1,0.41,0.2605320642846
2,1,0.5,5000,300,"Seurat_vst",0.875478431195965,0.735840271691499,890,0.25,1237,0.995,1,0.41,0.2605320642846
2,1,0.5,5000,300,"random",0.530719973282901,0.538014899211218,4635,0.0520833333333333,1237,0.995,1,0.41,0.2605320642846
3,1,0.5,5000,300,"DIFS_stage1",0.944289970581172,0.463482943047123,652,0.3125,1249,0.999166666666667,1,0.4,0.216358024691358
3,1,0.5,5000,300,"dip_statistic_raw",0.937351780139289,0.396664498409945,771,0.270833333333333,1249,0.999166666666667,1,0.4,0.216358024691358
3,1,0.5,5000,300,"n_expressing",0.961981136677474,0.63385823214802,366,0.59375,1249,0.999166666666667,1,0.4,0.216358024691358
3,1,0.5,5000,300,"Seurat_vst",0.87201496457733,0.733729040185025,893,0.302083333333333,1249,0.999166666666667,1,0.4,0.216358024691358
3,1,0.5,5000,300,"random",0.505389386707493,0.498509323503903,5539,0.0833333333333333,1249,0.999166666666667,1,0.4,0.216358024691358
4,1,0.5,5000,300,"DIFS_stage1",0.943132354707013,0.453282828282828,725,0.354166666666667,1251,0.996666666666667,1,0.396666666666667,0.204214056576261
4,1,0.5,5000,300,"dip_statistic_raw",0.937296432216619,0.397177128427128,795,0.291666666666667,1251,0.996666666666667,1,0.396666666666667,0.204214056576261
4,1,0.5,5000,300,"n_expressing",0.959335224543708,0.609054834054834,460,0.53125,1251,0.996666666666667,1,0.396666666666667,0.204214056576261
4,1,0.5,5000,300,"Seurat_vst",0.866767231027858,0.729428210678211,900,0.270833333333333,1251,0.996666666666667,1,0.396666666666667,0.204214056576261
4,1,0.5,5000,300,"random",0.489458565982229,0.481186868686869,5888,0.0729166666666667,1251,0.996666666666667,1,0.396666666666667,0.204214056576261
5,1,0.5,5000,300,"DIFS_stage1",0.944621120016811,0.464815419205106,688,0.333333333333333,1245,0.990833333333333,1,0.39,0.210635769459299
5,1,0.5,5000,300,"dip_statistic_raw",0.936212926272815,0.383558166521613,799,0.25,1245,0.990833333333333,1,0.39,0.210635769459299
5,1,0.5,5000,300,"n_expressing",0.961452048060759,0.627470445314766,464,0.5625,1245,0.990833333333333,1,0.39,0.210635769459299
5,1,0.5,5000,300,"Seurat_vst",0.858399375600384,0.703301784160139,931,0.291666666666667,1245,0.990833333333333,1,0.39,0.210635769459299
5,1,0.5,5000,300,"random",0.502243936119116,0.485458369596751,5072,0.03125,1245,0.990833333333333,1,0.39,0.210635769459299
1,2,0.5,5000,300,"DIFS_stage1",0.949681233489433,0.507284318048207,640,0.4375,1230,0.993333333333333,1,0.386666666666667,0.31785933425372
1,2,0.5,5000,300,"dip_statistic_raw",0.93723920809318,0.385453409758965,772,0.229166666666667,1230,0.993333333333333,1,0.386666666666667,0.31785933425372
1,2,0.5,5000,300,"n_expressing",0.967440411863593,0.681180188124633,304,0.6875,1230,0.993333333333333,1,0.386666666666667,0.31785933425372
1,2,0.5,5000,300,"Seurat_vst",0.987723080271374,0.987553277483833,112,0.895833333333333,1230,0.993333333333333,1,0.386666666666667,0.31785933425372
1,2,0.5,5000,300,"random",0.553690299291547,0.547674162257496,4370,0.0416666666666667,1230,0.993333333333333,1,0.386666666666667,0.31785933425372
2,2,0.5,5000,300,"DIFS_stage1",0.936216678674352,0.435711028003284,689,0.333333333333333,1249,0.994166666666667,0.989583333333333,0.383333333333333,0.262295081967213
2,2,0.5,5000,300,"dip_statistic_raw",0.926768131604227,0.343838365410928,817,0.21875,1249,0.994166666666667,0.989583333333333,0.383333333333333,0.262295081967213
2,2,0.5,5000,300,"n_expressing",0.963833884936359,0.658870747058287,412,0.625,1249,0.994166666666667,0.989583333333333,0.383333333333333,0.262295081967213
2,2,0.5,5000,300,"Seurat_vst",0.986089847502402,0.976767308218553,93,0.84375,1249,0.994166666666667,0.989583333333333,0.383333333333333,0.262295081967213
2,2,0.5,5000,300,"random",0.52828278848463,0.523296542917085,4899,0.0520833333333333,1249,0.994166666666667,0.989583333333333,0.383333333333333,0.262295081967213
3,2,0.5,5000,300,"DIFS_stage1",0.941440021613833,0.428100263852243,754,0.270833333333333,1233,0.994166666666667,1,0.39,0.307981492192019
3,2,0.5,5000,300,"dip_statistic_raw",0.933042146974063,0.34608619173263,802,0.166666666666667,1233,0.994166666666667,1,0.39,0.307981492192019
3,2,0.5,5000,300,"n_expressing",0.96540051257805,0.662099640867781,363,0.614583333333333,1233,0.994166666666667,1,0.39,0.307981492192019
3,2,0.5,5000,300,"Seurat_vst",0.985867517711335,0.983967311638816,72,0.90625,1233,0.994166666666667,1,0.39,0.307981492192019
3,2,0.5,5000,300,"random",0.494783223763208,0.47862613603049,5521,0.0520833333333333,1233,0.994166666666667,1,0.39,0.307981492192019
4,2,0.5,5000,300,"DIFS_stage1",0.947125848042747,0.488576146922183,632,0.385416666666667,1244,0.996666666666667,1,0.396666666666667,0.233095922932932
4,2,0.5,5000,300,"dip_statistic_raw",0.934400516330452,0.365490708478513,801,0.270833333333333,1244,0.996666666666667,1,0.396666666666667,0.233095922932932
4,2,0.5,5000,300,"n_expressing",0.967859273685158,0.689119664634146,327,0.666666666666667,1244,0.996666666666667,1,0.396666666666667,0.233095922932932
4,2,0.5,5000,300,"Seurat_vst",0.977313918407781,0.965946210801394,112,0.833333333333333,1244,0.996666666666667,1,0.396666666666667,0.233095922932932
4,2,0.5,5000,300,"random",0.535713481628242,0.550395615563299,5337,0.0625,1244,0.996666666666667,1,0.396666666666667,0.233095922932932
5,2,0.5,5000,300,"DIFS_stage1",0.946702764769452,0.481321209465381,691,0.3125,1237,0.995833333333333,1,0.385,0.248893805309735
5,2,0.5,5000,300,"dip_statistic_raw",0.934179124639769,0.35944347063979,832,0.208333333333333,1237,0.995833333333333,1,0.385,0.248893805309735
5,2,0.5,5000,300,"n_expressing",0.968105055985831,0.689604330996202,303,0.677083333333333,1237,0.995833333333333,1,0.385,0.248893805309735
5,2,0.5,5000,300,"Seurat_vst",0.986929447346302,0.978308501314636,74,0.895833333333333,1237,0.995833333333333,1,0.385,0.248893805309735
5,2,0.5,5000,300,"random",0.45936430565562,0.44882047911189,6341,0.03125,1237,0.995833333333333,1,0.385,0.248893805309735
1,3,0.5,5000,300,"DIFS_stage1",0.947627731748319,0.496500721500721,626,0.40625,1251,0.996666666666667,1,0.356666666666667,0.259207737148914
1,3,0.5,5000,300,"dip_statistic_raw",0.9319323742195,0.345607864357864,848,0.197916666666667,1251,0.996666666666667,1,0.356666666666667,0.259207737148914
1,3,0.5,5000,300,"n_expressing",0.972857003482229,0.739051226551227,216,0.71875,1251,0.996666666666667,1,0.356666666666667,0.259207737148914
1,3,0.5,5000,300,"Seurat_vst",0.951621225084054,0.912238455988456,48,0.802083333333333,1251,0.996666666666667,1,0.356666666666667,0.259207737148914
1,3,0.5,5000,300,"random",0.48713020082853,0.48909632034632,5888,0.03125,1251,0.996666666666667,1,0.356666666666667,0.259207737148914
2,3,0.5,5000,300,"DIFS_stage1",0.948203725384246,0.494599443468073,594,0.427083333333333,1234,0.991666666666667,1,0.373333333333333,0.26432164881532
2,3,0.5,5000,300,"dip_statistic_raw",0.933645345521134,0.352546499707088,788,0.197916666666667,1234,0.991666666666667,1,0.373333333333333,0.26432164881532
2,3,0.5,5000,300,"n_expressing",0.970691867795389,0.714026801405975,279,0.6875,1234,0.991666666666667,1,0.373333333333333,0.26432164881532
2,3,0.5,5000,300,"Seurat_vst",0.960045366534582,0.93379283831283,48,0.854166666666667,1234,0.991666666666667,1,0.373333333333333,0.26432164881532
2,3,0.5,5000,300,"random",0.513297572946686,0.517693687756298,5351,0.03125,1234,0.991666666666667,1,0.373333333333333,0.26432164881532
3,3,0.5,5000,300,"DIFS_stage1",0.954632527317483,0.553007616089914,576,0.416666666666667,1223,0.994166666666667,1,0.38,0.348523939469114
3,3,0.5,5000,300,"dip_statistic_raw",0.942758990754083,0.436021147589471,673,0.302083333333333,1223,0.994166666666667,1,0.38,0.348523939469114
3,3,0.5,5000,300,"n_expressing",0.969339596091499,0.697912045252884,286,0.666666666666667,1223,0.994166666666667,1,0.38,0.348523939469114
3,3,0.5,5000,300,"Seurat_vst",0.978465905679635,0.962973232771369,48,0.895833333333333,1223,0.994166666666667,1,0.38,0.348523939469114
3,3,0.5,5000,300,"random",0.455577194404419,0.469997781721384,6351,0.0104166666666667,1223,0.994166666666667,1,0.38,0.348523939469114
4,3,0.5,5000,300,"DIFS_stage1",0.954049028878482,0.552421418128655,494,0.5,1236,0.99,1,0.368333333333333,0.36639323887646
4,3,0.5,5000,300,"dip_statistic_raw",0.93824016120317,0.3984375,740,0.208333333333333,1236,0.99,1,0.368333333333333,0.36639323887646
4,3,0.5,5000,300,"n_expressing",0.969099442393132,0.699017726608187,347,0.666666666666667,1236,0.99,1,0.368333333333333,0.36639323887646
4,3,0.5,5000,300,"Seurat_vst",0.9783786623439,0.965570175438596,50,0.864583333333333,1236,0.99,1,0.368333333333333,0.36639323887646
4,3,0.5,5000,300,"random",0.461039752941883,0.457529239766082,6601,0.03125,1236,0.99,1,0.368333333333333,0.36639323887646
5,3,0.5,5000,300,"DIFS_stage1",0.949624009365994,0.512739547038328,592,0.447916666666667,1244,0.990833333333333,1,0.363333333333333,0.274095227634686
5,3,0.5,5000,300,"dip_statistic_raw",0.934168805535543,0.363249491869919,894,0.239583333333333,1244,0.990833333333333,1,0.363333333333333,0.274095227634686
5,3,0.5,5000,300,"n_expressing",0.970477511857589,0.714444504936121,266,0.65625,1244,0.990833333333333,1,0.363333333333333,0.274095227634686
5,3,0.5,5000,300,"Seurat_vst",0.95190546950048,0.921648156213705,50,0.822916666666667,1244,0.990833333333333,1,0.363333333333333,0.274095227634686
5,3,0.5,5000,300,"random",0.533284739733429,0.533890461672474,4834,0.0520833333333333,1244,0.990833333333333,1,0.363333333333333,0.274095227634686
1,4,0.5,5000,300,"DIFS_stage1",0.973805422970701,0.738431130095923,152,0.708333333333333,1208,0.981666666666667,1,0.338333333333333,0.394029850746269
1,4,0.5,5000,300,"dip_statistic_raw",0.961959091318444,0.620138264388489,384,0.583333333333333,1208,0.981666666666667,1,0.338333333333333,0.394029850746269
1,4,0.5,5000,300,"n_expressing",0.972617318834054,0.726567183752998,238,0.677083333333333,1208,0.981666666666667,1,0.338333333333333,0.394029850746269
1,4,0.5,5000,300,"Seurat_vst",0.918333671049472,0.82355365707434,48,0.677083333333333,1208,0.981666666666667,1,0.338333333333333,0.394029850746269
1,4,0.5,5000,300,"random",0.5270520007805,0.529573216426859,5105,0.0520833333333333,1208,0.981666666666667,1,0.338333333333333,0.394029850746269
2,4,0.5,5000,300,"DIFS_stage1",0.968481703290106,0.68384899126769,208,0.645833333333333,1203,0.9775,1,0.326666666666667,0.377314814814815
2,4,0.5,5000,300,"dip_statistic_raw",0.954120324507685,0.53979411321891,498,0.5,1203,0.9775,1,0.326666666666667,0.377314814814815
2,4,0.5,5000,300,"n_expressing",0.97508217759366,0.750056458897922,190,0.729166666666667,1203,0.9775,1,0.326666666666667,0.377314814814815
2,4,0.5,5000,300,"Seurat_vst",0.897525666426513,0.787168774465522,48,0.697916666666667,1203,0.9775,1,0.326666666666667,0.377314814814815
2,4,0.5,5000,300,"random",0.514134358489433,0.498861412225233,5149,0.03125,1203,0.9775,1,0.326666666666667,0.377314814814815
3,4,0.5,5000,300,"DIFS_stage1",0.969381341558597,0.69534983572282,246,0.625,1212,0.984166666666667,1,0.333333333333333,0.400166666666667
3,4,0.5,5000,300,"dip_statistic_raw",0.952980532540826,0.53216472520908,569,0.4375,1212,0.984166666666667,1,0.333333333333333,0.400166666666667
3,4,0.5,5000,300,"n_expressing",0.974220063340538,0.743494250298686,236,0.75,1212,0.984166666666667,1,0.333333333333333,0.400166666666667
3,4,0.5,5000,300,"Seurat_vst",0.913599078410183,0.827574298088411,48,0.78125,1212,0.984166666666667,1,0.333333333333333,0.400166666666667
3,4,0.5,5000,300,"random",0.547366564601345,0.545680256869773,4836,0.0729166666666667,1212,0.984166666666667,1,0.333333333333333,0.400166666666667
4,4,0.5,5000,300,"DIFS_stage1",0.962723643131604,0.625753465943339,319,0.572916666666667,1202,0.985833333333333,1,0.326666666666667,0.302909207161125
4,4,0.5,5000,300,"dip_statistic_raw",0.950352913364553,0.501554023508137,573,0.447916666666667,1202,0.985833333333333,1,0.326666666666667,0.302909207161125
4,4,0.5,5000,300,"n_expressing",0.972116842279059,0.720059147076552,280,0.697916666666667,1202,0.985833333333333,1,0.326666666666667,0.302909207161125
4,4,0.5,5000,300,"Seurat_vst",0.914149743335735,0.822860156720916,48,0.770833333333333,1202,0.985833333333333,1,0.326666666666667,0.302909207161125
4,4,0.5,5000,300,"random",0.490800987632085,0.493642631103074,5601,0.03125,1202,0.985833333333333,1,0.326666666666667,0.302909207161125
5,4,0.5,5000,300,"DIFS_stage1",0.961629818083574,0.666985645933014,341,0.625,1195,0.980833333333333,0.989583333333333,0.333333333333333,0.341085271317829
5,4,0.5,5000,300,"dip_statistic_raw",0.946559235410663,0.513253588516746,635,0.40625,1195,0.980833333333333,0.989583333333333,0.333333333333333,0.341085271317829
5,4,0.5,5000,300,"n_expressing",0.975232742705331,0.757976076555024,232,0.75,1195,0.980833333333333,0.989583333333333,0.333333333333333,0.341085271317829
5,4,0.5,5000,300,"Seurat_vst",0.938861183657541,0.855933014354067,48,0.802083333333333,1195,0.980833333333333,0.989583333333333,0.333333333333333,0.341085271317829
5,4,0.5,5000,300,"random",0.485932246637848,0.487301435406699,5705,0.0729166666666667,1195,0.980833333333333,0.989583333333333,0.333333333333333,0.341085271317829
1,5,0.5,5000,300,"DIFS_stage1",0.986599236011047,0.858418569616239,54,0.864583333333333,1147,0.9425,1,0.273333333333333,0.398182957393484
1,5,0.5,5000,300,"dip_statistic_raw",0.975080301392891,0.736718997779892,212,0.708333333333333,1147,0.9425,1,0.273333333333333,0.398182957393484
1,5,0.5,5000,300,"n_expressing",0.979089273384966,0.779074492546781,166,0.78125,1147,0.9425,1,0.273333333333333,0.398182957393484
1,5,0.5,5000,300,"Seurat_vst",0.931119041186359,0.692287107516651,48,0.635416666666667,1147,0.9425,1,0.273333333333333,0.398182957393484
1,5,0.5,5000,300,"random",0.513386692483189,0.505421424040596,5462,0.0520833333333333,1147,0.9425,1,0.273333333333333,0.398182957393484
2,5,0.5,5000,300,"DIFS_stage1",0.982738952929875,0.820704708450265,60,0.8125,1165,0.959166666666667,1,0.283333333333333,0.345490716180371
2,5,0.5,5000,300,"dip_statistic_raw",0.970719072706532,0.695850873090115,231,0.6875,1165,0.959166666666667,1,0.283333333333333,0.345490716180371
2,5,0.5,5000,300,"n_expressing",0.979980937800192,0.792056439039601,179,0.833333333333333,1165,0.959166666666667,1,0.283333333333333,0.345490716180371
2,5,0.5,5000,300,"Seurat_vst",0.88952460824928,0.749678437792329,49,0.645833333333333,1165,0.959166666666667,1,0.283333333333333,0.345490716180371
2,5,0.5,5000,300,"random",0.481272702029299,0.478874337386966,6224,0.03125,1165,0.959166666666667,1,0.283333333333333,0.345490716180371
3,5,0.5,5000,300,"DIFS_stage1",0.980480945304995,0.79436472169513,74,0.770833333333333,1150,0.945,1,0.256666666666667,0.439321037155841
3,5,0.5,5000,300,"dip_statistic_raw",0.964453500240154,0.625513915243517,352,0.583333333333333,1150,0.945,1,0.256666666666667,0.439321037155841
3,5,0.5,5000,300,"n_expressing",0.978653994806676,0.775117607526882,186,0.78125,1150,0.945,1,0.256666666666667,0.439321037155841
3,5,0.5,5000,300,"Seurat_vst",0.870695057336695,0.690504427577483,48,0.625,1150,0.945,1,0.256666666666667,0.439321037155841
3,5,0.5,5000,300,"random",0.512312567543228,0.491273323845667,5091,0.0416666666666667,1150,0.945,1,0.256666666666667,0.439321037155841
4,5,0.5,5000,300,"DIFS_stage1",0.97855314901537,0.777225600249454,68,0.739583333333333,1165,0.956666666666667,1,0.276666666666667,0.36768726079825
4,5,0.5,5000,300,"dip_statistic_raw",0.969003287103746,0.678028531337699,207,0.614583333333333,1165,0.956666666666667,1,0.276666666666667,0.36768726079825
4,5,0.5,5000,300,"n_expressing",0.975631904418828,0.746881821016526,240,0.75,1165,0.956666666666667,1,0.276666666666667,0.36768726079825
4,5,0.5,5000,300,"Seurat_vst",0.894402730247358,0.74546889616464,48,0.65625,1165,0.956666666666667,1,0.276666666666667,0.36768726079825
4,5,0.5,5000,300,"random",0.505673631123919,0.511771125662613,5553,0.0625,1165,0.956666666666667,1,0.276666666666667,0.36768726079825
5,5,0.5,5000,300,"DIFS_stage1",0.978212618575889,0.775577844774273,106,0.75,1174,0.96,1,0.273333333333333,0.378409090909091
5,5,0.5,5000,300,"dip_statistic_raw",0.962138268491835,0.610003092145949,449,0.510416666666667,1174,0.96,1,0.273333333333333,0.378409090909091
5,5,0.5,5000,300,"n_expressing",0.975891758225264,0.751671691403834,198,0.708333333333333,1174,0.96,1,0.273333333333333,0.378409090909091
5,5,0.5,5000,300,"Seurat_vst",0.865625562860231,0.694003169449598,48,0.645833333333333,1174,0.96,1,0.273333333333333,0.378409090909091
5,5,0.5,5000,300,"random",0.44283122448367,0.434601113172542,6637,0.0104166666666667,1174,0.96,1,0.273333333333333,0.378409090909091
1,1,0.2,20000,300,"DIFS_stage1",0.945493553374159,0.478241738505747,622,0.395833333333333,1256,0.999166666666667,1,0.675,0.242483235993943
1,1,0.2,20000,300,"dip_statistic_raw",0.939820860350624,0.423940373563218,704,0.3125,1256,0.999166666666667,1,0.675,0.242483235993943
1,1,0.2,20000,300,"n_expressing",0.95798576714097,0.597822377873563,410,0.541666666666667,1256,0.999166666666667,1,0.675,0.242483235993943
1,1,0.2,20000,300,"Seurat_vst",0.841646778938521,0.856788793103448,1083,0.302083333333333,1256,0.999166666666667,1,0.675,0.242483235993943
1,1,0.2,20000,300,"random",0.546081367074928,0.544980244252874,4460,0.0625,1256,0.999166666666667,1,0.675,0.242483235993943
2,1,0.2,20000,300,"DIFS_stage1",0.950640910182517,0.525468975468975,574,0.458333333333333,1251,0.998333333333333,1,0.676666666666667,0.178057136221113
2,1,0.2,20000,300,"dip_statistic_raw",0.944393161623439,0.46540404040404,646,0.354166666666667,1251,0.998333333333333,1,0.676666666666667,0.178057136221113
2,1,0.2,20000,300,"n_expressing",0.956153188040346,0.578463203463203,502,0.489583333333333,1251,0.998333333333333,1,0.676666666666667,0.178057136221113
2,1,0.2,20000,300,"Seurat_vst",0.875029081111912,0.900207431457431,1086,0.3125,1251,0.998333333333333,1,0.676666666666667,0.178057136221113
2,1,0.2,20000,300,"random",0.486062642591258,0.48146645021645,5848,0.0104166666666667,1251,0.998333333333333,1,0.676666666666667,0.178057136221113
3,1,0.2,20000,300,"DIFS_stage1",0.950094935758886,0.523929696449026,498,0.5,1260,0.996666666666667,1,0.68,0.168651896839314
3,1,0.2,20000,300,"dip_statistic_raw",0.942232716438521,0.448927906643757,617,0.34375,1260,0.996666666666667,1,0.68,0.168651896839314
3,1,0.2,20000,300,"n_expressing",0.958233425642411,0.601566974513173,481,0.510416666666667,1260,0.996666666666667,1,0.68,0.168651896839314
3,1,0.2,20000,300,"Seurat_vst",0.864773767711335,0.885237686139748,1122,0.302083333333333,1260,0.996666666666667,1,0.68,0.168651896839314
3,1,0.2,20000,300,"random",0.501462498499039,0.499677835051546,5690,0.0416666666666667,1260,0.996666666666667,1,0.68,0.168651896839314
4,1,0.2,20000,300,"DIFS_stage1",0.946372553434198,0.488419959908362,685,0.375,1260,0.996666666666667,1,0.673333333333333,0.177624563338849
4,1,0.2,20000,300,"dip_statistic_raw",0.943515099663785,0.461161225658648,658,0.34375,1260,0.996666666666667,1,0.673333333333333,0.177624563338849
4,1,0.2,20000,300,"n_expressing",0.951754904388809,0.539764998568156,545,0.46875,1260,0.996666666666667,1,0.673333333333333,0.177624563338849
4,1,0.2,20000,300,"Seurat_vst",0.847482701428914,0.866874284077892,1274,0.229166666666667,1260,0.996666666666667,1,0.673333333333333,0.177624563338849
4,1,0.2,20000,300,"random",0.509440104166667,0.508474727949599,5437,0.0208333333333333,1260,0.996666666666667,1,0.673333333333333,0.177624563338849
5,1,0.2,20000,300,"DIFS_stage1",0.940513178434198,0.432036400114646,748,0.28125,1259,0.995833333333333,1,0.673333333333333,0.204548389411005
5,1,0.2,20000,300,"dip_statistic_raw",0.93578984299952,0.386939309257667,850,0.270833333333333,1259,0.995833333333333,1,0.673333333333333,0.204548389411005
5,1,0.2,20000,300,"n_expressing",0.95913681631244,0.609849706219547,462,0.520833333333333,1259,0.995833333333333,1,0.673333333333333,0.204548389411005
5,1,0.2,20000,300,"Seurat_vst",0.809001823667147,0.812168601318429,1326,0.260416666666667,1259,0.995833333333333,1,0.673333333333333,0.204548389411005
5,1,0.2,20000,300,"random",0.418134793768012,0.42694898251648,6705,0.0104166666666667,1259,0.995833333333333,1,0.673333333333333,0.204548389411005
1,2,0.2,20000,300,"DIFS_stage1",0.948472960194525,0.502905082536924,591,0.375,1247,0.995,1,0.663333333333333,0.164965986394558
1,2,0.2,20000,300,"dip_statistic_raw",0.941728956532181,0.437843903851723,711,0.322916666666667,1247,0.995,1,0.663333333333333,0.164965986394558
1,2,0.2,20000,300,"n_expressing",0.961616215628002,0.62970152765711,462,0.53125,1247,0.995,1,0.663333333333333,0.164965986394558
1,2,0.2,20000,300,"Seurat_vst",0.998148189841499,0.999990949898639,49,1,1247,0.995,1,0.663333333333333,0.164965986394558
1,2,0.2,20000,300,"random",0.532005170809318,0.528046264118158,4457,0.03125,1247,0.995,1,0.663333333333333,0.164965986394558
2,2,0.2,20000,300,"DIFS_stage1",0.952072451368876,0.534394138232721,549,0.46875,1239,0.996666666666667,1,0.67,0.202956621004566
2,2,0.2,20000,300,"dip_statistic_raw",0.945698059257925,0.472468285214348,695,0.427083333333333,1239,0.996666666666667,1,0.67,0.202956621004566
2,2,0.2,20000,300,"n_expressing",0.961819783411383,0.629087379702537,459,0.5625,1239,0.996666666666667,1,0.67,0.202956621004566
2,2,0.2,20000,300,"Seurat_vst",0.995722262247839,0.999681029454652,54,0.979166666666667,1239,0.996666666666667,1,0.67,0.202956621004566
2,2,0.2,20000,300,"random",0.495412689121037,0.494094488188976,5346,0.0208333333333333,1239,0.996666666666667,1,0.67,0.202956621004566
3,2,0.2,20000,300,"DIFS_stage1",0.94639506784342,0.485540910400461,574,0.395833333333333,1253,0.998333333333333,1,0.666666666666667,0.232048374905518
3,2,0.2,20000,300,"dip_statistic_raw",0.940899675792507,0.432800345721694,719,0.333333333333333,1253,0.998333333333333,1,0.666666666666667,0.232048374905518
3,2,0.2,20000,300,"n_expressing",0.959204828590298,0.608479184673005,515,0.46875,1253,0.998333333333333,1,0.666666666666667,0.232048374905518
3,2,0.2,20000,300,"Seurat_vst",0.996165983729587,0.998577499279746,50,0.979166666666667,1253,0.998333333333333,1,0.666666666666667,0.232048374905518
3,2,0.2,20000,300,"random",0.50380681135927,0.494580092192452,5570,0.0416666666666667,1253,0.998333333333333,1,0.666666666666667,0.232048374905518
4,2,0.2,20000,300,"DIFS_stage1",0.954789190081652,0.567596181452771,573,0.458333333333333,1257,0.996666666666667,1,0.663333333333333,0.266652103777389
4,2,0.2,20000,300,"dip_statistic_raw",0.945950408261287,0.483060579959805,650,0.364583333333333,1257,0.996666666666667,1,0.663333333333333,0.266652103777389
4,2,0.2,20000,300,"n_expressing",0.962914077509606,0.645303976457077,396,0.614583333333333,1257,0.996666666666667,1,0.663333333333333,0.266652103777389
4,2,0.2,20000,300,"Seurat_vst",0.990092721841979,0.994769236290554,51,0.96875,1257,0.996666666666667,1,0.663333333333333,0.266652103777389
4,2,0.2,20000,300,"random",0.504713016330452,0.509025983347689,5473,0.0416666666666667,1257,0.996666666666667,1,0.663333333333333,0.266652103777389
5,2,0.2,20000,300,"DIFS_stage1",0.944691477545629,0.475089031339031,720,0.364583333333333,1266,0.998333333333333,1,0.668333333333333,0.173641266283793
5,2,0.2,20000,300,"dip_statistic_raw",0.937383675552353,0.405733618233618,787,0.333333333333333,1266,0.998333333333333,1,0.668333333333333,0.173641266283793
5,2,0.2,20000,300,"n_expressing",0.962687057216619,0.645877849002849,403,0.5625,1266,0.998333333333333,1,0.668333333333333,0.173641266283793
5,2,0.2,20000,300,"Seurat_vst",0.997142546229587,0.999919871794872,51,0.979166666666667,1266,0.998333333333333,1,0.668333333333333,0.173641266283793
5,2,0.2,20000,300,"random",0.45052458573487,0.449982193732194,6183,0.03125,1266,0.998333333333333,1,0.668333333333333,0.173641266283793
1,3,0.2,20000,300,"DIFS_stage1",0.973522116654659,0.745224942229925,167,0.697916666666667,1250,0.998333333333333,1,0.643333333333333,0.239104548702072
1,3,0.2,20000,300,"dip_statistic_raw",0.966141142831412,0.674203856152513,290,0.645833333333333,1250,0.998333333333333,1,0.643333333333333,0.239104548702072
1,3,0.2,20000,300,"n_expressing",0.962982089787464,0.643806867417678,347,0.583333333333333,1250,0.998333333333333,1,0.643333333333333,0.239104548702072
1,3,0.2,20000,300,"Seurat_vst",0.97850905829731,0.986730935875217,48,0.90625,1250,0.998333333333333,1,0.643333333333333,0.239104548702072
1,3,0.2,20000,300,"random",0.457480600084054,0.452872255921433,6463,0.0520833333333333,1250,0.998333333333333,1,0.643333333333333,0.239104548702072
2,3,0.2,20000,300,"DIFS_stage1",0.977684468059558,0.78490306712963,105,0.75,1248,0.995,1,0.653333333333333,0.228180932128301
2,3,0.2,20000,300,"dip_statistic_raw",0.969267831412104,0.703776041666667,295,0.729166666666667,1248,0.995,1,0.653333333333333,0.228180932128301
2,3,0.2,20000,300,"n_expressing",0.957089881274015,0.586394133391204,491,0.5,1248,0.995,1,0.653333333333333,0.228180932128301
2,3,0.2,20000,300,"Seurat_vst",0.995551527977906,0.998064959490741,48,0.979166666666667,1248,0.995,1,0.653333333333333,0.228180932128301
2,3,0.2,20000,300,"random",0.498481215477906,0.495334201388889,5628,0.0520833333333333,1248,0.995,1,0.653333333333333,0.228180932128301
3,3,0.2,20000,300,"DIFS_stage1",0.973424554214697,0.746483032646048,207,0.697916666666667,1260,0.9975,1,0.653333333333333,0.23269329802104
3,3,0.2,20000,300,"dip_statistic_raw",0.965413176933237,0.670058347651776,355,0.614583333333333,1260,0.9975,1,0.653333333333333,0.23269329802104
3,3,0.2,20000,300,"n_expressing",0.959660276326849,0.615178443585338,421,0.541666666666667,1260,0.9975,1,0.653333333333333,0.23269329802104
3,3,0.2,20000,300,"Seurat_vst",0.98975500570365,0.991552119129439,48,0.96875,1260,0.9975,1,0.653333333333333,0.23269329802104
3,3,0.2,20000,300,"random",0.483089802473583,0.486012671821306,6306,0.0416666666666667,1260,0.9975,1,0.653333333333333,0.23269329802104
4,3,0.2,20000,300,"DIFS_stage1",0.967364425732469,0.686788749639873,141,0.625,1253,0.9975,1,0.646666666666667,0.216949876184784
4,3,0.2,20000,300,"dip_statistic_raw",0.962626080691643,0.641313742437338,306,0.583333333333333,1253,0.9975,1,0.646666666666667,0.216949876184784
4,3,0.2,20000,300,"n_expressing",0.961004574177474,0.625751764621147,420,0.552083333333333,1253,0.9975,1,0.646666666666667,0.216949876184784
4,3,0.2,20000,300,"Seurat_vst",0.988267178494236,0.994084917891098,48,0.9375,1253,0.9975,1,0.646666666666667,0.216949876184784
4,3,0.2,20000,300,"random",0.433666921829971,0.442802866609046,6534,0.03125,1253,0.9975,1,0.646666666666667,0.216949876184784
5,3,0.2,20000,300,"DIFS_stage1",0.96381183957733,0.649970963995354,367,0.572916666666667,1244,0.995,1,0.636666666666667,0.151586959643832
5,3,0.2,20000,300,"dip_statistic_raw",0.955559370497118,0.570149172473868,497,0.5,1244,0.995,1,0.636666666666667,0.151586959643832
5,3,0.2,20000,300,"n_expressing",0.967564241114313,0.686265969802555,353,0.635416666666667,1244,0.995,1,0.636666666666667,0.151586959643832
5,3,0.2,20000,300,"Seurat_vst",0.971352290465898,0.979947009291521,48,0.875,1244,0.995,1,0.636666666666667,0.151586959643832
5,3,0.2,20000,300,"random",0.565714870016811,0.569214576074332,4591,0.114583333333333,1244,0.995,1,0.636666666666667,0.151586959643832
1,4,0.2,20000,300,"DIFS_stage1",0.989986716498559,0.900101078167116,48,0.864583333333333,1209,0.9875,1,0.6,0.235208145959142
1,4,0.2,20000,300,"dip_statistic_raw",0.986378782420749,0.864106019766397,78,0.864583333333333,1209,0.9875,1,0.6,0.235208145959142
1,4,0.2,20000,300,"n_expressing",0.960962359660183,0.610535527103923,375,0.5625,1209,0.9875,1,0.6,0.235208145959142
1,4,0.2,20000,300,"Seurat_vst",0.877547880643612,0.870273659778377,48,0.802083333333333,1209,0.9875,1,0.6,0.235208145959142
1,4,0.2,20000,300,"random",0.511056451128722,0.502957472297095,5403,0.0625,1209,0.9875,1,0.6,0.235208145959142
2,4,0.2,20000,300,"DIFS_stage1",0.991429514889529,0.916226525821596,48,0.916666666666667,1232,0.994166666666667,1,0.62,0.267934047003814
2,4,0.2,20000,300,"dip_statistic_raw",0.984209894332373,0.845657276995305,66,0.84375,1232,0.994166666666667,1,0.62,0.267934047003814
2,4,0.2,20000,300,"n_expressing",0.957321123018732,0.58282900528169,503,0.489583333333333,1232,0.994166666666667,1,0.62,0.267934047003814
2,4,0.2,20000,300,"Seurat_vst",0.907483602005283,0.903820055751174,48,0.822916666666667,1232,0.994166666666667,1,0.62,0.267934047003814
2,4,0.2,20000,300,"random",0.481120729767051,0.469199310446009,5814,0.0416666666666667,1232,0.994166666666667,1,0.62,0.267934047003814
3,4,0.2,20000,300,"DIFS_stage1",0.989054244716619,0.892441002949853,48,0.864583333333333,1226,0.9875,1,0.593333333333333,0.286998009600749
3,4,0.2,20000,300,"dip_statistic_raw",0.986150824027378,0.863910398230089,72,0.84375,1226,0.9875,1,0.593333333333333,0.286998009600749
3,4,0.2,20000,300,"n_expressing",0.962573078019933,0.632222529498525,384,0.59375,1226,0.9875,1,0.593333333333333,0.286998009600749
3,4,0.2,20000,300,"Seurat_vst",0.867226900216138,0.861200221238938,48,0.791666666666667,1226,0.9875,1,0.593333333333333,0.286998009600749
3,4,0.2,20000,300,"random",0.536261332252642,0.530807522123894,5070,0.0729166666666667,1226,0.9875,1,0.593333333333333,0.286998009600749
4,4,0.2,20000,300,"DIFS_stage1",0.987272792086936,0.875923690371671,48,0.84375,1235,0.993333333333333,1,0.613333333333333,0.250771388499299
4,4,0.2,20000,300,"dip_statistic_raw",0.982186411803554,0.826337064676617,76,0.791666666666667,1235,0.993333333333333,1,0.613333333333333,0.250771388499299
4,4,0.2,20000,300,"n_expressing",0.96157165585975,0.625365817968979,456,0.572916666666667,1235,0.993333333333333,1,0.613333333333333,0.250771388499299
4,4,0.2,20000,300,"Seurat_vst",0.888321025456292,0.90111025753585,48,0.760416666666667,1235,0.993333333333333,1,0.613333333333333,0.250771388499299
4,4,0.2,20000,300,"random",0.527822181195965,0.5196992976295,5088,0.0416666666666667,1235,0.993333333333333,1,0.613333333333333,0.250771388499299
5,4,0.2,20000,300,"DIFS_stage1",0.990423871277618,0.905565423327413,48,0.885416666666667,1222,0.991666666666667,1,0.603333333333333,0.244628861226372
5,4,0.2,20000,300,"dip_statistic_raw",0.986096414205091,0.862890393724097,71,0.854166666666667,1222,0.991666666666667,1,0.603333333333333,0.244628861226372
5,4,0.2,20000,300,"n_expressing",0.961537884245917,0.620707519242155,472,0.510416666666667,1222,0.991666666666667,1,0.603333333333333,0.244628861226372
5,4,0.2,20000,300,"Seurat_vst",0.870059025276177,0.856349911190053,48,0.802083333333333,1222,0.991666666666667,1,0.603333333333333,0.244628861226372
5,4,0.2,20000,300,"random",0.470551152737752,0.474115600947306,5832,0.0208333333333333,1222,0.991666666666667,1,0.603333333333333,0.244628861226372
1,5,0.2,20000,300,"DIFS_stage1",0.989994221301633,0.897410741766697,48,0.885416666666667,1179,0.969166666666667,1,0.493333333333333,0.318101227712173
1,5,0.2,20000,300,"dip_statistic_raw",0.982874039385207,0.824407510003078,48,0.802083333333333,1179,0.969166666666667,1,0.493333333333333,0.318101227712173
1,5,0.2,20000,300,"n_expressing",0.965764026476945,0.648978531855956,363,0.614583333333333,1179,0.969166666666667,1,0.493333333333333,0.318101227712173
1,5,0.2,20000,300,"Seurat_vst",0.789881461635447,0.755376654355186,48,0.65625,1179,0.969166666666667,1,0.493333333333333,0.318101227712173
1,5,0.2,20000,300,"random",0.449020810818924,0.445810249307479,6358,0.0520833333333333,1179,0.969166666666667,1,0.493333333333333,0.318101227712173
2,5,0.2,20000,300,"DIFS_stage1",0.992436096601825,0.923437025220298,48,0.916666666666667,1193,0.979166666666667,1,0.51,0.256578947368421
2,5,0.2,20000,300,"dip_statistic_raw",0.988874129442843,0.88738225463385,56,0.895833333333333,1193,0.979166666666667,1,0.51,0.256578947368421
2,5,0.2,20000,300,"n_expressing",0.964968517351105,0.645406031601337,364,0.583333333333333,1193,0.979166666666667,1,0.51,0.256578947368421
2,5,0.2,20000,300,"Seurat_vst",0.825337903758405,0.77857224247949,48,0.760416666666667,1193,0.979166666666667,1,0.51,0.256578947368421
2,5,0.2,20000,300,"random",0.513517088436599,0.51677871467639,4759,0.03125,1193,0.979166666666667,1,0.51,0.256578947368421
3,5,0.2,20000,300,"DIFS_stage1",0.990962340898175,0.965914786967419,48,0.958333333333333,1187,0.970833333333333,0.989583333333333,0.503333333333333,0.331683168316832
3,5,0.2,20000,300,"dip_statistic_raw",0.98645852095341,0.919635627530364,49,0.90625,1187,0.970833333333333,0.989583333333333,0.503333333333333,0.331683168316832
3,5,0.2,20000,300,"n_expressing",0.966680550552353,0.668151147098516,336,0.677083333333333,1187,0.970833333333333,0.989583333333333,0.503333333333333,0.331683168316832
3,5,0.2,20000,300,"Seurat_vst",0.781522049111431,0.736022749180644,48,0.677083333333333,1187,0.970833333333333,0.989583333333333,0.503333333333333,0.331683168316832
3,5,0.2,20000,300,"random",0.485526987271854,0.48395026026605,5454,0.0104166666666667,1187,0.970833333333333,0.989583333333333,0.503333333333333,0.331683168316832
4,5,0.2,20000,300,"DIFS_stage1",0.991939841498559,0.91893115942029,48,0.916666666666667,1200,0.983333333333333,1,0.496666666666667,0.376628447694438
4,5,0.2,20000,300,"dip_statistic_raw",0.988342226524976,0.882746452294686,48,0.885416666666667,1200,0.983333333333333,1,0.496666666666667,0.376628447694438
4,5,0.2,20000,300,"n_expressing",0.96488127401537,0.646776871980676,375,0.604166666666667,1200,0.983333333333333,1,0.496666666666667,0.376628447694438
4,5,0.2,20000,300,"Seurat_vst",0.825158726585014,0.795148324275362,48,0.666666666666667,1200,0.983333333333333,1,0.496666666666667,0.376628447694438
4,5,0.2,20000,300,"random",0.499762660602786,0.500217013888889,6063,0.03125,1200,0.983333333333333,1,0.496666666666667,0.376628447694438
5,5,0.2,20000,300,"DIFS_stage1",0.996761677473583,0.96734029669997,48,0.958333333333333,1197,0.97,1,0.476666666666667,0.362576054232721
5,5,0.2,20000,300,"dip_statistic_raw",0.992165923691162,0.920990387526491,48,0.90625,1197,0.97,1,0.476666666666667,0.362576054232721
5,5,0.2,20000,300,"n_expressing",0.964818421289625,0.645180517711172,413,0.604166666666667,1197,0.97,1,0.476666666666667,0.362576054232721
5,5,0.2,20000,300,"Seurat_vst",0.750761737512008,0.715599455040872,48,0.645833333333333,1197,0.97,1,0.476666666666667,0.362576054232721
5,5,0.2,20000,300,"random",0.456041554094621,0.470869285498032,6500,0.03125,1197,0.97,1,0.476666666666667,0.362576054232721
1,1,0.5,20000,300,"DIFS_stage1",0.952181271013449,0.546946103526735,546,0.447916666666667,1268,0.9975,1,0.573333333333333,0.174801587301587
1,1,0.5,20000,300,"dip_statistic_raw",0.94622058117195,0.49047212741752,636,0.354166666666667,1268,0.9975,1,0.573333333333333,0.174801587301587
1,1,0.5,20000,300,"n_expressing",0.953526976014649,0.559695854664391,514,0.479166666666667,1268,0.9975,1,0.573333333333333,0.174801587301587
1,1,0.5,20000,300,"Seurat_vst",0.844344755643612,0.858983930602958,1396,0.208333333333333,1268,0.9975,1,0.573333333333333,0.174801587301587
1,1,0.5,20000,300,"random",0.474980862752161,0.468261163253697,5920,0.0520833333333333,1268,0.9975,1,0.573333333333333,0.174801587301587
2,1,0.5,20000,300,"DIFS_stage1",0.945561096601825,0.48466361182154,646,0.364583333333333,1269,0.995833333333333,1,0.576666666666667,0.213033829593905
2,1,0.5,20000,300,"dip_statistic_raw",0.937128512247839,0.404838022165388,812,0.291666666666667,1269,0.995833333333333,1,0.576666666666667,0.213033829593905
2,1,0.5,20000,300,"n_expressing",0.959611026056676,0.617664819551009,430,0.53125,1269,0.995833333333333,1,0.576666666666667,0.213033829593905
2,1,0.5,20000,300,"Seurat_vst",0.790225744476465,0.783168158567775,1926,0.145833333333333,1269,0.995833333333333,1,0.576666666666667,0.213033829593905
2,1,0.5,20000,300,"random",0.531454505883766,0.533780903665814,4821,0.0520833333333333,1269,0.995833333333333,1,0.576666666666667,0.213033829593905
3,1,0.5,20000,300,"DIFS_stage1",0.94242033651537,0.451659877072613,681,0.364583333333333,1262,0.9975,1,0.585,0.153410280569514
3,1,0.5,20000,300,"dip_statistic_raw",0.937583490934198,0.405597841623785,779,0.260416666666667,1262,0.9975,1,0.585,0.153410280569514
3,1,0.5,20000,300,"n_expressing",0.954871742915466,0.570236563750715,529,0.46875,1262,0.9975,1,0.585,0.153410280569514
3,1,0.5,20000,300,"Seurat_vst",0.802861956652257,0.801440108633505,1791,0.1875,1262,0.9975,1,0.585,0.153410280569514
3,1,0.5,20000,300,"random",0.473859832792987,0.485768653516295,6191,0.03125,1262,0.9975,1,0.585,0.153410280569514
4,1,0.5,20000,300,"DIFS_stage1",0.944155822226225,0.469097816780822,668,0.395833333333333,1264,0.9975,1,0.58,0.203479010925819
4,1,0.5,20000,300,"dip_statistic_raw",0.935671642351105,0.388439997146119,793,0.229166666666667,1264,0.9975,1,0.58,0.203479010925819
4,1,0.5,20000,300,"n_expressing",0.961791171349664,0.636754423515982,374,0.583333333333333,1264,0.9975,1,0.58,0.203479010925819
4,1,0.5,20000,300,"Seurat_vst",0.806309475564361,0.809735302511416,1633,0.135416666666667,1264,0.9975,1,0.58,0.203479010925819
4,1,0.5,20000,300,"random",0.499392110951009,0.498385773401826,5521,0.0520833333333333,1264,0.9975,1,0.58,0.203479010925819
5,1,0.5,20000,300,"DIFS_stage1",0.941964419728626,0.4543377787186,708,0.34375,1277,0.998333333333333,1,0.586666666666667,0.160402010050251
5,1,0.5,20000,300,"dip_statistic_raw",0.935448374459654,0.393072607959357,818,0.229166666666667,1277,0.998333333333333,1,0.586666666666667,0.160402010050251
5,1,0.5,20000,300,"n_expressing",0.958057062770173,0.605644051651143,491,0.510416666666667,1277,0.998333333333333,1,0.586666666666667,0.160402010050251
5,1,0.5,20000,300,"Seurat_vst",0.75807329190682,0.740509455263901,1912,0.15625,1277,0.998333333333333,1,0.586666666666667,0.160402010050251
5,1,0.5,20000,300,"random",0.487624579731028,0.488145639288738,5754,0.0416666666666667,1277,0.998333333333333,1,0.586666666666667,0.160402010050251
1,2,0.5,20000,300,"DIFS_stage1",0.941819014169068,0.450177304964539,756,0.322916666666667,1271,0.995833333333333,1,0.566666666666667,0.28047385620915
1,2,0.5,20000,300,"dip_statistic_raw",0.931650944104227,0.354086879432624,824,0.229166666666667,1271,0.995833333333333,1,0.566666666666667,0.28047385620915
1,2,0.5,20000,300,"n_expressing",0.966604095371037,0.684401595744681,328,0.65625,1271,0.995833333333333,1,0.566666666666667,0.28047385620915
1,2,0.5,20000,300,"Seurat_vst",0.976098140309798,0.984778368794326,78,0.84375,1271,0.995833333333333,1,0.566666666666667,0.28047385620915
1,2,0.5,20000,300,"random",0.495035572766571,0.495017730496454,5747,0.0208333333333333,1271,0.995833333333333,1,0.566666666666667,0.28047385620915
2,2,0.5,20000,300,"DIFS_stage1",0.935044522244236,0.435666055538166,754,0.302083333333333,1272,0.998333333333333,0.989583333333333,0.573333333333333,0.194805194805195
2,2,0.5,20000,300,"dip_statistic_raw",0.9247451181256,0.337477082681215,870,0.1875,1272,0.998333333333333,0.989583333333333,0.573333333333333,0.194805194805195
2,2,0.5,20000,300,"n_expressing",0.964923957582853,0.676134686759379,397,0.59375,1272,0.998333333333333,0.989583333333333,0.573333333333333,0.194805194805195
2,2,0.5,20000,300,"Seurat_vst",0.98040683537464,0.990493225416983,80,0.895833333333333,1272,0.998333333333333,0.989583333333333,0.573333333333333,0.194805194805195
2,2,0.5,20000,300,"random",0.476600962115754,0.470357286589456,5968,0.0520833333333333,1272,0.998333333333333,0.989583333333333,0.573333333333333,0.194805194805195
3,2,0.5,20000,300,"DIFS_stage1",0.941038514649376,0.438018597997139,797,0.34375,1261,0.996666666666667,1,0.573333333333333,0.284921098772648
3,2,0.5,20000,300,"dip_statistic_raw",0.931727868335735,0.349275751072961,886,0.21875,1261,0.996666666666667,1,0.573333333333333,0.284921098772648
3,2,0.5,20000,300,"n_expressing",0.963565588226465,0.652731580829757,384,0.583333333333333,1261,0.996666666666667,1,0.573333333333333,0.284921098772648
3,2,0.5,20000,300,"Seurat_vst",0.982719252821806,0.993794706723891,71,0.854166666666667,1261,0.996666666666667,1,0.573333333333333,0.284921098772648
3,2,0.5,20000,300,"random",0.456983406880403,0.46680078683834,6613,0.0208333333333333,1261,0.996666666666667,1,0.573333333333333,0.284921098772648
4,2,0.5,20000,300,"DIFS_stage1",0.941303997058117,0.434235749421296,739,0.291666666666667,1248,0.998333333333333,1,0.573333333333333,0.213047589032461
4,2,0.5,20000,300,"dip_statistic_raw",0.931725992134966,0.341914424189815,844,0.197916666666667,1248,0.998333333333333,1,0.573333333333333,0.213047589032461
4,2,0.5,20000,300,"n_expressing",0.96611628317123,0.673398618344907,381,0.635416666666667,1248,0.998333333333333,1,0.573333333333333,0.213047589032461
4,2,0.5,20000,300,"Seurat_vst",0.980880576068684,0.993625217013889,75,0.822916666666667,1248,0.998333333333333,1,0.573333333333333,0.213047589032461
4,2,0.5,20000,300,"random",0.514971144032181,0.503454137731482,4845,0.0625,1248,0.998333333333333,1,0.573333333333333,0.213047589032461
5,2,0.5,20000,300,"DIFS_stage1",0.944930693143612,0.465947962154294,674,0.354166666666667,1241,0.998333333333333,1,0.566666666666667,0.274339920948617
5,2,0.5,20000,300,"dip_statistic_raw",0.934151919728626,0.361417394468705,849,0.239583333333333,1241,0.998333333333333,1,0.566666666666667,0.274339920948617
5,2,0.5,20000,300,"n_expressing",0.966853630073247,0.678552583697234,363,0.677083333333333,1241,0.998333333333333,1,0.566666666666667,0.274339920948617
5,2,0.5,20000,300,"Seurat_vst",0.985357191102305,0.996324599708879,67,0.895833333333333,1241,0.998333333333333,1,0.566666666666667,0.274339920948617
5,2,0.5,20000,300,"random",0.474701308837656,0.474390465793304,5186,0.0104166666666667,1241,0.998333333333333,1,0.566666666666667,0.274339920948617
1,3,0.5,20000,300,"DIFS_stage1",0.951416719200288,0.536538874570447,586,0.447916666666667,1260,0.995833333333333,1,0.553333333333333,0.237021276595745
1,3,0.5,20000,300,"dip_statistic_raw",0.942427841318444,0.450789304123711,660,0.364583333333333,1260,0.995833333333333,1,0.553333333333333,0.237021276595745
1,3,0.5,20000,300,"n_expressing",0.964434738232469,0.660724513172967,399,0.604166666666667,1260,0.995833333333333,1,0.553333333333333,0.237021276595745
1,3,0.5,20000,300,"Seurat_vst",0.968734990393852,0.978925042955326,48,0.84375,1260,0.995833333333333,1,0.553333333333333,0.237021276595745
1,3,0.5,20000,300,"random",0.481137615573967,0.482048253150057,6128,0.0208333333333333,1260,0.995833333333333,1,0.553333333333333,0.237021276595745
2,3,0.5,20000,300,"DIFS_stage1",0.949184978386167,0.514832330180568,642,0.40625,1259,0.995833333333333,1,0.54,0.172003073770492
2,3,0.5,20000,300,"dip_statistic_raw",0.938764559317964,0.415341071940384,785,0.270833333333333,1259,0.995833333333333,1,0.54,0.172003073770492
2,3,0.5,20000,300,"n_expressing",0.969909492074928,0.712704213241616,309,0.708333333333333,1259,0.995833333333333,1,0.54,0.172003073770492
2,3,0.5,20000,300,"Seurat_vst",0.956447751560999,0.963635712238464,48,0.854166666666667,1259,0.995833333333333,1,0.54,0.172003073770492
2,3,0.5,20000,300,"random",0.497856440621998,0.478700917168243,5656,0.0625,1259,0.995833333333333,1,0.54,0.172003073770492
3,3,0.5,20000,300,"DIFS_stage1",0.948018919608549,0.504125501145475,614,0.385416666666667,1260,1,1,0.546666666666667,0.217669172932331
3,3,0.5,20000,300,"dip_statistic_raw",0.938561929634966,0.413910366552119,804,0.28125,1260,1,1,0.546666666666667,0.217669172932331
3,3,0.5,20000,300,"n_expressing",0.966278105487512,0.678309349942726,324,0.65625,1260,1,1,0.546666666666667,0.217669172932331
3,3,0.5,20000,300,"Seurat_vst",0.980284882324688,0.985037227949599,48,0.90625,1260,1,1,0.546666666666667,0.217669172932331
3,3,0.5,20000,300,"random",0.463142974003362,0.480330040091638,6495,0.0625,1260,1,1,0.546666666666667,0.217669172932331
4,3,0.5,20000,300,"DIFS_stage1",0.950094935758886,0.527984809767178,554,0.447916666666667,1270,0.9975,1,0.543333333333333,0.313859210426612
4,3,0.5,20000,300,"dip_statistic_raw",0.936862091738713,0.402825099375355,756,0.28125,1270,0.9975,1,0.543333333333333,0.313859210426612
4,3,0.5,20000,300,"n_expressing",0.968462941282421,0.701714224872232,336,0.677083333333333,1270,0.9975,1,0.543333333333333,0.313859210426612
4,3,0.5,20000,300,"Seurat_vst",0.976782015489914,0.985075951164111,48,0.895833333333333,1270,0.9975,1,0.543333333333333,0.313859210426612
4,3,0.5,20000,300,"random",0.511067708333333,0.504702583759228,5351,0.0520833333333333,1270,0.9975,1,0.543333333333333,0.313859210426612
5,3,0.5,20000,300,"DIFS_stage1",0.952815426873199,0.543210549258936,599,0.40625,1243,0.9975,1,0.553333333333333,0.249352331606218
5,3,0.5,20000,300,"dip_statistic_raw",0.942454108129203,0.442903589072944,784,0.34375,1243,0.9975,1,0.553333333333333,0.249352331606218
5,3,0.5,20000,300,"n_expressing",0.964161751020653,0.653053254867771,398,0.583333333333333,1243,0.9975,1,0.553333333333333,0.249352331606218
5,3,0.5,20000,300,"Seurat_vst",0.965760274075408,0.972191950014531,48,0.854166666666667,1243,0.9975,1,0.553333333333333,0.249352331606218
5,3,0.5,20000,300,"random",0.454771366174352,0.4659528480093,6030,0.0625,1243,0.9975,1,0.553333333333333,0.249352331606218
1,4,0.5,20000,300,"DIFS_stage1",0.968659942363112,0.696335078534031,247,0.645833333333333,1242,0.995,1,0.52,0.272840587521897
1,4,0.5,20000,300,"dip_statistic_raw",0.960775208633526,0.619937100058173,435,0.552083333333333,1242,0.995,1,0.52,0.272840587521897
1,4,0.5,20000,300,"n_expressing",0.966055775696446,0.671102385107621,351,0.614583333333333,1242,0.995,1,0.52,0.272840587521897
1,4,0.5,20000,300,"Seurat_vst",0.871027144872719,0.875009089586969,48,0.729166666666667,1242,0.995,1,0.52,0.272840587521897
1,4,0.5,20000,300,"random",0.457039692903458,0.452570535194881,6071,0.0416666666666667,1242,0.995,1,0.52,0.272840587521897
2,4,0.5,20000,300,"DIFS_stage1",0.969886977665706,0.704876434245366,252,0.65625,1229,0.993333333333333,1,0.516666666666667,0.268465909090909
2,4,0.5,20000,300,"dip_statistic_raw",0.960086642951489,0.60882796410709,429,0.541666666666667,1229,0.993333333333333,1,0.516666666666667,0.268465909090909
2,4,0.5,20000,300,"n_expressing",0.966452592158982,0.671217637540453,314,0.635416666666667,1229,0.993333333333333,1,0.516666666666667,0.268465909090909
2,4,0.5,20000,300,"Seurat_vst",0.862154591438521,0.842940938511327,48,0.802083333333333,1229,0.993333333333333,1,0.516666666666667,0.268465909090909
2,4,0.5,20000,300,"random",0.515933635026417,0.514976831421006,5056,0.03125,1229,0.993333333333333,1,0.516666666666667,0.268465909090909
3,4,0.5,20000,300,"DIFS_stage1",0.968720918888088,0.694526898270302,279,0.625,1233,0.991666666666667,1,0.516666666666667,0.261262825572218
3,4,0.5,20000,300,"dip_statistic_raw",0.959128842459174,0.600850190559953,397,0.541666666666667,1233,0.991666666666667,1,0.516666666666667,0.261262825572218
3,4,0.5,20000,300,"n_expressing",0.965956806105908,0.667532431838171,323,0.614583333333333,1233,0.991666666666667,1,0.516666666666667,0.261262825572218
3,4,0.5,20000,300,"Seurat_vst",0.886264709414025,0.87355247727939,48,0.84375,1233,0.991666666666667,1,0.516666666666667,0.261262825572218
3,4,0.5,20000,300,"random",0.452731935939001,0.451984388742304,6230,0.0104166666666667,1233,0.991666666666667,1,0.516666666666667,0.261262825572218
4,4,0.5,20000,300,"DIFS_stage1",0.965040751080692,0.661857578397213,276,0.541666666666667,1244,0.995833333333333,1,0.51,0.218916742172556
4,4,0.5,20000,300,"dip_statistic_raw",0.959237662103746,0.605727351916376,467,0.510416666666667,1244,0.995833333333333,1,0.51,0.218916742172556
4,4,0.5,20000,300,"n_expressing",0.968160872958694,0.6920368757259,329,0.645833333333333,1244,0.995833333333333,1,0.51,0.218916742172556
4,4,0.5,20000,300,"Seurat_vst",0.853889927053314,0.852442653890825,48,0.666666666666667,1244,0.995833333333333,1,0.51,0.218916742172556
4,4,0.5,20000,300,"random",0.482828072466378,0.474212398373984,5864,0.03125,1244,0.995833333333333,1,0.51,0.218916742172556
5,4,0.5,20000,300,"DIFS_stage1",0.963557614373199,0.646279501748252,401,0.583333333333333,1240,0.995833333333333,1,0.52,0.211822660098522
5,4,0.5,20000,300,"dip_statistic_raw",0.954409259426033,0.557482881701632,579,0.447916666666667,1240,0.995833333333333,1,0.52,0.211822660098522
5,4,0.5,20000,300,"n_expressing",0.965819374399616,0.668232808857809,329,0.625,1240,0.995833333333333,1,0.52,0.211822660098522
5,4,0.5,20000,300,"Seurat_vst",0.897563190441883,0.889140807109557,48,0.833333333333333,1240,0.995833333333333,1,0.52,0.211822660098522
5,4,0.5,20000,300,"random",0.489211845581172,0.497923951048951,5800,0.0416666666666667,1240,0.995833333333333,1,0.52,0.211822660098522
1,5,0.5,20000,300,"DIFS_stage1",0.987102995917387,0.871677120669056,48,0.854166666666667,1212,0.988333333333333,1,0.426666666666667,0.409974212562166
1,5,0.5,20000,300,"dip_statistic_raw",0.980618846061479,0.807160991636798,68,0.760416666666667,1212,0.988333333333333,1,0.426666666666667,0.409974212562166
1,5,0.5,20000,300,"n_expressing",0.969727031550192,0.698789389187575,294,0.666666666666667,1212,0.988333333333333,1,0.426666666666667,0.409974212562166
1,5,0.5,20000,300,"Seurat_vst",0.803047700528338,0.768705197132617,52,0.635416666666667,1212,0.988333333333333,1,0.426666666666667,0.409974212562166
1,5,0.5,20000,300,"random",0.507577974903939,0.510883363201912,5235,0.03125,1212,0.988333333333333,1,0.426666666666667,0.409974212562166
2,5,0.5,20000,300,"DIFS_stage1",0.99000454040586,0.900009384384384,48,0.875,1206,0.976666666666667,1,0.416666666666667,0.379335715787261
2,5,0.5,20000,300,"dip_statistic_raw",0.983586995677233,0.835810810810811,77,0.802083333333333,1206,0.976666666666667,1,0.416666666666667,0.379335715787261
2,5,0.5,20000,300,"n_expressing",0.969811929634966,0.698010510510511,344,0.677083333333333,1206,0.976666666666667,1,0.416666666666667,0.379335715787261
2,5,0.5,20000,300,"Seurat_vst",0.748031865393852,0.704448198198198,48,0.614583333333333,1206,0.976666666666667,1,0.416666666666667,0.379335715787261
2,5,0.5,20000,300,"random",0.497983084173871,0.48917042042042,5456,0.0520833333333333,1206,0.976666666666667,1,0.416666666666667,0.379335715787261
3,5,0.5,20000,300,"DIFS_stage1",0.982326188760807,0.824463327370304,74,0.8125,1214,0.985,1,0.453333333333333,0.294455694816923
3,5,0.5,20000,300,"dip_statistic_raw",0.970392613772815,0.705938804412642,278,0.6875,1214,0.985,1,0.453333333333333,0.294455694816923
3,5,0.5,20000,300,"n_expressing",0.970083978746398,0.70287343470483,324,0.677083333333333,1214,0.985,1,0.453333333333333,0.294455694816923
3,5,0.5,20000,300,"Seurat_vst",0.85744626560999,0.835345855694693,48,0.760416666666667,1214,0.985,1,0.453333333333333,0.294455694816923
3,5,0.5,20000,300,"random",0.479994071205572,0.471451997614788,6040,0.0729166666666667,1214,0.985,1,0.453333333333333,0.294455694816923
4,5,0.5,20000,300,"DIFS_stage1",0.977241215628002,0.828007011227439,52,0.791666666666667,1206,0.980833333333333,0.989583333333333,0.446666666666667,0.293877551020408
4,5,0.5,20000,300,"dip_statistic_raw",0.969819903488232,0.753053200056848,157,0.739583333333333,1206,0.980833333333333,0.989583333333333,0.446666666666667,0.293877551020408
4,5,0.5,20000,300,"n_expressing",0.966557190351825,0.672812544412336,298,0.635416666666667,1206,0.980833333333333,0.989583333333333,0.446666666666667,0.293877551020408
4,5,0.5,20000,300,"Seurat_vst",0.797918167627281,0.760888720450992,48,0.697916666666667,1206,0.980833333333333,0.989583333333333,0.446666666666667,0.293877551020408
4,5,0.5,20000,300,"random",0.509273122298271,0.515751575157516,5347,0.0416666666666667,1206,0.980833333333333,0.989583333333333,0.446666666666667,0.293877551020408
5,5,0.5,20000,300,"DIFS_stage1",0.977484652677714,0.774562293357379,52,0.729166666666667,1205,0.98,1,0.413333333333333,0.349264705882353
5,5,0.5,20000,300,"dip_statistic_raw",0.971301633045149,0.712654042681094,140,0.677083333333333,1205,0.98,1,0.413333333333333,0.349264705882353
5,5,0.5,20000,300,"n_expressing",0.97184760746878,0.718120679290652,255,0.6875,1205,0.98,1,0.413333333333333,0.349264705882353
5,5,0.5,20000,300,"Seurat_vst",0.795540083153218,0.744345506462278,48,0.729166666666667,1205,0.98,1,0.413333333333333,0.349264705882353
5,5,0.5,20000,300,"random",0.474448959834294,0.479579951908626,5910,0.03125,1205,0.98,1,0.413333333333333,0.349264705882353
1,1,0.2,5000,600,"DIFS_stage1",0.943517913964938,0.497454260149573,564,0.416666666666667,1344,1,1,0.4375,0.219444444444444
1,1,0.2,5000,600,"dip_statistic_raw",0.932377971902017,0.39833733974359,814,0.260416666666667,1344,1,1,0.4375,0.219444444444444
1,1,0.2,5000,600,"n_expressing",0.958167289565322,0.627796140491453,474,0.510416666666667,1344,1,1,0.4375,0.219444444444444
1,1,0.2,5000,600,"Seurat_vst",0.903914130043228,0.860818977029915,908,0.15625,1344,1,1,0.4375,0.219444444444444
1,1,0.2,5000,600,"random",0.485265257264649,0.485126201923077,5562,0.0625,1344,1,1,0.4375,0.219444444444444
2,1,0.2,5000,600,"DIFS_stage1",0.943002896853987,0.493277955697892,762,0.375,1345,1,1,0.431666666666667,0.193302954984811
2,1,0.2,5000,600,"dip_statistic_raw",0.932032750960615,0.395749933279957,802,0.21875,1345,1,1,0.431666666666667,0.193302954984811
2,1,0.2,5000,600,"n_expressing",0.958992817903458,0.635433346677342,421,0.59375,1345,1,1,0.431666666666667,0.193302954984811
2,1,0.2,5000,600,"Seurat_vst",0.882076091198367,0.828137510008006,843,0.208333333333333,1345,1,1,0.431666666666667,0.193302954984811
2,1,0.2,5000,600,"random",0.491628392170989,0.487339871897518,5527,0,1345,1,1,0.431666666666667,0.193302954984811
3,1,0.2,5000,600,"DIFS_stage1",0.936907120557157,0.442654468310793,783,0.3125,1353,1,1,0.436666666666667,0.19574794740004
3,1,0.2,5000,600,"dip_statistic_raw",0.926745617195005,0.352890479978785,868,0.177083333333333,1353,1,1,0.436666666666667,0.19574794740004
3,1,0.2,5000,600,"n_expressing",0.958926681826369,0.637169351630867,471,0.541666666666667,1353,1,1,0.436666666666667,0.19574794740004
3,1,0.2,5000,600,"Seurat_vst",0.890655019212296,0.850362967382657,887,0.177083333333333,1353,1,1,0.436666666666667,0.19574794740004
3,1,0.2,5000,600,"random",0.508478551272815,0.507441660037125,5684,0.0416666666666667,1353,1,1,0.436666666666667,0.19574794740004
4,1,0.2,5000,600,"DIFS_stage1",0.939475639409222,0.458886876006441,733,0.3125,1338,1,1,0.431666666666667,0.244601328903654
4,1,0.2,5000,600,"dip_statistic_raw",0.933996195064842,0.409898349436393,825,0.229166666666667,1338,1,1,0.431666666666667,0.244601328903654
4,1,0.2,5000,600,"n_expressing",0.953888144662584,0.5877407071927,495,0.510416666666667,1338,1,1,0.431666666666667,0.244601328903654
4,1,0.2,5000,600,"Seurat_vst",0.895274225504323,0.860867887815352,840,0.114583333333333,1338,1,1,0.431666666666667,0.244601328903654
4,1,0.2,5000,600,"random",0.497519662584054,0.497089707461084,5513,0.0416666666666667,1338,1,1,0.431666666666667,0.244601328903654
5,1,0.2,5000,600,"DIFS_stage1",0.940992547730548,0.47957208101668,691,0.3125,1355,1,1,0.44,0.209790083242852
5,1,0.2,5000,600,"dip_statistic_raw",0.92740510176513,0.359734908657665,857,0.197916666666667,1355,1,1,0.44,0.209790083242852
5,1,0.2,5000,600,"n_expressing",0.961768656940442,0.662811093460418,380,0.552083333333333,1355,1,1,0.44,0.209790083242852
5,1,0.2,5000,600,"Seurat_vst",0.907785670329011,0.872145552025417,806,0.260416666666667,1355,1,1,0.44,0.209790083242852
5,1,0.2,5000,600,"random",0.534242540225744,0.551231135822081,4983,0.0416666666666667,1355,1,1,0.44,0.209790083242852
1,2,0.2,5000,600,"DIFS_stage1",0.94326650306196,0.49072857720291,654,0.333333333333333,1333,1,1,0.416666666666667,0.28484082241751
1,2,0.2,5000,600,"dip_statistic_raw",0.927346939541306,0.347825720829965,932,0.166666666666667,1333,1,1,0.416666666666667,0.28484082241751
1,2,0.2,5000,600,"n_expressing",0.968022972202209,0.71295641336567,305,0.65625,1333,1,1,0.416666666666667,0.28484082241751
1,2,0.2,5000,600,"Seurat_vst",0.993768199147454,0.999191592562652,62,0.96875,1333,1,1,0.416666666666667,0.28484082241751
1,2,0.2,5000,600,"random",0.518436486851585,0.501507343034223,5873,0,1333,1,1,0.416666666666667,0.28484082241751
2,2,0.2,5000,600,"DIFS_stage1",0.939955946805956,0.470429573735769,770,0.333333333333333,1355,1,1,0.416666666666667,0.287868350554918
2,2,0.2,5000,600,"dip_statistic_raw",0.922504465357829,0.316512774688907,929,0.15625,1355,1,1,0.416666666666667,0.287868350554918
2,2,0.2,5000,600,"n_expressing",0.969303479226705,0.729265951813609,270,0.625,1355,1,1,0.416666666666667,0.287868350554918
2,2,0.2,5000,600,"Seurat_vst",0.990876973763208,0.996442282234578,62,0.947916666666667,1355,1,1,0.416666666666667,0.287868350554918
2,2,0.2,5000,600,"random",0.511425124579731,0.507653230076781,5425,0.0833333333333333,1355,1,1,0.416666666666667,0.287868350554918
3,2,0.2,5000,600,"DIFS_stage1",0.941120129382805,0.485600249147653,707,0.34375,1367,1,1,0.418333333333333,0.253409347570426
3,2,0.2,5000,600,"dip_statistic_raw",0.926408839157061,0.357076121164437,899,0.197916666666667,1367,1,1,0.418333333333333,0.253409347570426
3,2,0.2,5000,600,"n_expressing",0.963896268611912,0.684582349855757,372,0.625,1367,1,1,0.418333333333333,0.253409347570426
3,2,0.2,5000,600,"Seurat_vst",0.996258855667627,0.999975413060582,63,1,1367,1,1,0.418333333333333,0.253409347570426
3,2,0.2,5000,600,"random",0.496034649675793,0.493099265670076,5555,0.03125,1367,1,1,0.418333333333333,0.253409347570426
4,2,0.2,5000,600,"DIFS_stage1",0.93740712806196,0.441293207395498,783,0.291666666666667,1340,1,1,0.425,0.242317731268715
4,2,0.2,5000,600,"dip_statistic_raw",0.925133022634486,0.331733989817792,920,0.145833333333333,1340,1,1,0.425,0.242317731268715
4,2,0.2,5000,600,"n_expressing",0.966302965147695,0.69921875,320,0.604166666666667,1340,1,1,0.425,0.242317731268715
4,2,0.2,5000,600,"Seurat_vst",0.991573044248319,0.999045418006431,87,0.916666666666667,1340,1,1,0.425,0.242317731268715
4,2,0.2,5000,600,"random",0.497793587896254,0.492639670418006,5448,0.0520833333333333,1340,1,1,0.425,0.242317731268715
5,2,0.2,5000,600,"DIFS_stage1",0.940404358789625,0.477290679304897,734,0.34375,1362,1,1,0.428333333333333,0.233595235532594
5,2,0.2,5000,600,"dip_statistic_raw",0.923654576428914,0.330379476040021,949,0.145833333333333,1362,1,1,0.428333333333333,0.233595235532594
5,2,0.2,5000,600,"n_expressing",0.970113059858309,0.737863678251711,281,0.71875,1362,1,1,0.428333333333333,0.233595235532594
5,2,0.2,5000,600,"Seurat_vst",0.986713684257925,0.990151066350711,74,0.927083333333333,1362,1,1,0.428333333333333,0.233595235532594
5,2,0.2,5000,600,"random",0.521788319524496,0.521285874144287,5292,0.0729166666666667,1362,1,1,0.428333333333333,0.233595235532594
1,3,0.2,5000,600,"DIFS_stage1",0.964746187560038,0.681482234879306,274,0.59375,1325,1,1,0.401666666666667,0.264764049881888
1,3,0.2,5000,600,"dip_statistic_raw",0.947486078590298,0.525537360998101,643,0.447916666666667,1325,1,1,0.401666666666667,0.264764049881888
1,3,0.2,5000,600,"n_expressing",0.973715365333814,0.762518646596149,280,0.708333333333333,1325,1,1,0.401666666666667,0.264764049881888
1,3,0.2,5000,600,"Seurat_vst",0.956540623499039,0.942263357743423,48,0.84375,1325,1,1,0.401666666666667,0.264764049881888
1,3,0.2,5000,600,"random",0.489040173210855,0.478827637645782,5355,0.104166666666667,1325,1,1,0.401666666666667,0.264764049881888
2,3,0.2,5000,600,"DIFS_stage1",0.967589569824688,0.717958137408568,230,0.645833333333333,1372,0.999166666666667,1,0.388333333333333,0.313808422914247
2,3,0.2,5000,600,"dip_statistic_raw",0.941113562680115,0.487558777429467,641,0.364583333333333,1372,0.999166666666667,1,0.388333333333333,0.313808422914247
2,3,0.2,5000,600,"n_expressing",0.976098140309798,0.792001371473354,212,0.78125,1372,0.999166666666667,1,0.388333333333333,0.313808422914247
2,3,0.2,5000,600,"Seurat_vst",0.958021884005764,0.945753330721003,48,0.791666666666667,1372,0.999166666666667,1,0.388333333333333,0.313808422914247
2,3,0.2,5000,600,"random",0.56876369626561,0.575128983803553,4836,0.0729166666666667,1372,0.999166666666667,1,0.388333333333333,0.313808422914247
3,3,0.2,5000,600,"DIFS_stage1",0.966532330691643,0.69613654946852,217,0.645833333333333,1319,1,1,0.41,0.278031561461794
3,3,0.2,5000,600,"dip_statistic_raw",0.954749789865514,0.589159171436359,464,0.510416666666667,1319,1,1,0.41,0.278031561461794
3,3,0.2,5000,600,"n_expressing",0.966387863232469,0.694824884164623,346,0.604166666666667,1319,1,1,0.41,0.278031561461794
3,3,0.2,5000,600,"Seurat_vst",0.975557794488473,0.97028311529027,48,0.854166666666667,1319,1,1,0.41,0.278031561461794
3,3,0.2,5000,600,"random",0.46798544818684,0.474873943853911,6603,0.0104166666666667,1319,1,1,0.41,0.278031561461794
4,3,0.2,5000,600,"DIFS_stage1",0.970971421709894,0.728447065431059,154,0.677083333333333,1283,1,1,0.411666666666667,0.337100456621005
4,3,0.2,5000,600,"dip_statistic_raw",0.959125090057637,0.61762847514743,445,0.541666666666667,1283,1,1,0.411666666666667,0.337100456621005
4,3,0.2,5000,600,"n_expressing",0.970853221061479,0.727341336703173,305,0.6875,1283,1,1,0.411666666666667,0.337100456621005
4,3,0.2,5000,600,"Seurat_vst",0.980845866354467,0.978622577927548,48,0.895833333333333,1283,1,1,0.411666666666667,0.337100456621005
4,3,0.2,5000,600,"random",0.507426002641691,0.503396166807077,5487,0.0729166666666667,1283,1,1,0.411666666666667,0.337100456621005
5,3,0.2,5000,600,"DIFS_stage1",0.967233091678674,0.704911800486618,229,0.666666666666667,1329,0.999166666666667,1,0.408333333333333,0.270029517183217
5,3,0.2,5000,600,"dip_statistic_raw",0.952969275336215,0.576456474722898,484,0.5,1329,0.999166666666667,1,0.408333333333333,0.270029517183217
5,3,0.2,5000,600,"n_expressing",0.96610314976585,0.694735908353609,333,0.635416666666667,1329,0.999166666666667,1,0.408333333333333,0.270029517183217
5,3,0.2,5000,600,"Seurat_vst",0.980324282540826,0.976775817788591,48,0.875,1329,0.999166666666667,1,0.408333333333333,0.270029517183217
5,3,0.2,5000,600,"random",0.490303794428434,0.495606920789403,5624,0.03125,1329,0.999166666666667,1,0.408333333333333,0.270029517183217
1,4,0.2,5000,600,"DIFS_stage1",0.994514927053314,0.949664256198347,48,0.9375,1306,1,1,0.350833333333333,0.357448074839379
1,4,0.2,5000,600,"dip_statistic_raw",0.984929417327089,0.861699380165289,98,0.854166666666667,1306,1,1,0.350833333333333,0.357448074839379
1,4,0.2,5000,600,"n_expressing",0.975699447646494,0.776997245179063,223,0.75,1306,1,1,0.350833333333333,0.357448074839379
1,4,0.2,5000,600,"Seurat_vst",0.8623046875,0.780148071625344,48,0.739583333333333,1306,1,1,0.350833333333333,0.357448074839379
1,4,0.2,5000,600,"random",0.530398204851105,0.524845041322314,4775,0.0520833333333333,1306,1,1,0.350833333333333,0.357448074839379
2,4,0.2,5000,600,"DIFS_stage1",0.982244574027378,0.837731481481481,48,0.78125,1311,1,1,0.37,0.317365491651206
2,4,0.2,5000,600,"dip_statistic_raw",0.975861739012968,0.779398148148148,104,0.708333333333333,1311,1,1,0.37,0.317365491651206
2,4,0.2,5000,600,"n_expressing",0.969204978686359,0.718561385459534,291,0.677083333333333,1311,1,1,0.37,0.317365491651206
2,4,0.2,5000,600,"Seurat_vst",0.887818203650336,0.816092249657065,48,0.78125,1311,1,1,0.37,0.317365491651206
2,4,0.2,5000,600,"random",0.496876125720461,0.488897462277092,5830,0.0625,1311,1,1,0.37,0.317365491651206
3,4,0.2,5000,600,"DIFS_stage1",0.991737211815562,0.924298679867987,48,0.90625,1308,0.999166666666667,1,0.369166666666667,0.379112554112554
3,4,0.2,5000,600,"dip_statistic_raw",0.985155499519693,0.863998899889989,101,0.864583333333333,1308,0.999166666666667,1,0.369166666666667,0.379112554112554
3,4,0.2,5000,600,"n_expressing",0.971680156550192,0.740541632288229,279,0.666666666666667,1308,0.999166666666667,1,0.369166666666667,0.379112554112554
3,4,0.2,5000,600,"Seurat_vst",0.87726457432757,0.798275921342134,48,0.75,1308,0.999166666666667,1,0.369166666666667,0.379112554112554
3,4,0.2,5000,600,"random",0.537145960914986,0.532401677667767,4918,0.09375,1308,0.999166666666667,1,0.369166666666667,0.379112554112554
4,4,0.2,5000,600,"DIFS_stage1",0.989729676993276,0.904965277777778,48,0.895833333333333,1296,1,1,0.385,0.29310223498283
4,4,0.2,5000,600,"dip_statistic_raw",0.980762375420269,0.821987847222222,113,0.8125,1296,1,1,0.385,0.29310223498283
4,4,0.2,5000,600,"n_expressing",0.972531482648895,0.745824652777778,250,0.697916666666667,1296,1,1,0.385,0.29310223498283
4,4,0.2,5000,600,"Seurat_vst",0.902321235590778,0.846536458333333,48,0.75,1296,1,1,0.385,0.29310223498283
4,4,0.2,5000,600,"random",0.519991857288665,0.533723958333333,5114,0.0520833333333333,1296,1,1,0.385,0.29310223498283
5,4,0.2,5000,600,"DIFS_stage1",0.980555055235351,0.818404821979254,52,0.78125,1285,1,1,0.368333333333333,0.232839721254355
5,4,0.2,5000,600,"dip_statistic_raw",0.971647792086936,0.735220423324923,233,0.729166666666667,1285,1,1,0.368333333333333,0.232839721254355
5,4,0.2,5000,600,"n_expressing",0.9693156745317,0.713440916736754,316,0.625,1285,1,1,0.368333333333333,0.232839721254355
5,4,0.2,5000,600,"Seurat_vst",0.906972337295869,0.848699887860948,48,0.78125,1285,1,1,0.368333333333333,0.232839721254355
5,4,0.2,5000,600,"random",0.516852035302594,0.509680754135128,5224,0.0520833333333333,1285,1,1,0.368333333333333,0.232839721254355
1,5,0.2,5000,600,"DIFS_stage1",0.985315914685399,0.860758255052662,48,0.822916666666667,1267,0.9975,1,0.315,0.290614035087719
1,5,0.2,5000,600,"dip_statistic_raw",0.978307366714697,0.79429974380871,76,0.739583333333333,1267,0.9975,1,0.315,0.290614035087719
1,5,0.2,5000,600,"n_expressing",0.971364954821086,0.728468367492172,296,0.697916666666667,1267,0.9975,1,0.315,0.290614035087719
1,5,0.2,5000,600,"Seurat_vst",0.883503879983189,0.790519143182465,48,0.729166666666667,1267,0.9975,1,0.315,0.290614035087719
1,5,0.2,5000,600,"random",0.501095701248799,0.511608667805295,5318,0.0416666666666667,1267,0.9975,1,0.315,0.290614035087719
2,5,0.2,5000,600,"DIFS_stage1",0.997025283681556,0.971176919720768,48,0.96875,1242,0.995,1,0.313333333333333,0.41619206598586
2,5,0.2,5000,600,"dip_statistic_raw",0.990963278998559,0.912440008726004,50,0.90625,1242,0.995,1,0.313333333333333,0.41619206598586
2,5,0.2,5000,600,"n_expressing",0.97664645998439,0.773719277196044,163,0.739583333333333,1242,0.995,1,0.313333333333333,0.41619206598586
2,5,0.2,5000,600,"Seurat_vst",0.879102312980307,0.770842422920302,48,0.677083333333333,1242,0.995,1,0.313333333333333,0.41619206598586
2,5,0.2,5000,600,"random",0.470538957432757,0.463114456079116,5408,0.0833333333333333,1242,0.995,1,0.313333333333333,0.41619206598586
3,5,0.2,5000,600,"DIFS_stage1",0.997386452329491,0.974720528455285,48,0.96875,1244,0.994166666666667,1,0.298333333333333,0.427338099707393
3,5,0.2,5000,600,"dip_statistic_raw",0.994671589817483,0.948461091753775,48,0.947916666666667,1244,0.994166666666667,1,0.298333333333333,0.427338099707393
3,5,0.2,5000,600,"n_expressing",0.974096234089817,0.74944650116144,299,0.71875,1244,0.994166666666667,1,0.298333333333333,0.427338099707393
3,5,0.2,5000,600,"Seurat_vst",0.880731793347743,0.777048853077816,48,0.75,1244,0.994166666666667,1,0.298333333333333,0.427338099707393
3,5,0.2,5000,600,"random",0.531558635026417,0.533636396631823,4828,0.03125,1244,0.994166666666667,1,0.298333333333333,0.427338099707393
4,5,0.2,5000,600,"DIFS_stage1",0.998257947586455,0.983076334208224,48,0.989583333333333,1239,0.9975,1,0.318333333333333,0.372967990615049
4,5,0.2,5000,600,"dip_statistic_raw",0.991576796649856,0.918170384951881,55,0.927083333333333,1239,0.9975,1,0.318333333333333,0.372967990615049
4,5,0.2,5000,600,"n_expressing",0.975613611461335,0.763091462525518,226,0.739583333333333,1239,0.9975,1,0.318333333333333,0.372967990615049
4,5,0.2,5000,600,"Seurat_vst",0.869591851284822,0.746782954214057,48,0.6875,1239,0.9975,1,0.318333333333333,0.372967990615049
4,5,0.2,5000,600,"random",0.464963826849183,0.459499854184894,6534,0.0520833333333333,1239,0.9975,1,0.318333333333333,0.372967990615049
5,5,0.2,5000,600,"DIFS_stage1",0.996232588856868,0.963174882629108,48,0.958333333333333,1232,0.993333333333333,1,0.286666666666667,0.358258928571429
5,5,0.2,5000,600,"dip_statistic_raw",0.99027846571806,0.904975425469484,53,0.916666666666667,1232,0.993333333333333,1,0.286666666666667,0.358258928571429
5,5,0.2,5000,600,"n_expressing",0.981426550492315,0.81845107100939,163,0.8125,1232,0.993333333333333,1,0.286666666666667,0.358258928571429
5,5,0.2,5000,600,"Seurat_vst",0.881882842519212,0.766230193661972,48,0.71875,1232,0.993333333333333,1,0.286666666666667,0.358258928571429
5,5,0.2,5000,600,"random",0.563204513388569,0.55673232100939,4194,0.0729166666666667,1232,0.993333333333333,1,0.286666666666667,0.358258928571429
1,1,0.5,5000,600,"DIFS_stage1",0.940917499699808,0.47135206822455,681,0.333333333333333,1337,1,1,0.393333333333333,0.224809349758585
1,1,0.5,5000,600,"dip_statistic_raw",0.933452096841979,0.404554458769809,760,0.239583333333333,1337,1,1,0.393333333333333,0.224809349758585
1,1,0.5,5000,600,"n_expressing",0.954268544368396,0.590812181036798,529,0.458333333333333,1337,1,1,0.393333333333333,0.224809349758585
1,1,0.5,5000,600,"Seurat_vst",0.857985673330932,0.765990128928284,1191,0.125,1337,1,1,0.393333333333333,0.224809349758585
1,1,0.5,5000,600,"random",0.496132212115754,0.493117109857642,5999,0.0520833333333333,1337,1,1,0.393333333333333,0.224809349758585
2,1,0.5,5000,600,"DIFS_stage1",0.937324575228146,0.441454320492242,754,0.322916666666667,1342,1,1,0.404166666666667,0.201936963724407
2,1,0.5,5000,600,"dip_statistic_raw",0.925543910602786,0.336468365436062,890,0.208333333333333,1342,1,1,0.404166666666667,0.201936963724407
2,1,0.5,5000,600,"n_expressing",0.962197837866234,0.663117810326378,384,0.583333333333333,1342,1,1,0.404166666666667,0.201936963724407
2,1,0.5,5000,600,"Seurat_vst",0.874107866534582,0.807968833600856,1129,0.166666666666667,1342,1,1,0.404166666666667,0.201936963724407
2,1,0.5,5000,600,"random",0.495970858849664,0.500150481540931,5785,0.0416666666666667,1342,1,1,0.404166666666667,0.201936963724407
3,1,0.5,5000,600,"DIFS_stage1",0.940190471902017,0.448858921161826,760,0.28125,1301,1,1,0.393333333333333,0.206091399375532
3,1,0.5,5000,600,"dip_statistic_raw",0.934720408561479,0.398452627939142,785,0.229166666666667,1301,1,1,0.393333333333333,0.206091399375532
3,1,0.5,5000,600,"n_expressing",0.957045790555956,0.604179633471646,419,0.53125,1301,1,1,0.393333333333333,0.206091399375532
3,1,0.5,5000,600,"Seurat_vst",0.874570350024015,0.79884163208852,978,0.125,1301,1,1,0.393333333333333,0.206091399375532
3,1,0.5,5000,600,"random",0.49262277857829,0.487707468879668,5236,0.0520833333333333,1301,1,1,0.393333333333333,0.206091399375532
4,1,0.5,5000,600,"DIFS_stage1",0.940185781400096,0.463941014258811,757,0.375,1335,1,1,0.388333333333333,0.207571724341911
4,1,0.5,5000,600,"dip_statistic_raw",0.931458633525456,0.385727737422653,911,0.260416666666667,1335,1,1,0.388333333333333,0.207571724341911
4,1,0.5,5000,600,"n_expressing",0.956526551993276,0.610388081786387,504,0.489583333333333,1335,1,1,0.388333333333333,0.207571724341911
4,1,0.5,5000,600,"Seurat_vst",0.881061066582613,0.824026432606941,979,0.177083333333333,1335,1,1,0.388333333333333,0.207571724341911
4,1,0.5,5000,600,"random",0.535647814601345,0.536159873553941,5166,0.0416666666666667,1335,1,1,0.388333333333333,0.207571724341911
5,1,0.5,5000,600,"DIFS_stage1",0.947295644212296,0.525361584211949,556,0.447916666666667,1329,1,1,0.396666666666667,0.200653594771242
5,1,0.5,5000,600,"dip_statistic_raw",0.936780477005283,0.43066538253582,706,0.260416666666667,1329,1,1,0.396666666666667,0.200653594771242
5,1,0.5,5000,600,"n_expressing",0.956966990123679,0.612458603676669,452,0.520833333333333,1329,1,1,0.396666666666667,0.200653594771242
5,1,0.5,5000,600,"Seurat_vst",0.884408208753602,0.816183427953501,958,0.135416666666667,1329,1,1,0.396666666666667,0.200653594771242
5,1,0.5,5000,600,"random",0.43567070425072,0.446497364152474,6924,0.0208333333333333,1329,1,1,0.396666666666667,0.200653594771242
1,2,0.5,5000,600,"DIFS_stage1",0.94045407810999,0.465482686607383,652,0.375,1333,1,1,0.383333333333333,0.258787239223963
1,2,0.5,5000,600,"dip_statistic_raw",0.924922888148415,0.326066087308003,935,0.15625,1333,1,1,0.383333333333333,0.258787239223963
1,2,0.5,5000,600,"n_expressing",0.966541711695485,0.699659795203449,333,0.614583333333333,1333,1,1,0.383333333333333,0.258787239223963
1,2,0.5,5000,600,"Seurat_vst",0.988835667327089,0.993456952303961,83,0.895833333333333,1333,1,1,0.383333333333333,0.258787239223963
1,2,0.5,5000,600,"random",0.529736844080211,0.530290016168149,5118,0.0520833333333333,1333,1,1,0.383333333333333,0.258787239223963
2,2,0.5,5000,600,"DIFS_stage1",0.940084466558597,0.473653415084388,693,0.3125,1360,1,1,0.388333333333333,0.250466447918677
2,2,0.5,5000,600,"dip_statistic_raw",0.920352463076369,0.300311511075949,988,0.125,1360,1,1,0.388333333333333,0.250466447918677
2,2,0.5,5000,600,"n_expressing",0.969918404028578,0.735738891086498,307,0.71875,1360,1,1,0.388333333333333,0.250466447918677
2,2,0.5,5000,600,"Seurat_vst",0.982578537764169,0.987712618670886,108,0.833333333333333,1360,1,1,0.388333333333333,0.250466447918677
2,2,0.5,5000,600,"random",0.474591551092699,0.465560719936709,5987,0.0416666666666667,1360,1,1,0.388333333333333,0.250466447918677
3,2,0.5,5000,600,"DIFS_stage1",0.940948457012488,0.462974337974338,701,0.302083333333333,1317,1,1,0.39,0.332254845317506
3,2,0.5,5000,600,"dip_statistic_raw",0.928967977005283,0.354021635271635,903,0.177083333333333,1317,1,1,0.39,0.332254845317506
3,2,0.5,5000,600,"n_expressing",0.963124211995677,0.664644758394758,420,0.59375,1317,1,1,0.39,0.332254845317506
3,2,0.5,5000,600,"Seurat_vst",0.974613127401537,0.974551255801256,97,0.822916666666667,1317,1,1,0.39,0.332254845317506
3,2,0.5,5000,600,"random",0.528415060638809,0.517437892437892,4828,0.0416666666666667,1317,1,1,0.39,0.332254845317506
4,2,0.5,5000,600,"DIFS_stage1",0.935666013748799,0.423434557438795,821,0.28125,1335,1,1,0.3925,0.29081453985152
4,2,0.5,5000,600,"dip_statistic_raw",0.923318736491354,0.312777441485069,948,0.114583333333333,1335,1,1,0.3925,0.29081453985152
4,2,0.5,5000,600,"n_expressing",0.966258405379443,0.697605595910681,334,0.635416666666667,1335,1,1,0.3925,0.29081453985152
4,2,0.5,5000,600,"Seurat_vst",0.99286574657781,0.997999058380414,85,0.958333333333333,1335,1,1,0.3925,0.29081453985152
4,2,0.5,5000,600,"random",0.463627033801633,0.472482849071832,6461,0.0625,1335,1,1,0.3925,0.29081453985152
5,2,0.5,5000,600,"DIFS_stage1",0.941140767591258,0.482932819092827,729,0.322916666666667,1360,1,1,0.384166666666667,0.260559839088166
5,2,0.5,5000,600,"dip_statistic_raw",0.926723102785783,0.356276371308017,880,0.135416666666667,1360,1,1,0.384166666666667,0.260559839088166
5,2,0.5,5000,600,"n_expressing",0.961725504322767,0.66376582278481,420,0.541666666666667,1360,1,1,0.384166666666667,0.260559839088166
5,2,0.5,5000,600,"Seurat_vst",0.983079483369356,0.987448905590717,96,0.822916666666667,1360,1,1,0.384166666666667,0.260559839088166
5,2,0.5,5000,600,"random",0.475183492435159,0.47835904535865,5712,0.0208333333333333,1360,1,1,0.384166666666667,0.260559839088166
1,3,0.5,5000,600,"DIFS_stage1",0.955232911563401,0.584369774247492,497,0.5,1292,1,1,0.370833333333333,0.379872330044454
1,3,0.5,5000,600,"dip_statistic_raw",0.936003729887128,0.405840649386845,753,0.28125,1292,1,1,0.370833333333333,0.379872330044454
1,3,0.5,5000,600,"n_expressing",0.97208400876561,0.740820094760312,274,0.697916666666667,1292,1,1,0.370833333333333,0.379872330044454
1,3,0.5,5000,600,"Seurat_vst",0.970705001200769,0.958977842809365,48,0.84375,1292,1,1,0.370833333333333,0.379872330044454
1,3,0.5,5000,600,"random",0.492142471181556,0.492300724637681,6102,0.0208333333333333,1292,1,1,0.370833333333333,0.379872330044454
2,3,0.5,5000,600,"DIFS_stage1",0.945887555535543,0.509898382272974,698,0.354166666666667,1322,1,1,0.368333333333333,0.264614520958084
2,3,0.5,5000,600,"dip_statistic_raw",0.928000795509126,0.347896275149538,898,0.15625,1322,1,1,0.368333333333333,0.264614520958084
2,3,0.5,5000,600,"n_expressing",0.968684802023295,0.716375237901033,294,0.677083333333333,1322,1,1,0.368333333333333,0.264614520958084
2,3,0.5,5000,600,"Seurat_vst",0.976533418888088,0.970270867319195,48,0.864583333333333,1322,1,1,0.368333333333333,0.264614520958084
2,3,0.5,5000,600,"random",0.504699882925072,0.517885059815117,5620,0.0416666666666667,1322,1,1,0.368333333333333,0.264614520958084
3,3,0.5,5000,600,"DIFS_stage1",0.950657795989433,0.543039338337504,564,0.4375,1295,1,1,0.368333333333333,0.299860745783692
3,3,0.5,5000,600,"dip_statistic_raw",0.933204438340538,0.381402905198777,778,0.208333333333333,1295,1,1,0.368333333333333,0.299860745783692
3,3,0.5,5000,600,"n_expressing",0.968338173931316,0.706778217959411,353,0.666666666666667,1295,1,1,0.368333333333333,0.299860745783692
3,3,0.5,5000,600,"Seurat_vst",0.985605787704131,0.979957256046706,48,0.90625,1295,1,1,0.368333333333333,0.299860745783692
3,3,0.5,5000,600,"random",0.526629855607589,0.522866277453433,4971,0.0416666666666667,1295,1,1,0.368333333333333,0.299860745783692
4,3,0.5,5000,600,"DIFS_stage1",0.947866947346302,0.527440476190476,654,0.447916666666667,1321,1,1,0.365,0.320495718050066
4,3,0.5,5000,600,"dip_statistic_raw",0.92811430565562,0.348392857142857,939,0.208333333333333,1321,1,1,0.365,0.320495718050066
4,3,0.5,5000,600,"n_expressing",0.968747185698847,0.716709183673469,289,0.635416666666667,1321,1,1,0.365,0.320495718050066
4,3,0.5,5000,600,"Seurat_vst",0.97188513148415,0.964166666666667,48,0.8125,1321,1,1,0.365,0.320495718050066
4,3,0.5,5000,600,"random",0.491014874519693,0.484651360544218,5738,0.0416666666666667,1321,1,1,0.365,0.320495718050066
5,3,0.5,5000,600,"DIFS_stage1",0.948813490634006,0.53297041906327,584,0.427083333333333,1313,1,1,0.363333333333333,0.298169750603379
5,3,0.5,5000,600,"dip_statistic_raw",0.929394812680115,0.355792933442892,892,0.208333333333333,1313,1,1,0.363333333333333,0.298169750603379
5,3,0.5,5000,600,"n_expressing",0.970574605247358,0.731520473842783,297,0.708333333333333,1313,1,1,0.363333333333333,0.298169750603379
5,3,0.5,5000,600,"Seurat_vst",0.963203012427954,0.946504382360997,48,0.833333333333333,1313,1,1,0.363333333333333,0.298169750603379
5,3,0.5,5000,600,"random",0.466603626320845,0.47222507532183,6581,0.03125,1313,1,1,0.363333333333333,0.298169750603379
1,4,0.5,5000,600,"DIFS_stage1",0.968570822826609,0.710141542081949,137,0.635416666666667,1300,1,1,0.3475,0.314404432132964
1,4,0.5,5000,600,"dip_statistic_raw",0.949818196145533,0.53719372923588,549,0.4375,1300,1,1,0.3475,0.314404432132964
1,4,0.5,5000,600,"n_expressing",0.9738471684378,0.758803121539313,210,0.697916666666667,1300,1,1,0.3475,0.314404432132964
1,4,0.5,5000,600,"Seurat_vst",0.904253722382325,0.845142926356589,48,0.729166666666667,1300,1,1,0.3475,0.314404432132964
1,4,0.5,5000,600,"random",0.527179582432757,0.531007751937985,5000,0.0625,1300,1,1,0.3475,0.314404432132964
2,4,0.5,5000,600,"DIFS_stage1",0.959356800852546,0.621390869686801,386,0.552083333333333,1288,1,1,0.3375,0.236984605863696
2,4,0.5,5000,600,"dip_statistic_raw",0.945936336755524,0.496373392058166,620,0.364583333333333,1288,1,1,0.3375,0.236984605863696
2,4,0.5,5000,600,"n_expressing",0.971212513508646,0.731832005033557,286,0.666666666666667,1288,1,1,0.3375,0.236984605863696
2,4,0.5,5000,600,"Seurat_vst",0.911150636407301,0.854577390939597,48,0.760416666666667,1288,1,1,0.3375,0.236984605863696
2,4,0.5,5000,600,"random",0.516256341558597,0.502298308165548,5245,0.03125,1288,1,1,0.3375,0.236984605863696
3,4,0.5,5000,600,"DIFS_stage1",0.969530499519693,0.720385674931129,255,0.65625,1306,0.996666666666667,1,0.345,0.351343587023778
3,4,0.5,5000,600,"dip_statistic_raw",0.952052751260807,0.559994834710744,551,0.458333333333333,1306,0.996666666666667,1,0.345,0.351343587023778
3,4,0.5,5000,600,"n_expressing",0.97212387803194,0.744184745179063,265,0.677083333333333,1306,0.996666666666667,1,0.345,0.351343587023778
3,4,0.5,5000,600,"Seurat_vst",0.8988662118756,0.840909090909091,48,0.75,1306,0.996666666666667,1,0.345,0.351343587023778
3,4,0.5,5000,600,"random",0.528507932576849,0.532679063360882,4854,0.0729166666666667,1306,0.996666666666667,1,0.345,0.351343587023778
4,4,0.5,5000,600,"DIFS_stage1",0.972265062139769,0.741420025188917,123,0.677083333333333,1287,0.999166666666667,1,0.333333333333333,0.416997068034917
4,4,0.5,5000,600,"dip_statistic_raw",0.955669128242075,0.586691855583543,482,0.510416666666667,1287,0.999166666666667,1,0.333333333333333,0.416997068034917
4,4,0.5,5000,600,"n_expressing",0.97532514559318,0.769949972012315,177,0.75,1287,0.999166666666667,1,0.333333333333333,0.416997068034917
4,4,0.5,5000,600,"Seurat_vst",0.895901814661383,0.831636579904842,48,0.729166666666667,1287,0.999166666666667,1,0.333333333333333,0.416997068034917
4,4,0.5,5000,600,"random",0.49636110860951,0.515646865379233,5522,0.0208333333333333,1287,0.999166666666667,1,0.333333333333333,0.416997068034917
5,4,0.5,5000,600,"DIFS_stage1",0.97325288184438,0.755957271980279,180,0.677083333333333,1313,0.999166666666667,1,0.335,0.366206672242357
5,4,0.5,5000,600,"dip_statistic_raw",0.950953297610471,0.552494179676801,601,0.385416666666667,1313,0.999166666666667,1,0.335,0.366206672242357
5,4,0.5,5000,600,"n_expressing",0.976381915676033,0.784506813201863,250,0.770833333333333,1313,0.999166666666667,1,0.335,0.366206672242357
5,4,0.5,5000,600,"Seurat_vst",0.877939068503843,0.811070597096686,48,0.71875,1313,0.999166666666667,1,0.335,0.366206672242357
5,4,0.5,5000,600,"random",0.525159852305475,0.52827136400986,5075,0.0104166666666667,1313,0.999166666666667,1,0.335,0.366206672242357
1,5,0.5,5000,600,"DIFS_stage1",0.984322466378482,0.847696121318169,51,0.78125,1239,0.998333333333333,1,0.288333333333333,0.384854497354497
1,5,0.5,5000,600,"dip_statistic_raw",0.972872013088377,0.736457421988918,174,0.729166666666667,1239,0.998333333333333,1,0.288333333333333,0.384854497354497
1,5,0.5,5000,600,"n_expressing",0.977976686329251,0.786048228346457,191,0.791666666666667,1239,0.998333333333333,1,0.288333333333333,0.384854497354497
1,5,0.5,5000,600,"Seurat_vst",0.865951083693564,0.738881598133567,48,0.666666666666667,1239,0.998333333333333,1,0.288333333333333,0.384854497354497
1,5,0.5,5000,600,"random",0.507453207552834,0.505951079031788,5473,0.0416666666666667,1239,0.998333333333333,1,0.288333333333333,0.384854497354497
2,5,0.5,5000,600,"DIFS_stage1",0.988995144392411,0.892996570344425,48,0.875,1238,0.996666666666667,1,0.259166666666667,0.393770975969929
2,5,0.5,5000,600,"dip_statistic_raw",0.974237887247839,0.749507443082312,179,0.75,1238,0.996666666666667,1,0.259166666666667,0.393770975969929
2,5,0.5,5000,600,"n_expressing",0.982248326428914,0.827395286047869,158,0.84375,1238,0.996666666666667,1,0.259166666666667,0.393770975969929
2,5,0.5,5000,600,"Seurat_vst",0.880303081472142,0.763116608289551,48,0.71875,1238,0.996666666666667,1,0.259166666666667,0.393770975969929
2,5,0.5,5000,600,"random",0.465106418107589,0.457594497956801,6241,0.03125,1238,0.996666666666667,1,0.259166666666667,0.393770975969929
3,5,0.5,5000,600,"DIFS_stage1",0.989417289565322,0.897191236512103,48,0.875,1239,0.994166666666667,1,0.258333333333333,0.441916772631469
3,5,0.5,5000,600,"dip_statistic_raw",0.977473395473103,0.781158865558472,153,0.75,1239,0.994166666666667,1,0.258333333333333,0.441916772631469
3,5,0.5,5000,600,"n_expressing",0.976847213466619,0.775075641586468,165,0.739583333333333,1239,0.994166666666667,1,0.258333333333333,0.441916772631469
3,5,0.5,5000,600,"Seurat_vst",0.862794375900576,0.73957421988918,48,0.6875,1239,0.994166666666667,1,0.258333333333333,0.441916772631469
3,5,0.5,5000,600,"random",0.50952265700048,0.511956838728492,5316,0.0520833333333333,1239,0.994166666666667,1,0.258333333333333,0.441916772631469
4,5,0.5,5000,600,"DIFS_stage1",0.987674299051393,0.881193938078704,48,0.875,1248,0.998333333333333,1,0.273333333333333,0.488883371951892
4,5,0.5,5000,600,"dip_statistic_raw",0.971625277677714,0.726499204282407,219,0.708333333333333,1248,0.998333333333333,1,0.273333333333333,0.488883371951892
4,5,0.5,5000,600,"n_expressing",0.979450911083093,0.801929615162037,175,0.822916666666667,1248,0.998333333333333,1,0.273333333333333,0.488883371951892
4,5,0.5,5000,600,"Seurat_vst",0.847309152857829,0.711344401041667,48,0.65625,1248,0.998333333333333,1,0.273333333333333,0.488883371951892
4,5,0.5,5000,600,"random",0.455976825168108,0.432834201388889,6125,0.0208333333333333,1248,0.998333333333333,1,0.273333333333333,0.488883371951892
5,5,0.5,5000,600,"DIFS_stage1",0.989806601224784,0.901661598609904,48,0.895833333333333,1247,0.996666666666667,1,0.269166666666667,0.424776494691749
5,5,0.5,5000,600,"dip_statistic_raw",0.977654448847262,0.784426585577758,108,0.75,1247,0.996666666666667,1,0.269166666666667,0.424776494691749
5,5,0.5,5000,600,"n_expressing",0.975735095461095,0.765910078192876,178,0.697916666666667,1247,0.996666666666667,1,0.269166666666667,0.424776494691749
5,5,0.5,5000,600,"Seurat_vst",0.852242622778578,0.728913263828555,49,0.677083333333333,1247,0.996666666666667,1,0.269166666666667,0.424776494691749
5,5,0.5,5000,600,"random",0.562085359630163,0.551784679988416,4089,0.0520833333333333,1247,0.996666666666667,1,0.269166666666667,0.424776494691749
1,1,0.2,20000,600,"DIFS_stage1",0.940068518852065,0.459399539669645,763,0.3125,1327,1,1,0.675,0.183369926864843
1,1,0.2,20000,600,"dip_statistic_raw",0.930170621697887,0.370117451936095,877,0.197916666666667,1327,1,1,0.675,0.183369926864843
1,1,0.2,20000,600,"n_expressing",0.96106132925072,0.648761169780666,401,0.614583333333333,1327,1,1,0.675,0.183369926864843
1,1,0.2,20000,600,"Seurat_vst",0.86247260746878,0.921896154887625,1124,0.166666666666667,1327,1,1,0.675,0.183369926864843
1,1,0.2,20000,600,"random",0.512937342399135,0.510568981857568,5188,0.0208333333333333,1327,1,1,0.675,0.183369926864843
2,1,0.2,20000,600,"DIFS_stage1",0.945329385806916,0.503222176759411,667,0.364583333333333,1318,0.999166666666667,1,0.671666666666667,0.164912280701754
2,1,0.2,20000,600,"dip_statistic_raw",0.935433364853506,0.413299577195854,766,0.21875,1318,0.999166666666667,1,0.671666666666667,0.164912280701754
2,1,0.2,20000,600,"n_expressing",0.958678085224544,0.624518378341517,446,0.541666666666667,1318,0.999166666666667,1,0.671666666666667,0.164912280701754
2,1,0.2,20000,600,"Seurat_vst",0.895725451789145,0.9596886933988,1010,0.1875,1318,0.999166666666667,1,0.671666666666667,0.164912280701754
2,1,0.2,20000,600,"random",0.514806038364553,0.518608496999454,5343,0.03125,1318,0.999166666666667,1,0.671666666666667,0.164912280701754
3,1,0.2,20000,600,"DIFS_stage1",0.94029929154659,0.446647189760712,747,0.322916666666667,1294,1,1,0.685833333333333,0.190682780704473
3,1,0.2,20000,600,"dip_statistic_raw",0.931193151116715,0.362244365609349,815,0.177083333333333,1294,1,1,0.685833333333333,0.190682780704473
3,1,0.2,20000,600,"n_expressing",0.963965688040346,0.666005843071786,351,0.604166666666667,1294,1,1,0.685833333333333,0.190682780704473
3,1,0.2,20000,600,"Seurat_vst",0.861803741894813,0.914936352253756,1116,0.239583333333333,1294,1,1,0.685833333333333,0.190682780704473
3,1,0.2,20000,600,"random",0.490889169068204,0.481888216471898,5852,0.0416666666666667,1294,1,1,0.685833333333333,0.190682780704473
4,1,0.2,20000,600,"DIFS_stage1",0.94473369206292,0.489877736215018,706,0.375,1299,1,1,0.685,0.176838516929677
4,1,0.2,20000,600,"dip_statistic_raw",0.937254217699328,0.420840260459961,794,0.291666666666667,1299,1,1,0.685,0.176838516929677
4,1,0.2,20000,600,"n_expressing",0.954675210884966,0.581640516763646,485,0.5,1299,1,1,0.685,0.176838516929677
4,1,0.2,20000,600,"Seurat_vst",0.879756168948127,0.939153851482405,970,0.15625,1299,1,1,0.685,0.176838516929677
4,1,0.2,20000,600,"random",0.521615709053794,0.522772928789138,5533,0.0416666666666667,1299,1,1,0.685,0.176838516929677
5,1,0.2,20000,600,"DIFS_stage1",0.94071017951489,0.457251305303655,715,0.395833333333333,1309,1,1,0.678333333333333,0.19380190246112
5,1,0.2,20000,600,"dip_statistic_raw",0.933211005043228,0.388602638087387,809,0.239583333333333,1309,1,1,0.678333333333333,0.19380190246112
5,1,0.2,20000,600,"n_expressing",0.954390028368156,0.582478874690849,541,0.4375,1309,1,1,0.678333333333333,0.19380190246112
5,1,0.2,20000,600,"Seurat_vst",0.903557651897214,0.958951635064578,700,0.270833333333333,1309,1,1,0.678333333333333,0.19380190246112
5,1,0.2,20000,600,"random",0.505760874459654,0.501923605386095,5600,0.0208333333333333,1309,1,1,0.678333333333333,0.19380190246112
1,2,0.2,20000,600,"DIFS_stage1",0.948453260086455,0.535032493907392,602,0.416666666666667,1327,1,1,0.666666666666667,0.22251221570282
1,2,0.2,20000,600,"dip_statistic_raw",0.938537539024976,0.445589629027891,740,0.333333333333333,1327,1,1,0.666666666666667,0.22251221570282
1,2,0.2,20000,600,"n_expressing",0.962462382174592,0.661399099647983,398,0.552083333333333,1327,1,1,0.666666666666667,0.22251221570282
1,2,0.2,20000,600,"Seurat_vst",0.999017808897695,1,48,0.989583333333333,1327,1,1,0.666666666666667,0.22251221570282
1,2,0.2,20000,600,"random",0.448470145893372,0.443550297860818,6204,0.03125,1327,1,1,0.666666666666667,0.22251221570282
2,2,0.2,20000,600,"DIFS_stage1",0.950662486491354,0.546862076095947,588,0.427083333333333,1305,1,1,0.6775,0.285973001871157
2,2,0.2,20000,600,"dip_statistic_raw",0.941713946926033,0.464674662255307,666,0.333333333333333,1305,1,1,0.6775,0.285973001871157
2,2,0.2,20000,600,"n_expressing",0.958705290135687,0.620730803694513,468,0.541666666666667,1305,1,1,0.6775,0.285973001871157
2,2,0.2,20000,600,"Seurat_vst",0.997693211155139,0.999982768127929,48,0.979166666666667,1305,1,1,0.6775,0.285973001871157
2,2,0.2,20000,600,"random",0.523591348463016,0.515379445822994,4805,0.0625,1305,1,1,0.6775,0.285973001871157
3,2,0.2,20000,600,"DIFS_stage1",0.950200941102305,0.537264644351464,569,0.447916666666667,1291,0.999166666666667,1,0.666666666666667,0.224537037037037
3,2,0.2,20000,600,"dip_statistic_raw",0.939895908381364,0.441509762900976,771,0.322916666666667,1291,0.999166666666667,1,0.666666666666667,0.224537037037037
3,2,0.2,20000,600,"n_expressing",0.963197852875841,0.65803260111576,397,0.583333333333333,1291,0.999166666666667,1,0.666666666666667,0.224537037037037
3,2,0.2,20000,600,"Seurat_vst",0.998026236791547,1,48,0.979166666666667,1291,0.999166666666667,1,0.666666666666667,0.224537037037037
3,2,0.2,20000,600,"random",0.497535610290586,0.50847280334728,5640,0.03125,1291,0.999166666666667,1,0.666666666666667,0.224537037037037
4,2,0.2,20000,600,"DIFS_stage1",0.95356027857829,0.572060857538036,578,0.458333333333333,1301,0.999166666666667,1,0.665833333333333,0.257219003986696
4,2,0.2,20000,600,"dip_statistic_raw",0.946920404058597,0.510874827109267,677,0.375,1301,0.999166666666667,1,0.665833333333333,0.257219003986696
4,2,0.2,20000,600,"n_expressing",0.95669541006244,0.600950899031812,517,0.46875,1301,0.999166666666667,1,0.665833333333333,0.257219003986696
4,2,0.2,20000,600,"Seurat_vst",0.998070327509606,1,50,0.989583333333333,1301,0.999166666666667,1,0.665833333333333,0.257219003986696
4,2,0.2,20000,600,"random",0.537858917207013,0.539306708160443,4823,0.0833333333333333,1301,0.999166666666667,1,0.665833333333333,0.257219003986696
5,2,0.2,20000,600,"DIFS_stage1",0.949272221721902,0.517325407026564,741,0.416666666666667,1263,0.999166666666667,1,0.68,0.214428005340914
5,2,0.2,20000,600,"dip_statistic_raw",0.942563865874159,0.453495429877178,722,0.322916666666667,1263,0.999166666666667,1,0.68,0.214428005340914
5,2,0.2,20000,600,"n_expressing",0.962192209263929,0.64025903313339,460,0.53125,1263,0.999166666666667,1,0.68,0.214428005340914
5,2,0.2,20000,600,"Seurat_vst",0.998415548451009,1,49,0.989583333333333,1263,0.999166666666667,1,0.68,0.214428005340914
5,2,0.2,20000,600,"random",0.510410099963977,0.512059054555841,5524,0.0416666666666667,1263,0.999166666666667,1,0.68,0.214428005340914
1,3,0.2,20000,600,"DIFS_stage1",0.976471504262728,0.778780341518487,51,0.739583333333333,1277,0.998333333333333,1,0.648333333333333,0.275253036437247
1,3,0.2,20000,600,"dip_statistic_raw",0.972058680055235,0.737290079029071,137,0.666666666666667,1277,0.998333333333333,1,0.648333333333333,0.275253036437247
1,3,0.2,20000,600,"n_expressing",0.961118084323967,0.63442439316963,422,0.625,1277,0.998333333333333,1,0.648333333333333,0.275253036437247
1,3,0.2,20000,600,"Seurat_vst",0.990693106087896,0.994487369460909,48,0.96875,1277,0.998333333333333,1,0.648333333333333,0.275253036437247
1,3,0.2,20000,600,"random",0.502509418527858,0.496489556872707,4949,0.0208333333333333,1277,0.998333333333333,1,0.648333333333333,0.275253036437247
2,3,0.2,20000,600,"DIFS_stage1",0.975693819044188,0.773196778711485,128,0.739583333333333,1286,0.999166666666667,1,0.646666666666667,0.19822354441139
2,3,0.2,20000,600,"dip_statistic_raw",0.96713928164025,0.693373599439776,292,0.65625,1286,0.999166666666667,1,0.646666666666667,0.19822354441139
2,3,0.2,20000,600,"n_expressing",0.959928103986551,0.626085434173669,429,0.5625,1286,0.999166666666667,1,0.646666666666667,0.19822354441139
2,3,0.2,20000,600,"Seurat_vst",0.997328290105668,0.999956232492997,48,0.96875,1286,0.999166666666667,1,0.646666666666667,0.19822354441139
2,3,0.2,20000,600,"random",0.480355239853506,0.486633403361345,6427,0.0416666666666667,1286,0.999166666666667,1,0.646666666666667,0.19822354441139
3,3,0.2,20000,600,"DIFS_stage1",0.972466753722382,0.744373606465998,167,0.65625,1292,0.998333333333333,1,0.648333333333333,0.177791270856387
3,3,0.2,20000,600,"dip_statistic_raw",0.962803381664265,0.65465614548495,364,0.5625,1292,0.998333333333333,1,0.648333333333333,0.177791270856387
3,3,0.2,20000,600,"n_expressing",0.96127333993756,0.640450808249721,427,0.53125,1292,0.998333333333333,1,0.648333333333333,0.177791270856387
3,3,0.2,20000,600,"Seurat_vst",0.998036555895773,0.99995645206243,48,0.989583333333333,1292,0.998333333333333,1,0.648333333333333,0.177791270856387
3,3,0.2,20000,600,"random",0.467981695785303,0.464325529542921,5687,0.0104166666666667,1292,0.998333333333333,1,0.648333333333333,0.177791270856387
4,3,0.2,20000,600,"DIFS_stage1",0.973579340778098,0.758539094650206,97,0.729166666666667,1311,0.999166666666667,1,0.64,0.18583918813427
4,3,0.2,20000,600,"dip_statistic_raw",0.966877551633045,0.697290809327846,233,0.614583333333333,1311,0.999166666666667,1,0.64,0.18583918813427
4,3,0.2,20000,600,"n_expressing",0.957467466678674,0.611291152263374,467,0.520833333333333,1311,0.999166666666667,1,0.64,0.18583918813427
4,3,0.2,20000,600,"Seurat_vst",0.996507452269452,0.999451303155007,48,0.979166666666667,1311,0.999166666666667,1,0.64,0.18583918813427
4,3,0.2,20000,600,"random",0.517914903037944,0.520267489711934,5355,0.09375,1311,0.999166666666667,1,0.64,0.18583918813427
5,3,0.2,20000,600,"DIFS_stage1",0.976237917267051,0.776015138653084,58,0.729166666666667,1274,1,1,0.648333333333333,0.201753852392539
5,3,0.2,20000,600,"dip_statistic_raw",0.971016450528338,0.726796830786644,189,0.677083333333333,1274,1,1,0.648333333333333,0.201753852392539
5,3,0.2,20000,600,"n_expressing",0.963591385987032,0.656807088285229,396,0.59375,1274,1,1,0.648333333333333,0.201753852392539
5,3,0.2,20000,600,"Seurat_vst",0.993786961155139,0.99795734295416,48,0.958333333333333,1274,1,1,0.648333333333333,0.201753852392539
5,3,0.2,20000,600,"random",0.464861573907301,0.46361240803622,6489,0.03125,1274,1,1,0.648333333333333,0.201753852392539
1,4,0.2,20000,600,"DIFS_stage1",0.9899426257805,0.904793620346689,48,0.885416666666667,1269,1,1,0.604166666666667,0.234583219707299
1,4,0.2,20000,600,"dip_statistic_raw",0.987191177353506,0.878747513498153,64,0.885416666666667,1269,1,1,0.604166666666667,0.234583219707299
1,4,0.2,20000,600,"n_expressing",0.959726412403939,0.618757104290992,428,0.572916666666667,1269,1,1,0.604166666666667,0.234583219707299
1,4,0.2,20000,600,"Seurat_vst",0.894852080331412,0.903727976697926,48,0.833333333333333,1269,1,1,0.604166666666667,0.234583219707299
1,4,0.2,20000,600,"random",0.478544706111912,0.471023373117363,6151,0.0520833333333333,1269,1,1,0.604166666666667,0.234583219707299
2,4,0.2,20000,600,"DIFS_stage1",0.986977290465898,0.878381693299692,48,0.833333333333333,1285,1,1,0.606666666666667,0.230357373242162
2,4,0.2,20000,600,"dip_statistic_raw",0.981275516330452,0.825133165124755,76,0.802083333333333,1285,1,1,0.606666666666667,0.230357373242162
2,4,0.2,20000,600,"n_expressing",0.9629680182817,0.654160534062237,432,0.5625,1285,1,1,0.606666666666667,0.230357373242162
2,4,0.2,20000,600,"Seurat_vst",0.862247463376561,0.872765979814971,48,0.770833333333333,1285,1,1,0.606666666666667,0.230357373242162
2,4,0.2,20000,600,"random",0.569505733669548,0.573118166526493,4163,0.0729166666666667,1285,1,1,0.606666666666667,0.230357373242162
3,4,0.2,20000,600,"DIFS_stage1",0.994862024195485,0.950561452917389,48,0.958333333333333,1250,0.9975,1,0.603333333333333,0.236388562475519
3,4,0.2,20000,600,"dip_statistic_raw",0.989107716438521,0.89519244656268,81,0.916666666666667,1250,0.9975,1,0.603333333333333,0.236388562475519
3,4,0.2,20000,600,"n_expressing",0.962372324537704,0.637939594165222,351,0.572916666666667,1250,0.9975,1,0.603333333333333,0.236388562475519
3,4,0.2,20000,600,"Seurat_vst",0.890696295629203,0.887601097631427,48,0.833333333333333,1250,0.9975,1,0.603333333333333,0.236388562475519
3,4,0.2,20000,600,"random",0.455727290465898,0.462711221837088,6022,0.03125,1250,0.9975,1,0.603333333333333,0.236388562475519
4,4,0.2,20000,600,"DIFS_stage1",0.991346962055716,0.918779938010707,48,0.895833333333333,1279,1,1,0.601666666666667,0.200055356838699
4,4,0.2,20000,600,"dip_statistic_raw",0.98220986431316,0.833016342631727,105,0.8125,1279,1,1,0.601666666666667,0.200055356838699
4,4,0.2,20000,600,"n_expressing",0.96495866729707,0.671091328543252,420,0.5625,1279,1,1,0.601666666666667,0.200055356838699
4,4,0.2,20000,600,"Seurat_vst",0.890197226224784,0.893764088475627,48,0.802083333333333,1279,1,1,0.601666666666667,0.200055356838699
4,4,0.2,20000,600,"random",0.500246720401057,0.492726824457594,5492,0.0416666666666667,1279,1,1,0.601666666666667,0.200055356838699
5,4,0.2,20000,600,"DIFS_stage1",0.991260656820365,0.917900451212634,48,0.885416666666667,1278,0.9975,1,0.603333333333333,0.251143945655022
5,4,0.2,20000,600,"dip_statistic_raw",0.986942580751681,0.877335377890581,71,0.875,1278,0.9975,1,0.603333333333333,0.251143945655022
5,4,0.2,20000,600,"n_expressing",0.962240521433718,0.645278130287648,441,0.572916666666667,1278,0.9975,1,0.603333333333333,0.251143945655022
5,4,0.2,20000,600,"Seurat_vst",0.851708843659942,0.856052594472645,48,0.78125,1278,0.9975,1,0.603333333333333,0.251143945655022
5,4,0.2,20000,600,"random",0.477219170268972,0.479818809926678,6311,0.0520833333333333,1278,0.9975,1,0.603333333333333,0.251143945655022
1,5,0.2,20000,600,"DIFS_stage1",0.995358279298751,0.955490788716177,48,0.9375,1254,0.9975,1,0.490833333333333,0.290838316901029
1,5,0.2,20000,600,"dip_statistic_raw",0.992524278037944,0.928315702360392,49,0.9375,1254,0.9975,1,0.490833333333333,0.290838316901029
1,5,0.2,20000,600,"n_expressing",0.96412797940682,0.656025115141048,385,0.59375,1254,0.9975,1,0.490833333333333,0.290838316901029
1,5,0.2,20000,600,"Seurat_vst",0.795381544188281,0.772155656303972,48,0.729166666666667,1254,0.9975,1,0.490833333333333,0.290838316901029
1,5,0.2,20000,600,"random",0.479556916426513,0.476692933218192,5909,0.0416666666666667,1254,0.9975,1,0.490833333333333,0.290838316901029
2,5,0.2,20000,600,"DIFS_stage1",0.999666974363593,0.996767555361305,48,1,1240,0.9975,1,0.489166666666667,0.305950874973645
2,5,0.2,20000,600,"dip_statistic_raw",0.996345160902978,0.964525058275058,49,0.979166666666667,1240,0.9975,1,0.489166666666667,0.305950874973645
2,5,0.2,20000,600,"n_expressing",0.962129825588377,0.632420964452214,398,0.604166666666667,1240,0.9975,1,0.489166666666667,0.305950874973645
2,5,0.2,20000,600,"Seurat_vst",0.803254082612872,0.788570804195804,48,0.697916666666667,1240,0.9975,1,0.489166666666667,0.305950874973645
2,5,0.2,20000,600,"random",0.536317618275696,0.533435314685315,4986,0.0416666666666667,1240,0.9975,1,0.489166666666667,0.305950874973645
3,5,0.2,20000,600,"DIFS_stage1",0.999924013868876,0.999266304347826,48,1,1246,0.995833333333333,1,0.4675,0.317894736842105
3,5,0.2,20000,600,"dip_statistic_raw",0.995677233429395,0.958260869565217,48,0.96875,1246,0.995833333333333,1,0.4675,0.317894736842105
3,5,0.2,20000,600,"n_expressing",0.966636459834294,0.677853260869565,350,0.65625,1246,0.995833333333333,1,0.4675,0.317894736842105
3,5,0.2,20000,600,"Seurat_vst",0.79454194434438,0.770480072463768,48,0.6875,1246,0.995833333333333,1,0.4675,0.317894736842105
3,5,0.2,20000,600,"random",0.512011437319885,0.505172101449275,5596,0.0625,1246,0.995833333333333,1,0.4675,0.317894736842105
4,5,0.2,20000,600,"DIFS_stage1",0.994285092459174,0.944432282545242,48,0.916666666666667,1238,0.999166666666667,1,0.51,0.214992531740105
4,5,0.2,20000,600,"dip_statistic_raw",0.989385394152257,0.896791082895505,61,0.864583333333333,1238,0.999166666666667,1,0.51,0.214992531740105
4,5,0.2,20000,600,"n_expressing",0.964828740393852,0.658019556333917,385,0.59375,1238,0.999166666666667,1,0.51,0.214992531740105
4,5,0.2,20000,600,"Seurat_vst",0.842315644512488,0.831153312901343,48,0.770833333333333,1238,0.999166666666667,1,0.51,0.214992531740105
4,5,0.2,20000,600,"random",0.5053115243756,0.506284661412726,5402,0.0729166666666667,1238,0.999166666666667,1,0.51,0.214992531740105
5,5,0.2,20000,600,"DIFS_stage1",0.997148174831892,0.972319347319347,48,1,1240,0.995833333333333,1,0.515,0.271770693010028
5,5,0.2,20000,600,"dip_statistic_raw",0.991245647214217,0.915027680652681,50,0.916666666666667,1240,0.995833333333333,1,0.515,0.271770693010028
5,5,0.2,20000,600,"n_expressing",0.964736806556196,0.657725087412587,394,0.635416666666667,1240,0.995833333333333,1,0.515,0.271770693010028
5,5,0.2,20000,600,"Seurat_vst",0.846172175192123,0.833114801864802,48,0.770833333333333,1240,0.995833333333333,1,0.515,0.271770693010028
5,5,0.2,20000,600,"random",0.516952412043708,0.510380244755245,5427,0.0208333333333333,1240,0.995833333333333,1,0.515,0.271770693010028
1,1,0.5,20000,600,"DIFS_stage1",0.946493568383766,0.51538709896683,633,0.385416666666667,1322,1,1,0.581666666666667,0.197073361776871
1,1,0.5,20000,600,"dip_statistic_raw",0.937040330811719,0.429768216421968,729,0.28125,1322,1,1,0.581666666666667,0.197073361776871
1,1,0.5,20000,600,"n_expressing",0.955624568473823,0.598087445622621,524,0.479166666666667,1322,1,1,0.581666666666667,0.197073361776871
1,1,0.5,20000,600,"Seurat_vst",0.824484232408742,0.865144100054377,1552,0.114583333333333,1322,1,1,0.581666666666667,0.197073361776871
1,1,0.5,20000,600,"random",0.453764784462056,0.45173157966286,6308,0.0104166666666667,1322,1,1,0.581666666666667,0.197073361776871
2,1,0.5,20000,600,"DIFS_stage1",0.942849986491354,0.490695224719101,696,0.40625,1342,1,1,0.58,0.193486991444037
2,1,0.5,20000,600,"dip_statistic_raw",0.933196933537464,0.404669943820225,855,0.270833333333333,1342,1,1,0.58,0.193486991444037
2,1,0.5,20000,600,"n_expressing",0.955492765369837,0.603364098448368,520,0.479166666666667,1342,1,1,0.58,0.193486991444037
2,1,0.5,20000,600,"Seurat_vst",0.85079794818684,0.901877675227394,1219,0.21875,1342,1,1,0.58,0.193486991444037
2,1,0.5,20000,600,"random",0.46389157810999,0.455256821829856,5912,0.0208333333333333,1342,1,1,0.58,0.193486991444037
3,1,0.5,20000,600,"DIFS_stage1",0.945804064601345,0.508741496598639,635,0.395833333333333,1321,1,1,0.585,0.185204338536492
3,1,0.5,20000,600,"dip_statistic_raw",0.93271005943804,0.390051020408163,843,0.239583333333333,1321,1,1,0.585,0.185204338536492
3,1,0.5,20000,600,"n_expressing",0.962339960074448,0.658630952380952,408,0.604166666666667,1321,1,1,0.585,0.185204338536492
3,1,0.5,20000,600,"Seurat_vst",0.801860065441883,0.828792517006803,1912,0.114583333333333,1321,1,1,0.585,0.185204338536492
3,1,0.5,20000,600,"random",0.513638103386167,0.504914965986395,5612,0.0729166666666667,1321,1,1,0.585,0.185204338536492
4,1,0.5,20000,600,"DIFS_stage1",0.94039216348463,0.471337526624068,746,0.34375,1348,1,1,0.588333333333333,0.185354691075515
4,1,0.5,20000,600,"dip_statistic_raw",0.930952997418348,0.387621472310969,831,0.239583333333333,1348,1,1,0.588333333333333,0.185354691075515
4,1,0.5,20000,600,"n_expressing",0.958500315201729,0.631938897763578,472,0.520833333333333,1348,1,1,0.588333333333333,0.185354691075515
4,1,0.5,20000,600,"Seurat_vst",0.828459901837176,0.873810236954207,1179,0.125,1348,1,1,0.588333333333333,0.185354691075515
4,1,0.5,20000,600,"random",0.50007504803074,0.512122271033014,6227,0.0416666666666667,1348,1,1,0.588333333333333,0.185354691075515
5,1,0.5,20000,600,"DIFS_stage1",0.944382842519212,0.497499660970979,608,0.375,1325,1,1,0.585,0.194534452616349
5,1,0.5,20000,600,"dip_statistic_raw",0.93433391120317,0.406707689178194,759,0.260416666666667,1325,1,1,0.585,0.194534452616349
5,1,0.5,20000,600,"n_expressing",0.958838031340058,0.62810211554109,447,0.53125,1325,1,1,0.585,0.194534452616349
5,1,0.5,20000,600,"Seurat_vst",0.838497575948607,0.880509221589368,1465,0.177083333333333,1325,1,1,0.585,0.194534452616349
5,1,0.5,20000,600,"random",0.52231740814121,0.516603946297803,5136,0.0729166666666667,1325,1,1,0.585,0.194534452616349
1,2,0.5,20000,600,"DIFS_stage1",0.94307888298511,0.490280577956989,700,0.375,1336,0.999166666666667,1,0.571666666666667,0.275449876214758
1,2,0.5,20000,600,"dip_statistic_raw",0.932477410542747,0.395346102150538,834,0.260416666666667,1336,0.999166666666667,1,0.571666666666667,0.275449876214758
1,2,0.5,20000,600,"n_expressing",0.958782683417387,0.630905577956989,471,0.520833333333333,1336,0.999166666666667,1,0.571666666666667,0.275449876214758
1,2,0.5,20000,600,"Seurat_vst",0.991911698487032,0.999806787634409,79,0.958333333333333,1336,0.999166666666667,1,0.571666666666667,0.275449876214758
1,2,0.5,20000,600,"random",0.550545786803554,0.547849462365591,5122,0.0520833333333333,1336,0.999166666666667,1,0.571666666666667,0.275449876214758
2,2,0.5,20000,600,"DIFS_stage1",0.942297445365034,0.459756183249016,751,0.34375,1282,1,1,0.575,0.226605321902806
2,2,0.5,20000,600,"dip_statistic_raw",0.931742877941883,0.360938378302417,833,0.208333333333333,1282,1,1,0.575,0.226605321902806
2,2,0.5,20000,600,"n_expressing",0.964604534402017,0.668607715008432,436,0.572916666666667,1282,1,1,0.575,0.226605321902806
2,2,0.5,20000,600,"Seurat_vst",0.992949237512008,0.999947301854975,79,0.958333333333333,1282,1,1,0.575,0.226605321902806
2,2,0.5,20000,600,"random",0.487954791066282,0.490408937605396,5592,0.0625,1282,1,1,0.575,0.226605321902806
3,2,0.5,20000,600,"DIFS_stage1",0.940644512487992,0.465896812533766,741,0.322916666666667,1330,1,1,0.568333333333333,0.207870293119751
3,2,0.5,20000,600,"dip_statistic_raw",0.928359149855908,0.355348460291734,914,0.1875,1330,1,1,0.568333333333333,0.207870293119751
3,2,0.5,20000,600,"n_expressing",0.962832931826369,0.665556624797407,398,0.583333333333333,1330,1,1,0.568333333333333,0.207870293119751
3,2,0.5,20000,600,"Seurat_vst",0.988056105907781,0.997703943814155,85,0.927083333333333,1330,1,1,0.568333333333333,0.207870293119751
3,2,0.5,20000,600,"random",0.486330939301153,0.494724135602377,6057,0.0520833333333333,1330,1,1,0.568333333333333,0.207870293119751
4,2,0.5,20000,600,"DIFS_stage1",0.939939060999039,0.469437814903209,781,0.333333333333333,1353,1,1,0.566666666666667,0.195443008767882
4,2,0.5,20000,600,"dip_statistic_raw",0.925810331111912,0.344628414213736,957,0.1875,1353,1,1,0.566666666666667,0.195443008767882
4,2,0.5,20000,600,"n_expressing",0.963282750960615,0.675649695041103,416,0.572916666666667,1353,1,1,0.566666666666667,0.195443008767882
4,2,0.5,20000,600,"Seurat_vst",0.982408741594621,0.996345465393795,113,0.885416666666667,1353,1,1,0.566666666666667,0.195443008767882
4,2,0.5,20000,600,"random",0.465467586755524,0.46522805621851,6094,0.0208333333333333,1353,1,1,0.566666666666667,0.195443008767882
5,2,0.5,20000,600,"DIFS_stage1",0.94046721151537,0.472424514498537,793,0.375,1349,1,1,0.573333333333333,0.205905860601275
5,2,0.5,20000,600,"dip_statistic_raw",0.929507384726225,0.375299281723863,833,0.1875,1349,1,1,0.573333333333333,0.205905860601275
5,2,0.5,20000,600,"n_expressing",0.961115270022815,0.655406191806331,412,0.5625,1349,1,1,0.573333333333333,0.205905860601275
5,2,0.5,20000,600,"Seurat_vst",0.986395668227666,0.994953777600426,67,0.9375,1349,1,1,0.573333333333333,0.205905860601275
5,2,0.5,20000,600,"random",0.492551482949087,0.485875565309923,5625,0.0520833333333333,1349,1,1,0.573333333333333,0.205905860601275
1,3,0.5,20000,600,"DIFS_stage1",0.947572383825648,0.531652252614642,695,0.447916666666667,1339,1,1,0.550833333333333,0.211336109609944
1,3,0.5,20000,600,"dip_statistic_raw",0.937693248679155,0.443399705014749,717,0.3125,1339,1,1,0.550833333333333,0.211336109609944
1,3,0.5,20000,600,"n_expressing",0.960966112061719,0.651301454813623,452,0.552083333333333,1339,1,1,0.550833333333333,0.211336109609944
1,3,0.5,20000,600,"Seurat_vst",0.984404081111912,0.990027487262001,48,0.947916666666667,1339,1,1,0.550833333333333,0.211336109609944
1,3,0.5,20000,600,"random",0.55111052323487,0.554094596406543,4754,0.0208333333333333,1339,1,1,0.550833333333333,0.211336109609944
2,3,0.5,20000,600,"DIFS_stage1",0.952924246517771,0.564029051987768,536,0.447916666666667,1295,1,1,0.5525,0.221048304770853
2,3,0.5,20000,600,"dip_statistic_raw",0.94180400456292,0.461043925493467,695,0.395833333333333,1295,1,1,0.5525,0.221048304770853
2,3,0.5,20000,600,"n_expressing",0.966938997208213,0.693820371142619,319,0.677083333333333,1295,1,1,0.5525,0.221048304770853
2,3,0.5,20000,600,"Seurat_vst",0.981565389349183,0.988801431748679,48,0.927083333333333,1295,1,1,0.5525,0.221048304770853
2,3,0.5,20000,600,"random",0.519054695004803,0.514482554906867,4888,0.0208333333333333,1295,1,1,0.5525,0.221048304770853
3,3,0.5,20000,600,"DIFS_stage1",0.950563985951009,0.547454657873042,591,0.4375,1309,0.999166666666667,1,0.549166666666667,0.295089605734767
3,3,0.5,20000,600,"dip_statistic_raw",0.935103153518252,0.405923674086287,791,0.270833333333333,1309,0.999166666666667,1,0.549166666666667,0.295089605734767
3,3,0.5,20000,600,"n_expressing",0.969263140910183,0.718629774663369,327,0.666666666666667,1309,0.999166666666667,1,0.549166666666667,0.295089605734767
3,3,0.5,20000,600,"Seurat_vst",0.990117112451969,0.99488183566914,48,0.947916666666667,1309,0.999166666666667,1,0.549166666666667,0.295089605734767
3,3,0.5,20000,600,"random",0.513716903818444,0.500128812860676,5649,0.0416666666666667,1309,0.999166666666667,1,0.549166666666667,0.295089605734767
4,3,0.5,20000,600,"DIFS_stage1",0.946433529959174,0.532020390768424,613,0.416666666666667,1367,1,1,0.538333333333333,0.25910353594802
4,3,0.5,20000,600,"dip_statistic_raw",0.932178156520173,0.407479346970889,870,0.270833333333333,1367,1,1,0.538333333333333,0.25910353594802
4,3,0.5,20000,600,"n_expressing",0.966543587896254,0.707710464201416,363,0.635416666666667,1367,1,1,0.538333333333333,0.25910353594802
4,3,0.5,20000,600,"Seurat_vst",0.984044788664745,0.994738394964595,48,0.895833333333333,1367,1,1,0.538333333333333,0.25910353594802
4,3,0.5,20000,600,"random",0.500994386407301,0.4982953055337,5724,0.114583333333333,1367,1,1,0.538333333333333,0.25910353594802
5,3,0.5,20000,600,"DIFS_stage1",0.953994619056196,0.578859233305853,519,0.489583333333333,1309,1,1,0.558333333333333,0.253558480922382
5,3,0.5,20000,600,"dip_statistic_raw",0.943127664205091,0.479381354767793,716,0.354166666666667,1309,1,1,0.558333333333333,0.253558480922382
5,3,0.5,20000,600,"n_expressing",0.959086627941883,0.625472313822479,492,0.520833333333333,1309,1,1,0.558333333333333,0.253558480922382
5,3,0.5,20000,600,"Seurat_vst",0.982981920929395,0.990485023358065,48,0.927083333333333,1309,1,1,0.558333333333333,0.253558480922382
5,3,0.5,20000,600,"random",0.523723620617195,0.526217710909591,5119,0.0208333333333333,1309,1,1,0.558333333333333,0.253558480922382
1,4,0.5,20000,600,"DIFS_stage1",0.970050207132565,0.724014522821577,199,0.645833333333333,1301,1,1,0.513333333333333,0.216169455739756
1,4,0.5,20000,600,"dip_statistic_raw",0.955402707732949,0.589038727524205,482,0.510416666666667,1301,1,1,0.513333333333333,0.216169455739756
1,4,0.5,20000,600,"n_expressing",0.968877112602065,0.713204529737206,340,0.625,1301,1,1,0.513333333333333,0.216169455739756
1,4,0.5,20000,600,"Seurat_vst",0.87470168407781,0.878604771784232,48,0.791666666666667,1301,1,1,0.513333333333333,0.216169455739756
1,4,0.5,20000,600,"random",0.530459181376081,0.54298928077455,4972,0.0416666666666667,1301,1,1,0.513333333333333,0.216169455739756
2,4,0.5,20000,600,"DIFS_stage1",0.976254803073967,0.782453245324532,100,0.75,1308,1,1,0.513333333333333,0.286648871633099
2,4,0.5,20000,600,"dip_statistic_raw",0.964976960254563,0.679128850385038,298,0.614583333333333,1308,1,1,0.513333333333333,0.286648871633099
2,4,0.5,20000,600,"n_expressing",0.966203057456772,0.690362004950495,361,0.614583333333333,1308,1,1,0.513333333333333,0.286648871633099
2,4,0.5,20000,600,"Seurat_vst",0.837284612151777,0.835430418041804,48,0.770833333333333,1308,1,1,0.513333333333333,0.286648871633099
2,4,0.5,20000,600,"random",0.506062004682997,0.499200701320132,5364,0.0520833333333333,1308,1,1,0.513333333333333,0.286648871633099
3,4,0.5,20000,600,"DIFS_stage1",0.972435796409702,0.740396169069833,107,0.677083333333333,1275,0.999166666666667,1,0.518333333333333,0.265400814181302
3,4,0.5,20000,600,"dip_statistic_raw",0.963583881183958,0.657027495052304,342,0.604166666666667,1275,0.999166666666667,1,0.518333333333333,0.265400814181302
3,4,0.5,20000,600,"n_expressing",0.964504157660903,0.665694797851286,392,0.645833333333333,1275,0.999166666666667,1,0.518333333333333,0.265400814181302
3,4,0.5,20000,600,"Seurat_vst",0.865720310999039,0.862604255018377,48,0.822916666666667,1275,0.999166666666667,1,0.518333333333333,0.265400814181302
3,4,0.5,20000,600,"random",0.475981815862152,0.48425572519084,5748,0.03125,1275,0.999166666666667,1,0.518333333333333,0.265400814181302
4,4,0.5,20000,600,"DIFS_stage1",0.978010926993276,0.794125913434514,64,0.760416666666667,1282,1,1,0.515,0.298343685300207
4,4,0.5,20000,600,"dip_statistic_raw",0.965072646493756,0.672990444069702,247,0.625,1282,1,1,0.515,0.298343685300207
4,4,0.5,20000,600,"n_expressing",0.971385123979347,0.732091413715571,293,0.71875,1282,1,1,0.515,0.298343685300207
4,4,0.5,20000,600,"Seurat_vst",0.875940914685399,0.876220840359753,48,0.802083333333333,1282,1,1,0.515,0.298343685300207
4,4,0.5,20000,600,"random",0.507027309978386,0.497022554806071,5136,0.03125,1282,1,1,0.515,0.298343685300207
5,4,0.5,20000,600,"DIFS_stage1",0.97049768101585,0.729261363636364,203,0.6875,1306,1,1,0.516666666666667,0.224615817455082
5,4,0.5,20000,600,"dip_statistic_raw",0.957894302353506,0.613601928374656,463,0.541666666666667,1306,1,1,0.516666666666667,0.224615817455082
5,4,0.5,20000,600,"n_expressing",0.965420212686119,0.682666150137741,364,0.625,1306,1,1,0.516666666666667,0.224615817455082
5,4,0.5,20000,600,"Seurat_vst",0.873666959353987,0.876429063360882,48,0.802083333333333,1306,1,1,0.516666666666667,0.224615817455082
5,4,0.5,20000,600,"random",0.475361731508165,0.478865358126722,5413,0,1306,1,1,0.516666666666667,0.224615817455082
1,5,0.5,20000,600,"DIFS_stage1",0.98461796799952,0.851991262276141,51,0.854166666666667,1250,1,1,0.438333333333333,0.243799959007993
1,5,0.5,20000,600,"dip_statistic_raw",0.975085929995197,0.760272241478914,167,0.708333333333333,1250,1,1,0.438333333333333,0.243799959007993
1,5,0.5,20000,600,"n_expressing",0.968628046950048,0.698133304448296,333,0.65625,1250,1,1,0.438333333333333,0.243799959007993
1,5,0.5,20000,600,"Seurat_vst",0.838237722142171,0.8236568457539,48,0.770833333333333,1250,1,1,0.438333333333333,0.243799959007993
1,5,0.5,20000,600,"random",0.522042544728626,0.527296360485269,5480,0.0520833333333333,1250,1,1,0.438333333333333,0.243799959007993
2,5,0.5,20000,600,"DIFS_stage1",0.984773692663305,0.854873032904149,48,0.8125,1261,0.9975,1,0.441666666666667,0.290949060036386
2,5,0.5,20000,600,"dip_statistic_raw",0.977971526777137,0.790039341917024,95,0.760416666666667,1261,0.9975,1,0.441666666666667,0.290949060036386
2,5,0.5,20000,600,"n_expressing",0.969270176663064,0.707103898426323,308,0.708333333333333,1261,0.9975,1,0.441666666666667,0.290949060036386
2,5,0.5,20000,600,"Seurat_vst",0.838485380643612,0.827619814020029,48,0.760416666666667,1261,0.9975,1,0.441666666666667,0.290949060036386
2,5,0.5,20000,600,"random",0.529038897394332,0.514082618025751,5544,0.0625,1261,0.9975,1,0.441666666666667,0.290949060036386
3,5,0.5,20000,600,"DIFS_stage1",0.990846016450528,0.91229867702042,48,0.895833333333333,1255,0.995833333333333,1,0.413333333333333,0.330761092326929
3,5,0.5,20000,600,"dip_statistic_raw",0.982668595401057,0.833953480011504,88,0.84375,1255,0.995833333333333,1,0.413333333333333,0.330761092326929
3,5,0.5,20000,600,"n_expressing",0.972402493846061,0.735597318090308,289,0.708333333333333,1255,0.995833333333333,1,0.413333333333333,0.330761092326929
3,5,0.5,20000,600,"Seurat_vst",0.801267185999039,0.785546088582111,48,0.708333333333333,1255,0.995833333333333,1,0.413333333333333,0.330761092326929
3,5,0.5,20000,600,"random",0.509534852305475,0.506174503882658,5624,0.0625,1255,0.995833333333333,1,0.413333333333333,0.330761092326929
4,5,0.5,20000,600,"DIFS_stage1",0.991500810518732,0.918991416309013,48,0.90625,1261,0.995,1,0.408333333333333,0.332121212121212
4,5,0.5,20000,600,"dip_statistic_raw",0.984218337235831,0.849579756795422,87,0.84375,1261,0.995,1,0.408333333333333,0.332121212121212
4,5,0.5,20000,600,"n_expressing",0.968341926332853,0.69825643776824,354,0.645833333333333,1261,0.995,1,0.408333333333333,0.332121212121212
4,5,0.5,20000,600,"Seurat_vst",0.785367322586455,0.762187052932761,48,0.708333333333333,1261,0.995,1,0.408333333333333,0.332121212121212
4,5,0.5,20000,600,"random",0.496444599543708,0.481652360515021,5288,0.0625,1261,0.995,1,0.408333333333333,0.332121212121212
5,5,0.5,20000,600,"DIFS_stage1",0.989804725024015,0.903405858930603,48,0.895833333333333,1268,0.999166666666667,1,0.445,0.330002062512891
5,5,0.5,20000,600,"dip_statistic_raw",0.982078530259366,0.830204778156997,102,0.802083333333333,1268,0.999166666666667,1,0.445,0.330002062512891
5,5,0.5,20000,600,"n_expressing",0.966120973673151,0.679016460466439,323,0.65625,1268,0.999166666666667,1,0.445,0.330002062512891
5,5,0.5,20000,600,"Seurat_vst",0.790401169248319,0.768122511376564,48,0.71875,1268,0.999166666666667,1,0.445,0.330002062512891
5,5,0.5,20000,600,"random",0.502552571145533,0.503644055745165,5838,0.0416666666666667,1268,0.999166666666667,1,0.445,0.330002062512891
1,1,0.2,5000,1200,"DIFS_stage1",0.939678269092219,0.479959239130435,735,0.34375,1384,1,1,0.43375,0.206487941463113
1,1,0.2,5000,1200,"dip_statistic_raw",0.926442610770893,0.365853066770186,897,0.229166666666667,1384,1,1,0.43375,0.206487941463113
1,1,0.2,5000,1200,"n_expressing",0.962399998499039,0.675845949792961,382,0.5625,1384,1,1,0.43375,0.206487941463113
1,1,0.2,5000,1200,"Seurat_vst",0.895378354646974,0.92189117494824,929,0.0833333333333333,1384,1,1,0.43375,0.206487941463113
1,1,0.2,5000,1200,"random",0.492977380523535,0.505329645445135,5737,0.0416666666666667,1384,1,1,0.43375,0.206487941463113
2,1,0.2,5000,1200,"DIFS_stage1",0.941417507204611,0.494560994560995,673,0.354166666666667,1383,1,1,0.4325,0.212169258603685
2,1,0.2,5000,1200,"dip_statistic_raw",0.925964179574928,0.361232517482518,909,0.25,1383,1,1,0.4325,0.212169258603685
2,1,0.2,5000,1200,"n_expressing",0.962419229556916,0.675760003885004,390,0.572916666666667,1383,1,1,0.4325,0.212169258603685
2,1,0.2,5000,1200,"Seurat_vst",0.902173015730067,0.926395363895364,906,0.0833333333333333,1383,1,1,0.4325,0.212169258603685
2,1,0.2,5000,1200,"random",0.457750772994717,0.450110075110075,6471,0.0833333333333333,1383,1,1,0.4325,0.212169258603685
3,1,0.2,5000,1200,"DIFS_stage1",0.941526326849183,0.500928772738919,694,0.34375,1397,1,1,0.434166666666667,0.208917784576763
3,1,0.2,5000,1200,"dip_statistic_raw",0.929123701669068,0.395072700486805,822,0.15625,1397,1,1,0.434166666666667,0.208917784576763
3,1,0.2,5000,1200,"n_expressing",0.957545329010567,0.637650525236997,504,0.489583333333333,1397,1,1,0.434166666666667,0.208917784576763
3,1,0.2,5000,1200,"Seurat_vst",0.892832350204131,0.899212144504227,838,0.114583333333333,1397,1,1,0.434166666666667,0.208917784576763
3,1,0.2,5000,1200,"random",0.46292158231268,0.473321803740712,5839,0.0416666666666667,1397,1,1,0.434166666666667,0.208917784576763
4,1,0.2,5000,1200,"DIFS_stage1",0.944668963136407,0.515460699263933,643,0.395833333333333,1364,1,1,0.43125,0.201504270186335
4,1,0.2,5000,1200,"dip_statistic_raw",0.933412696625841,0.416888472660358,760,0.260416666666667,1364,1,1,0.43125,0.201504270186335
4,1,0.2,5000,1200,"n_expressing",0.956058908951729,0.615203568611987,422,0.520833333333333,1364,1,1,0.43125,0.201504270186335
4,1,0.2,5000,1200,"Seurat_vst",0.896878377161383,0.915360475814932,927,0.09375,1364,1,1,0.43125,0.201504270186335
4,1,0.2,5000,1200,"random",0.504487872238232,0.499227786540484,5467,0.0833333333333333,1364,1,1,0.43125,0.201504270186335
5,1,0.2,5000,1200,"DIFS_stage1",0.940870594680596,0.493385095164609,654,0.354166666666667,1392,1,1,0.432916666666667,0.19927797833935
5,1,0.2,5000,1200,"dip_statistic_raw",0.92324931706292,0.342407728909465,973,0.145833333333333,1392,1,1,0.432916666666667,0.19927797833935
5,1,0.2,5000,1200,"n_expressing",0.963809963376561,0.689927340534979,385,0.604166666666667,1392,1,1,0.432916666666667,0.19927797833935
5,1,0.2,5000,1200,"Seurat_vst",0.909556803854467,0.938263567386831,876,0.135416666666667,1392,1,1,0.432916666666667,0.19927797833935
5,1,0.2,5000,1200,"random",0.486898490033622,0.487284593621399,5610,0.0208333333333333,1392,1,1,0.432916666666667,0.19927797833935
1,2,0.2,5000,1200,"DIFS_stage1",0.941880928794428,0.496995972979995,629,0.322916666666667,1379,1,1,0.4225,0.313247684215426
1,2,0.2,5000,1200,"dip_statistic_raw",0.927385401657061,0.371541309431021,866,0.15625,1379,1,1,0.4225,0.313247684215426
1,2,0.2,5000,1200,"n_expressing",0.963057137818204,0.680270037672123,405,0.604166666666667,1379,1,1,0.4225,0.313247684215426
1,2,0.2,5000,1200,"Seurat_vst",0.995417379622959,0.999764549233567,61,0.96875,1379,1,1,0.4225,0.313247684215426
1,2,0.2,5000,1200,"random",0.491214689901537,0.474092296700442,5330,0.0208333333333333,1379,1,1,0.4225,0.313247684215426
2,2,0.2,5000,1200,"DIFS_stage1",0.942313393071566,0.490817103868574,694,0.364583333333333,1354,1,1,0.429166666666667,0.240573620752649
2,2,0.2,5000,1200,"dip_statistic_raw",0.926948246878002,0.35519342872284,870,0.145833333333333,1354,1,1,0.429166666666667,0.240573620752649
2,2,0.2,5000,1200,"n_expressing",0.967738727785783,0.715239136195019,317,0.614583333333333,1354,1,1,0.429166666666667,0.240573620752649
2,2,0.2,5000,1200,"Seurat_vst",0.995512127761768,0.999983439321675,68,0.989583333333333,1354,1,1,0.429166666666667,0.240573620752649
2,2,0.2,5000,1200,"random",0.523874654779059,0.521537162162162,4635,0.0416666666666667,1354,1,1,0.429166666666667,0.240573620752649
3,2,0.2,5000,1200,"DIFS_stage1",0.942360298090778,0.499193075117371,694,0.375,1374,1,1,0.41375,0.269038404669761
3,2,0.2,5000,1200,"dip_statistic_raw",0.927225924591739,0.367696922274387,946,0.21875,1374,1,1,0.41375,0.269038404669761
3,2,0.2,5000,1200,"n_expressing",0.961946896013449,0.669372717788211,393,0.552083333333333,1374,1,1,0.41375,0.269038404669761
3,2,0.2,5000,1200,"Seurat_vst",0.996397694524496,0.999967396974439,55,0.979166666666667,1374,1,1,0.41375,0.269038404669761
3,2,0.2,5000,1200,"random",0.528188978446206,0.52236567553469,5504,0.0625,1374,1,1,0.41375,0.269038404669761
4,2,0.2,5000,1200,"DIFS_stage1",0.938132279658982,0.456503823839662,754,0.260416666666667,1360,1,1,0.426666666666667,0.247566823819834
4,2,0.2,5000,1200,"dip_statistic_raw",0.923988540165706,0.332253757911392,930,0.166666666666667,1360,1,1,0.426666666666667,0.247566823819834
4,2,0.2,5000,1200,"n_expressing",0.966394898985351,0.704785568301688,308,0.625,1360,1,1,0.426666666666667,0.247566823819834
4,2,0.2,5000,1200,"Seurat_vst",0.993638741294428,0.999909348628692,71,0.979166666666667,1360,1,1,0.426666666666667,0.247566823819834
4,2,0.2,5000,1200,"random",0.494220363532661,0.505430841244726,5787,0.0208333333333333,1360,1,1,0.426666666666667,0.247566823819834
5,2,0.2,5000,1200,"DIFS_stage1",0.936276717098943,0.44064558629776,729,0.3125,1361,1,1,0.4325,0.210814521180296
5,2,0.2,5000,1200,"dip_statistic_raw",0.921778375660423,0.313381093544137,1027,0.114583333333333,1361,1,1,0.4325,0.210814521180296
5,2,0.2,5000,1200,"n_expressing",0.967101288574688,0.711219532279315,296,0.635416666666667,1361,1,1,0.4325,0.210814521180296
5,2,0.2,5000,1200,"Seurat_vst",0.996708205751681,1,60,1,1361,1,1,0.4325,0.210814521180296
5,2,0.2,5000,1200,"random",0.513941109810279,0.505615942028986,5154,0.03125,1361,1,1,0.4325,0.210814521180296
1,3,0.2,5000,1200,"DIFS_stage1",0.978837393431796,0.812906382696391,55,0.770833333333333,1352,1,1,0.401666666666667,0.309830863594166
1,3,0.2,5000,1200,"dip_statistic_raw",0.964741497058117,0.688287884819533,323,0.65625,1352,1,1,0.401666666666667,0.309830863594166
1,3,0.2,5000,1200,"n_expressing",0.970281448877281,0.737265293259023,275,0.666666666666667,1352,1,1,0.401666666666667,0.309830863594166
1,3,0.2,5000,1200,"Seurat_vst",0.987624579731028,0.99379644373673,48,0.864583333333333,1352,1,1,0.401666666666667,0.309830863594166
1,3,0.2,5000,1200,"random",0.53297329040586,0.537984341825902,4740,0.0520833333333333,1352,1,1,0.401666666666667,0.309830863594166
2,3,0.2,5000,1200,"DIFS_stage1",0.967292192002882,0.705921052631579,246,0.604166666666667,1331,1,1,0.405833333333333,0.267037029077389
2,3,0.2,5000,1200,"dip_statistic_raw",0.956275141090298,0.606865721997301,479,0.5,1331,1,1,0.405833333333333,0.267037029077389
2,3,0.2,5000,1200,"n_expressing",0.966816575108069,0.701644736842105,321,0.666666666666667,1331,1,1,0.405833333333333,0.267037029077389
2,3,0.2,5000,1200,"Seurat_vst",0.990578657841018,0.994745276653171,48,0.90625,1331,1,1,0.405833333333333,0.267037029077389
2,3,0.2,5000,1200,"random",0.477092526717099,0.488765182186235,5456,0.0208333333333333,1331,1,1,0.405833333333333,0.267037029077389
3,3,0.2,5000,1200,"DIFS_stage1",0.971568991654659,0.750238989978903,132,0.666666666666667,1360,1,1,0.397083333333333,0.287260328676254
3,3,0.2,5000,1200,"dip_statistic_raw",0.953787298871278,0.594030195147679,491,0.5,1360,1,1,0.397083333333333,0.287260328676254
3,3,0.2,5000,1200,"n_expressing",0.970481733309318,0.74068763185654,252,0.666666666666667,1360,1,1,0.397083333333333,0.287260328676254
3,3,0.2,5000,1200,"Seurat_vst",0.977791411503362,0.982586695675105,48,0.833333333333333,1360,1,1,0.397083333333333,0.287260328676254
3,3,0.2,5000,1200,"random",0.495538394572526,0.496184401371308,5617,0.0520833333333333,1360,1,1,0.397083333333333,0.287260328676254
4,3,0.2,5000,1200,"DIFS_stage1",0.98135244056196,0.829297197032152,62,0.791666666666667,1309,1,1,0.410833333333333,0.280675912912567
4,3,0.2,5000,1200,"dip_statistic_raw",0.968810976524976,0.714490588073647,267,0.65625,1309,1,1,0.410833333333333,0.280675912912567
4,3,0.2,5000,1200,"n_expressing",0.969453575288184,0.720373042044518,318,0.6875,1309,1,1,0.410833333333333,0.280675912912567
4,3,0.2,5000,1200,"Seurat_vst",0.993790713556676,0.996917078867821,48,0.9375,1309,1,1,0.410833333333333,0.280675912912567
4,3,0.2,5000,1200,"random",0.498776717098943,0.500704176971696,5149,0.0208333333333333,1309,1,1,0.410833333333333,0.280675912912567
5,3,0.2,5000,1200,"DIFS_stage1",0.977170389048991,0.794736842105263,56,0.729166666666667,1331,1,1,0.4075,0.337465824126772
5,3,0.2,5000,1200,"dip_statistic_raw",0.963215207732949,0.669264507422402,289,0.635416666666667,1331,1,1,0.4075,0.337465824126772
5,3,0.2,5000,1200,"n_expressing",0.970155743425792,0.731667510121457,305,0.6875,1331,1,1,0.4075,0.337465824126772
5,3,0.2,5000,1200,"Seurat_vst",0.993349806376081,0.995833333333333,48,0.916666666666667,1331,1,1,0.4075,0.337465824126772
5,3,0.2,5000,1200,"random",0.421435969020173,0.420015182186235,7226,0.0416666666666667,1331,1,1,0.4075,0.337465824126772
1,4,0.2,5000,1200,"DIFS_stage1",0.998609735230548,0.987199419568823,48,0.989583333333333,1302,0.999166666666667,1,0.377083333333333,0.370584295744984
1,4,0.2,5000,1200,"dip_statistic_raw",0.993478326128722,0.939953012714207,70,0.947916666666667,1302,0.999166666666667,1,0.377083333333333,0.370584295744984
1,4,0.2,5000,1200,"n_expressing",0.970237358159222,0.725966521558872,297,0.708333333333333,1302,0.999166666666667,1,0.377083333333333,0.370584295744984
1,4,0.2,5000,1200,"Seurat_vst",0.872987774675792,0.830975331674959,48,0.729166666666667,1302,0.999166666666667,1,0.377083333333333,0.370584295744984
1,4,0.2,5000,1200,"random",0.440494416426513,0.436886746821448,6144,0.0208333333333333,1302,0.999166666666667,1,0.377083333333333,0.370584295744984
2,4,0.2,5000,1200,"DIFS_stage1",0.991812259846302,0.92566094303625,48,0.885416666666667,1319,1,1,0.365,0.339919621258867
2,4,0.2,5000,1200,"dip_statistic_raw",0.987009185878963,0.882052330335241,70,0.864583333333333,1319,1,1,0.365,0.339919621258867
2,4,0.2,5000,1200,"n_expressing",0.973124362091739,0.75598766693922,269,0.708333333333333,1319,1,1,0.365,0.339919621258867
2,4,0.2,5000,1200,"Seurat_vst",0.882693361251201,0.848025688198419,48,0.78125,1319,1,1,0.365,0.339919621258867
2,4,0.2,5000,1200,"random",0.547562627581652,0.546930362496593,4907,0.0208333333333333,1319,1,1,0.365,0.339919621258867
3,4,0.2,5000,1200,"DIFS_stage1",0.996009320965418,0.964379019292605,48,0.979166666666667,1340,1,1,0.37375,0.325324180015256
3,4,0.2,5000,1200,"dip_statistic_raw",0.98663957432757,0.880744239013934,80,0.864583333333333,1340,1,1,0.37375,0.325324180015256
3,4,0.2,5000,1200,"n_expressing",0.971931098402978,0.74945572079314,286,0.729166666666667,1340,1,1,0.37375,0.325324180015256
3,4,0.2,5000,1200,"Seurat_vst",0.909067115453891,0.885182207931404,48,0.791666666666667,1340,1,1,0.37375,0.325324180015256
3,4,0.2,5000,1200,"random",0.568733677053314,0.559502277599143,4945,0.0833333333333333,1340,1,1,0.37375,0.325324180015256
4,4,0.2,5000,1200,"DIFS_stage1",0.993862009185879,0.944678368506494,48,0.9375,1328,1,1,0.3625,0.334362139917695
4,4,0.2,5000,1200,"dip_statistic_raw",0.986261519872719,0.876175257034632,75,0.864583333333333,1328,1,1,0.3625,0.334362139917695
4,4,0.2,5000,1200,"n_expressing",0.971514581832373,0.743261295995671,265,0.697916666666667,1328,1,1,0.3625,0.334362139917695
4,4,0.2,5000,1200,"Seurat_vst",0.882243073066763,0.841382575757576,48,0.791666666666667,1328,1,1,0.3625,0.334362139917695
4,4,0.2,5000,1200,"random",0.52555854496878,0.530717329545455,5140,0.0729166666666667,1328,1,1,0.3625,0.334362139917695
5,4,0.2,5000,1200,"DIFS_stage1",0.990701548991354,0.914315352697095,48,0.875,1301,1,1,0.369166666666667,0.344472773629576
5,4,0.2,5000,1200,"dip_statistic_raw",0.984931293527858,0.861142807745505,77,0.854166666666667,1301,1,1,0.369166666666667,0.344472773629576
5,4,0.2,5000,1200,"n_expressing",0.974350459293948,0.763641078838174,247,0.708333333333333,1301,1,1,0.369166666666667,0.344472773629576
5,4,0.2,5000,1200,"Seurat_vst",0.888094943263689,0.848054979253112,48,0.822916666666667,1301,1,1,0.369166666666667,0.344472773629576
5,4,0.2,5000,1200,"random",0.508852853326129,0.500103734439834,5702,0.0729166666666667,1301,1,1,0.369166666666667,0.344472773629576
1,5,0.2,5000,1200,"DIFS_stage1",0.999045013808838,0.990913310482719,48,0.989583333333333,1263,0.999166666666667,1,0.323333333333333,0.385611154589449
1,5,0.2,5000,1200,"dip_statistic_raw",0.994100286683477,0.943864253070551,48,0.958333333333333,1263,0.999166666666667,1,0.323333333333333,0.385611154589449
1,5,0.2,5000,1200,"n_expressing",0.969387908261287,0.708726078263353,314,0.666666666666667,1263,0.999166666666667,1,0.323333333333333,0.385611154589449
1,5,0.2,5000,1200,"Seurat_vst",0.854807389229107,0.779893244787204,48,0.6875,1263,0.999166666666667,1,0.323333333333333,0.385611154589449
1,5,0.2,5000,1200,"random",0.467703079971182,0.471606326763782,6082,0.0208333333333333,1263,0.999166666666667,1,0.323333333333333,0.385611154589449
2,5,0.2,5000,1200,"DIFS_stage1",0.999810503722382,0.9982000285144,48,1,1265,1,1,0.324166666666667,0.316133720930233
2,5,0.2,5000,1200,"dip_statistic_raw",0.996757925072046,0.969204448246364,51,0.989583333333333,1265,1,1,0.324166666666667,0.316133720930233
2,5,0.2,5000,1200,"n_expressing",0.972334481568204,0.737213073852295,305,0.729166666666667,1265,1,1,0.324166666666667,0.316133720930233
2,5,0.2,5000,1200,"Seurat_vst",0.864261564901537,0.791835970915312,48,0.760416666666667,1265,1,1,0.324166666666667,0.316133720930233
2,5,0.2,5000,1200,"random",0.494509298451009,0.487150698602794,5653,0.0520833333333333,1265,1,1,0.324166666666667,0.316133720930233
3,5,0.2,5000,1200,"DIFS_stage1",0.999673541066282,0.996922750424448,48,1,1274,0.999166666666667,1,0.31375,0.355226372847908
3,5,0.2,5000,1200,"dip_statistic_raw",0.996401446926033,0.966079513299377,48,0.96875,1274,0.999166666666667,1,0.31375,0.355226372847908
3,5,0.2,5000,1200,"n_expressing",0.973909552113353,0.754067628749293,266,0.739583333333333,1274,0.999166666666667,1,0.31375,0.355226372847908
3,5,0.2,5000,1200,"Seurat_vst",0.855387135266571,0.77600629598189,48,0.708333333333333,1274,0.999166666666667,1,0.31375,0.355226372847908
3,5,0.2,5000,1200,"random",0.492208138208453,0.483526103565365,5892,0.0520833333333333,1274,0.999166666666667,1,0.31375,0.355226372847908
4,5,0.2,5000,1200,"DIFS_stage1",0.999960599783862,0.999621539792388,48,1,1252,0.998333333333333,1,0.293333333333333,0.412032178530788
4,5,0.2,5000,1200,"dip_statistic_raw",0.997246675372238,0.973552840253749,48,0.979166666666667,1252,0.998333333333333,1,0.293333333333333,0.412032178530788
4,5,0.2,5000,1200,"n_expressing",0.97643867074928,0.773680795847751,217,0.770833333333333,1252,0.998333333333333,1,0.293333333333333,0.412032178530788
4,5,0.2,5000,1200,"Seurat_vst",0.817405326909222,0.713802984429066,48,0.635416666666667,1252,0.998333333333333,1,0.293333333333333,0.412032178530788
4,5,0.2,5000,1200,"random",0.486864718419789,0.487393670703576,5632,0.0104166666666667,1252,0.998333333333333,1,0.293333333333333,0.412032178530788
5,5,0.2,5000,1200,"DIFS_stage1",0.99971950798511,0.997296368634259,48,1,1248,0.998333333333333,1,0.33125,0.330210107893242
5,5,0.2,5000,1200,"dip_statistic_raw",0.995732581352065,0.958866825810185,49,0.979166666666667,1248,0.998333333333333,1,0.33125,0.330210107893242
5,5,0.2,5000,1200,"n_expressing",0.970757065772094,0.71813060619213,310,0.666666666666667,1248,0.998333333333333,1,0.33125,0.330210107893242
5,5,0.2,5000,1200,"Seurat_vst",0.866717511707493,0.781711154513889,48,0.708333333333333,1248,0.998333333333333,1,0.33125,0.330210107893242
5,5,0.2,5000,1200,"random",0.493193143611912,0.505768952546296,5766,0.0625,1248,0.998333333333333,1,0.33125,0.330210107893242
1,1,0.5,5000,1200,"DIFS_stage1",0.938922160182517,0.470563361956805,737,0.34375,1377,1,1,0.38875,0.200230957961539
1,1,0.5,5000,1200,"dip_statistic_raw",0.928239073006724,0.377959927140255,868,0.208333333333333,1377,1,1,0.38875,0.200230957961539
1,1,0.5,5000,1200,"n_expressing",0.957209020022815,0.629078031485818,407,0.541666666666667,1377,1,1,0.38875,0.200230957961539
1,1,0.5,5000,1200,"Seurat_vst",0.865096474243516,0.843855711683581,1166,0.114583333333333,1377,1,1,0.38875,0.200230957961539
1,1,0.5,5000,1200,"random",0.461649518191643,0.464025500910747,6126,0.0416666666666667,1377,1,1,0.38875,0.200230957961539
2,1,0.5,5000,1200,"DIFS_stage1",0.943377198907301,0.515235479311231,621,0.395833333333333,1393,1,1,0.394166666666667,0.208293413173653
2,1,0.5,5000,1200,"dip_statistic_raw",0.924800935098463,0.356198599331791,912,0.208333333333333,1393,1,1,0.394166666666667,0.208293413173653
2,1,0.5,5000,1200,"n_expressing",0.964123288904899,0.692848882035466,398,0.614583333333333,1393,1,1,0.394166666666667,0.208293413173653
2,1,0.5,5000,1200,"Seurat_vst",0.856406850384246,0.846954510408635,1169,0.0833333333333333,1393,1,1,0.394166666666667,0.208293413173653
2,1,0.5,5000,1200,"random",0.532496735410663,0.528752248779234,4504,0.0520833333333333,1393,1,1,0.394166666666667,0.208293413173653
3,1,0.5,5000,1200,"DIFS_stage1",0.937912764169068,0.462233489339574,742,0.333333333333333,1378,1,1,0.39,0.20434064618178
3,1,0.5,5000,1200,"dip_statistic_raw",0.926181818864073,0.360626300052002,921,0.208333333333333,1378,1,1,0.39,0.20434064618178
3,1,0.5,5000,1200,"n_expressing",0.959582413994957,0.649924434477379,443,0.552083333333333,1378,1,1,0.39,0.20434064618178
3,1,0.5,5000,1200,"Seurat_vst",0.883655852245437,0.888707423296932,1034,0.09375,1378,1,1,0.39,0.20434064618178
3,1,0.5,5000,1200,"random",0.517109074807877,0.516778796151846,4939,0.0520833333333333,1378,1,1,0.39,0.20434064618178
4,1,0.5,5000,1200,"DIFS_stage1",0.939739245617195,0.489209605597964,710,0.385416666666667,1406,1,1,0.391666666666667,0.208507625896532
4,1,0.5,5000,1200,"dip_statistic_raw",0.923438813340538,0.351041666666667,958,0.15625,1406,1,1,0.391666666666667,0.208507625896532
4,1,0.5,5000,1200,"n_expressing",0.961361521373679,0.67248727735369,434,0.541666666666667,1406,1,1,0.391666666666667,0.208507625896532
4,1,0.5,5000,1200,"Seurat_vst",0.868888275996638,0.853784987277354,1033,0.0833333333333333,1406,1,1,0.391666666666667,0.208507625896532
4,1,0.5,5000,1200,"random",0.525615769092219,0.542104007633588,5556,0.0416666666666667,1406,1,1,0.391666666666667,0.208507625896532
5,1,0.5,5000,1200,"DIFS_stage1",0.942217706832373,0.491589078182779,684,0.364583333333333,1358,1,1,0.395833333333333,0.250730994152047
5,1,0.5,5000,1200,"dip_statistic_raw",0.930348860770893,0.387158280507132,870,0.21875,1358,1,1,0.395833333333333,0.250730994152047
5,1,0.5,5000,1200,"n_expressing",0.956682276657061,0.618858954041204,503,0.479166666666667,1358,1,1,0.395833333333333,0.250730994152047
5,1,0.5,5000,1200,"Seurat_vst",0.88007512307877,0.869973256735341,958,0.177083333333333,1358,1,1,0.395833333333333,0.250730994152047
5,1,0.5,5000,1200,"random",0.514907353206052,0.50710677496038,5472,0.0625,1358,1,1,0.395833333333333,0.250730994152047
1,2,0.5,5000,1200,"DIFS_stage1",0.939462506003843,0.469448829255459,692,0.3125,1363,1,1,0.385416666666667,0.261120401337793
1,2,0.5,5000,1200,"dip_statistic_raw",0.922878767411143,0.324108787161273,942,0.145833333333333,1363,1,1,0.385416666666667,0.261120401337793
1,2,0.5,5000,1200,"n_expressing",0.967385532991114,0.714166502236254,272,0.614583333333333,1363,1,1,0.385416666666667,0.261120401337793
1,2,0.5,5000,1200,"Seurat_vst",0.986199605247358,0.994499802683504,104,0.90625,1363,1,1,0.385416666666667,0.261120401337793
1,2,0.5,5000,1200,"random",0.511192475684438,0.507226716653512,5441,0.0625,1363,1,1,0.385416666666667,0.261120401337793
2,2,0.5,5000,1200,"DIFS_stage1",0.934848928314121,0.425387212073074,796,0.28125,1355,1,1,0.396666666666667,0.211519649181987
2,2,0.5,5000,1200,"dip_statistic_raw",0.920613254983189,0.299832870002648,1031,0.135416666666667,1355,1,1,0.396666666666667,0.211519649181987
2,2,0.5,5000,1200,"n_expressing",0.967821749669789,0.716197544347366,264,0.625,1355,1,1,0.396666666666667,0.211519649181987
2,2,0.5,5000,1200,"Seurat_vst",0.9896865243756,0.9997435133704,84,0.885416666666667,1355,1,1,0.396666666666667,0.211519649181987
2,2,0.5,5000,1200,"random",0.494721309137848,0.504260987556262,5615,0.0625,1355,1,1,0.396666666666667,0.211519649181987
3,2,0.5,5000,1200,"DIFS_stage1",0.934475564361191,0.421174754706974,856,0.291666666666667,1353,1,1,0.391666666666667,0.243320018213428
3,2,0.5,5000,1200,"dip_statistic_raw",0.921101067182997,0.303028042959427,1041,0.1875,1353,1,1,0.391666666666667,0.243320018213428
3,2,0.5,5000,1200,"n_expressing",0.967522964697406,0.713106603023071,304,0.677083333333333,1353,1,1,0.391666666666667,0.243320018213428
3,2,0.5,5000,1200,"Seurat_vst",0.992611521373679,0.999560792893132,79,0.947916666666667,1353,1,1,0.391666666666667,0.243320018213428
3,2,0.5,5000,1200,"random",0.541343960134486,0.542561654733492,4713,0.0833333333333333,1353,1,1,0.391666666666667,0.243320018213428
4,2,0.5,5000,1200,"DIFS_stage1",0.946460734870317,0.520950846091861,608,0.385416666666667,1337,1,1,0.388333333333333,0.336072358778063
4,2,0.5,5000,1200,"dip_statistic_raw",0.927330991834774,0.349785119527263,884,0.166666666666667,1337,1,1,0.388333333333333,0.336072358778063
4,2,0.5,5000,1200,"n_expressing",0.966712445965418,0.702155519742143,363,0.677083333333333,1337,1,1,0.388333333333333,0.336072358778063
4,2,0.5,5000,1200,"Seurat_vst",0.98612268101585,0.998749328498523,83,0.833333333333333,1337,1,1,0.388333333333333,0.336072358778063
4,2,0.5,5000,1200,"random",0.490986731508165,0.485067485898469,5783,0.104166666666667,1337,1,1,0.388333333333333,0.336072358778063
5,2,0.5,5000,1200,"DIFS_stage1",0.937030011707493,0.445504559873117,818,0.270833333333333,1357,1,1,0.385416666666667,0.235823773413701
5,2,0.5,5000,1200,"dip_statistic_raw",0.919844012668108,0.29416964049696,943,0.0729166666666667,1357,1,1,0.385416666666667,0.235823773413701
5,2,0.5,5000,1200,"n_expressing",0.970231729556916,0.737869250594766,287,0.666666666666667,1357,1,1,0.385416666666667,0.235823773413701
5,2,0.5,5000,1200,"Seurat_vst",0.989715605487512,0.999000462595823,82,0.9375,1357,1,1,0.385416666666667,0.235823773413701
5,2,0.5,5000,1200,"random",0.501212025696446,0.498248744382765,5481,0.0416666666666667,1357,1,1,0.385416666666667,0.235823773413701
1,3,0.5,5000,1200,"DIFS_stage1",0.947685893972142,0.523074028461959,624,0.364583333333333,1314,1,1,0.371666666666667,0.303907721280603
1,3,0.5,5000,1200,"dip_statistic_raw",0.929497065621998,0.35725403667214,881,0.1875,1314,1,1,0.371666666666667,0.303907721280603
1,3,0.5,5000,1200,"n_expressing",0.971793666696686,0.742854577175698,283,0.6875,1314,1,1,0.371666666666667,0.303907721280603
1,3,0.5,5000,1200,"Seurat_vst",0.984932231628242,0.988180760810071,48,0.875,1314,1,1,0.371666666666667,0.303907721280603
1,3,0.5,5000,1200,"random",0.469574590237752,0.467946086480569,5901,0.0208333333333333,1314,1,1,0.371666666666667,0.303907721280603
2,3,0.5,5000,1200,"DIFS_stage1",0.945037636587416,0.504624932359307,618,0.385416666666667,1328,1,1,0.37,0.361375987247301
2,3,0.5,5000,1200,"dip_statistic_raw",0.926571130523535,0.338186553030303,902,0.177083333333333,1328,1,1,0.37,0.361375987247301
2,3,0.5,5000,1200,"n_expressing",0.972166092549231,0.749133353625541,290,0.770833333333333,1328,1,1,0.37,0.361375987247301
2,3,0.5,5000,1200,"Seurat_vst",0.987108624519693,0.99025974025974,48,0.875,1328,1,1,0.37,0.361375987247301
2,3,0.5,5000,1200,"random",0.512348215357829,0.515134604978355,5479,0.0208333333333333,1328,1,1,0.37,0.361375987247301
3,3,0.5,5000,1200,"DIFS_stage1",0.946884756243996,0.530420647558386,648,0.416666666666667,1352,1,1,0.37125,0.346805725554196
3,3,0.5,5000,1200,"dip_statistic_raw",0.930892020893372,0.389032643312102,826,0.239583333333333,1352,1,1,0.37125,0.346805725554196
3,3,0.5,5000,1200,"n_expressing",0.96496757925072,0.690286624203822,339,0.625,1352,1,1,0.37125,0.346805725554196
3,3,0.5,5000,1200,"Seurat_vst",0.98657109299952,0.993033439490446,48,0.864583333333333,1352,1,1,0.37125,0.346805725554196
3,3,0.5,5000,1200,"random",0.464601720100865,0.463458731422505,6680,0.0520833333333333,1352,1,1,0.37125,0.346805725554196
4,3,0.5,5000,1200,"DIFS_stage1",0.943859382504803,0.497674926134837,728,0.385416666666667,1337,1,1,0.367916666666667,0.341466047716722
4,3,0.5,5000,1200,"dip_statistic_raw",0.922771823967339,0.30899140478109,927,0.114583333333333,1337,1,1,0.367916666666667,0.341466047716722
4,3,0.5,5000,1200,"n_expressing",0.973851858939721,0.766036294654848,256,0.75,1337,1,1,0.367916666666667,0.341466047716722
4,3,0.5,5000,1200,"Seurat_vst",0.966615821625841,0.965283373623422,48,0.833333333333333,1337,1,1,0.367916666666667,0.341466047716722
4,3,0.5,5000,1200,"random",0.491075851044669,0.481416196615633,5967,0.0104166666666667,1337,1,1,0.367916666666667,0.341466047716722
5,3,0.5,5000,1200,"DIFS_stage1",0.953744146253602,0.58545197740113,524,0.489583333333333,1335,1,1,0.353333333333333,0.308963299763453
5,3,0.5,5000,1200,"dip_statistic_raw",0.927456697286263,0.349862119989239,886,0.1875,1335,1,1,0.353333333333333,0.308963299763453
5,3,0.5,5000,1200,"n_expressing",0.9766220693744,0.790485438525693,186,0.697916666666667,1335,1,1,0.353333333333333,0.308963299763453
5,3,0.5,5000,1200,"Seurat_vst",0.942837791186359,0.934498587570621,48,0.791666666666667,1335,1,1,0.353333333333333,0.308963299763453
5,3,0.5,5000,1200,"random",0.449799434137848,0.432068872746839,6722,0.03125,1335,1,1,0.353333333333333,0.308963299763453
1,4,0.5,5000,1200,"DIFS_stage1",0.976995902377522,0.792495938261576,128,0.729166666666667,1327,1,1,0.3275,0.348942455394068
1,4,0.5,5000,1200,"dip_statistic_raw",0.957522814601345,0.616842675331709,438,0.53125,1327,1,1,0.3275,0.348942455394068
1,4,0.5,5000,1200,"n_expressing",0.973542754863112,0.761347481722177,224,0.739583333333333,1327,1,1,0.3275,0.348942455394068
1,4,0.5,5000,1200,"Seurat_vst",0.88075993635927,0.836168088275115,48,0.791666666666667,1327,1,1,0.3275,0.348942455394068
1,4,0.5,5000,1200,"random",0.461975039024976,0.473937178445708,6107,0.03125,1327,1,1,0.3275,0.348942455394068
2,4,0.5,5000,1200,"DIFS_stage1",0.97801843179635,0.797441217150761,55,0.729166666666667,1301,1,1,0.335,0.355138154639444
2,4,0.5,5000,1200,"dip_statistic_raw",0.960093209654179,0.632261410788382,384,0.541666666666667,1301,1,1,0.335,0.355138154639444
2,4,0.5,5000,1200,"n_expressing",0.975836879352786,0.777338347164592,240,0.770833333333333,1301,1,1,0.335,0.355138154639444
2,4,0.5,5000,1200,"Seurat_vst",0.887813513148415,0.846637275242047,48,0.8125,1301,1,1,0.335,0.355138154639444
2,4,0.5,5000,1200,"random",0.502852763268492,0.51725449515906,5128,0.0104166666666667,1301,1,1,0.335,0.355138154639444
3,4,0.5,5000,1200,"DIFS_stage1",0.977698539565322,0.796184842249657,115,0.75,1311,1,1,0.335,0.369774833010127
3,4,0.5,5000,1200,"dip_statistic_raw",0.956525613892891,0.602683470507545,431,0.520833333333333,1311,1,1,0.335,0.369774833010127
3,4,0.5,5000,1200,"n_expressing",0.973650167357109,0.759186385459534,278,0.6875,1311,1,1,0.335,0.369774833010127
3,4,0.5,5000,1200,"Seurat_vst",0.901931923931316,0.860622427983539,48,0.84375,1311,1,1,0.335,0.369774833010127
3,4,0.5,5000,1200,"random",0.473881409101825,0.480006858710562,5967,0,1311,1,1,0.335,0.369774833010127
4,4,0.5,5000,1200,"DIFS_stage1",0.97980363682757,0.817228674273295,73,0.770833333333333,1323,1,1,0.3325,0.36158605393206
4,4,0.5,5000,1200,"dip_statistic_raw",0.961425312199808,0.650910078782939,387,0.635416666666667,1323,1,1,0.3325,0.36158605393206
4,4,0.5,5000,1200,"n_expressing",0.975883784371998,0.781755127682695,217,0.75,1323,1,1,0.3325,0.36158605393206
4,4,0.5,5000,1200,"Seurat_vst",0.872139731928434,0.824792855202391,48,0.75,1323,1,1,0.3325,0.36158605393206
4,4,0.5,5000,1200,"random",0.434224153458213,0.439554468894322,6915,0.0208333333333333,1323,1,1,0.3325,0.36158605393206
5,4,0.5,5000,1200,"DIFS_stage1",0.980949057396734,0.825748215266337,57,0.760416666666667,1310,1,1,0.33125,0.378582015810277
5,4,0.5,5000,1200,"dip_statistic_raw",0.96389814481268,0.669789950576606,305,0.625,1310,1,1,0.33125,0.378582015810277
5,4,0.5,5000,1200,"n_expressing",0.978932141570605,0.807300247116969,211,0.802083333333333,1310,1,1,0.33125,0.378582015810277
5,4,0.5,5000,1200,"Seurat_vst",0.86438164175072,0.810715266337177,48,0.739583333333333,1310,1,1,0.33125,0.378582015810277
5,4,0.5,5000,1200,"random",0.476512780679635,0.482804777594728,6058,0.03125,1310,1,1,0.33125,0.378582015810277
1,5,0.5,5000,1200,"DIFS_stage1",0.995405184317964,0.955826118326118,48,0.96875,1251,0.999166666666667,1,0.267916666666667,0.423791098933649
1,5,0.5,5000,1200,"dip_statistic_raw",0.985273700168108,0.858423520923521,75,0.864583333333333,1251,0.999166666666667,1,0.267916666666667,0.423791098933649
1,5,0.5,5000,1200,"n_expressing",0.978784390760086,0.796036255411255,184,0.802083333333333,1251,0.999166666666667,1,0.267916666666667,0.423791098933649
1,5,0.5,5000,1200,"Seurat_vst",0.81496345160903,0.708955627705628,48,0.604166666666667,1251,0.999166666666667,1,0.267916666666667,0.423791098933649
1,5,0.5,5000,1200,"random",0.489921049471662,0.485669191919192,6159,0.03125,1251,0.999166666666667,1,0.267916666666667,0.423791098933649
2,5,0.5,5000,1200,"DIFS_stage1",0.991053336635447,0.913838898525585,48,0.895833333333333,1249,0.995833333333333,1,0.29875,0.352457080570442
2,5,0.5,5000,1200,"dip_statistic_raw",0.981297092639289,0.819881107256432,101,0.760416666666667,1249,0.995833333333333,1,0.29875,0.352457080570442
2,5,0.5,5000,1200,"n_expressing",0.972936272964697,0.73936199045967,230,0.697916666666667,1249,0.995833333333333,1,0.29875,0.352457080570442
2,5,0.5,5000,1200,"Seurat_vst",0.86185627551633,0.779154018502457,48,0.6875,1249,0.995833333333333,1,0.29875,0.352457080570442
2,5,0.5,5000,1200,"random",0.529751853686359,0.531024139924834,4866,0.0625,1249,0.995833333333333,1,0.29875,0.352457080570442
3,5,0.5,5000,1200,"DIFS_stage1",0.989060811419308,0.896798003398471,48,0.875,1273,0.995,1,0.268333333333333,0.397964078536368
3,5,0.5,5000,1200,"dip_statistic_raw",0.97397521914025,0.754478193146417,173,0.677083333333333,1273,0.995,1,0.268333333333333,0.397964078536368
3,5,0.5,5000,1200,"n_expressing",0.978052203410183,0.792941093174738,206,0.78125,1273,0.995,1,0.268333333333333,0.397964078536368
3,5,0.5,5000,1200,"Seurat_vst",0.82804995196926,0.747796304163127,48,0.645833333333333,1273,0.995,1,0.268333333333333,0.397964078536368
3,5,0.5,5000,1200,"random",0.499187605067243,0.503141815349759,6082,0.0833333333333333,1273,0.995,1,0.268333333333333,0.397964078536368
4,5,0.5,5000,1200,"DIFS_stage1",0.994282278158021,0.94517307138745,48,0.927083333333333,1254,0.999166666666667,1,0.281666666666667,0.384948840115598
4,5,0.5,5000,1200,"dip_statistic_raw",0.985338429094621,0.859410981577432,85,0.854166666666667,1254,0.999166666666667,1,0.281666666666667,0.384948840115598
4,5,0.5,5000,1200,"n_expressing",0.978171811209174,0.790690666378814,200,0.75,1254,0.999166666666667,1,0.281666666666667,0.384948840115598
4,5,0.5,5000,1200,"Seurat_vst",0.874817070425072,0.810961787564767,48,0.739583333333333,1254,0.999166666666667,1,0.281666666666667,0.384948840115598
4,5,0.5,5000,1200,"random",0.503089164565322,0.51242263960852,5110,0.0625,1254,0.999166666666667,1,0.281666666666667,0.384948840115598
5,5,0.5,5000,1200,"DIFS_stage1",0.992788822346302,0.930971623563218,48,0.927083333333333,1256,1,1,0.282916666666667,0.395572448243071
5,5,0.5,5000,1200,"dip_statistic_raw",0.981933124699808,0.827056393678161,67,0.822916666666667,1256,1,1,0.282916666666667,0.395572448243071
5,5,0.5,5000,1200,"n_expressing",0.977711203920509,0.786642420977012,205,0.75,1256,1,1,0.282916666666667,0.395572448243071
5,5,0.5,5000,1200,"Seurat_vst",0.88493354496878,0.818363864942529,48,0.697916666666667,1256,1,1,0.282916666666667,0.395572448243071
5,5,0.5,5000,1200,"random",0.52974528698367,0.523105244252874,4728,0.0208333333333333,1256,1,1,0.282916666666667,0.395572448243071
1,1,0.2,20000,1200,"DIFS_stage1",0.935746690381844,0.420415312753859,770,0.3125,1327,1,1,0.67625,0.198610558759197
1,1,0.2,20000,1200,"dip_statistic_raw",0.928606808357349,0.356011372867587,871,0.197916666666667,1327,1,1,0.67625,0.198610558759197
1,1,0.2,20000,1200,"n_expressing",0.959063644482469,0.630741436501489,452,0.5625,1327,1,1,0.67625,0.198610558759197
1,1,0.2,20000,1200,"Seurat_vst",0.91278105487512,0.973116368805849,682,0.302083333333333,1327,1,1,0.67625,0.198610558759197
1,1,0.2,20000,1200,"random",0.494598417987512,0.47585804224208,5466,0.0729166666666667,1327,1,1,0.67625,0.198610558759197
2,1,0.2,20000,1200,"DIFS_stage1",0.94669338376561,0.509596796465065,564,0.416666666666667,1303,1,1,0.676666666666667,0.183129283385455
2,1,0.2,20000,1200,"dip_statistic_raw",0.937527204911143,0.425270988677161,738,0.270833333333333,1303,1,1,0.676666666666667,0.183129283385455
2,1,0.2,20000,1200,"n_expressing",0.955301861941643,0.588791942833471,574,0.458333333333333,1303,1,1,0.676666666666667,0.183129283385455
2,1,0.2,20000,1200,"Seurat_vst",0.922870324507685,0.98500932062966,700,0.28125,1303,1,1,0.676666666666667,0.183129283385455
2,1,0.2,20000,1200,"random",0.469821310638809,0.481712579397956,6564,0.0729166666666667,1303,1,1,0.676666666666667,0.183129283385455
3,1,0.2,20000,1200,"DIFS_stage1",0.949596804454851,0.53399077157924,565,0.416666666666667,1297,1,1,0.681666666666667,0.167944394484412
3,1,0.2,20000,1200,"dip_statistic_raw",0.939284266930836,0.438644879267277,698,0.25,1297,1,1,0.681666666666667,0.167944394484412
3,1,0.2,20000,1200,"n_expressing",0.957929481117915,0.611031605606439,510,0.479166666666667,1297,1,1,0.681666666666667,0.167944394484412
3,1,0.2,20000,1200,"Seurat_vst",0.888402640189721,0.951359977796281,743,0.322916666666667,1297,1,1,0.681666666666667,0.167944394484412
3,1,0.2,20000,1200,"random",0.520792995016811,0.517546142103802,5711,0.0729166666666667,1297,1,1,0.681666666666667,0.167944394484412
4,1,0.2,20000,1200,"DIFS_stage1",0.938181998979347,0.437354849726776,707,0.302083333333333,1316,1,1,0.685,0.190612820236316
4,1,0.2,20000,1200,"dip_statistic_raw",0.931763516150336,0.378936133879781,806,0.208333333333333,1316,1,1,0.685,0.190612820236316
4,1,0.2,20000,1200,"n_expressing",0.957107236131124,0.609605532786885,506,0.489583333333333,1316,1,1,0.685,0.190612820236316
4,1,0.2,20000,1200,"Seurat_vst",0.903210554755043,0.967887636612022,730,0.34375,1316,1,1,0.685,0.190612820236316
4,1,0.2,20000,1200,"random",0.516023692663305,0.533282103825137,4681,0.0416666666666667,1316,1,1,0.685,0.190612820236316
5,1,0.2,20000,1200,"DIFS_stage1",0.938094755643612,0.439318243610658,784,0.333333333333333,1322,1,1,0.68625,0.195675549322113
5,1,0.2,20000,1200,"dip_statistic_raw",0.928728761407301,0.354489532354541,876,0.166666666666667,1322,1,1,0.68625,0.195675549322113
5,1,0.2,20000,1200,"n_expressing",0.960570233699568,0.642880811582382,489,0.510416666666667,1322,1,1,0.68625,0.195675549322113
5,1,0.2,20000,1200,"Seurat_vst",0.926841303434198,0.985513526373029,639,0.416666666666667,1322,1,1,0.68625,0.195675549322113
5,1,0.2,20000,1200,"random",0.504612639589337,0.500747688961392,5299,0.0625,1322,1,1,0.68625,0.195675549322113
1,2,0.2,20000,1200,"DIFS_stage1",0.946605202329491,0.504681843497633,603,0.416666666666667,1293,0.998333333333333,1,0.671666666666667,0.169197845055526
1,2,0.2,20000,1200,"dip_statistic_raw",0.937113502641691,0.416631857421331,747,0.291666666666667,1293,0.998333333333333,1,0.671666666666667,0.169197845055526
1,2,0.2,20000,1200,"n_expressing",0.962131232738953,0.648709447229184,415,0.583333333333333,1293,0.998333333333333,1,0.671666666666667,0.169197845055526
1,2,0.2,20000,1200,"Seurat_vst",0.999461530379443,1,48,1,1293,0.998333333333333,1,0.671666666666667,0.169197845055526
1,2,0.2,20000,1200,"random",0.500590065141691,0.505656502367029,5771,0.0520833333333333,1293,0.998333333333333,1,0.671666666666667,0.169197845055526
2,2,0.2,20000,1200,"DIFS_stage1",0.952381086395293,0.564088691948337,660,0.46875,1309,0.999166666666667,1,0.668333333333333,0.225550767228117
2,2,0.2,20000,1200,"dip_statistic_raw",0.944169893731988,0.488922093981863,707,0.40625,1309,0.999166666666667,1,0.668333333333333,0.225550767228117
2,2,0.2,20000,1200,"n_expressing",0.962892970250961,0.660316192635339,380,0.59375,1309,0.999166666666667,1,0.668333333333333,0.225550767228117
2,2,0.2,20000,1200,"Seurat_vst",0.998891165345821,1,49,1,1309,0.999166666666667,1,0.668333333333333,0.225550767228117
2,2,0.2,20000,1200,"random",0.468870076849183,0.475310868370431,5683,0.0625,1309,0.999166666666667,1,0.668333333333333,0.225550767228117
3,2,0.2,20000,1200,"DIFS_stage1",0.955868005523535,0.592650318647825,475,0.5,1299,1,1,0.673333333333333,0.282414155709164
3,2,0.2,20000,1200,"dip_statistic_raw",0.946100504322767,0.502493765586035,623,0.375,1299,1,1,0.673333333333333,0.282414155709164
3,2,0.2,20000,1200,"n_expressing",0.960658415135687,0.636867033804378,417,0.572916666666667,1299,1,1,0.673333333333333,0.282414155709164
3,2,0.2,20000,1200,"Seurat_vst",0.998683845160903,1,48,1,1299,1,1,0.673333333333333,0.282414155709164
3,2,0.2,20000,1200,"random",0.520156024855908,0.514408423385979,5560,0.0520833333333333,1299,1,1,0.673333333333333,0.282414155709164
4,2,0.2,20000,1200,"DIFS_stage1",0.956416794248319,0.602670019157088,524,0.479166666666667,1314,1,1,0.6575,0.224716290228388
4,2,0.2,20000,1200,"dip_statistic_raw",0.945836898114793,0.506217501368363,666,0.385416666666667,1314,1,1,0.6575,0.224716290228388
4,2,0.2,20000,1200,"n_expressing",0.966718543617915,0.696586788451013,352,0.677083333333333,1314,1,1,0.6575,0.224716290228388
4,2,0.2,20000,1200,"Seurat_vst",0.999034694704611,1,49,1,1314,1,1,0.6575,0.224716290228388
4,2,0.2,20000,1200,"random",0.511499234510086,0.516223659003831,4492,0.0208333333333333,1314,1,1,0.6575,0.224716290228388
5,2,0.2,20000,1200,"DIFS_stage1",0.951525538844861,0.550700820812465,586,0.447916666666667,1294,0.999166666666667,1,0.676666666666667,0.194501775044781
5,2,0.2,20000,1200,"dip_statistic_raw",0.946239343179635,0.501704229271007,684,0.40625,1294,0.999166666666667,1,0.676666666666667,0.194501775044781
5,2,0.2,20000,1200,"n_expressing",0.959837577299472,0.627743287423484,411,0.552083333333333,1294,0.999166666666667,1,0.676666666666667,0.194501775044781
5,2,0.2,20000,1200,"Seurat_vst",0.998578777917867,1,48,0.989583333333333,1294,0.999166666666667,1,0.676666666666667,0.194501775044781
5,2,0.2,20000,1200,"random",0.497514033981748,0.489235531441291,5677,0.0416666666666667,1294,0.999166666666667,1,0.676666666666667,0.194501775044781
1,3,0.2,20000,1200,"DIFS_stage1",0.988205263868876,0.889756944444444,48,0.854166666666667,1284,1,1,0.64875,0.242294221129492
1,3,0.2,20000,1200,"dip_statistic_raw",0.982335569764649,0.834894079685746,115,0.833333333333333,1284,1,1,0.64875,0.242294221129492
1,3,0.2,20000,1200,"n_expressing",0.957784544608549,0.605420524691358,517,0.489583333333333,1284,1,1,0.64875,0.242294221129492
1,3,0.2,20000,1200,"Seurat_vst",0.998565644512488,0.999991231762065,48,0.989583333333333,1284,1,1,0.64875,0.242294221129492
1,3,0.2,20000,1200,"random",0.522357746457733,0.52202581369248,5137,0.03125,1284,1,1,0.64875,0.242294221129492
2,3,0.2,20000,1200,"DIFS_stage1",0.984258675552353,0.855663363611341,48,0.802083333333333,1307,1,1,0.655,0.218937575030012
2,3,0.2,20000,1200,"dip_statistic_raw",0.977220108369356,0.791124759152216,158,0.770833333333333,1307,1,1,0.655,0.218937575030012
2,3,0.2,20000,1200,"n_expressing",0.960157938580692,0.634676919900908,441,0.541666666666667,1307,1,1,0.655,0.218937575030012
2,3,0.2,20000,1200,"Seurat_vst",0.999758908201249,1,48,1,1307,1,1,0.655,0.218937575030012
2,3,0.2,20000,1200,"random",0.463039782961095,0.472732590145885,5914,0.03125,1307,1,1,0.655,0.218937575030012
3,3,0.2,20000,1200,"DIFS_stage1",0.983236146133526,0.848168162044589,50,0.802083333333333,1322,1,1,0.639166666666667,0.231694029705979
3,3,0.2,20000,1200,"dip_statistic_raw",0.974303554274736,0.76726481783578,151,0.697916666666667,1322,1,1,0.639166666666667,0.231694029705979
3,3,0.2,20000,1200,"n_expressing",0.960261129622959,0.640081226209897,482,0.520833333333333,1322,1,1,0.639166666666667,0.231694029705979
3,3,0.2,20000,1200,"Seurat_vst",0.987997005583574,0.993551182707993,48,0.958333333333333,1322,1,1,0.639166666666667,0.231694029705979
3,3,0.2,20000,1200,"random",0.539786713496638,0.541785617183252,5144,0.0520833333333333,1322,1,1,0.639166666666667,0.231694029705979
4,3,0.2,20000,1200,"DIFS_stage1",0.983418137608069,0.84820692497939,52,0.8125,1309,1,1,0.642916666666667,0.223127289959431
4,3,0.2,20000,1200,"dip_statistic_raw",0.976847682516811,0.788059906567738,168,0.770833333333333,1309,1,1,0.642916666666667,0.223127289959431
4,3,0.2,20000,1200,"n_expressing",0.962418291456532,0.655970905468535,382,0.59375,1309,1,1,0.642916666666667,0.223127289959431
4,3,0.2,20000,1200,"Seurat_vst",0.993503654839097,0.997209054685353,48,0.979166666666667,1309,1,1,0.642916666666667,0.223127289959431
4,3,0.2,20000,1200,"random",0.533568984149856,0.541185765320143,5162,0.09375,1309,1,1,0.642916666666667,0.223127289959431
5,3,0.2,20000,1200,"DIFS_stage1",0.983482866534582,0.846135696308725,48,0.8125,1288,0.999166666666667,1,0.650833333333333,0.226938497728988
5,3,0.2,20000,1200,"dip_statistic_raw",0.977027797790586,0.786003914988814,144,0.770833333333333,1288,0.999166666666667,1,0.650833333333333,0.226938497728988
5,3,0.2,20000,1200,"n_expressing",0.960713294008165,0.634027195190157,426,0.552083333333333,1288,0.999166666666667,1,0.650833333333333,0.226938497728988
5,3,0.2,20000,1200,"Seurat_vst",0.994317925972622,0.997981333892617,48,0.96875,1288,0.999166666666667,1,0.650833333333333,0.226938497728988
5,3,0.2,20000,1200,"random",0.445242142471182,0.456349622483221,6479,0.03125,1288,0.999166666666667,1,0.650833333333333,0.226938497728988
1,4,0.2,20000,1200,"DIFS_stage1",0.996318894092219,0.965271877655055,48,0.989583333333333,1273,1,1,0.602916666666667,0.24255640969386
1,4,0.2,20000,1200,"dip_statistic_raw",0.991481110410663,0.919631478334749,50,0.885416666666667,1273,1,1,0.602916666666667,0.24255640969386
1,4,0.2,20000,1200,"n_expressing",0.959042537223823,0.613600962900028,477,0.552083333333333,1273,1,1,0.602916666666667,0.24255640969386
1,4,0.2,20000,1200,"Seurat_vst",0.870957725444284,0.887062800906259,48,0.78125,1273,1,1,0.602916666666667,0.24255640969386
1,4,0.2,20000,1200,"random",0.445904441342459,0.444358892664967,6836,0.0208333333333333,1273,1,1,0.602916666666667,0.24255640969386
2,4,0.2,20000,1200,"DIFS_stage1",0.996657548330932,0.968114619129439,48,1,1260,0.999166666666667,1,0.604166666666667,0.231411960391114
2,4,0.2,20000,1200,"dip_statistic_raw",0.990987669608549,0.914026703894616,58,0.885416666666667,1260,0.999166666666667,1,0.604166666666667,0.231411960391114
2,4,0.2,20000,1200,"n_expressing",0.962609194884726,0.64330970790378,403,0.635416666666667,1260,0.999166666666667,1,0.604166666666667,0.231411960391114
2,4,0.2,20000,1200,"Seurat_vst",0.847125285182517,0.869612686139748,48,0.770833333333333,1260,0.999166666666667,1,0.604166666666667,0.231411960391114
2,4,0.2,20000,1200,"random",0.550162103746398,0.540324312714777,4928,0.0104166666666667,1260,0.999166666666667,1,0.604166666666667,0.231411960391114
3,4,0.2,20000,1200,"DIFS_stage1",0.987582365213737,0.884032450238295,48,0.833333333333333,1285,1,1,0.596666666666667,0.235180526129944
3,4,0.2,20000,1200,"dip_statistic_raw",0.984042912463977,0.850977712363331,57,0.8125,1285,1,1,0.596666666666667,0.235180526129944
3,4,0.2,20000,1200,"n_expressing",0.963267741354467,0.656959629941127,424,0.572916666666667,1285,1,1,0.596666666666667,0.235180526129944
3,4,0.2,20000,1200,"Seurat_vst",0.882331254502882,0.889140033641716,48,0.854166666666667,1285,1,1,0.596666666666667,0.235180526129944
3,4,0.2,20000,1200,"random",0.48525869056196,0.489373072610036,5934,0.0520833333333333,1285,1,1,0.596666666666667,0.235180526129944
4,4,0.2,20000,1200,"DIFS_stage1",0.998642568743996,0.98713914960182,48,1,1268,1,1,0.585833333333333,0.204605854315597
4,4,0.2,20000,1200,"dip_statistic_raw",0.992570244956772,0.929607508532423,68,0.9375,1268,1,1,0.585833333333333,0.204605854315597
4,4,0.2,20000,1200,"n_expressing",0.966398182336695,0.68164284698521,392,0.604166666666667,1268,1,1,0.585833333333333,0.204605854315597
4,4,0.2,20000,1200,"Seurat_vst",0.8504489748439,0.859917164391354,48,0.791666666666667,1268,1,1,0.585833333333333,0.204605854315597
4,4,0.2,20000,1200,"random",0.482292417146974,0.478526734926052,5567,0.0416666666666667,1268,1,1,0.585833333333333,0.204605854315597
5,4,0.2,20000,1200,"DIFS_stage1",0.999665098162824,0.996906198003328,48,1,1298,0.999166666666667,1,0.6,0.245716433104052
5,4,0.2,20000,1200,"dip_statistic_raw",0.994862024195485,0.952535704381586,59,0.989583333333333,1298,0.999166666666667,1,0.6,0.245716433104052
5,4,0.2,20000,1200,"n_expressing",0.957274687049712,0.605306260399334,512,0.489583333333333,1298,0.999166666666667,1,0.6,0.245716433104052
5,4,0.2,20000,1200,"Seurat_vst",0.85064128542267,0.865276622296173,48,0.78125,1298,0.999166666666667,1,0.6,0.245716433104052
5,4,0.2,20000,1200,"random",0.50009287193804,0.500138657792568,5103,0.03125,1298,0.999166666666667,1,0.6,0.245716433104052
1,5,0.2,20000,1200,"DIFS_stage1",0.999960599783862,0.999621539792388,48,1,1252,0.996666666666667,1,0.51375,0.291231911652704
1,5,0.2,20000,1200,"dip_statistic_raw",0.997706344560519,0.977968209342561,49,1,1252,0.996666666666667,1,0.51375,0.291231911652704
1,5,0.2,20000,1200,"n_expressing",0.962448310668828,0.639295883794694,423,0.583333333333333,1252,0.996666666666667,1,0.51375,0.291231911652704
1,5,0.2,20000,1200,"Seurat_vst",0.774427195905379,0.779096381199539,48,0.71875,1252,0.996666666666667,1,0.51375,0.291231911652704
1,5,0.2,20000,1200,"random",0.503846211575408,0.492133434256055,5455,0.0729166666666667,1252,0.996666666666667,1,0.51375,0.291231911652704
2,5,0.2,20000,1200,"DIFS_stage1",0.999994371397695,0.999944836716681,48,1,1229,0.995,1,0.491666666666667,0.346669923907241
2,5,0.2,20000,1200,"dip_statistic_raw",0.999027189901537,0.990465945866431,48,1,1229,0.995,1,0.491666666666667,0.346669923907241
2,5,0.2,20000,1200,"n_expressing",0.961592763118396,0.623588739335099,415,0.572916666666667,1229,0.995,1,0.491666666666667,0.346669923907241
2,5,0.2,20000,1200,"Seurat_vst",0.750220453590298,0.748712856722565,48,0.6875,1229,0.995,1,0.491666666666667,0.346669923907241
2,5,0.2,20000,1200,"random",0.512394182276657,0.539616431303324,5563,0.0208333333333333,1229,0.995,1,0.491666666666667,0.346669923907241
3,5,0.2,20000,1200,"DIFS_stage1",0.998916494056196,0.989390432098765,48,1,1230,0.996666666666667,1,0.49,0.310578639891825
3,5,0.2,20000,1200,"dip_statistic_raw",0.995475541846782,0.955697016460905,48,0.927083333333333,1230,0.996666666666667,1,0.49,0.310578639891825
3,5,0.2,20000,1200,"n_expressing",0.967610208033141,0.682842813051146,350,0.697916666666667,1230,0.996666666666667,1,0.49,0.310578639891825
3,5,0.2,20000,1200,"Seurat_vst",0.768857693924111,0.763686801881246,48,0.71875,1230,0.996666666666667,1,0.49,0.310578639891825
3,5,0.2,20000,1200,"random",0.430288822346302,0.428727586713698,6486,0.0208333333333333,1230,0.996666666666667,1,0.49,0.310578639891825
4,5,0.2,20000,1200,"DIFS_stage1",0.999210119476465,0.992359901277584,48,0.989583333333333,1244,0.993333333333333,1,0.474583333333333,0.267886152113994
4,5,0.2,20000,1200,"dip_statistic_raw",0.995824515189721,0.959612732288037,48,0.958333333333333,1244,0.993333333333333,1,0.474583333333333,0.267886152113994
4,5,0.2,20000,1200,"n_expressing",0.968938558177233,0.699559015679443,332,0.677083333333333,1244,0.993333333333333,1,0.474583333333333,0.267886152113994
4,5,0.2,20000,1200,"Seurat_vst",0.764844500480307,0.753856344367015,48,0.708333333333333,1244,0.993333333333333,1,0.474583333333333,0.267886152113994
4,5,0.2,20000,1200,"random",0.505677383525456,0.508892276422764,5840,0.0625,1244,0.993333333333333,1,0.474583333333333,0.267886152113994
5,5,0.2,20000,1200,"DIFS_stage1",0.999711065081652,0.997253139269406,48,1,1264,0.999166666666667,1,0.5025,0.30272625673719
5,5,0.2,20000,1200,"dip_statistic_raw",0.995197864133045,0.954346817922374,48,0.96875,1264,0.999166666666667,1,0.5025,0.30272625673719
5,5,0.2,20000,1200,"n_expressing",0.96558391120317,0.672811429794521,361,0.614583333333333,1264,0.999166666666667,1,0.5025,0.30272625673719
5,5,0.2,20000,1200,"Seurat_vst",0.752285212536023,0.759533747146119,48,0.6875,1264,0.999166666666667,1,0.5025,0.30272625673719
5,5,0.2,20000,1200,"random",0.525761174651777,0.528271261415525,5031,0.0625,1264,0.999166666666667,1,0.5025,0.30272625673719
1,1,0.5,20000,1200,"DIFS_stage1",0.939843374759846,0.462607267363905,759,0.354166666666667,1339,1,1,0.585833333333333,0.201312920315578
1,1,0.5,20000,1200,"dip_statistic_raw",0.930442670809318,0.378628653794583,813,0.208333333333333,1339,1,1,0.585833333333333,0.201312920315578
1,1,0.5,20000,1200,"n_expressing",0.957944959774256,0.624312818449987,470,0.520833333333333,1339,1,1,0.585833333333333,0.201312920315578
1,1,0.5,20000,1200,"Seurat_vst",0.851206959954371,0.91836786001609,1133,0.166666666666667,1339,1,1,0.585833333333333,0.201312920315578
1,1,0.5,20000,1200,"random",0.473740694044188,0.469881335478681,6259,0.0625,1339,1,1,0.585833333333333,0.201312920315578
2,1,0.5,20000,1200,"DIFS_stage1",0.947717789385207,0.539982831484416,611,0.375,1358,1,1,0.585416666666667,0.206523639736348
2,1,0.5,20000,1200,"dip_statistic_raw",0.930615281280019,0.389502443211833,844,0.1875,1358,1,1,0.585416666666667,0.206523639736348
2,1,0.5,20000,1200,"n_expressing",0.962520075348223,0.670224181193872,460,0.5625,1358,1,1,0.585416666666667,0.206523639736348
2,1,0.5,20000,1200,"Seurat_vst",0.866179042086936,0.93284469096672,1023,0.125,1358,1,1,0.585416666666667,0.206523639736348
2,1,0.5,20000,1200,"random",0.517045283981748,0.515146262546223,5291,0.0416666666666667,1358,1,1,0.585416666666667,0.206523639736348
3,1,0.5,20000,1200,"DIFS_stage1",0.943386579911143,0.503447538177988,672,0.354166666666667,1362,1,1,0.582083333333333,0.232517927365256
3,1,0.5,20000,1200,"dip_statistic_raw",0.932202547130163,0.405353146392838,841,0.197916666666667,1362,1,1,0.582083333333333,0.232517927365256
3,1,0.5,20000,1200,"n_expressing",0.954572488892891,0.601558385992628,510,0.46875,1362,1,1,0.582083333333333,0.232517927365256
3,1,0.5,20000,1200,"Seurat_vst",0.862270915886167,0.929592877830437,1052,0.177083333333333,1362,1,1,0.582083333333333,0.232517927365256
3,1,0.5,20000,1200,"random",0.483424704310759,0.474888098999473,5794,0.0729166666666667,1362,1,1,0.582083333333333,0.232517927365256
4,1,0.5,20000,1200,"DIFS_stage1",0.946568616414505,0.523452141900937,629,0.395833333333333,1341,1,1,0.585,0.174552971314074
4,1,0.5,20000,1200,"dip_statistic_raw",0.933474611251201,0.406668340026774,801,0.21875,1341,1,1,0.585,0.174552971314074
4,1,0.5,20000,1200,"n_expressing",0.958113348793228,0.626418172690763,451,0.53125,1341,1,1,0.585,0.174552971314074
4,1,0.5,20000,1200,"Seurat_vst",0.830296702389529,0.900660977242303,1560,0.166666666666667,1341,1,1,0.585,0.174552971314074
4,1,0.5,20000,1200,"random",0.536796049471662,0.549029451137885,4920,0.0416666666666667,1341,1,1,0.585,0.174552971314074
5,1,0.5,20000,1200,"DIFS_stage1",0.94191657660903,0.494150326797386,661,0.322916666666667,1371,1,1,0.576666666666667,0.177973426849748
5,1,0.5,20000,1200,"dip_statistic_raw",0.92575685939001,0.353415032679739,883,0.145833333333333,1371,1,1,0.576666666666667,0.177973426849748
5,1,0.5,20000,1200,"n_expressing",0.964498060008405,0.690812908496732,367,0.666666666666667,1371,1,1,0.576666666666667,0.177973426849748
5,1,0.5,20000,1200,"Seurat_vst",0.849368283201249,0.912736928104575,1139,0.166666666666667,1371,1,1,0.576666666666667,0.177973426849748
5,1,0.5,20000,1200,"random",0.470800687439962,0.464305555555556,6299,0.0208333333333333,1371,1,1,0.576666666666667,0.177973426849748
1,2,0.5,20000,1200,"DIFS_stage1",0.94080961815562,0.475877192982456,700,0.3125,1350,1,1,0.565833333333333,0.234489693313223
1,2,0.5,20000,1200,"dip_statistic_raw",0.923768086575408,0.324976741095162,930,0.135416666666667,1350,1,1,0.565833333333333,0.234489693313223
1,2,0.5,20000,1200,"n_expressing",0.970305839487272,0.737062234183945,279,0.71875,1350,1,1,0.565833333333333,0.234489693313223
1,2,0.5,20000,1200,"Seurat_vst",0.994962400936599,1,55,0.958333333333333,1350,1,1,0.565833333333333,0.234489693313223
1,2,0.5,20000,1200,"random",0.493614350684438,0.493412745879851,5681,0.0104166666666667,1350,1,1,0.565833333333333,0.234489693313223
2,2,0.5,20000,1200,"DIFS_stage1",0.935316102305475,0.417477696674777,841,0.260416666666667,1329,1,1,0.578333333333333,0.211726142376769
2,2,0.5,20000,1200,"dip_statistic_raw",0.925845978926513,0.332192822384428,1001,0.15625,1329,1,1,0.578333333333333,0.211726142376769
2,2,0.5,20000,1200,"n_expressing",0.961743328230067,0.655472762908894,386,0.583333333333333,1329,1,1,0.578333333333333,0.211726142376769
2,2,0.5,20000,1200,"Seurat_vst",0.992786008045149,0.99970431197621,59,0.958333333333333,1329,1,1,0.578333333333333,0.211726142376769
2,2,0.5,20000,1200,"random",0.50606481898415,0.509563395512301,5337,0.0625,1329,1,1,0.578333333333333,0.211726142376769
3,2,0.5,20000,1200,"DIFS_stage1",0.936596609329971,0.437225219824141,772,0.333333333333333,1347,1,1,0.57,0.220151804955731
3,2,0.5,20000,1200,"dip_statistic_raw",0.921916276416907,0.306921129762856,941,0.114583333333333,1347,1,1,0.57,0.220151804955731
3,2,0.5,20000,1200,"n_expressing",0.965610647064121,0.694756694644285,391,0.59375,1347,1,1,0.57,0.220151804955731
3,2,0.5,20000,1200,"Seurat_vst",0.995980239853506,0.999958366640021,54,0.96875,1347,1,1,0.57,0.220151804955731
3,2,0.5,20000,1200,"random",0.500372425852546,0.506519784172662,5233,0.0208333333333333,1347,1,1,0.57,0.220151804955731
4,2,0.5,20000,1200,"DIFS_stage1",0.939135108969741,0.454084208400646,729,0.333333333333333,1334,1,1,0.580833333333333,0.237213512014248
4,2,0.5,20000,1200,"dip_statistic_raw",0.928652775276177,0.360064956919763,862,0.166666666666667,1334,1,1,0.580833333333333,0.237213512014248
4,2,0.5,20000,1200,"n_expressing",0.959345074597743,0.635353560850835,471,0.520833333333333,1334,1,1,0.580833333333333,0.237213512014248
4,2,0.5,20000,1200,"Seurat_vst",0.996112512007685,0.999932687129779,52,0.96875,1334,1,1,0.580833333333333,0.237213512014248
4,2,0.5,20000,1200,"random",0.456554695004803,0.457651790522348,6338,0.0416666666666667,1334,1,1,0.580833333333333,0.237213512014248
5,2,0.5,20000,1200,"DIFS_stage1",0.935688528158021,0.43726195166798,781,0.34375,1365,1,1,0.57125,0.239743258934331
5,2,0.5,20000,1200,"dip_statistic_raw",0.92446884756244,0.339087536117678,968,0.15625,1365,1,1,0.57125,0.239743258934331
5,2,0.5,20000,1200,"n_expressing",0.960533647784582,0.654661643026005,413,0.541666666666667,1365,1,1,0.57125,0.239743258934331
5,2,0.5,20000,1200,"Seurat_vst",0.996799201488953,0.999983582873654,51,0.979166666666667,1365,1,1,0.57125,0.239743258934331
5,2,0.5,20000,1200,"random",0.495471789445245,0.481719529813501,6234,0.0729166666666667,1365,1,1,0.57125,0.239743258934331
1,3,0.5,20000,1200,"DIFS_stage1",0.953555588076369,0.58376210653753,578,0.479166666666667,1335,1,1,0.549166666666667,0.237425842481602
1,3,0.5,20000,1200,"dip_statistic_raw",0.94272521914025,0.486699623352166,674,0.427083333333333,1335,1,1,0.549166666666667,0.237425842481602
1,3,0.5,20000,1200,"n_expressing",0.966030446986071,0.695562617702448,314,0.635416666666667,1335,1,1,0.549166666666667,0.237425842481602
1,3,0.5,20000,1200,"Seurat_vst",0.980360868455812,0.990499730965833,48,0.90625,1335,1,1,0.549166666666667,0.237425842481602
1,3,0.5,20000,1200,"random",0.565008480427474,0.568057237019101,4327,0.0833333333333333,1335,1,1,0.549166666666667,0.237425842481602
2,3,0.5,20000,1200,"DIFS_stage1",0.955110020413064,0.59008360745614,453,0.53125,1312,0.999166666666667,1,0.555,0.24895076229366
2,3,0.5,20000,1200,"dip_statistic_raw",0.94174208993756,0.46801329495614,749,0.34375,1312,0.999166666666667,1,0.555,0.24895076229366
2,3,0.5,20000,1200,"n_expressing",0.964848440501921,0.679010759320175,378,0.625,1312,0.999166666666667,1,0.555,0.24895076229366
2,3,0.5,20000,1200,"Seurat_vst",0.984587948787224,0.993009868421053,48,0.947916666666667,1312,0.999166666666667,1,0.555,0.24895076229366
2,3,0.5,20000,1200,"random",0.458024698306916,0.453356291118421,6741,0.0416666666666667,1312,0.999166666666667,1,0.555,0.24895076229366
3,3,0.5,20000,1200,"DIFS_stage1",0.95230979076609,0.570168763528139,536,0.458333333333333,1328,1,1,0.551666666666667,0.272681329820777
3,3,0.5,20000,1200,"dip_statistic_raw",0.938885574267531,0.4491764745671,783,0.333333333333333,1328,1,1,0.551666666666667,0.272681329820777
3,3,0.5,20000,1200,"n_expressing",0.966656159942363,0.699472402597403,378,0.59375,1328,1,1,0.551666666666667,0.272681329820777
3,3,0.5,20000,1200,"Seurat_vst",0.967615836635447,0.980206642316017,48,0.875,1328,1,1,0.551666666666667,0.272681329820777
3,3,0.5,20000,1200,"random",0.509052668707973,0.518939393939394,5656,0.104166666666667,1328,1,1,0.551666666666667,0.272681329820777
4,3,0.5,20000,1200,"DIFS_stage1",0.949496427713737,0.540711165711166,683,0.4375,1317,1,1,0.552916666666667,0.323544569944335
4,3,0.5,20000,1200,"dip_statistic_raw",0.939156685278578,0.446679634179634,819,0.354166666666667,1317,1,1,0.552916666666667,0.323544569944335
4,3,0.5,20000,1200,"n_expressing",0.966213376560999,0.692738192738193,370,0.677083333333333,1317,1,1,0.552916666666667,0.323544569944335
4,3,0.5,20000,1200,"Seurat_vst",0.982314931556196,0.988499863499864,48,0.958333333333333,1317,1,1,0.552916666666667,0.323544569944335
4,3,0.5,20000,1200,"random",0.503133255283381,0.493098211848212,5613,0.0416666666666667,1317,1,1,0.552916666666667,0.323544569944335
5,3,0.5,20000,1200,"DIFS_stage1",0.959876508465418,0.63748474369406,371,0.5625,1325,1,1,0.545,0.304506709872847
5,3,0.5,20000,1200,"dip_statistic_raw",0.946707455271374,0.518502508814755,549,0.479166666666667,1325,1,1,0.545,0.304506709872847
5,3,0.5,20000,1200,"n_expressing",0.964700689691403,0.681071162191484,340,0.604166666666667,1325,1,1,0.545,0.304506709872847
5,3,0.5,20000,1200,"Seurat_vst",0.990208108189241,0.997762408462164,48,0.916666666666667,1325,1,1,0.545,0.304506709872847
5,3,0.5,20000,1200,"random",0.547924734329971,0.540208841876865,4691,0.0625,1325,1,1,0.545,0.304506709872847
1,4,0.5,20000,1200,"DIFS_stage1",0.978500615393852,0.799891729533389,69,0.760416666666667,1289,1,1,0.49875,0.231352921124397
1,4,0.5,20000,1200,"dip_statistic_raw",0.967956367074928,0.701749790444258,251,0.645833333333333,1289,1,1,0.49875,0.231352921124397
1,4,0.5,20000,1200,"n_expressing",0.97031428239073,0.723696388656049,351,0.677083333333333,1289,1,1,0.49875,0.231352921124397
1,4,0.5,20000,1200,"Seurat_vst",0.842967624279539,0.849119865884325,48,0.770833333333333,1289,1,1,0.49875,0.231352921124397
1,4,0.5,20000,1200,"random",0.474658156219981,0.478450684548757,5748,0.0520833333333333,1289,1,1,0.49875,0.231352921124397
2,4,0.5,20000,1200,"DIFS_stage1",0.982517561239193,0.842303005686434,61,0.802083333333333,1327,0.999166666666667,1,0.510416666666667,0.264489102851172
2,4,0.5,20000,1200,"dip_statistic_raw",0.97158024885927,0.743645071757379,237,0.697916666666667,1327,0.999166666666667,1,0.510416666666667,0.264489102851172
2,4,0.5,20000,1200,"n_expressing",0.961513024585735,0.652835601137287,470,0.5625,1327,0.999166666666667,1,0.510416666666667,0.264489102851172
2,4,0.5,20000,1200,"Seurat_vst",0.845862602065322,0.854555916598971,48,0.78125,1327,0.999166666666667,1,0.510416666666667,0.264489102851172
2,4,0.5,20000,1200,"random",0.528286540886167,0.527602897373409,4882,0.0520833333333333,1327,0.999166666666667,1,0.510416666666667,0.264489102851172
3,4,0.5,20000,1200,"DIFS_stage1",0.983866549591739,0.851577602872135,60,0.84375,1303,1,1,0.505,0.255611305533302
3,4,0.5,20000,1200,"dip_statistic_raw",0.971126208273295,0.734370684893676,258,0.677083333333333,1303,1,1,0.505,0.255611305533302
3,4,0.5,20000,1200,"n_expressing",0.968549715567964,0.710667805854736,324,0.6875,1303,1,1,0.505,0.255611305533302
3,4,0.5,20000,1200,"Seurat_vst",0.877776777137368,0.887928058547363,48,0.802083333333333,1303,1,1,0.505,0.255611305533302
3,4,0.5,20000,1200,"random",0.458765797610471,0.465159831538249,6101,0.0416666666666667,1303,1,1,0.505,0.255611305533302
4,4,0.5,20000,1200,"DIFS_stage1",0.986190224243516,0.873374277456647,50,0.854166666666667,1307,0.9975,1,0.508333333333333,0.330038027493016
4,4,0.5,20000,1200,"dip_statistic_raw",0.973717241534582,0.759005986787779,206,0.71875,1307,0.9975,1,0.508333333333333,0.330038027493016
4,4,0.5,20000,1200,"n_expressing",0.968878988802834,0.714642685108726,340,0.625,1307,0.9975,1,0.508333333333333,0.330038027493016
4,4,0.5,20000,1200,"Seurat_vst",0.843036105607589,0.850786195981283,48,0.791666666666667,1307,0.9975,1,0.508333333333333,0.330038027493016
4,4,0.5,20000,1200,"random",0.527330616594621,0.532669281585467,5089,0.0416666666666667,1307,0.9975,1,0.508333333333333,0.330038027493016
5,4,0.5,20000,1200,"DIFS_stage1",0.982977230427474,0.839812853107345,62,0.8125,1276,1,1,0.5025,0.233190734226954
5,4,0.5,20000,1200,"dip_statistic_raw",0.973215357829011,0.74795197740113,205,0.729166666666667,1276,1,1,0.5025,0.233190734226954
5,4,0.5,20000,1200,"n_expressing",0.967908523955331,0.698013771186441,342,0.65625,1276,1,1,0.5025,0.233190734226954
5,4,0.5,20000,1200,"Seurat_vst",0.86478596301633,0.87284604519774,48,0.791666666666667,1276,1,1,0.5025,0.233190734226954
5,4,0.5,20000,1200,"random",0.483613262487992,0.484798728813559,5651,0.0104166666666667,1276,1,1,0.5025,0.233190734226954
1,5,0.5,20000,1200,"DIFS_stage1",0.993964262127762,0.942520726129217,48,0.927083333333333,1262,0.998333333333333,1,0.411666666666667,0.295280928017353
1,5,0.5,20000,1200,"dip_statistic_raw",0.987793437800192,0.883755002858776,78,0.895833333333333,1262,0.998333333333333,1,0.411666666666667,0.295280928017353
1,5,0.5,20000,1200,"n_expressing",0.973245846091499,0.745216016295026,239,0.708333333333333,1262,0.998333333333333,1,0.411666666666667,0.295280928017353
1,5,0.5,20000,1200,"Seurat_vst",0.762580864253122,0.751080974842767,48,0.697916666666667,1262,0.998333333333333,1,0.411666666666667,0.295280928017353
1,5,0.5,20000,1200,"random",0.464424419128242,0.466990065751858,6469,0.0416666666666667,1262,0.998333333333333,1,0.411666666666667,0.295280928017353
2,5,0.5,20000,1200,"DIFS_stage1",0.986205233849664,0.871171502663302,48,0.822916666666667,1285,0.999166666666667,1,0.433333333333333,0.327943251050284
2,5,0.5,20000,1200,"dip_statistic_raw",0.982410617795389,0.835733809924306,61,0.770833333333333,1285,0.999166666666667,1,0.433333333333333,0.327943251050284
2,5,0.5,20000,1200,"n_expressing",0.969840072646494,0.718338239416877,289,0.6875,1285,0.999166666666667,1,0.433333333333333,0.327943251050284
2,5,0.5,20000,1200,"Seurat_vst",0.746490566462536,0.747406784412672,48,0.666666666666667,1285,0.999166666666667,1,0.433333333333333,0.327943251050284
2,5,0.5,20000,1200,"random",0.484382504803074,0.483328076815251,5405,0.0104166666666667,1285,0.999166666666667,1,0.433333333333333,0.327943251050284
3,5,0.5,20000,1200,"DIFS_stage1",0.995350774495677,0.955724699828473,48,0.9375,1262,1,1,0.427916666666667,0.305658501091438
3,5,0.5,20000,1200,"dip_statistic_raw",0.98905236851585,0.895743996569468,75,0.885416666666667,1262,1,1,0.427916666666667,0.305658501091438
3,5,0.5,20000,1200,"n_expressing",0.968133198997358,0.696527479988565,288,0.645833333333333,1262,1,1,0.427916666666667,0.305658501091438
3,5,0.5,20000,1200,"Seurat_vst",0.740595543647935,0.73547384219554,48,0.6875,1262,1,1,0.427916666666667,0.305658501091438
3,5,0.5,20000,1200,"random",0.460762075228146,0.4557068324757,5847,0.03125,1262,1,1,0.427916666666667,0.305658501091438
4,5,0.5,20000,1200,"DIFS_stage1",0.994695042327089,0.94868793554007,48,0.958333333333333,1244,0.998333333333333,1,0.4175,0.322191796337567
4,5,0.5,20000,1200,"dip_statistic_raw",0.988252168888088,0.886369410569106,57,0.875,1244,0.998333333333333,1,0.4175,0.322191796337567
4,5,0.5,20000,1200,"n_expressing",0.971041310188521,0.719897829558653,299,0.708333333333333,1244,0.998333333333333,1,0.4175,0.322191796337567
4,5,0.5,20000,1200,"Seurat_vst",0.761502048811239,0.747740635888502,48,0.6875,1244,0.998333333333333,1,0.4175,0.322191796337567
4,5,0.5,20000,1200,"random",0.509549861911623,0.511868466898955,5240,0.0729166666666667,1244,0.998333333333333,1,0.4175,0.322191796337567
5,5,0.5,20000,1200,"DIFS_stage1",0.995869544008165,0.960832977512098,48,0.958333333333333,1267,0.999166666666667,1,0.424166666666667,0.400294217353848
5,5,0.5,20000,1200,"dip_statistic_raw",0.991184670689241,0.916408696270993,57,0.895833333333333,1267,0.999166666666667,1,0.424166666666667,0.400294217353848
5,5,0.5,20000,1200,"n_expressing",0.968700280679635,0.703200612012525,294,0.6875,1267,0.999166666666667,1,0.424166666666667,0.400294217353848
5,5,0.5,20000,1200,"Seurat_vst",0.743346053974544,0.73713706233988,48,0.666666666666667,1267,0.999166666666667,1,0.424166666666667,0.400294217353848
5,5,0.5,20000,1200,"random",0.517417709834294,0.520246228294905,5338,0.03125,1267,0.999166666666667,1,0.424166666666667,0.400294217353848
