"result_set","status","dataset","arm","runner_method","stage1_source","final_set","clustering_method","k_policy","k_offset","cluster_seed","subsample_rep","subsample_frac","seed","n_requested","n_features_realised","gate_n","k_true","k_used_clustering","n_clusters_found","n_cells_used","n_cells_dropped","difs_stage1_n","difs_stage2_n","difs_ratio_nominal","stage2only_fell_back","ARI","FM","Jaccard","Purity","elapsed_sec","source_file"
"abl2","ok","Baron","DIFS_fixed","DIFS","dip","mixed","Refined Louvain","true",NA,NA,0,1,1,100,100,1940,14,14,14,8569,0,100,2855,"1:1",FALSE,0.522795824575174,0.62297560678271,0.412526795661506,0.901505426537519,3093.188,"Baron_DIFS_fixed_RefinedLouvain_n0100_k-true_cs-hist_sub-0_seed-1.rds"
"abl2","ok","Baron","DIFS_fixed","DIFS","dip","mixed","Refined Louvain","true",NA,NA,0,1,1,300,300,1940,14,14,14,8569,0,300,2910,"1:1",FALSE,0.591354298069145,0.682998955945283,0.476616852068729,0.939666238767651,1592.911,"Baron_DIFS_fixed_RefinedLouvain_n0300_k-true_cs-hist_sub-0_seed-1.rds"
"abl2","ok","Baron","DIFS_fixed","DIFS","dip","mixed","Refined Louvain","true",NA,NA,0,1,1,1000,1000,1940,14,14,14,8569,0,1000,2576,"1:1",FALSE,0.5166460991219,0.620641330136224,0.40511867262691,0.933714552456529,1635.497,"Baron_DIFS_fixed_RefinedLouvain_n1000_k-true_cs-hist_sub-0_seed-1.rds"
"abl2","ok","Baron","DIFS_fixratio","DIFS","dip","mixed","Refined Louvain","true",NA,NA,0,1,1,100,100,1940,14,14,14,8569,0,100,2855,"2:1",FALSE,0.606016469393664,0.692891629772552,0.492514488488588,0.93581514762516,2241.052,"Baron_DIFS_fixratio_RefinedLouvain_n0100_k-true_cs-hist_sub-0_seed-1.rds"
"abl2","ok","Baron","DIFS_fixratio","DIFS","dip","mixed","Refined Louvain","true",NA,NA,0,1,1,300,300,1940,14,14,14,8569,0,300,2910,"1:2",FALSE,0.507979623035595,0.614151054552694,0.396690640768416,0.908274010969775,2161.45,"Baron_DIFS_fixratio_RefinedLouvain_n0300_k-true_cs-hist_sub-0_seed-1.rds"
"abl2","ok","Baron","DIFS_fixratio","DIFS","dip","mixed","Refined Louvain","true",NA,NA,0,1,1,1000,1000,1940,14,14,14,8569,0,1000,2576,"1:2",FALSE,0.5056698656442,0.610241259085684,0.39572325697142,0.925662270976777,2031.571,"Baron_DIFS_fixratio_RefinedLouvain_n1000_k-true_cs-hist_sub-0_seed-1.rds"
"abl2","ok","Baron","DIFS_stage2only","DIFS","dip","stage2only","Refined Louvain","true",NA,NA,0,1,1,100,100,1940,14,14,14,8569,0,1700,2460,"1:1",FALSE,0.564842937833541,0.656527577490291,0.453318761835771,0.913175399696581,3156.604,"Baron_DIFS_stage2only_RefinedLouvain_n0100_k-true_cs-hist_sub-0_seed-1.rds"
"abl2","ok","Baron","DIFS_stage2only","DIFS","dip","stage2only","Refined Louvain","true",NA,NA,0,1,1,300,300,1940,14,14,14,8569,0,1700,2460,"1:1",FALSE,0.641146474498523,0.722164534362598,0.528372422343564,0.96604037810713,2797.533,"Baron_DIFS_stage2only_RefinedLouvain_n0300_k-true_cs-hist_sub-0_seed-1.rds"
"abl2","ok","Baron","DIFS_stage2only","DIFS","dip","stage2only","Refined Louvain","true",NA,NA,0,1,1,1000,1000,1940,14,14,14,8569,0,1700,2460,"1:1",FALSE,0.51432985339101,0.618659936546553,0.403001676393188,0.932780954603804,3063.039,"Baron_DIFS_stage2only_RefinedLouvain_n1000_k-true_cs-hist_sub-0_seed-1.rds"
"abl2","ok","Baron","HVG_fixed","DIFS","hvg","mixed","Refined Louvain","true",NA,NA,0,1,1,100,100,1940,14,14,14,8569,0,100,2579,"1:1",FALSE,0.649690355698907,0.723904494072899,0.540524630687975,0.908040611506594,1856.313,"Baron_HVG_fixed_RefinedLouvain_n0100_k-true_cs-hist_sub-0_seed-1.rds"
"abl2","ok","Baron","HVG_fixed","DIFS","hvg","mixed","Refined Louvain","true",NA,NA,0,1,1,300,300,1940,14,14,14,8569,0,300,2881,"1:1",FALSE,0.583722303890437,0.677090485095093,0.468842820797412,0.951686311121484,1570.012,"Baron_HVG_fixed_RefinedLouvain_n0300_k-true_cs-hist_sub-0_seed-1.rds"
"abl2","ok","Baron","HVG_fixed","DIFS","hvg","mixed","Refined Louvain","true",NA,NA,0,1,1,1000,1000,1940,14,14,13,8569,0,1000,2449,"1:1",FALSE,0.577687011449188,0.668672511336699,0.464855074442436,0.945617925078772,1518.304,"Baron_HVG_fixed_RefinedLouvain_n1000_k-true_cs-hist_sub-0_seed-1.rds"
"abl2","ok","Baron","HVG_full","DIFS","hvg","mixed","Refined Louvain","true",NA,NA,0,1,1,100,100,1940,14,14,14,8569,0,1500,3696,"3:1",FALSE,0.50400290562872,0.605873013947793,0.396118414842067,0.886917960088692,3200.189,"Baron_HVG_full_RefinedLouvain_n0100_k-true_cs-hist_sub-0_seed-1.rds"
"abl2","ok","Baron","HVG_full","DIFS","hvg","mixed","Refined Louvain","true",NA,NA,0,1,1,300,300,1940,14,14,14,8569,0,1500,3696,"3:2",FALSE,0.595270604870581,0.686575373229861,0.480338632730966,0.971875364686661,3078.899,"Baron_HVG_full_RefinedLouvain_n0300_k-true_cs-hist_sub-0_seed-1.rds"
"abl2","ok","Baron","HVG_full","DIFS","hvg","mixed","Refined Louvain","true",NA,NA,0,1,1,1000,1000,1940,14,14,14,8569,0,1500,3696,"3:1",FALSE,0.550472241805981,0.65225107708803,0.43512764403166,0.960438790990781,2870.35,"Baron_HVG_full_RefinedLouvain_n1000_k-true_cs-hist_sub-0_seed-1.rds"
"abl2","ok","Baron","HVG_stage1only","DIFS_stage1only","hvg","mixed","Refined Louvain","true",NA,NA,0,1,1,100,100,1940,14,14,14,8569,0,100,NA,NA,FALSE,0.505691157296814,0.60347894869168,0.400581999897563,0.889952153110048,999.144,"Baron_HVG_stage1only_RefinedLouvain_n0100_k-true_cs-hist_sub-0_seed-1.rds"
"abl2","ok","Baron","HVG_stage1only","DIFS_stage1only","hvg","mixed","Refined Louvain","true",NA,NA,0,1,1,300,300,1940,14,14,14,8569,0,300,NA,NA,FALSE,0.588861567571198,0.680319479513242,0.474476392425095,0.949935815147625,870.056,"Baron_HVG_stage1only_RefinedLouvain_n0300_k-true_cs-hist_sub-0_seed-1.rds"
"abl2","ok","Baron","HVG_stage1only","DIFS_stage1only","hvg","mixed","Refined Louvain","true",NA,NA,0,1,1,1000,1000,1940,14,14,14,8569,0,1000,NA,NA,FALSE,0.513415272896704,0.617084700938542,0.402631640348672,0.92811296534018,996.807,"Baron_HVG_stage1only_RefinedLouvain_n1000_k-true_cs-hist_sub-0_seed-1.rds"
"abl2","ok","Darmanis","DIFS_fixed","DIFS","dip","mixed","Refined Louvain","true",NA,NA,0,1,1,100,100,2346,9,9,9,466,0,100,3349,"1:1",FALSE,0.541699283458776,0.616784816242596,0.437769942706038,0.770386266094421,139.707,"Darmanis_DIFS_fixed_RefinedLouvain_n0100_k-true_cs-hist_sub-0_seed-1.rds"
"abl2","ok","Darmanis","DIFS_fixed","DIFS","dip","mixed","Refined Louvain","true",NA,NA,0,1,1,300,300,2346,9,9,9,466,0,300,3318,"1:1",FALSE,0.584734088215462,0.653178115868107,0.48041650328933,0.802575107296137,123.42,"Darmanis_DIFS_fixed_RefinedLouvain_n0300_k-true_cs-hist_sub-0_seed-1.rds"
"abl2","ok","Darmanis","DIFS_fixed","DIFS","dip","mixed","Refined Louvain","true",NA,NA,0,1,1,1000,1000,2346,9,9,9,466,0,1000,3296,"1:1",FALSE,0.595730337683843,0.662516138650458,0.49121200226787,0.819742489270386,115.722,"Darmanis_DIFS_fixed_RefinedLouvain_n1000_k-true_cs-hist_sub-0_seed-1.rds"
"abl2","ok","Darmanis","DIFS_fixratio","DIFS","dip","mixed","Refined Louvain","true",NA,NA,0,1,1,100,100,2346,9,9,9,466,0,100,3349,"1:2",FALSE,0.559693290938471,0.631950364910532,0.455544849334268,0.766094420600858,188.125,"Darmanis_DIFS_fixratio_RefinedLouvain_n0100_k-true_cs-hist_sub-0_seed-1.rds"
"abl2","ok","Darmanis","DIFS_fixratio","DIFS","dip","mixed","Refined Louvain","true",NA,NA,0,1,1,300,300,2346,9,9,9,466,0,300,3318,"1:2",FALSE,0.61384789717484,0.678053770860748,0.507198426182599,0.8068669527897,148.511,"Darmanis_DIFS_fixratio_RefinedLouvain_n0300_k-true_cs-hist_sub-0_seed-1.rds"
"abl2","ok","Darmanis","DIFS_fixratio","DIFS","dip","mixed","Refined Louvain","true",NA,NA,0,1,1,1000,1000,2346,9,9,9,466,0,1000,3296,"1:3",FALSE,0.597887190632089,0.664347172375528,0.493183009963293,0.815450643776824,127.798,"Darmanis_DIFS_fixratio_RefinedLouvain_n1000_k-true_cs-hist_sub-0_seed-1.rds"
"abl2","ok","Darmanis","DIFS_stage2only","DIFS","dip","stage2only","Refined Louvain","true",NA,NA,0,1,1,100,100,2346,9,9,8,466,0,700,3279,"1:1",FALSE,0.56830719790729,0.639463362289557,0.46729761703566,0.768240343347639,161.363,"Darmanis_DIFS_stage2only_RefinedLouvain_n0100_k-true_cs-hist_sub-0_seed-1.rds"
"abl2","ok","Darmanis","DIFS_stage2only","DIFS","dip","stage2only","Refined Louvain","true",NA,NA,0,1,1,300,300,2346,9,9,9,466,0,700,3279,"1:1",FALSE,0.612043355161915,0.676400514715497,0.50808935155064,0.813304721030043,153.074,"Darmanis_DIFS_stage2only_RefinedLouvain_n0300_k-true_cs-hist_sub-0_seed-1.rds"
"abl2","ok","Darmanis","DIFS_stage2only","DIFS","dip","stage2only","Refined Louvain","true",NA,NA,0,1,1,1000,1000,2346,9,9,9,466,0,700,3279,"1:1",FALSE,0.550096680227651,0.623838330062328,0.449904922881893,0.772532188841202,142.257,"Darmanis_DIFS_stage2only_RefinedLouvain_n1000_k-true_cs-hist_sub-0_seed-1.rds"
"abl2","ok","Darmanis","HVG_fixed","DIFS","hvg","mixed","Refined Louvain","true",NA,NA,0,1,1,100,100,2346,9,9,9,466,0,100,3354,"1:1",FALSE,0.591403712765463,0.658870029843817,0.48630377524144,0.781115879828326,113.912,"Darmanis_HVG_fixed_RefinedLouvain_n0100_k-true_cs-hist_sub-0_seed-1.rds"
"abl2","ok","Darmanis","HVG_fixed","DIFS","hvg","mixed","Refined Louvain","true",NA,NA,0,1,1,300,300,2346,9,9,9,466,0,300,3245,"1:1",FALSE,0.598297909661687,0.664695908978504,0.493809399250153,0.813304721030043,128.78,"Darmanis_HVG_fixed_RefinedLouvain_n0300_k-true_cs-hist_sub-0_seed-1.rds"
"abl2","ok","Darmanis","HVG_fixed","DIFS","hvg","mixed","Refined Louvain","true",NA,NA,0,1,1,1000,1000,2346,9,9,9,466,0,1000,3592,"1:1",FALSE,0.621585003557412,0.684491789732574,0.517641435647866,0.804721030042919,109.844,"Darmanis_HVG_fixed_RefinedLouvain_n1000_k-true_cs-hist_sub-0_seed-1.rds"
"abl2","ok","Darmanis","HVG_full","DIFS","hvg","mixed","Refined Louvain","true",NA,NA,0,1,1,100,100,2346,9,9,9,466,0,2100,3459,"1:2",FALSE,0.684034854513079,0.737431287426876,0.583147394671217,0.847639484978541,167.4,"Darmanis_HVG_full_RefinedLouvain_n0100_k-true_cs-hist_sub-0_seed-1.rds"
"abl2","ok","Darmanis","HVG_full","DIFS","hvg","mixed","Refined Louvain","true",NA,NA,0,1,1,300,300,2346,9,9,9,466,0,2100,3459,"2:3",FALSE,0.59931764068941,0.665677070781451,0.493235750720781,0.815450643776824,153.719,"Darmanis_HVG_full_RefinedLouvain_n0300_k-true_cs-hist_sub-0_seed-1.rds"
"abl2","ok","Darmanis","HVG_full","DIFS","hvg","mixed","Refined Louvain","true",NA,NA,0,1,1,1000,1000,2346,9,9,9,466,0,2100,3459,"1:2",FALSE,0.570432296259163,0.641451251429282,0.469971041255718,0.817596566523605,149.375,"Darmanis_HVG_full_RefinedLouvain_n1000_k-true_cs-hist_sub-0_seed-1.rds"
"abl2","ok","Darmanis","HVG_stage1only","DIFS_stage1only","hvg","mixed","Refined Louvain","true",NA,NA,0,1,1,100,100,2346,9,9,9,466,0,100,NA,NA,FALSE,0.532739981931599,0.609378886005323,0.43561814040174,0.793991416309013,41.528,"Darmanis_HVG_stage1only_RefinedLouvain_n0100_k-true_cs-hist_sub-0_seed-1.rds"
"abl2","ok","Darmanis","HVG_stage1only","DIFS_stage1only","hvg","mixed","Refined Louvain","true",NA,NA,0,1,1,300,300,2346,9,9,9,466,0,300,NA,NA,FALSE,0.672975657731634,0.727895000614922,0.570483415666902,0.84549356223176,38.703,"Darmanis_HVG_stage1only_RefinedLouvain_n0300_k-true_cs-hist_sub-0_seed-1.rds"
"abl2","ok","Darmanis","HVG_stage1only","DIFS_stage1only","hvg","mixed","Refined Louvain","true",NA,NA,0,1,1,1000,1000,2346,9,9,9,466,0,1000,NA,NA,FALSE,0.701344315770691,0.751698640366781,0.600599794100533,0.862660944206009,33.583,"Darmanis_HVG_stage1only_RefinedLouvain_n1000_k-true_cs-hist_sub-0_seed-1.rds"
"abl2","ok","Fletcher","DIFS_fixed","DIFS","dip","mixed","Refined Louvain","true",NA,NA,0,1,1,100,100,2918,13,13,13,616,0,100,3951,"1:1",FALSE,0.402221629100604,0.457181726437542,0.294859581602713,0.618506493506494,269.914,"Fletcher_DIFS_fixed_RefinedLouvain_n0100_k-true_cs-hist_sub-0_seed-1.rds"
"abl2","ok","Fletcher","DIFS_fixed","DIFS","dip","mixed","Refined Louvain","true",NA,NA,0,1,1,300,300,2918,13,13,13,616,0,300,4086,"1:1",FALSE,0.598411651999156,0.636529878578884,0.46447735565572,0.784090909090909,251.768,"Fletcher_DIFS_fixed_RefinedLouvain_n0300_k-true_cs-hist_sub-0_seed-1.rds"
"abl2","ok","Fletcher","DIFS_fixed","DIFS","dip","mixed","Refined Louvain","true",NA,NA,0,1,1,1000,1000,2918,13,13,13,616,0,1000,4015,"1:1",FALSE,0.716265556650642,0.743494904204246,0.590502035278155,0.839285714285714,242.5,"Fletcher_DIFS_fixed_RefinedLouvain_n1000_k-true_cs-hist_sub-0_seed-1.rds"
"abl2","ok","Fletcher","DIFS_fixratio","DIFS","dip","mixed","Refined Louvain","true",NA,NA,0,1,1,100,100,2918,13,13,13,616,0,100,3951,"1:2",FALSE,0.438232571901192,0.490107387153461,0.322933707252473,0.641233766233766,257.855,"Fletcher_DIFS_fixratio_RefinedLouvain_n0100_k-true_cs-hist_sub-0_seed-1.rds"
"abl2","ok","Fletcher","DIFS_fixratio","DIFS","dip","mixed","Refined Louvain","true",NA,NA,0,1,1,300,300,2918,13,13,13,616,0,300,4086,"2:3",FALSE,0.611995585605596,0.648772390105495,0.479315263908702,0.785714285714286,241.512,"Fletcher_DIFS_fixratio_RefinedLouvain_n0300_k-true_cs-hist_sub-0_seed-1.rds"
"abl2","ok","Fletcher","DIFS_fixratio","DIFS","dip","mixed","Refined Louvain","true",NA,NA,0,1,1,1000,1000,2918,13,13,13,616,0,1000,4015,"1:3",FALSE,0.728194285053782,0.754463063919784,0.604019129954934,0.863636363636364,219.236,"Fletcher_DIFS_fixratio_RefinedLouvain_n1000_k-true_cs-hist_sub-0_seed-1.rds"
"abl2","ok","Fletcher","DIFS_stage2only","DIFS","dip","stage2only","Refined Louvain","true",NA,NA,0,1,1,100,100,2918,13,13,13,616,0,1900,3729,"1:1",FALSE,0.585239268933786,0.624653495888025,0.453764054098094,0.790584415584416,252.286,"Fletcher_DIFS_stage2only_RefinedLouvain_n0100_k-true_cs-hist_sub-0_seed-1.rds"
"abl2","ok","Fletcher","DIFS_stage2only","DIFS","dip","stage2only","Refined Louvain","true",NA,NA,0,1,1,300,300,2918,13,13,13,616,0,1900,3729,"1:1",FALSE,0.728041326077435,0.754231835307377,0.604034213054018,0.855519480519481,245.691,"Fletcher_DIFS_stage2only_RefinedLouvain_n0300_k-true_cs-hist_sub-0_seed-1.rds"
"abl2","ok","Fletcher","DIFS_stage2only","DIFS","dip","stage2only","Refined Louvain","true",NA,NA,0,1,1,1000,1000,2918,13,13,12,616,0,1900,3729,"1:1",FALSE,0.755964149389768,0.779537928298013,0.638648296907957,0.842532467532468,251.156,"Fletcher_DIFS_stage2only_RefinedLouvain_n1000_k-true_cs-hist_sub-0_seed-1.rds"
"abl2","ok","Fletcher","HVG_fixed","DIFS","hvg","mixed","Refined Louvain","true",NA,NA,0,1,1,100,100,2918,13,13,13,616,0,100,4170,"1:1",FALSE,0.600086604300541,0.637913385992229,0.466799356314051,0.766233766233766,238.509,"Fletcher_HVG_fixed_RefinedLouvain_n0100_k-true_cs-hist_sub-0_seed-1.rds"
"abl2","ok","Fletcher","HVG_fixed","DIFS","hvg","mixed","Refined Louvain","true",NA,NA,0,1,1,300,300,2918,13,13,12,616,0,300,3997,"1:1",FALSE,0.709829755191054,0.741245930526428,0.587127475097794,0.803571428571429,185.259,"Fletcher_HVG_fixed_RefinedLouvain_n0300_k-true_cs-hist_sub-0_seed-1.rds"
"abl2","ok","Fletcher","HVG_fixed","DIFS","hvg","mixed","Refined Louvain","true",NA,NA,0,1,1,1000,1000,2918,13,13,13,616,0,1000,3885,"1:1",FALSE,0.819809302680473,0.837366071568369,0.720231159994407,0.894480519480519,235.97,"Fletcher_HVG_fixed_RefinedLouvain_n1000_k-true_cs-hist_sub-0_seed-1.rds"
"abl2","ok","Fletcher","HVG_full","DIFS","hvg","mixed","Refined Louvain","true",NA,NA,0,1,1,100,100,2918,13,13,13,616,0,2200,3340,"3:2",FALSE,0.695575488145611,0.724682746835294,0.567746460351554,0.840909090909091,238.397,"Fletcher_HVG_full_RefinedLouvain_n0100_k-true_cs-hist_sub-0_seed-1.rds"
"abl2","ok","Fletcher","HVG_full","DIFS","hvg","mixed","Refined Louvain","true",NA,NA,0,1,1,300,300,2918,13,13,13,616,0,2200,3340,"3:1",FALSE,0.791845014328864,0.812109693667918,0.682332172336466,0.883116883116883,258.584,"Fletcher_HVG_full_RefinedLouvain_n0300_k-true_cs-hist_sub-0_seed-1.rds"
"abl2","ok","Fletcher","HVG_full","DIFS","hvg","mixed","Refined Louvain","true",NA,NA,0,1,1,1000,1000,2918,13,13,13,616,0,2200,3340,"3:2",FALSE,0.828448511980745,0.845057661663213,0.731626520278264,0.894480519480519,223.568,"Fletcher_HVG_full_RefinedLouvain_n1000_k-true_cs-hist_sub-0_seed-1.rds"
"abl2","ok","Fletcher","HVG_stage1only","DIFS_stage1only","hvg","mixed","Refined Louvain","true",NA,NA,0,1,1,100,100,2918,13,13,13,616,0,100,NA,NA,FALSE,0.60068453457172,0.638537738554515,0.466929066484128,0.772727272727273,49.088,"Fletcher_HVG_stage1only_RefinedLouvain_n0100_k-true_cs-hist_sub-0_seed-1.rds"
"abl2","ok","Fletcher","HVG_stage1only","DIFS_stage1only","hvg","mixed","Refined Louvain","true",NA,NA,0,1,1,300,300,2918,13,13,13,616,0,300,NA,NA,FALSE,0.699436666658551,0.728544647845094,0.570634088526234,0.850649350649351,46.021,"Fletcher_HVG_stage1only_RefinedLouvain_n0300_k-true_cs-hist_sub-0_seed-1.rds"
"abl2","ok","Fletcher","HVG_stage1only","DIFS_stage1only","hvg","mixed","Refined Louvain","true",NA,NA,0,1,1,1000,1000,2918,13,13,13,616,0,1000,NA,NA,FALSE,0.706028416297645,0.734256303454882,0.578631398393067,0.863636363636364,55.91,"Fletcher_HVG_stage1only_RefinedLouvain_n1000_k-true_cs-hist_sub-0_seed-1.rds"
"abl2","ok","Koh","DIFS_fixed","DIFS","dip","mixed","Refined Louvain","true",NA,NA,0,1,1,100,100,1156,9,9,9,531,0,100,1721,"1:1",FALSE,0.952808823347618,0.958451154389221,0.920207904957734,0.979284369114878,190.468,"Koh_DIFS_fixed_RefinedLouvain_n0100_k-true_cs-hist_sub-0_seed-1.rds"
"abl2","ok","Koh","DIFS_fixed","DIFS","dip","mixed","Refined Louvain","true",NA,NA,0,1,1,300,300,1156,9,9,9,531,0,300,1537,"1:1",FALSE,0.982984889594336,0.985009768219765,0.970461900558988,0.992467043314501,135.334,"Koh_DIFS_fixed_RefinedLouvain_n0300_k-true_cs-hist_sub-0_seed-1.rds"
"abl2","ok","Koh","DIFS_fixed","DIFS","dip","mixed","Refined Louvain","true",NA,NA,0,1,1,1000,1000,1156,9,9,9,531,0,1000,1688,"1:1",FALSE,0.983050928179305,0.985067791889967,0.970574387947269,0.992467043314501,125.79,"Koh_DIFS_fixed_RefinedLouvain_n1000_k-true_cs-hist_sub-0_seed-1.rds"
"abl2","ok","Koh","DIFS_fixratio","DIFS","dip","mixed","Refined Louvain","true",NA,NA,0,1,1,100,100,1156,9,9,9,531,0,100,1721,"3:1",FALSE,0.954453724570283,0.959904795929751,0.922887847261918,0.981167608286252,180.336,"Koh_DIFS_fixratio_RefinedLouvain_n0100_k-true_cs-hist_sub-0_seed-1.rds"
"abl2","ok","Koh","DIFS_fixratio","DIFS","dip","mixed","Refined Louvain","true",NA,NA,0,1,1,300,300,1156,9,9,9,531,0,300,1537,"1:1",FALSE,0.982984889594336,0.985009768219765,0.970461900558988,0.992467043314501,147.296,"Koh_DIFS_fixratio_RefinedLouvain_n0300_k-true_cs-hist_sub-0_seed-1.rds"
"abl2","ok","Koh","DIFS_fixratio","DIFS","dip","mixed","Refined Louvain","true",NA,NA,0,1,1,1000,1000,1156,9,9,9,531,0,1000,1688,"1:1",FALSE,0.983050928179305,0.985067791889967,0.970574387947269,0.992467043314501,145.149,"Koh_DIFS_fixratio_RefinedLouvain_n1000_k-true_cs-hist_sub-0_seed-1.rds"
"abl2","ok","Koh","DIFS_stage2only","DIFS","dip","stage2only","Refined Louvain","true",NA,NA,0,1,1,100,100,1156,9,9,9,531,0,1000,1688,"1:1",FALSE,0.96257038694438,0.967046456130506,0.936186142947647,0.983050847457627,155.898,"Koh_DIFS_stage2only_RefinedLouvain_n0100_k-true_cs-hist_sub-0_seed-1.rds"
"abl2","ok","Koh","DIFS_stage2only","DIFS","dip","stage2only","Refined Louvain","true",NA,NA,0,1,1,300,300,1156,9,9,9,531,0,1000,1688,"1:1",FALSE,0.969779687495451,0.973382874749691,0.948144707043726,0.986817325800377,146.754,"Koh_DIFS_stage2only_RefinedLouvain_n0300_k-true_cs-hist_sub-0_seed-1.rds"
"abl2","ok","Koh","DIFS_stage2only","DIFS","dip","stage2only","Refined Louvain","true",NA,NA,0,1,1,1000,1000,1156,9,9,9,531,0,1000,1688,"1:1",FALSE,0.983105333130343,0.985118441983351,0.970672935645019,0.992467043314501,159.473,"Koh_DIFS_stage2only_RefinedLouvain_n1000_k-true_cs-hist_sub-0_seed-1.rds"
"abl2","ok","Koh","HVG_fixed","DIFS","hvg","mixed","Refined Louvain","true",NA,NA,0,1,1,100,100,1156,9,9,9,531,0,100,1700,"1:1",FALSE,0.971002263322024,0.974467781499428,0.95020024377503,0.986817325800377,161.993,"Koh_HVG_fixed_RefinedLouvain_n0100_k-true_cs-hist_sub-0_seed-1.rds"
"abl2","ok","Koh","HVG_fixed","DIFS","hvg","mixed","Refined Louvain","true",NA,NA,0,1,1,300,300,1156,9,9,9,531,0,300,1617,"1:1",FALSE,0.97100653982816,0.974481824107395,0.950217328310635,0.986817325800377,130.828,"Koh_HVG_fixed_RefinedLouvain_n0300_k-true_cs-hist_sub-0_seed-1.rds"
"abl2","ok","Koh","HVG_fixed","DIFS","hvg","mixed","Refined Louvain","true",NA,NA,0,1,1,1000,1000,1156,9,9,9,531,0,1000,1688,"1:1",FALSE,0.991392983455232,0.992417521436637,0.984949040056886,0.99623352165725,174.196,"Koh_HVG_fixed_RefinedLouvain_n1000_k-true_cs-hist_sub-0_seed-1.rds"
"abl2","ok","Koh","HVG_full","DIFS","hvg","mixed","Refined Louvain","true",NA,NA,0,1,1,100,100,1156,9,9,9,531,0,600,1551,"3:1",FALSE,0.983911020487395,0.985834876580935,0.972059168818972,0.992467043314501,150.334,"Koh_HVG_full_RefinedLouvain_n0100_k-true_cs-hist_sub-0_seed-1.rds"
"abl2","ok","Koh","HVG_full","DIFS","hvg","mixed","Refined Louvain","true",NA,NA,0,1,1,300,300,1156,9,9,9,531,0,600,1551,"3:1",FALSE,0.978305466671749,0.980891873905606,0.962499268706488,0.990583804143126,151.186,"Koh_HVG_full_RefinedLouvain_n0300_k-true_cs-hist_sub-0_seed-1.rds"
"abl2","ok","Koh","HVG_full","DIFS","hvg","mixed","Refined Louvain","true",NA,NA,0,1,1,1000,1000,1156,9,9,9,531,0,600,1551,"3:2",FALSE,0.9869542684074,0.988507172908678,0.977275410223114,0.994350282485876,148.493,"Koh_HVG_full_RefinedLouvain_n1000_k-true_cs-hist_sub-0_seed-1.rds"
"abl2","ok","Koh","HVG_stage1only","DIFS_stage1only","hvg","mixed","Refined Louvain","true",NA,NA,0,1,1,100,100,1156,9,9,9,531,0,100,NA,NA,FALSE,0.860230958173862,0.877365215351911,0.781258143534685,0.932203389830508,23.88,"Koh_HVG_stage1only_RefinedLouvain_n0100_k-true_cs-hist_sub-0_seed-1.rds"
"abl2","ok","Koh","HVG_stage1only","DIFS_stage1only","hvg","mixed","Refined Louvain","true",NA,NA,0,1,1,300,300,1156,9,9,9,531,0,300,NA,NA,FALSE,0.987440171130685,0.988934928607996,0.97810650887574,0.992467043314501,23.803,"Koh_HVG_stage1only_RefinedLouvain_n0300_k-true_cs-hist_sub-0_seed-1.rds"
"abl2","ok","Koh","HVG_stage1only","DIFS_stage1only","hvg","mixed","Refined Louvain","true",NA,NA,0,1,1,1000,1000,1156,9,9,9,531,0,1000,NA,NA,FALSE,0.959900497012795,0.964663391294427,0.931719464875195,0.981167608286252,25.313,"Koh_HVG_stage1only_RefinedLouvain_n1000_k-true_cs-hist_sub-0_seed-1.rds"
"abl2","ok","Kumar","DIFS_fixed","DIFS","dip","mixed","Refined Louvain","true",NA,NA,0,1,1,100,100,453,3,3,3,246,0,100,616,"1:1",FALSE,0.988771468816226,0.992545322773649,0.985200431245712,0.995934959349594,48.776,"Kumar_DIFS_fixed_RefinedLouvain_n0100_k-true_cs-hist_sub-0_seed-1.rds"
"abl2","ok","Kumar","DIFS_fixed","DIFS","dip","mixed","Refined Louvain","true",NA,NA,0,1,1,300,300,453,3,3,3,246,0,300,616,"1:1",FALSE,0.975764779664105,0.983914754264005,0.968337218337218,0.991869918699187,44.742,"Kumar_DIFS_fixed_RefinedLouvain_n0300_k-true_cs-hist_sub-0_seed-1.rds"
"abl2","ok","Kumar","DIFS_fixed","DIFS","dip","mixed","Refined Louvain","true",NA,NA,0,1,1,1000,697,453,3,3,3,246,0,453,616,"1:1",FALSE,0.975764779664105,0.983914754264005,0.968337218337218,0.991869918699187,42.611,"Kumar_DIFS_fixed_RefinedLouvain_n1000_k-true_cs-hist_sub-0_seed-1.rds"
"abl2","ok","Kumar","DIFS_fixratio","DIFS","dip","mixed","Refined Louvain","true",NA,NA,0,1,1,100,100,453,3,3,3,246,0,100,616,"1:1",FALSE,0.988771468816226,0.992545322773649,0.985200431245712,0.995934959349594,53.977,"Kumar_DIFS_fixratio_RefinedLouvain_n0100_k-true_cs-hist_sub-0_seed-1.rds"
"abl2","ok","Kumar","DIFS_fixratio","DIFS","dip","mixed","Refined Louvain","true",NA,NA,0,1,1,300,300,453,3,3,3,246,0,300,616,"3:2",FALSE,0.988771468816226,0.992545322773649,0.985200431245712,0.995934959349594,49.135,"Kumar_DIFS_fixratio_RefinedLouvain_n0300_k-true_cs-hist_sub-0_seed-1.rds"
"abl2","ok","Kumar","DIFS_fixratio","DIFS","dip","mixed","Refined Louvain","true",NA,NA,0,1,1,1000,697,453,3,3,3,246,0,453,616,"1:1",FALSE,0.975764779664105,0.983914754264005,0.968337218337218,0.991869918699187,51.642,"Kumar_DIFS_fixratio_RefinedLouvain_n1000_k-true_cs-hist_sub-0_seed-1.rds"
"abl2","ok","Kumar","DIFS_stage2only","DIFS","dip","stage2only","Refined Louvain","true",NA,NA,0,1,1,100,100,453,3,3,3,246,0,453,616,"1:1",FALSE,0.988771468816226,0.992545322773649,0.985200431245712,0.995934959349594,53.164,"Kumar_DIFS_stage2only_RefinedLouvain_n0100_k-true_cs-hist_sub-0_seed-1.rds"
"abl2","ok","Kumar","DIFS_stage2only","DIFS","dip","stage2only","Refined Louvain","true",NA,NA,0,1,1,300,300,453,3,3,3,246,0,453,616,"1:1",FALSE,0.988771468816226,0.992545322773649,0.985200431245712,0.995934959349594,64.156,"Kumar_DIFS_stage2only_RefinedLouvain_n0300_k-true_cs-hist_sub-0_seed-1.rds"
"abl2","ok","Kumar","DIFS_stage2only","DIFS","dip","stage2only","Refined Louvain","true",NA,NA,0,1,1,1000,616,453,3,3,3,246,0,453,616,"1:1",FALSE,0.988771468816226,0.992545322773649,0.985200431245712,0.995934959349594,50.899,"Kumar_DIFS_stage2only_RefinedLouvain_n1000_k-true_cs-hist_sub-0_seed-1.rds"
"abl2","ok","Kumar","HVG_fixed","DIFS","hvg","mixed","Refined Louvain","true",NA,NA,0,1,1,100,100,453,3,3,3,246,0,100,616,"1:1",FALSE,0.988771468816226,0.992545322773649,0.985200431245712,0.995934959349594,53.101,"Kumar_HVG_fixed_RefinedLouvain_n0100_k-true_cs-hist_sub-0_seed-1.rds"
"abl2","ok","Kumar","HVG_fixed","DIFS","hvg","mixed","Refined Louvain","true",NA,NA,0,1,1,300,300,453,3,3,3,246,0,300,616,"1:1",FALSE,0.988771468816226,0.992545322773649,0.985200431245712,0.995934959349594,47.503,"Kumar_HVG_fixed_RefinedLouvain_n0300_k-true_cs-hist_sub-0_seed-1.rds"
"abl2","ok","Kumar","HVG_fixed","DIFS","hvg","mixed","Refined Louvain","true",NA,NA,0,1,1,1000,697,453,3,3,3,246,0,453,616,"1:1",FALSE,0.975764779664105,0.983914754264005,0.968337218337218,0.991869918699187,46.018,"Kumar_HVG_fixed_RefinedLouvain_n1000_k-true_cs-hist_sub-0_seed-1.rds"
"abl2","ok","Kumar","HVG_full","DIFS","hvg","mixed","Refined Louvain","true",NA,NA,0,1,1,100,100,453,3,3,3,246,0,453,616,"1:1",FALSE,0.988771468816226,0.992545322773649,0.985200431245712,0.995934959349594,59.436,"Kumar_HVG_full_RefinedLouvain_n0100_k-true_cs-hist_sub-0_seed-1.rds"
"abl2","ok","Kumar","HVG_full","DIFS","hvg","mixed","Refined Louvain","true",NA,NA,0,1,1,300,300,453,3,3,3,246,0,453,616,"1:1",FALSE,0.988771468816226,0.992545322773649,0.985200431245712,0.995934959349594,72.907,"Kumar_HVG_full_RefinedLouvain_n0300_k-true_cs-hist_sub-0_seed-1.rds"
"abl2","ok","Kumar","HVG_full","DIFS","hvg","mixed","Refined Louvain","true",NA,NA,0,1,1,1000,697,453,3,3,3,246,0,453,616,"1:1",FALSE,0.975764779664105,0.983914754264005,0.968337218337218,0.991869918699187,55.907,"Kumar_HVG_full_RefinedLouvain_n1000_k-true_cs-hist_sub-0_seed-1.rds"
"abl2","ok","Kumar","HVG_stage1only","DIFS_stage1only","hvg","mixed","Refined Louvain","true",NA,NA,0,1,1,100,100,453,3,3,3,246,0,100,NA,NA,FALSE,0.941082416763477,0.960979537411435,0.924867524602574,0.979674796747967,8.166,"Kumar_HVG_stage1only_RefinedLouvain_n0100_k-true_cs-hist_sub-0_seed-1.rds"
"abl2","ok","Kumar","HVG_stage1only","DIFS_stage1only","hvg","mixed","Refined Louvain","true",NA,NA,0,1,1,300,300,453,3,3,3,246,0,300,NA,NA,FALSE,0.988771468816226,0.992545322773649,0.985200431245712,0.995934959349594,9.84,"Kumar_HVG_stage1only_RefinedLouvain_n0300_k-true_cs-hist_sub-0_seed-1.rds"
"abl2","ok","Kumar","HVG_stage1only","DIFS_stage1only","hvg","mixed","Refined Louvain","true",NA,NA,0,1,1,1000,453,453,3,3,3,246,0,453,NA,NA,FALSE,0.975764779664105,0.983914754264005,0.968337218337218,0.991869918699187,9.705,"Kumar_HVG_stage1only_RefinedLouvain_n1000_k-true_cs-hist_sub-0_seed-1.rds"
"abl2","ok","Lawlor","DIFS_fixed","DIFS","dip","mixed","Refined Louvain","true",NA,NA,0,1,1,100,100,1652,8,8,8,638,0,100,1719,"1:1",FALSE,0.496642665354256,0.638929763443964,0.434846758407106,0.871473354231975,277.723,"Lawlor_DIFS_fixed_RefinedLouvain_n0100_k-true_cs-hist_sub-0_seed-1.rds"
"abl2","ok","Lawlor","DIFS_fixed","DIFS","dip","mixed","Refined Louvain","true",NA,NA,0,1,1,300,300,1652,8,8,8,638,0,300,1601,"1:1",FALSE,0.509221465486085,0.649226004681262,0.445256225560815,0.877742946708464,231.664,"Lawlor_DIFS_fixed_RefinedLouvain_n0300_k-true_cs-hist_sub-0_seed-1.rds"
"abl2","ok","Lawlor","DIFS_fixed","DIFS","dip","mixed","Refined Louvain","true",NA,NA,0,1,1,1000,1000,1652,8,8,8,638,0,1000,2374,"1:1",FALSE,0.578133199822945,0.702025747401668,0.511073581914878,0.855799373040752,194.62,"Lawlor_DIFS_fixed_RefinedLouvain_n1000_k-true_cs-hist_sub-0_seed-1.rds"
"abl2","ok","Lawlor","DIFS_fixratio","DIFS","dip","mixed","Refined Louvain","true",NA,NA,0,1,1,100,100,1652,8,8,8,638,0,100,1719,"1:1",FALSE,0.496642665354256,0.638929763443964,0.434846758407106,0.871473354231975,230.308,"Lawlor_DIFS_fixratio_RefinedLouvain_n0100_k-true_cs-hist_sub-0_seed-1.rds"
"abl2","ok","Lawlor","DIFS_fixratio","DIFS","dip","mixed","Refined Louvain","true",NA,NA,0,1,1,300,300,1652,8,8,8,638,0,300,1601,"1:2",FALSE,0.736967724357256,0.817333981424334,0.678008088224321,0.887147335423197,247.006,"Lawlor_DIFS_fixratio_RefinedLouvain_n0300_k-true_cs-hist_sub-0_seed-1.rds"
"abl2","ok","Lawlor","DIFS_fixratio","DIFS","dip","mixed","Refined Louvain","true",NA,NA,0,1,1,1000,1000,1652,8,8,8,638,0,1000,2374,"2:1",FALSE,0.528137302655066,0.664987647331559,0.460504776927885,0.866771159874608,205.079,"Lawlor_DIFS_fixratio_RefinedLouvain_n1000_k-true_cs-hist_sub-0_seed-1.rds"
"abl2","ok","Lawlor","DIFS_stage2only","DIFS","dip","stage2only","Refined Louvain","true",NA,NA,0,1,1,100,100,1652,8,8,8,638,0,1000,2374,"1:1",FALSE,0.771241055286576,0.841461144983994,0.716810595552374,0.935736677115988,245.958,"Lawlor_DIFS_stage2only_RefinedLouvain_n0100_k-true_cs-hist_sub-0_seed-1.rds"
"abl2","ok","Lawlor","DIFS_stage2only","DIFS","dip","stage2only","Refined Louvain","true",NA,NA,0,1,1,300,300,1652,8,8,8,638,0,1000,2374,"1:1",FALSE,0.447736746207083,0.600467625698637,0.388976585109182,0.851097178683386,276.505,"Lawlor_DIFS_stage2only_RefinedLouvain_n0300_k-true_cs-hist_sub-0_seed-1.rds"
"abl2","ok","Lawlor","DIFS_stage2only","DIFS","dip","stage2only","Refined Louvain","true",NA,NA,0,1,1,1000,1000,1652,8,8,8,638,0,1000,2374,"1:1",FALSE,0.540075646525871,0.67392170094372,0.472395283481778,0.879310344827586,225.68,"Lawlor_DIFS_stage2only_RefinedLouvain_n1000_k-true_cs-hist_sub-0_seed-1.rds"
"abl2","ok","Lawlor","HVG_fixed","DIFS","hvg","mixed","Refined Louvain","true",NA,NA,0,1,1,100,100,1652,8,8,8,638,0,100,1905,"1:1",FALSE,0.505497594600404,0.645034991630863,0.445815016196205,0.873040752351097,198.242,"Lawlor_HVG_fixed_RefinedLouvain_n0100_k-true_cs-hist_sub-0_seed-1.rds"
"abl2","ok","Lawlor","HVG_fixed","DIFS","hvg","mixed","Refined Louvain","true",NA,NA,0,1,1,300,300,1652,8,8,7,638,0,300,2165,"1:1",FALSE,0.711882641114975,0.798347107559491,0.655725421823893,0.901253918495298,289.763,"Lawlor_HVG_fixed_RefinedLouvain_n0300_k-true_cs-hist_sub-0_seed-1.rds"
"abl2","ok","Lawlor","HVG_fixed","DIFS","hvg","mixed","Refined Louvain","true",NA,NA,0,1,1,1000,1000,1652,8,8,8,638,0,1000,2346,"1:1",FALSE,0.548368356315629,0.67940692998866,0.482334189320818,0.86833855799373,195.627,"Lawlor_HVG_fixed_RefinedLouvain_n1000_k-true_cs-hist_sub-0_seed-1.rds"
"abl2","ok","Lawlor","HVG_full","DIFS","hvg","mixed","Refined Louvain","true",NA,NA,0,1,1,100,100,1652,8,8,8,638,0,1400,2176,"3:2",FALSE,0.691487354146978,0.784729149106773,0.628784841329948,0.91692789968652,359.198,"Lawlor_HVG_full_RefinedLouvain_n0100_k-true_cs-hist_sub-0_seed-1.rds"
"abl2","ok","Lawlor","HVG_full","DIFS","hvg","mixed","Refined Louvain","true",NA,NA,0,1,1,300,300,1652,8,8,8,638,0,1400,2176,"1:1",FALSE,0.657920606243862,0.761208220358908,0.591396883839971,0.904388714733542,255.719,"Lawlor_HVG_full_RefinedLouvain_n0300_k-true_cs-hist_sub-0_seed-1.rds"
"abl2","ok","Lawlor","HVG_full","DIFS","hvg","mixed","Refined Louvain","true",NA,NA,0,1,1,1000,1000,1652,8,8,8,638,0,1400,2176,"3:1",FALSE,0.540051508184113,0.673228603424196,0.473916704832538,0.880877742946709,246.702,"Lawlor_HVG_full_RefinedLouvain_n1000_k-true_cs-hist_sub-0_seed-1.rds"
"abl2","ok","Lawlor","HVG_stage1only","DIFS_stage1only","hvg","mixed","Refined Louvain","true",NA,NA,0,1,1,100,100,1652,8,8,8,638,0,100,NA,NA,FALSE,0.54852738803514,0.677825710838691,0.488100040338846,0.866771159874608,45.776,"Lawlor_HVG_stage1only_RefinedLouvain_n0100_k-true_cs-hist_sub-0_seed-1.rds"
"abl2","ok","Lawlor","HVG_stage1only","DIFS_stage1only","hvg","mixed","Refined Louvain","true",NA,NA,0,1,1,300,300,1652,8,8,8,638,0,300,NA,NA,FALSE,0.645120947232613,0.75144465179602,0.579130486499346,0.904388714733542,41.989,"Lawlor_HVG_stage1only_RefinedLouvain_n0300_k-true_cs-hist_sub-0_seed-1.rds"
"abl2","ok","Lawlor","HVG_stage1only","DIFS_stage1only","hvg","mixed","Refined Louvain","true",NA,NA,0,1,1,1000,1000,1652,8,8,8,638,0,1000,NA,NA,FALSE,0.534894387169736,0.669523993868564,0.468395653847293,0.873040752351097,41.493,"Lawlor_HVG_stage1only_RefinedLouvain_n1000_k-true_cs-hist_sub-0_seed-1.rds"
"abl2","ok","Muraro","DIFS_fixed","DIFS","dip","mixed","Refined Louvain","true",NA,NA,0,1,1,100,100,1125,10,10,10,2126,0,100,1650,"1:1",FALSE,0.672005807785793,0.748779963664481,0.573914195416438,0.948730009407338,309.059,"Muraro_DIFS_fixed_RefinedLouvain_n0100_k-true_cs-hist_sub-0_seed-1.rds"
"abl2","ok","Muraro","DIFS_fixed","DIFS","dip","mixed","Refined Louvain","true",NA,NA,0,1,1,300,300,1125,10,10,10,2126,0,300,1547,"1:1",FALSE,0.670084808817734,0.747548885548739,0.571600798418328,0.95343367826905,282.688,"Muraro_DIFS_fixed_RefinedLouvain_n0300_k-true_cs-hist_sub-0_seed-1.rds"
"abl2","ok","Muraro","DIFS_fixed","DIFS","dip","mixed","Refined Louvain","true",NA,NA,0,1,1,1000,1000,1125,10,10,10,2126,0,1000,1897,"1:1",FALSE,0.730746782648843,0.792804334571167,0.640923965641252,0.96142991533396,225.185,"Muraro_DIFS_fixed_RefinedLouvain_n1000_k-true_cs-hist_sub-0_seed-1.rds"
"abl2","ok","Muraro","DIFS_fixratio","DIFS","dip","mixed","Refined Louvain","true",NA,NA,0,1,1,100,100,1125,10,10,10,2126,0,100,1650,"2:1",FALSE,0.714413066696624,0.780849537939212,0.621628827847555,0.953904045155221,323.736,"Muraro_DIFS_fixratio_RefinedLouvain_n0100_k-true_cs-hist_sub-0_seed-1.rds"
"abl2","ok","Muraro","DIFS_fixratio","DIFS","dip","mixed","Refined Louvain","true",NA,NA,0,1,1,300,300,1125,10,10,10,2126,0,300,1547,"1:2",FALSE,0.666670709970187,0.744650562832481,0.568124302547711,0.951552210724365,298.942,"Muraro_DIFS_fixratio_RefinedLouvain_n0300_k-true_cs-hist_sub-0_seed-1.rds"
"abl2","ok","Muraro","DIFS_fixratio","DIFS","dip","mixed","Refined Louvain","true",NA,NA,0,1,1,1000,1000,1125,10,10,10,2126,0,1000,1897,"3:1",FALSE,0.732175276307624,0.793710190880573,0.642778481464638,0.960959548447789,275.19,"Muraro_DIFS_fixratio_RefinedLouvain_n1000_k-true_cs-hist_sub-0_seed-1.rds"
"abl2","ok","Muraro","DIFS_stage2only","DIFS","dip","stage2only","Refined Louvain","true",NA,NA,0,1,1,100,100,1125,10,10,10,2126,0,1125,1678,"1:1",FALSE,0.613766037864352,0.699535484082165,0.516404080895037,0.903574788334901,381.603,"Muraro_DIFS_stage2only_RefinedLouvain_n0100_k-true_cs-hist_sub-0_seed-1.rds"
"abl2","ok","Muraro","DIFS_stage2only","DIFS","dip","stage2only","Refined Louvain","true",NA,NA,0,1,1,300,300,1125,10,10,10,2126,0,1125,1678,"1:1",FALSE,0.649217861648477,0.731945966853557,0.548678362661918,0.954844778927563,377.742,"Muraro_DIFS_stage2only_RefinedLouvain_n0300_k-true_cs-hist_sub-0_seed-1.rds"
"abl2","ok","Muraro","DIFS_stage2only","DIFS","dip","stage2only","Refined Louvain","true",NA,NA,0,1,1,1000,1000,1125,10,10,10,2126,0,1125,1678,"1:1",FALSE,0.73187817656739,0.793356867720528,0.642572421610503,0.960489181561618,356.581,"Muraro_DIFS_stage2only_RefinedLouvain_n1000_k-true_cs-hist_sub-0_seed-1.rds"
"abl2","ok","Muraro","HVG_fixed","DIFS","hvg","mixed","Refined Louvain","true",NA,NA,0,1,1,100,100,1125,10,10,10,2126,0,100,1975,"1:1",FALSE,0.696675865476105,0.765541902287593,0.603414819110497,0.94967074317968,206.335,"Muraro_HVG_fixed_RefinedLouvain_n0100_k-true_cs-hist_sub-0_seed-1.rds"
"abl2","ok","Muraro","HVG_fixed","DIFS","hvg","mixed","Refined Louvain","true",NA,NA,0,1,1,300,300,1125,10,10,10,2126,0,300,1557,"1:1",FALSE,0.678983484895673,0.754200187822688,0.581510281011148,0.953904045155221,218.048,"Muraro_HVG_fixed_RefinedLouvain_n0300_k-true_cs-hist_sub-0_seed-1.rds"
"abl2","ok","Muraro","HVG_fixed","DIFS","hvg","mixed","Refined Louvain","true",NA,NA,0,1,1,1000,1000,1125,10,10,10,2126,0,1000,1869,"1:1",FALSE,0.665188959061647,0.743223465665066,0.566773295588582,0.954844778927563,204.416,"Muraro_HVG_fixed_RefinedLouvain_n1000_k-true_cs-hist_sub-0_seed-1.rds"
"abl2","ok","Muraro","HVG_full","DIFS","hvg","mixed","Refined Louvain","true",NA,NA,0,1,1,100,100,1125,10,10,10,2126,0,700,1691,"1:1",FALSE,0.65397435750571,0.734657470644925,0.554600585686899,0.950141110065851,328.282,"Muraro_HVG_full_RefinedLouvain_n0100_k-true_cs-hist_sub-0_seed-1.rds"
"abl2","ok","Muraro","HVG_full","DIFS","hvg","mixed","Refined Louvain","true",NA,NA,0,1,1,300,300,1125,10,10,10,2126,0,700,1691,"1:3",FALSE,0.709625448199621,0.77761213182052,0.615789483670337,0.95719661335842,343.878,"Muraro_HVG_full_RefinedLouvain_n0300_k-true_cs-hist_sub-0_seed-1.rds"
"abl2","ok","Muraro","HVG_full","DIFS","hvg","mixed","Refined Louvain","true",NA,NA,0,1,1,1000,1000,1125,10,10,10,2126,0,700,1691,"2:1",FALSE,0.668144157463717,0.745654417858047,0.569843033649685,0.954374412041392,374.087,"Muraro_HVG_full_RefinedLouvain_n1000_k-true_cs-hist_sub-0_seed-1.rds"
"abl2","ok","Muraro","HVG_stage1only","DIFS_stage1only","hvg","mixed","Refined Louvain","true",NA,NA,0,1,1,100,100,1125,10,10,10,2126,0,100,NA,NA,FALSE,0.633580105758857,0.716453631323155,0.535323110624315,0.944496707431797,99.406,"Muraro_HVG_stage1only_RefinedLouvain_n0100_k-true_cs-hist_sub-0_seed-1.rds"
"abl2","ok","Muraro","HVG_stage1only","DIFS_stage1only","hvg","mixed","Refined Louvain","true",NA,NA,0,1,1,300,300,1125,10,10,10,2126,0,300,NA,NA,FALSE,0.672409085891926,0.749385073876837,0.57409490140594,0.955315145813735,93.552,"Muraro_HVG_stage1only_RefinedLouvain_n0300_k-true_cs-hist_sub-0_seed-1.rds"
"abl2","ok","Muraro","HVG_stage1only","DIFS_stage1only","hvg","mixed","Refined Louvain","true",NA,NA,0,1,1,1000,1000,1125,10,10,10,2126,0,1000,NA,NA,FALSE,0.647055411666418,0.729880443279962,0.546705288766459,0.945437441204139,124.072,"Muraro_HVG_stage1only_RefinedLouvain_n1000_k-true_cs-hist_sub-0_seed-1.rds"
"abl2","ok","Romanov","DIFS_fixed","DIFS","dip","mixed","Refined Louvain","true",NA,NA,0,1,1,100,100,2332,7,7,7,2881,0,100,3002,"1:1",FALSE,0.438966094849192,0.56334540912718,0.384418288719393,0.765706351961125,569.841,"Romanov_DIFS_fixed_RefinedLouvain_n0100_k-true_cs-hist_sub-0_seed-1.rds"
"abl2","ok","Romanov","DIFS_fixed","DIFS","dip","mixed","Refined Louvain","true",NA,NA,0,1,1,300,300,2332,7,7,7,2881,0,300,3055,"1:1",FALSE,0.584860471301224,0.682717573778562,0.516282583226803,0.822631030892051,365.676,"Romanov_DIFS_fixed_RefinedLouvain_n0300_k-true_cs-hist_sub-0_seed-1.rds"
"abl2","ok","Romanov","DIFS_fixed","DIFS","dip","mixed","Refined Louvain","true",NA,NA,0,1,1,1000,1000,2332,7,7,7,2881,0,1000,2674,"1:1",FALSE,0.625848763942184,0.718527994684336,0.560686389543913,0.83755640402638,406.861,"Romanov_DIFS_fixed_RefinedLouvain_n1000_k-true_cs-hist_sub-0_seed-1.rds"
"abl2","ok","Romanov","DIFS_fixratio","DIFS","dip","mixed","Refined Louvain","true",NA,NA,0,1,1,100,100,2332,7,7,7,2881,0,100,3002,"1:1",FALSE,0.438966094849192,0.56334540912718,0.384418288719393,0.765706351961125,499.515,"Romanov_DIFS_fixratio_RefinedLouvain_n0100_k-true_cs-hist_sub-0_seed-1.rds"
"abl2","ok","Romanov","DIFS_fixratio","DIFS","dip","mixed","Refined Louvain","true",NA,NA,0,1,1,300,300,2332,7,7,7,2881,0,300,3055,"1:3",FALSE,0.579228289563683,0.679219931607438,0.512970724889452,0.83130857341201,424.498,"Romanov_DIFS_fixratio_RefinedLouvain_n0300_k-true_cs-hist_sub-0_seed-1.rds"
"abl2","ok","Romanov","DIFS_fixratio","DIFS","dip","mixed","Refined Louvain","true",NA,NA,0,1,1,1000,1000,2332,7,7,7,2881,0,1000,2674,"1:1",FALSE,0.625848763942184,0.718527994684336,0.560686389543913,0.83755640402638,432.606,"Romanov_DIFS_fixratio_RefinedLouvain_n1000_k-true_cs-hist_sub-0_seed-1.rds"
"abl2","ok","Romanov","DIFS_stage2only","DIFS","dip","stage2only","Refined Louvain","true",NA,NA,0,1,1,100,100,2332,7,7,7,2881,0,1100,2976,"1:1",FALSE,0.606806913289388,0.702476676595674,0.541104669838016,0.780631725095453,723.746,"Romanov_DIFS_stage2only_RefinedLouvain_n0100_k-true_cs-hist_sub-0_seed-1.rds"
"abl2","ok","Romanov","DIFS_stage2only","DIFS","dip","stage2only","Refined Louvain","true",NA,NA,0,1,1,300,300,2332,7,7,7,2881,0,1100,2976,"1:1",FALSE,0.576402324439054,0.674103910223765,0.502480784638491,0.853523082263103,760.548,"Romanov_DIFS_stage2only_RefinedLouvain_n0300_k-true_cs-hist_sub-0_seed-1.rds"
"abl2","ok","Romanov","DIFS_stage2only","DIFS","dip","stage2only","Refined Louvain","true",NA,NA,0,1,1,1000,1000,2332,7,7,6,2881,0,1100,2976,"1:1",FALSE,0.69572562556428,0.779647705274675,0.635820581538805,0.842762929538355,838.243,"Romanov_DIFS_stage2only_RefinedLouvain_n1000_k-true_cs-hist_sub-0_seed-1.rds"
"abl2","ok","Romanov","HVG_fixed","DIFS","hvg","mixed","Refined Louvain","true",NA,NA,0,1,1,100,100,2332,7,7,7,2881,0,100,2764,"1:1",FALSE,0.696566049739834,0.76881561717599,0.622010736944851,0.850746268656716,341.098,"Romanov_HVG_fixed_RefinedLouvain_n0100_k-true_cs-hist_sub-0_seed-1.rds"
"abl2","ok","Romanov","HVG_fixed","DIFS","hvg","mixed","Refined Louvain","true",NA,NA,0,1,1,300,300,2332,7,7,6,2881,0,300,3565,"1:1",FALSE,0.713425461195113,0.790912482995083,0.652008685804279,0.849704963554321,375.91,"Romanov_HVG_fixed_RefinedLouvain_n0300_k-true_cs-hist_sub-0_seed-1.rds"
"abl2","ok","Romanov","HVG_fixed","DIFS","hvg","mixed","Refined Louvain","true",NA,NA,0,1,1,1000,1000,2332,7,7,6,2881,0,1000,2651,"1:1",FALSE,0.706253461938854,0.786844647938215,0.645795706583313,0.85005206525512,343.581,"Romanov_HVG_fixed_RefinedLouvain_n1000_k-true_cs-hist_sub-0_seed-1.rds"
"abl2","ok","Romanov","HVG_full","DIFS","hvg","mixed","Refined Louvain","true",NA,NA,0,1,1,100,100,2332,7,7,8,2881,0,2300,2410,"3:1",FALSE,0.557947171590156,0.659214847560673,0.484481160515825,0.837903505727178,736.228,"Romanov_HVG_full_RefinedLouvain_n0100_k-true_cs-hist_sub-0_seed-1.rds"
"abl2","ok","Romanov","HVG_full","DIFS","hvg","mixed","Refined Louvain","true",NA,NA,0,1,1,300,300,2332,7,7,8,2881,0,2300,2410,"3:1",FALSE,0.572695669801181,0.671397109231409,0.490558615602935,0.85838250607428,705.958,"Romanov_HVG_full_RefinedLouvain_n0300_k-true_cs-hist_sub-0_seed-1.rds"
"abl2","ok","Romanov","HVG_full","DIFS","hvg","mixed","Refined Louvain","true",NA,NA,0,1,1,1000,1000,2332,7,7,7,2881,0,2300,2410,"2:3",FALSE,0.603229894774485,0.695451390165599,0.528017669614339,0.857341200971885,677.24,"Romanov_HVG_full_RefinedLouvain_n1000_k-true_cs-hist_sub-0_seed-1.rds"
"abl2","ok","Romanov","HVG_stage1only","DIFS_stage1only","hvg","mixed","Refined Louvain","true",NA,NA,0,1,1,100,100,2332,7,7,6,2881,0,100,NA,NA,FALSE,0.639612961085345,0.724552803312587,0.565138709015002,0.851440472058313,258.039,"Romanov_HVG_stage1only_RefinedLouvain_n0100_k-true_cs-hist_sub-0_seed-1.rds"
"abl2","ok","Romanov","HVG_stage1only","DIFS_stage1only","hvg","mixed","Refined Louvain","true",NA,NA,0,1,1,300,300,2332,7,7,7,2881,0,300,NA,NA,FALSE,0.716057495460921,0.788885856701352,0.651028161135501,0.867407150295036,258.873,"Romanov_HVG_stage1only_RefinedLouvain_n0300_k-true_cs-hist_sub-0_seed-1.rds"
"abl2","ok","Romanov","HVG_stage1only","DIFS_stage1only","hvg","mixed","Refined Louvain","true",NA,NA,0,1,1,1000,1000,2332,7,7,6,2881,0,1000,NA,NA,FALSE,0.699102239386012,0.782132810368852,0.639138218236856,0.84380423464075,266.846,"Romanov_HVG_stage1only_RefinedLouvain_n1000_k-true_cs-hist_sub-0_seed-1.rds"
"abl2","ok","SimKumar4easy","DIFS_fixed","DIFS","dip","mixed","Refined Louvain","true",NA,NA,0,1,1,100,100,326,4,4,4,500,0,100,29,"1:1",FALSE,1,1,1,1,95.922,"SimKumar4easy_DIFS_fixed_RefinedLouvain_n0100_k-true_cs-hist_sub-0_seed-1.rds"
"abl2","ok","SimKumar4easy","DIFS_fixed","DIFS","dip","mixed","Refined Louvain","true",NA,NA,0,1,1,300,300,326,4,4,4,500,0,300,29,"1:1",FALSE,1,1,1,1,116.477,"SimKumar4easy_DIFS_fixed_RefinedLouvain_n0300_k-true_cs-hist_sub-0_seed-1.rds"
"abl2","ok","SimKumar4easy","DIFS_fixed","DIFS","dip","mixed","Refined Louvain","true",NA,NA,0,1,1,1000,326,326,4,4,4,500,0,326,29,"1:1",FALSE,1,1,1,1,88.547,"SimKumar4easy_DIFS_fixed_RefinedLouvain_n1000_k-true_cs-hist_sub-0_seed-1.rds"
"abl2","ok","SimKumar4easy","DIFS_fixratio","DIFS","dip","mixed","Refined Louvain","true",NA,NA,0,1,1,100,100,326,4,4,4,500,0,100,29,"1:1",FALSE,1,1,1,1,108.879,"SimKumar4easy_DIFS_fixratio_RefinedLouvain_n0100_k-true_cs-hist_sub-0_seed-1.rds"
"abl2","ok","SimKumar4easy","DIFS_fixratio","DIFS","dip","mixed","Refined Louvain","true",NA,NA,0,1,1,300,300,326,4,4,4,500,0,300,29,"1:1",FALSE,1,1,1,1,111.434,"SimKumar4easy_DIFS_fixratio_RefinedLouvain_n0300_k-true_cs-hist_sub-0_seed-1.rds"
"abl2","ok","SimKumar4easy","DIFS_fixratio","DIFS","dip","mixed","Refined Louvain","true",NA,NA,0,1,1,1000,326,326,4,4,4,500,0,326,29,"1:1",FALSE,1,1,1,1,114.679,"SimKumar4easy_DIFS_fixratio_RefinedLouvain_n1000_k-true_cs-hist_sub-0_seed-1.rds"
"abl2","ok","SimKumar4easy","DIFS_stage2only","DIFS","dip","stage2only","Refined Louvain","true",NA,NA,0,1,1,100,29,326,4,4,4,500,0,326,29,"1:1",FALSE,0.982790681250365,0.989103036876037,0.97840322650592,0.994,126.107,"SimKumar4easy_DIFS_stage2only_RefinedLouvain_n0100_k-true_cs-hist_sub-0_seed-1.rds"
"abl2","ok","SimKumar4easy","DIFS_stage2only","DIFS","dip","stage2only","Refined Louvain","true",NA,NA,0,1,1,300,29,326,4,4,4,500,0,326,29,"1:1",FALSE,0.982790681250365,0.989103036876037,0.97840322650592,0.994,138.139,"SimKumar4easy_DIFS_stage2only_RefinedLouvain_n0300_k-true_cs-hist_sub-0_seed-1.rds"
"abl2","ok","SimKumar4easy","DIFS_stage2only","DIFS","dip","stage2only","Refined Louvain","true",NA,NA,0,1,1,1000,29,326,4,4,4,500,0,326,29,"1:1",FALSE,0.982790681250365,0.989103036876037,0.97840322650592,0.994,111.071,"SimKumar4easy_DIFS_stage2only_RefinedLouvain_n1000_k-true_cs-hist_sub-0_seed-1.rds"
"abl2","ok","SimKumar4easy","HVG_fixed","DIFS","hvg","mixed","Refined Louvain","true",NA,NA,0,1,1,100,100,326,4,4,4,500,0,100,29,"1:1",FALSE,1,1,1,1,111.713,"SimKumar4easy_HVG_fixed_RefinedLouvain_n0100_k-true_cs-hist_sub-0_seed-1.rds"
"abl2","ok","SimKumar4easy","HVG_fixed","DIFS","hvg","mixed","Refined Louvain","true",NA,NA,0,1,1,300,300,326,4,4,4,500,0,300,29,"1:1",FALSE,1,1,1,1,91.897,"SimKumar4easy_HVG_fixed_RefinedLouvain_n0300_k-true_cs-hist_sub-0_seed-1.rds"
"abl2","ok","SimKumar4easy","HVG_fixed","DIFS","hvg","mixed","Refined Louvain","true",NA,NA,0,1,1,1000,326,326,4,4,4,500,0,326,29,"1:1",FALSE,1,1,1,1,107.785,"SimKumar4easy_HVG_fixed_RefinedLouvain_n1000_k-true_cs-hist_sub-0_seed-1.rds"
"abl2","ok","SimKumar4easy","HVG_full","DIFS","hvg","mixed","Refined Louvain","true",NA,NA,0,1,1,100,100,326,4,4,4,500,0,326,29,"1:1",FALSE,1,1,1,1,108.929,"SimKumar4easy_HVG_full_RefinedLouvain_n0100_k-true_cs-hist_sub-0_seed-1.rds"
"abl2","ok","SimKumar4easy","HVG_full","DIFS","hvg","mixed","Refined Louvain","true",NA,NA,0,1,1,300,300,326,4,4,4,500,0,326,29,"1:1",FALSE,1,1,1,1,106.834,"SimKumar4easy_HVG_full_RefinedLouvain_n0300_k-true_cs-hist_sub-0_seed-1.rds"
"abl2","ok","SimKumar4easy","HVG_full","DIFS","hvg","mixed","Refined Louvain","true",NA,NA,0,1,1,1000,326,326,4,4,4,500,0,326,29,"1:1",FALSE,1,1,1,1,110.544,"SimKumar4easy_HVG_full_RefinedLouvain_n1000_k-true_cs-hist_sub-0_seed-1.rds"
"abl2","ok","SimKumar4easy","HVG_stage1only","DIFS_stage1only","hvg","mixed","Refined Louvain","true",NA,NA,0,1,1,100,100,326,4,4,4,500,0,100,NA,NA,FALSE,1,1,1,1,14.914,"SimKumar4easy_HVG_stage1only_RefinedLouvain_n0100_k-true_cs-hist_sub-0_seed-1.rds"
"abl2","ok","SimKumar4easy","HVG_stage1only","DIFS_stage1only","hvg","mixed","Refined Louvain","true",NA,NA,0,1,1,300,300,326,4,4,4,500,0,300,NA,NA,FALSE,1,1,1,1,14.616,"SimKumar4easy_HVG_stage1only_RefinedLouvain_n0300_k-true_cs-hist_sub-0_seed-1.rds"
"abl2","ok","SimKumar4easy","HVG_stage1only","DIFS_stage1only","hvg","mixed","Refined Louvain","true",NA,NA,0,1,1,1000,326,326,4,4,4,500,0,326,NA,NA,FALSE,1,1,1,1,14.595,"SimKumar4easy_HVG_stage1only_RefinedLouvain_n1000_k-true_cs-hist_sub-0_seed-1.rds"
"abl2","ok","SimKumar4hard","DIFS_fixed","DIFS","dip","mixed","Refined Louvain","true",NA,NA,0,1,1,100,100,325,4,4,4,499,0,100,18,"1:1",FALSE,1,1,1,1,104.414,"SimKumar4hard_DIFS_fixed_RefinedLouvain_n0100_k-true_cs-hist_sub-0_seed-1.rds"
"abl2","ok","SimKumar4hard","DIFS_fixed","DIFS","dip","mixed","Refined Louvain","true",NA,NA,0,1,1,300,300,325,4,4,4,499,0,300,18,"1:1",FALSE,1,1,1,1,105.479,"SimKumar4hard_DIFS_fixed_RefinedLouvain_n0300_k-true_cs-hist_sub-0_seed-1.rds"
"abl2","ok","SimKumar4hard","DIFS_fixed","DIFS","dip","mixed","Refined Louvain","true",NA,NA,0,1,1,1000,327,325,4,4,4,499,0,325,18,"1:1",FALSE,1,1,1,1,124.307,"SimKumar4hard_DIFS_fixed_RefinedLouvain_n1000_k-true_cs-hist_sub-0_seed-1.rds"
"abl2","ok","SimKumar4hard","DIFS_fixratio","DIFS","dip","mixed","Refined Louvain","true",NA,NA,0,1,1,100,100,325,4,4,4,499,0,100,18,"1:1",FALSE,1,1,1,1,121.412,"SimKumar4hard_DIFS_fixratio_RefinedLouvain_n0100_k-true_cs-hist_sub-0_seed-1.rds"
"abl2","ok","SimKumar4hard","DIFS_fixratio","DIFS","dip","mixed","Refined Louvain","true",NA,NA,0,1,1,300,300,325,4,4,4,499,0,300,18,"1:1",FALSE,1,1,1,1,113.159,"SimKumar4hard_DIFS_fixratio_RefinedLouvain_n0300_k-true_cs-hist_sub-0_seed-1.rds"
"abl2","ok","SimKumar4hard","DIFS_fixratio","DIFS","dip","mixed","Refined Louvain","true",NA,NA,0,1,1,1000,327,325,4,4,4,499,0,325,18,"1:1",FALSE,1,1,1,1,110.86,"SimKumar4hard_DIFS_fixratio_RefinedLouvain_n1000_k-true_cs-hist_sub-0_seed-1.rds"
"abl2","ok","SimKumar4hard","DIFS_stage2only","DIFS","dip","stage2only","Refined Louvain","true",NA,NA,0,1,1,100,18,325,4,4,4,499,0,325,18,"1:1",FALSE,0.977826615352923,0.984430608718798,0.969312395019596,0.98997995991984,128.33,"SimKumar4hard_DIFS_stage2only_RefinedLouvain_n0100_k-true_cs-hist_sub-0_seed-1.rds"
"abl2","ok","SimKumar4hard","DIFS_stage2only","DIFS","dip","stage2only","Refined Louvain","true",NA,NA,0,1,1,300,18,325,4,4,4,499,0,325,18,"1:1",FALSE,0.977826615352923,0.984430608718798,0.969312395019596,0.98997995991984,127.044,"SimKumar4hard_DIFS_stage2only_RefinedLouvain_n0300_k-true_cs-hist_sub-0_seed-1.rds"
"abl2","ok","SimKumar4hard","DIFS_stage2only","DIFS","dip","stage2only","Refined Louvain","true",NA,NA,0,1,1,1000,18,325,4,4,4,499,0,325,18,"1:1",FALSE,0.977826615352923,0.984430608718798,0.969312395019596,0.98997995991984,120.94,"SimKumar4hard_DIFS_stage2only_RefinedLouvain_n1000_k-true_cs-hist_sub-0_seed-1.rds"
"abl2","ok","SimKumar4hard","HVG_fixed","DIFS","hvg","mixed","Refined Louvain","true",NA,NA,0,1,1,100,100,325,4,4,4,499,0,100,18,"1:1",FALSE,1,1,1,1,102.861,"SimKumar4hard_HVG_fixed_RefinedLouvain_n0100_k-true_cs-hist_sub-0_seed-1.rds"
"abl2","ok","SimKumar4hard","HVG_fixed","DIFS","hvg","mixed","Refined Louvain","true",NA,NA,0,1,1,300,300,325,4,4,4,499,0,300,18,"1:1",FALSE,1,1,1,1,119.903,"SimKumar4hard_HVG_fixed_RefinedLouvain_n0300_k-true_cs-hist_sub-0_seed-1.rds"
"abl2","ok","SimKumar4hard","HVG_fixed","DIFS","hvg","mixed","Refined Louvain","true",NA,NA,0,1,1,1000,327,325,4,4,4,499,0,325,18,"1:1",FALSE,1,1,1,1,99.977,"SimKumar4hard_HVG_fixed_RefinedLouvain_n1000_k-true_cs-hist_sub-0_seed-1.rds"
"abl2","ok","SimKumar4hard","HVG_full","DIFS","hvg","mixed","Refined Louvain","true",NA,NA,0,1,1,100,100,325,4,4,4,499,0,325,18,"1:1",FALSE,1,1,1,1,133.304,"SimKumar4hard_HVG_full_RefinedLouvain_n0100_k-true_cs-hist_sub-0_seed-1.rds"
"abl2","ok","SimKumar4hard","HVG_full","DIFS","hvg","mixed","Refined Louvain","true",NA,NA,0,1,1,300,300,325,4,4,4,499,0,325,18,"1:1",FALSE,1,1,1,1,142.685,"SimKumar4hard_HVG_full_RefinedLouvain_n0300_k-true_cs-hist_sub-0_seed-1.rds"
"abl2","ok","SimKumar4hard","HVG_full","DIFS","hvg","mixed","Refined Louvain","true",NA,NA,0,1,1,1000,327,325,4,4,4,499,0,325,18,"1:1",FALSE,1,1,1,1,119.681,"SimKumar4hard_HVG_full_RefinedLouvain_n1000_k-true_cs-hist_sub-0_seed-1.rds"
"abl2","ok","SimKumar4hard","HVG_stage1only","DIFS_stage1only","hvg","mixed","Refined Louvain","true",NA,NA,0,1,1,100,100,325,4,4,4,499,0,100,NA,NA,FALSE,1,1,1,1,16.809,"SimKumar4hard_HVG_stage1only_RefinedLouvain_n0100_k-true_cs-hist_sub-0_seed-1.rds"
"abl2","ok","SimKumar4hard","HVG_stage1only","DIFS_stage1only","hvg","mixed","Refined Louvain","true",NA,NA,0,1,1,300,300,325,4,4,4,499,0,300,NA,NA,FALSE,1,1,1,1,18.193,"SimKumar4hard_HVG_stage1only_RefinedLouvain_n0300_k-true_cs-hist_sub-0_seed-1.rds"
"abl2","ok","SimKumar4hard","HVG_stage1only","DIFS_stage1only","hvg","mixed","Refined Louvain","true",NA,NA,0,1,1,1000,325,325,4,4,4,499,0,325,NA,NA,FALSE,1,1,1,1,15.146,"SimKumar4hard_HVG_stage1only_RefinedLouvain_n1000_k-true_cs-hist_sub-0_seed-1.rds"
"abl2","ok","Trapnell","DIFS_fixed","DIFS","dip","mixed","Refined Louvain","true",NA,NA,0,1,1,100,100,775,3,3,3,222,0,100,850,"1:1",FALSE,0.416631653657526,0.609494451294698,0.438325795867695,0.671171171171171,48.47,"Trapnell_DIFS_fixed_RefinedLouvain_n0100_k-true_cs-hist_sub-0_seed-1.rds"
"abl2","ok","Trapnell","DIFS_fixed","DIFS","dip","mixed","Refined Louvain","true",NA,NA,0,1,1,300,300,775,3,3,3,222,0,300,863,"1:1",FALSE,0.396850738858929,0.596326923550092,0.42483315770987,0.657657657657658,41.566,"Trapnell_DIFS_fixed_RefinedLouvain_n0300_k-true_cs-hist_sub-0_seed-1.rds"
"abl2","ok","Trapnell","DIFS_fixed","DIFS","dip","mixed","Refined Louvain","true",NA,NA,0,1,1,1000,1000,775,3,3,3,222,0,775,867,"1:1",FALSE,0.417736866817632,0.610234278668311,0.43909147369355,0.653153153153153,44.257,"Trapnell_DIFS_fixed_RefinedLouvain_n1000_k-true_cs-hist_sub-0_seed-1.rds"
"abl2","ok","Trapnell","DIFS_fixratio","DIFS","dip","mixed","Refined Louvain","true",NA,NA,0,1,1,100,100,775,3,3,3,222,0,100,850,"3:1",FALSE,0.429603219247507,0.618107850388153,0.447290904222083,0.675675675675676,53.426,"Trapnell_DIFS_fixratio_RefinedLouvain_n0100_k-true_cs-hist_sub-0_seed-1.rds"
"abl2","ok","Trapnell","DIFS_fixratio","DIFS","dip","mixed","Refined Louvain","true",NA,NA,0,1,1,300,300,775,3,3,3,222,0,300,863,"1:1",FALSE,0.396850738858929,0.596326923550092,0.42483315770987,0.657657657657658,53.195,"Trapnell_DIFS_fixratio_RefinedLouvain_n0300_k-true_cs-hist_sub-0_seed-1.rds"
"abl2","ok","Trapnell","DIFS_fixratio","DIFS","dip","mixed","Refined Louvain","true",NA,NA,0,1,1,1000,1000,775,3,3,3,222,0,775,867,"3:1",FALSE,0.419285964815292,0.611200239208401,0.440092370548006,0.657657657657658,48.083,"Trapnell_DIFS_fixratio_RefinedLouvain_n1000_k-true_cs-hist_sub-0_seed-1.rds"
"abl2","ok","Trapnell","DIFS_stage2only","DIFS","dip","stage2only","Refined Louvain","true",NA,NA,0,1,1,100,100,775,3,3,3,222,0,775,867,"1:1",FALSE,0.421523667187921,0.613016952329383,0.441978158572316,0.671171171171171,51.018,"Trapnell_DIFS_stage2only_RefinedLouvain_n0100_k-true_cs-hist_sub-0_seed-1.rds"
"abl2","ok","Trapnell","DIFS_stage2only","DIFS","dip","stage2only","Refined Louvain","true",NA,NA,0,1,1,300,300,775,3,3,3,222,0,775,867,"1:1",FALSE,0.418543481816113,0.610940229645901,0.439822616407982,0.657657657657658,49.683,"Trapnell_DIFS_stage2only_RefinedLouvain_n0300_k-true_cs-hist_sub-0_seed-1.rds"
"abl2","ok","Trapnell","DIFS_stage2only","DIFS","dip","stage2only","Refined Louvain","true",NA,NA,0,1,1,1000,867,775,3,3,3,222,0,775,867,"1:1",FALSE,0.418401083983975,0.610631493663597,0.439502885042166,0.653153153153153,57.903,"Trapnell_DIFS_stage2only_RefinedLouvain_n1000_k-true_cs-hist_sub-0_seed-1.rds"
"abl2","ok","Trapnell","HVG_fixed","DIFS","hvg","mixed","Refined Louvain","true",NA,NA,0,1,1,100,100,775,3,3,3,222,0,100,659,"1:1",FALSE,0.180296537492342,0.461450556916668,0.299667979306617,0.558558558558559,44.217,"Trapnell_HVG_fixed_RefinedLouvain_n0100_k-true_cs-hist_sub-0_seed-1.rds"
"abl2","ok","Trapnell","HVG_fixed","DIFS","hvg","mixed","Refined Louvain","true",NA,NA,0,1,1,300,300,775,3,3,3,222,0,300,863,"1:1",FALSE,0.433507549335041,0.620744962150855,0.45005812393812,0.666666666666667,43.671,"Trapnell_HVG_fixed_RefinedLouvain_n0300_k-true_cs-hist_sub-0_seed-1.rds"
"abl2","ok","Trapnell","HVG_fixed","DIFS","hvg","mixed","Refined Louvain","true",NA,NA,0,1,1,1000,1000,775,3,3,3,222,0,775,867,"1:1",FALSE,0.419285964815292,0.611200239208401,0.440092370548006,0.657657657657658,41.898,"Trapnell_HVG_fixed_RefinedLouvain_n1000_k-true_cs-hist_sub-0_seed-1.rds"
"abl2","ok","Trapnell","HVG_full","DIFS","hvg","mixed","Refined Louvain","true",NA,NA,0,1,1,100,100,775,3,3,3,222,0,500,867,"1:3",FALSE,0.427790914697616,0.617034431436908,0.446167557932264,0.671171171171171,64.614,"Trapnell_HVG_full_RefinedLouvain_n0100_k-true_cs-hist_sub-0_seed-1.rds"
"abl2","ok","Trapnell","HVG_full","DIFS","hvg","mixed","Refined Louvain","true",NA,NA,0,1,1,300,300,775,3,3,3,222,0,500,867,"1:1",FALSE,0.420721976562303,0.612197087616482,0.441126810628277,0.662162162162162,68.949,"Trapnell_HVG_full_RefinedLouvain_n0300_k-true_cs-hist_sub-0_seed-1.rds"
"abl2","ok","Trapnell","HVG_full","DIFS","hvg","mixed","Refined Louvain","true",NA,NA,0,1,1,1000,1000,775,3,3,3,222,0,500,867,"2:1",FALSE,0.41987488548164,0.611618173516013,0.440525894998668,0.657657657657658,52.109,"Trapnell_HVG_full_RefinedLouvain_n1000_k-true_cs-hist_sub-0_seed-1.rds"
"abl2","ok","Trapnell","HVG_stage1only","DIFS_stage1only","hvg","mixed","Refined Louvain","true",NA,NA,0,1,1,100,100,775,3,3,3,222,0,100,NA,NA,FALSE,0.431984370298514,0.619933703484205,0.449205499018032,0.666666666666667,10.671,"Trapnell_HVG_stage1only_RefinedLouvain_n0100_k-true_cs-hist_sub-0_seed-1.rds"
"abl2","ok","Trapnell","HVG_stage1only","DIFS_stage1only","hvg","mixed","Refined Louvain","true",NA,NA,0,1,1,300,300,775,3,3,3,222,0,300,NA,NA,FALSE,0.433507549335041,0.620744962150855,0.45005812393812,0.671171171171171,9.487,"Trapnell_HVG_stage1only_RefinedLouvain_n0300_k-true_cs-hist_sub-0_seed-1.rds"
"abl2","ok","Trapnell","HVG_stage1only","DIFS_stage1only","hvg","mixed","Refined Louvain","true",NA,NA,0,1,1,1000,775,775,3,3,3,222,0,775,NA,NA,FALSE,0.443744090304395,0.627666137183119,0.4573713053634,0.662162162162162,10.23,"Trapnell_HVG_stage1only_RefinedLouvain_n1000_k-true_cs-hist_sub-0_seed-1.rds"
"abl2","ok","Zhengmix4eq","DIFS_fixed","DIFS","dip","mixed","Refined Louvain","true",NA,NA,0,1,1,100,100,1935,4,4,3,3994,0,100,1193,"1:1",FALSE,0.704780357121581,0.80999431798568,0.65753266734508,0.747120681021532,655.805,"Zhengmix4eq_DIFS_fixed_RefinedLouvain_n0100_k-true_cs-hist_sub-0_seed-1.rds"
"abl2","ok","Zhengmix4eq","DIFS_fixed","DIFS","dip","mixed","Refined Louvain","true",NA,NA,0,1,1,300,300,1935,4,4,4,3994,0,300,1120,"1:1",FALSE,0.971582366597827,0.978681881003414,0.958253710803106,0.989233850776164,1000.574,"Zhengmix4eq_DIFS_fixed_RefinedLouvain_n0300_k-true_cs-hist_sub-0_seed-1.rds"
"abl2","ok","Zhengmix4eq","DIFS_fixed","DIFS","dip","mixed","Refined Louvain","true",NA,NA,0,1,1,1000,1000,1935,4,4,4,3994,0,1000,1532,"1:1",FALSE,0.981375694700079,0.986028706654119,0.972442420267076,0.992989484226339,750.153,"Zhengmix4eq_DIFS_fixed_RefinedLouvain_n1000_k-true_cs-hist_sub-0_seed-1.rds"
"abl2","ok","Zhengmix4eq","DIFS_fixratio","DIFS","dip","mixed","Refined Louvain","true",NA,NA,0,1,1,100,100,1935,4,4,4,3994,0,100,1193,"2:1",FALSE,0.688586714133534,0.796838446996232,0.641427509106263,0.745868803204807,800.647,"Zhengmix4eq_DIFS_fixratio_RefinedLouvain_n0100_k-true_cs-hist_sub-0_seed-1.rds"
"abl2","ok","Zhengmix4eq","DIFS_fixratio","DIFS","dip","mixed","Refined Louvain","true",NA,NA,0,1,1,300,300,1935,4,4,4,3994,0,300,1120,"1:2",FALSE,0.975509762521224,0.981627918943615,0.963918725076035,0.990736104156234,934.386,"Zhengmix4eq_DIFS_fixratio_RefinedLouvain_n0300_k-true_cs-hist_sub-0_seed-1.rds"
"abl2","ok","Zhengmix4eq","DIFS_fixratio","DIFS","dip","mixed","Refined Louvain","true",NA,NA,0,1,1,1000,1000,1935,4,4,4,3994,0,1000,1532,"1:3",FALSE,0.978750487864755,0.984059293235452,0.968618818925649,0.991987981972959,1022.954,"Zhengmix4eq_DIFS_fixratio_RefinedLouvain_n1000_k-true_cs-hist_sub-0_seed-1.rds"
"abl2","ok","Zhengmix4eq","DIFS_stage2only","DIFS","dip","stage2only","Refined Louvain","true",NA,NA,0,1,1,100,100,1935,4,4,4,3994,0,1900,1535,"1:1",FALSE,0.856285101295921,0.892698966804084,0.806082281473416,0.939409113670506,1224.09,"Zhengmix4eq_DIFS_stage2only_RefinedLouvain_n0100_k-true_cs-hist_sub-0_seed-1.rds"
"abl2","ok","Zhengmix4eq","DIFS_stage2only","DIFS","dip","stage2only","Refined Louvain","true",NA,NA,0,1,1,300,300,1935,4,4,4,3994,0,1900,1535,"1:1",FALSE,0.965715630089527,0.974281071545693,0.94985189096552,0.986980470706059,1318.676,"Zhengmix4eq_DIFS_stage2only_RefinedLouvain_n0300_k-true_cs-hist_sub-0_seed-1.rds"
"abl2","ok","Zhengmix4eq","DIFS_stage2only","DIFS","dip","stage2only","Refined Louvain","true",NA,NA,0,1,1,1000,1000,1935,4,4,4,3994,0,1900,1535,"1:1",FALSE,0.981376657868934,0.986029413723576,0.972443796265081,0.992989484226339,1242.468,"Zhengmix4eq_DIFS_stage2only_RefinedLouvain_n1000_k-true_cs-hist_sub-0_seed-1.rds"
"abl2","ok","Zhengmix4eq","HVG_fixed","DIFS","hvg","mixed","Refined Louvain","true",NA,NA,0,1,1,100,100,1935,4,4,3,3994,0,100,1253,"1:1",FALSE,0.701631193388833,0.807709996888176,0.654496359986083,0.745618427641462,568.064,"Zhengmix4eq_HVG_fixed_RefinedLouvain_n0100_k-true_cs-hist_sub-0_seed-1.rds"
"abl2","ok","Zhengmix4eq","HVG_fixed","DIFS","hvg","mixed","Refined Louvain","true",NA,NA,0,1,1,300,300,1935,4,4,4,3994,0,300,1176,"1:1",FALSE,0.69123404719581,0.798975973308706,0.644038644150125,0.745868803204807,684.12,"Zhengmix4eq_HVG_fixed_RefinedLouvain_n0300_k-true_cs-hist_sub-0_seed-1.rds"
"abl2","ok","Zhengmix4eq","HVG_fixed","DIFS","hvg","mixed","Refined Louvain","true",NA,NA,0,1,1,1000,1000,1935,4,4,4,3994,0,1000,1524,"1:1",FALSE,0.978078178737895,0.983555142533768,0.967642389240467,0.991737606409614,678.937,"Zhengmix4eq_HVG_fixed_RefinedLouvain_n1000_k-true_cs-hist_sub-0_seed-1.rds"
"abl2","ok","Zhengmix4eq","HVG_full","DIFS","hvg","mixed","Refined Louvain","true",NA,NA,0,1,1,100,100,1935,4,4,4,3994,0,900,1530,"1:2",FALSE,0.878446395721175,0.908921118631435,0.833039113102536,0.949924887330996,1161.018,"Zhengmix4eq_HVG_full_RefinedLouvain_n0100_k-true_cs-hist_sub-0_seed-1.rds"
"abl2","ok","Zhengmix4eq","HVG_full","DIFS","hvg","mixed","Refined Louvain","true",NA,NA,0,1,1,300,300,1935,4,4,4,3994,0,900,1530,"1:1",FALSE,0.935057637670842,0.95128927697733,0.907103388519234,0.974712068102153,1172.936,"Zhengmix4eq_HVG_full_RefinedLouvain_n0300_k-true_cs-hist_sub-0_seed-1.rds"
"abl2","ok","Zhengmix4eq","HVG_full","DIFS","hvg","mixed","Refined Louvain","true",NA,NA,0,1,1,1000,1000,1935,4,4,4,3994,0,900,1530,"1:2",FALSE,0.976136188806476,0.982098012554382,0.964825711563536,0.990986479719579,1168.105,"Zhengmix4eq_HVG_full_RefinedLouvain_n1000_k-true_cs-hist_sub-0_seed-1.rds"
"abl2","ok","Zhengmix4eq","HVG_stage1only","DIFS_stage1only","hvg","mixed","Refined Louvain","true",NA,NA,0,1,1,100,100,1935,4,4,4,3994,0,100,NA,NA,FALSE,0.863209188707329,0.897450373361841,0.813974433719752,0.942914371557336,363.925,"Zhengmix4eq_HVG_stage1only_RefinedLouvain_n0100_k-true_cs-hist_sub-0_seed-1.rds"
"abl2","ok","Zhengmix4eq","HVG_stage1only","DIFS_stage1only","hvg","mixed","Refined Louvain","true",NA,NA,0,1,1,300,300,1935,4,4,4,3994,0,300,NA,NA,FALSE,0.936826647149056,0.952608877185539,0.909506348157283,0.975463194792188,359.228,"Zhengmix4eq_HVG_stage1only_RefinedLouvain_n0300_k-true_cs-hist_sub-0_seed-1.rds"
"abl2","ok","Zhengmix4eq","HVG_stage1only","DIFS_stage1only","hvg","mixed","Refined Louvain","true",NA,NA,0,1,1,1000,1000,1935,4,4,4,3994,0,1000,NA,NA,FALSE,0.964471714741408,0.973347678296903,0.948079163751345,0.986479719579369,406.343,"Zhengmix4eq_HVG_stage1only_RefinedLouvain_n1000_k-true_cs-hist_sub-0_seed-1.rds"
"abl2","ok","Zhengmix8eq","DIFS_fixed","DIFS","dip","mixed","Refined Louvain","true",NA,NA,0,1,1,100,100,2134,8,8,8,3994,0,100,1743,"1:1",FALSE,0.58466473447484,0.645214246763654,0.473232079500214,0.706810215322984,735.813,"Zhengmix8eq_DIFS_fixed_RefinedLouvain_n0100_k-true_cs-hist_sub-0_seed-1.rds"
"abl2","ok","Zhengmix8eq","DIFS_fixed","DIFS","dip","mixed","Refined Louvain","true",NA,NA,0,1,1,300,300,2134,8,8,8,3994,0,300,1757,"1:1",FALSE,0.714207510635923,0.756016205444333,0.604540443018944,0.819729594391587,866.777,"Zhengmix8eq_DIFS_fixed_RefinedLouvain_n0300_k-true_cs-hist_sub-0_seed-1.rds"
"abl2","ok","Zhengmix8eq","DIFS_fixed","DIFS","dip","mixed","Refined Louvain","true",NA,NA,0,1,1,1000,1000,2134,8,8,8,3994,0,1000,1774,"1:1",FALSE,0.748284540431568,0.785062227613292,0.643082519100917,0.839509263895844,994.455,"Zhengmix8eq_DIFS_fixed_RefinedLouvain_n1000_k-true_cs-hist_sub-0_seed-1.rds"
"abl2","ok","Zhengmix8eq","DIFS_fixratio","DIFS","dip","mixed","Refined Louvain","true",NA,NA,0,1,1,100,100,2134,8,8,8,3994,0,100,1743,"1:2",FALSE,0.592958246039697,0.653285908702743,0.481464075487946,0.71407110665999,876.895,"Zhengmix8eq_DIFS_fixratio_RefinedLouvain_n0100_k-true_cs-hist_sub-0_seed-1.rds"
"abl2","ok","Zhengmix8eq","DIFS_fixratio","DIFS","dip","mixed","Refined Louvain","true",NA,NA,0,1,1,300,300,2134,8,8,8,3994,0,300,1757,"1:3",FALSE,0.714126932637114,0.7566935073691,0.60479760768136,0.822233350025038,937.864,"Zhengmix8eq_DIFS_fixratio_RefinedLouvain_n0300_k-true_cs-hist_sub-0_seed-1.rds"
"abl2","ok","Zhengmix8eq","DIFS_fixratio","DIFS","dip","mixed","Refined Louvain","true",NA,NA,0,1,1,1000,1000,2134,8,8,8,3994,0,1000,1774,"1:2",FALSE,0.729892225235536,0.769173476523959,0.6219475222788,0.826489734601903,1055.807,"Zhengmix8eq_DIFS_fixratio_RefinedLouvain_n1000_k-true_cs-hist_sub-0_seed-1.rds"
"abl2","ok","Zhengmix8eq","DIFS_stage2only","DIFS","dip","stage2only","Refined Louvain","true",NA,NA,0,1,1,100,100,2134,8,8,7,3994,0,1700,1774,"1:1",FALSE,0.48314885980238,0.614610986568046,0.401350661053065,0.64822233350025,1468.972,"Zhengmix8eq_DIFS_stage2only_RefinedLouvain_n0100_k-true_cs-hist_sub-0_seed-1.rds"
"abl2","ok","Zhengmix8eq","DIFS_stage2only","DIFS","dip","stage2only","Refined Louvain","true",NA,NA,0,1,1,300,300,2134,8,8,8,3994,0,1700,1774,"1:1",FALSE,0.642455027966086,0.694356928888319,0.528870261752906,0.742864296444667,1562.111,"Zhengmix8eq_DIFS_stage2only_RefinedLouvain_n0300_k-true_cs-hist_sub-0_seed-1.rds"
"abl2","ok","Zhengmix8eq","DIFS_stage2only","DIFS","dip","stage2only","Refined Louvain","true",NA,NA,0,1,1,1000,1000,2134,8,8,8,3994,0,1700,1774,"1:1",FALSE,0.75199319025506,0.788634568593888,0.647579871047874,0.841261892839259,1489.702,"Zhengmix8eq_DIFS_stage2only_RefinedLouvain_n1000_k-true_cs-hist_sub-0_seed-1.rds"
"abl2","ok","Zhengmix8eq","HVG_fixed","DIFS","hvg","mixed","Refined Louvain","true",NA,NA,0,1,1,100,100,2134,8,8,8,3994,0,100,1515,"1:1",FALSE,0.578987048210623,0.638867614151348,0.467187150778531,0.694291437155734,654.32,"Zhengmix8eq_HVG_fixed_RefinedLouvain_n0100_k-true_cs-hist_sub-0_seed-1.rds"
"abl2","ok","Zhengmix8eq","HVG_fixed","DIFS","hvg","mixed","Refined Louvain","true",NA,NA,0,1,1,300,300,2134,8,8,8,3994,0,300,1559,"1:1",FALSE,0.576386896879556,0.650177076921872,0.470458028366394,0.722333500250376,815.877,"Zhengmix8eq_HVG_fixed_RefinedLouvain_n0300_k-true_cs-hist_sub-0_seed-1.rds"
"abl2","ok","Zhengmix8eq","HVG_fixed","DIFS","hvg","mixed","Refined Louvain","true",NA,NA,0,1,1,1000,1000,2134,8,8,8,3994,0,1000,1734,"1:1",FALSE,0.726746238382054,0.766788234929768,0.618545777454484,0.826990485728593,873.463,"Zhengmix8eq_HVG_fixed_RefinedLouvain_n1000_k-true_cs-hist_sub-0_seed-1.rds"
"abl2","ok","Zhengmix8eq","HVG_full","DIFS","hvg","mixed","Refined Louvain","true",NA,NA,0,1,1,100,100,2134,8,8,8,3994,0,2000,1721,"1:3",FALSE,0.582532274348993,0.641896605216802,0.470464655626621,0.696795192789184,1570.79,"Zhengmix8eq_HVG_full_RefinedLouvain_n0100_k-true_cs-hist_sub-0_seed-1.rds"
"abl2","ok","Zhengmix8eq","HVG_full","DIFS","hvg","mixed","Refined Louvain","true",NA,NA,0,1,1,300,300,2134,8,8,8,3994,0,2000,1721,"1:2",FALSE,0.634974120800222,0.690018241754707,0.522393093486513,0.766649974962444,1465.434,"Zhengmix8eq_HVG_full_RefinedLouvain_n0300_k-true_cs-hist_sub-0_seed-1.rds"
"abl2","ok","Zhengmix8eq","HVG_full","DIFS","hvg","mixed","Refined Louvain","true",NA,NA,0,1,1,1000,1000,2134,8,8,8,3994,0,2000,1721,"2:3",FALSE,0.731616296133881,0.770757964872439,0.623951070877876,0.831246870305458,1503.397,"Zhengmix8eq_HVG_full_RefinedLouvain_n1000_k-true_cs-hist_sub-0_seed-1.rds"
"abl2","ok","Zhengmix8eq","HVG_stage1only","DIFS_stage1only","hvg","mixed","Refined Louvain","true",NA,NA,0,1,1,100,100,2134,8,8,8,3994,0,100,NA,NA,FALSE,0.578199711682893,0.639276488783593,0.467038258670663,0.696795192789184,431.951,"Zhengmix8eq_HVG_stage1only_RefinedLouvain_n0100_k-true_cs-hist_sub-0_seed-1.rds"
"abl2","ok","Zhengmix8eq","HVG_stage1only","DIFS_stage1only","hvg","mixed","Refined Louvain","true",NA,NA,0,1,1,300,300,2134,8,8,8,3994,0,300,NA,NA,FALSE,0.616819423345723,0.671386587124097,0.503054490415102,0.738107160741112,494.575,"Zhengmix8eq_HVG_stage1only_RefinedLouvain_n0300_k-true_cs-hist_sub-0_seed-1.rds"
"abl2","ok","Zhengmix8eq","HVG_stage1only","DIFS_stage1only","hvg","mixed","Refined Louvain","true",NA,NA,0,1,1,1000,1000,2134,8,8,7,3994,0,1000,NA,NA,FALSE,0.604565400879504,0.672756687824756,0.496238722921506,0.721331997996996,430.562,"Zhengmix8eq_HVG_stage1only_RefinedLouvain_n1000_k-true_cs-hist_sub-0_seed-1.rds"
"krange","ok","Baron","DIFS","DIFS","dip","mixed","Refined Louvain","true_offset",-2,NA,0,1,1,300,300,1940,14,12,12,8569,0,1300,3161,"1:1",FALSE,0.592072009283927,0.678687904318586,0.480223853279511,0.926829268292683,2671.506,"Baron_DIFS_RefinedLouvain_n0300_k-true-2_cs-hist_sub-0_seed-1.rds"
"krange","ok","Baron","DIFS","DIFS","dip","mixed","Refined Louvain","true_offset",-1,NA,0,1,1,300,300,1940,14,13,13,8569,0,800,2624,"3:1",FALSE,0.592850939143788,0.683594606381421,0.478451467045304,0.957754697164196,3143.54,"Baron_DIFS_RefinedLouvain_n0300_k-true-1_cs-hist_sub-0_seed-1.rds"
"krange","ok","Baron","DIFS","DIFS","dip","mixed","Refined Louvain","true_offset",1,NA,0,1,1,300,300,1940,14,15,15,8569,0,1300,2647,"1:1",FALSE,0.560885267419423,0.658690192448415,0.446274147618364,0.940249737425604,2833.132,"Baron_DIFS_RefinedLouvain_n0300_k-true+1_cs-hist_sub-0_seed-1.rds"
"krange","ok","Baron","DIFS","DIFS","dip","mixed","Refined Louvain","true_offset",2,NA,0,1,1,300,300,1940,14,16,16,8569,0,1700,3314,"1:1",FALSE,0.52896714813627,0.636106981427519,0.413887462214281,0.952036410316256,2849.456,"Baron_DIFS_RefinedLouvain_n0300_k-true+2_cs-hist_sub-0_seed-1.rds"
"krange","ok","Baron","DIFS","DIFS","dip","mixed","SC3","true_offset",-2,NA,0,1,1,300,300,1940,14,12,12,8569,0,1300,3161,"1:1",FALSE,0.638286689148206,0.711594846382951,0.530935409286089,0.903372622242969,4330.129,"Baron_DIFS_SC3_n0300_k-true-2_cs-hist_sub-0_seed-1.rds"
"krange","ok","Baron","DIFS","DIFS","dip","mixed","SC3","true_offset",-1,NA,0,1,1,300,300,1940,14,13,13,8569,0,800,2624,"3:1",FALSE,0.61699882239754,0.698719323630282,0.50560325039267,0.92251137822383,4086.973,"Baron_DIFS_SC3_n0300_k-true-1_cs-hist_sub-0_seed-1.rds"
"krange","ok","Baron","DIFS","DIFS","dip","mixed","SC3","true_offset",1,NA,0,1,1,300,300,1940,14,15,15,8569,0,1300,2647,"1:1",FALSE,0.527623253447402,0.628543473516264,0.416074478866332,0.92052748278679,4150.042,"Baron_DIFS_SC3_n0300_k-true+1_cs-hist_sub-0_seed-1.rds"
"krange","ok","Baron","DIFS","DIFS","dip","mixed","SC3","true_offset",2,NA,0,1,1,300,300,1940,14,16,16,8569,0,1700,3314,"1:1",FALSE,0.540692239173547,0.643445565958976,0.426153359908637,0.9490022172949,3849.413,"Baron_DIFS_SC3_n0300_k-true+2_cs-hist_sub-0_seed-1.rds"
"krange","ok","Baron","FEAST","FEAST","dip","mixed","Refined Louvain","true_offset",-2,NA,0,1,1,300,300,1940,14,12,12,8569,0,NA,NA,NA,FALSE,0.6614139386743,0.732646635450019,0.553527688200764,0.932197455945851,76.111,"Baron_FEAST_RefinedLouvain_n0300_k-true-2_cs-hist_sub-0_seed-1.rds"
"krange","ok","Baron","FEAST","FEAST","dip","mixed","Refined Louvain","true_offset",-1,NA,0,1,1,300,300,1940,14,13,13,8569,0,NA,NA,NA,FALSE,0.674377289910947,0.746067344068455,0.565586643411078,0.952036410316256,70.711,"Baron_FEAST_RefinedLouvain_n0300_k-true-1_cs-hist_sub-0_seed-1.rds"
"krange","ok","Baron","FEAST","FEAST","dip","mixed","Refined Louvain","true_offset",1,NA,0,1,1,300,300,1940,14,15,15,8569,0,NA,NA,NA,FALSE,0.551211918002758,0.651944222184947,0.436302074139692,0.936632045746295,75.304,"Baron_FEAST_RefinedLouvain_n0300_k-true+1_cs-hist_sub-0_seed-1.rds"
"krange","ok","Baron","FEAST","FEAST","dip","mixed","Refined Louvain","true_offset",2,NA,0,1,1,300,300,1940,14,16,16,8569,0,NA,NA,NA,FALSE,0.535478401401004,0.640347723818309,0.420594387585892,0.94713502158945,73.034,"Baron_FEAST_RefinedLouvain_n0300_k-true+2_cs-hist_sub-0_seed-1.rds"
"krange","ok","Baron","FEAST","FEAST","dip","mixed","SC3","true_offset",-2,NA,0,1,1,300,300,1940,14,12,12,8569,0,NA,NA,NA,FALSE,0.632565388199027,0.709534136387935,0.522917940822912,0.92064418251838,1259.925,"Baron_FEAST_SC3_n0300_k-true-2_cs-hist_sub-0_seed-1.rds"
"krange","ok","Baron","FEAST","FEAST","dip","mixed","SC3","true_offset",-1,NA,0,1,1,300,300,1940,14,13,13,8569,0,NA,NA,NA,FALSE,0.630122843216612,0.708374937269435,0.519800748418328,0.921227681176333,1418.454,"Baron_FEAST_SC3_n0300_k-true-1_cs-hist_sub-0_seed-1.rds"
"krange","ok","Baron","FEAST","FEAST","dip","mixed","SC3","true_offset",1,NA,0,1,1,300,300,1940,14,15,15,8569,0,NA,NA,NA,FALSE,0.538045831515442,0.638212615309464,0.425291476683467,0.922628077955421,1278.205,"Baron_FEAST_SC3_n0300_k-true+1_cs-hist_sub-0_seed-1.rds"
"krange","ok","Baron","FEAST","FEAST","dip","mixed","SC3","true_offset",2,NA,0,1,1,300,300,1940,14,16,16,8569,0,NA,NA,NA,FALSE,0.49720110573094,0.600327285095038,0.389808865388195,0.902205624927063,1471.395,"Baron_FEAST_SC3_n0300_k-true+2_cs-hist_sub-0_seed-1.rds"
"krange","ok","Baron","Seurat","Seurat","dip","mixed","Refined Louvain","true_offset",-2,NA,0,1,1,300,300,1940,14,12,12,8569,0,NA,NA,NA,FALSE,0.778408330189341,0.820948794252852,0.695277407119272,0.881082973509161,56.765,"Baron_Seurat_RefinedLouvain_n0300_k-true-2_cs-hist_sub-0_seed-1.rds"
"krange","ok","Baron","Seurat","Seurat","dip","mixed","Refined Louvain","true_offset",-1,NA,0,1,1,300,300,1940,14,13,13,8569,0,NA,NA,NA,FALSE,0.697219946968626,0.754761603018198,0.600755967782008,0.880266075388027,56.83,"Baron_Seurat_RefinedLouvain_n0300_k-true-1_cs-hist_sub-0_seed-1.rds"
"krange","ok","Baron","Seurat","Seurat","dip","mixed","Refined Louvain","true_offset",1,NA,0,1,1,300,300,1940,14,15,14,8569,0,NA,NA,NA,FALSE,0.561415318664332,0.646730988786146,0.455817885227734,0.889251954720504,62.631,"Baron_Seurat_RefinedLouvain_n0300_k-true+1_cs-hist_sub-0_seed-1.rds"
"krange","ok","Baron","Seurat","Seurat","dip","mixed","Refined Louvain","true_offset",2,NA,0,1,1,300,300,1940,14,16,16,8569,0,NA,NA,NA,FALSE,0.579924189054048,0.665966345318733,0.470169753981132,0.906056716069553,69.946,"Baron_Seurat_RefinedLouvain_n0300_k-true+2_cs-hist_sub-0_seed-1.rds"
"krange","ok","Baron","Seurat","Seurat","dip","mixed","SC3","true_offset",-2,NA,0,1,1,300,300,1940,14,12,12,8569,0,NA,NA,NA,FALSE,0.715363722407181,0.77083473863186,0.618045727688074,0.854008635780138,1301.354,"Baron_Seurat_SC3_n0300_k-true-2_cs-hist_sub-0_seed-1.rds"
"krange","ok","Baron","Seurat","Seurat","dip","mixed","SC3","true_offset",-1,NA,0,1,1,300,300,1940,14,13,13,8569,0,NA,NA,NA,FALSE,0.75917755263437,0.806349067441363,0.668494568626168,0.866262107597152,1420.262,"Baron_Seurat_SC3_n0300_k-true-1_cs-hist_sub-0_seed-1.rds"
"krange","ok","Baron","Seurat","Seurat","dip","mixed","SC3","true_offset",1,NA,0,1,1,300,300,1940,14,15,15,8569,0,NA,NA,NA,FALSE,0.548915213294691,0.642121694384682,0.438862426307293,0.900805228147975,1435.256,"Baron_Seurat_SC3_n0300_k-true+1_cs-hist_sub-0_seed-1.rds"
"krange","ok","Baron","Seurat","Seurat","dip","mixed","SC3","true_offset",2,NA,0,1,1,300,300,1940,14,16,16,8569,0,NA,NA,NA,FALSE,0.612185738188655,0.69421112379048,0.501086349401764,0.917726689228615,1337.812,"Baron_Seurat_SC3_n0300_k-true+2_cs-hist_sub-0_seed-1.rds"
"krange","ok","Darmanis","DIFS","DIFS","dip","mixed","Refined Louvain","true_offset",-2,NA,0,1,1,300,300,2346,9,7,8,466,0,1700,3067,"3:1",FALSE,0.74053426302747,0.788257178163307,0.649648182275088,0.809012875536481,157.663,"Darmanis_DIFS_RefinedLouvain_n0300_k-true-2_cs-hist_sub-0_seed-1.rds"
"krange","ok","Darmanis","DIFS","DIFS","dip","mixed","Refined Louvain","true_offset",-1,NA,0,1,1,300,300,2346,9,8,8,466,0,700,3355,"3:2",FALSE,0.606305990081257,0.671559793191392,0.502635900095065,0.778969957081545,205.446,"Darmanis_DIFS_RefinedLouvain_n0300_k-true-1_cs-hist_sub-0_seed-1.rds"
"krange","ok","Darmanis","DIFS","DIFS","dip","mixed","Refined Louvain","true_offset",1,NA,0,1,1,300,300,2346,9,10,10,466,0,800,3443,"2:3",FALSE,0.589613100575822,0.658829868863389,0.480064382616693,0.815450643776824,183.282,"Darmanis_DIFS_RefinedLouvain_n0300_k-true+1_cs-hist_sub-0_seed-1.rds"
"krange","ok","Darmanis","DIFS","DIFS","dip","mixed","Refined Louvain","true_offset",2,NA,0,1,1,300,300,2346,9,11,11,466,0,1800,3653,"3:2",FALSE,0.59620738421084,0.666231939692426,0.484059887592689,0.84549356223176,170.221,"Darmanis_DIFS_RefinedLouvain_n0300_k-true+2_cs-hist_sub-0_seed-1.rds"
"krange","ok","Darmanis","DIFS","DIFS","dip","mixed","SC3","true_offset",-2,NA,0,1,1,300,300,2346,9,7,7,466,0,1700,3067,"3:1",FALSE,0.709843512604319,0.771335688168791,0.6210890036452,0.770386266094421,200.927,"Darmanis_DIFS_SC3_n0300_k-true-2_cs-hist_sub-0_seed-1.rds"
"krange","ok","Darmanis","DIFS","DIFS","dip","mixed","SC3","true_offset",-1,NA,0,1,1,300,300,2346,9,8,8,466,0,700,3355,"3:2",FALSE,0.748499996341638,0.793273176081239,0.65720683863744,0.798283261802575,239.509,"Darmanis_DIFS_SC3_n0300_k-true-1_cs-hist_sub-0_seed-1.rds"
"krange","ok","Darmanis","DIFS","DIFS","dip","mixed","SC3","true_offset",1,NA,0,1,1,300,300,2346,9,10,10,466,0,800,3443,"2:3",FALSE,0.674478777949081,0.729420488766138,0.568740222692555,0.839055793991416,231.546,"Darmanis_DIFS_SC3_n0300_k-true+1_cs-hist_sub-0_seed-1.rds"
"krange","ok","Darmanis","DIFS","DIFS","dip","mixed","SC3","true_offset",2,NA,0,1,1,300,300,2346,9,11,11,466,0,1800,3653,"3:2",FALSE,0.690777525979946,0.742988187066044,0.58668937266995,0.873390557939914,248.333,"Darmanis_DIFS_SC3_n0300_k-true+2_cs-hist_sub-0_seed-1.rds"
"krange","ok","Darmanis","FEAST","FEAST","dip","mixed","Refined Louvain","true_offset",-2,NA,0,1,1,300,300,2346,9,7,7,466,0,NA,NA,NA,FALSE,0.686937620742175,0.745757319229774,0.593115797851174,0.772532188841202,8.904,"Darmanis_FEAST_RefinedLouvain_n0300_k-true-2_cs-hist_sub-0_seed-1.rds"
"krange","ok","Darmanis","FEAST","FEAST","dip","mixed","Refined Louvain","true_offset",-1,NA,0,1,1,300,300,2346,9,8,8,466,0,NA,NA,NA,FALSE,0.655522353363644,0.716231266271707,0.557872826708024,0.770386266094421,9.333,"Darmanis_FEAST_RefinedLouvain_n0300_k-true-1_cs-hist_sub-0_seed-1.rds"
"krange","ok","Darmanis","FEAST","FEAST","dip","mixed","Refined Louvain","true_offset",1,NA,0,1,1,300,300,2346,9,10,10,466,0,NA,NA,NA,FALSE,0.550148635611191,0.625297563187436,0.442358516358334,0.813304721030043,10.685,"Darmanis_FEAST_RefinedLouvain_n0300_k-true+1_cs-hist_sub-0_seed-1.rds"
"krange","ok","Darmanis","FEAST","FEAST","dip","mixed","Refined Louvain","true_offset",2,NA,0,1,1,300,300,2346,9,11,11,466,0,NA,NA,NA,FALSE,0.495670267346066,0.580591879299283,0.389836778101447,0.811158798283262,11.267,"Darmanis_FEAST_RefinedLouvain_n0300_k-true+2_cs-hist_sub-0_seed-1.rds"
"krange","ok","Darmanis","FEAST","FEAST","dip","mixed","SC3","true_offset",-2,NA,0,1,1,300,300,2346,9,7,7,466,0,NA,NA,NA,FALSE,0.711210201396768,0.769154657592107,0.620860668541081,0.757510729613734,103.266,"Darmanis_FEAST_SC3_n0300_k-true-2_cs-hist_sub-0_seed-1.rds"
"krange","ok","Darmanis","FEAST","FEAST","dip","mixed","SC3","true_offset",-1,NA,0,1,1,300,300,2346,9,8,8,466,0,NA,NA,NA,FALSE,0.714224386305698,0.769495651499473,0.622835022747226,0.772532188841202,112.976,"Darmanis_FEAST_SC3_n0300_k-true-1_cs-hist_sub-0_seed-1.rds"
"krange","ok","Darmanis","FEAST","FEAST","dip","mixed","SC3","true_offset",1,NA,0,1,1,300,300,2346,9,10,10,466,0,NA,NA,NA,FALSE,0.734029535729716,0.779364501913029,0.63798418442568,0.82618025751073,104.657,"Darmanis_FEAST_SC3_n0300_k-true+1_cs-hist_sub-0_seed-1.rds"
"krange","ok","Darmanis","FEAST","FEAST","dip","mixed","SC3","true_offset",2,NA,0,1,1,300,300,2346,9,11,11,466,0,NA,NA,NA,FALSE,0.770728158806808,0.809817782924179,0.678134881306338,0.851931330472103,115.882,"Darmanis_FEAST_SC3_n0300_k-true+2_cs-hist_sub-0_seed-1.rds"
"krange","ok","Darmanis","Seurat","Seurat","dip","mixed","Refined Louvain","true_offset",-2,NA,0,1,1,300,300,2346,9,7,7,466,0,NA,NA,NA,FALSE,0.738634672950191,0.791456707856272,0.650574621227184,0.802575107296137,4.251,"Darmanis_Seurat_RefinedLouvain_n0300_k-true-2_cs-hist_sub-0_seed-1.rds"
"krange","ok","Darmanis","Seurat","Seurat","dip","mixed","Refined Louvain","true_offset",-1,NA,0,1,1,300,300,2346,9,8,8,466,0,NA,NA,NA,FALSE,0.635066650146598,0.696733077772386,0.533938370620515,0.802575107296137,4.452,"Darmanis_Seurat_RefinedLouvain_n0300_k-true-1_cs-hist_sub-0_seed-1.rds"
"krange","ok","Darmanis","Seurat","Seurat","dip","mixed","Refined Louvain","true_offset",1,NA,0,1,1,300,300,2346,9,10,10,466,0,NA,NA,NA,FALSE,0.514141241887815,0.594802177705096,0.408752158502227,0.813304721030043,4.88,"Darmanis_Seurat_RefinedLouvain_n0300_k-true+1_cs-hist_sub-0_seed-1.rds"
"krange","ok","Darmanis","Seurat","Seurat","dip","mixed","Refined Louvain","true_offset",2,NA,0,1,1,300,300,2346,9,11,11,466,0,NA,NA,NA,FALSE,0.519830435940043,0.601478085065292,0.411425381466319,0.836909871244635,4.49,"Darmanis_Seurat_RefinedLouvain_n0300_k-true+2_cs-hist_sub-0_seed-1.rds"
"krange","ok","Darmanis","Seurat","Seurat","dip","mixed","SC3","true_offset",-2,NA,0,1,1,300,300,2346,9,7,7,466,0,NA,NA,NA,FALSE,0.752818264083078,0.797549335669175,0.662795662197934,0.800429184549356,89.913,"Darmanis_Seurat_SC3_n0300_k-true-2_cs-hist_sub-0_seed-1.rds"
"krange","ok","Darmanis","Seurat","Seurat","dip","mixed","SC3","true_offset",-1,NA,0,1,1,300,300,2346,9,8,8,466,0,NA,NA,NA,FALSE,0.758946213082188,0.802929888034004,0.670078908082747,0.813304721030043,100.743,"Darmanis_Seurat_SC3_n0300_k-true-1_cs-hist_sub-0_seed-1.rds"
"krange","ok","Darmanis","Seurat","Seurat","dip","mixed","SC3","true_offset",1,NA,0,1,1,300,300,2346,9,10,10,466,0,NA,NA,NA,FALSE,0.657909573130886,0.715208420192084,0.554771092790738,0.815450643776824,114.454,"Darmanis_Seurat_SC3_n0300_k-true+1_cs-hist_sub-0_seed-1.rds"
"krange","ok","Darmanis","Seurat","Seurat","dip","mixed","SC3","true_offset",2,NA,0,1,1,300,300,2346,9,11,11,466,0,NA,NA,NA,FALSE,0.660549379041444,0.717496958013892,0.554763741999909,0.839055793991416,115.854,"Darmanis_Seurat_SC3_n0300_k-true+2_cs-hist_sub-0_seed-1.rds"
"krange","ok","Fletcher","DIFS","DIFS","dip","mixed","Refined Louvain","true_offset",-2,NA,0,1,1,300,300,2918,13,11,11,616,0,2500,3985,"1:3",FALSE,0.706147374222609,0.739215989996923,0.583554166831468,0.819805194805195,210.341,"Fletcher_DIFS_RefinedLouvain_n0300_k-true-2_cs-hist_sub-0_seed-1.rds"
"krange","ok","Fletcher","DIFS","DIFS","dip","mixed","Refined Louvain","true_offset",-1,NA,0,1,1,300,300,2918,13,12,12,616,0,2200,3974,"3:1",FALSE,0.832032593988949,0.848613685338899,0.736976863274522,0.876623376623377,263.205,"Fletcher_DIFS_RefinedLouvain_n0300_k-true-1_cs-hist_sub-0_seed-1.rds"
"krange","ok","Fletcher","DIFS","DIFS","dip","mixed","Refined Louvain","true_offset",1,NA,0,1,1,300,300,2918,13,14,14,616,0,2200,3916,"1:1",FALSE,0.723716897839816,0.75068300493996,0.59835799434111,0.87987012987013,275.685,"Fletcher_DIFS_RefinedLouvain_n0300_k-true+1_cs-hist_sub-0_seed-1.rds"
"krange","ok","Fletcher","DIFS","DIFS","dip","mixed","Refined Louvain","true_offset",2,NA,0,1,1,300,300,2918,13,15,15,616,0,2500,3690,"2:1",FALSE,0.744803402395405,0.770308490626962,0.622870467307509,0.891233766233766,262.704,"Fletcher_DIFS_RefinedLouvain_n0300_k-true+2_cs-hist_sub-0_seed-1.rds"
"krange","ok","Fletcher","DIFS","DIFS","dip","mixed","SC3","true_offset",-2,NA,0,1,1,300,300,2918,13,11,11,616,0,2500,3985,"1:3",FALSE,0.72777439540173,0.759188276003574,0.608418112906443,0.811688311688312,371.542,"Fletcher_DIFS_SC3_n0300_k-true-2_cs-hist_sub-0_seed-1.rds"
"krange","ok","Fletcher","DIFS","DIFS","dip","mixed","SC3","true_offset",-1,NA,0,1,1,300,300,2918,13,12,12,616,0,2200,3974,"3:1",FALSE,0.767391796024346,0.794617395548953,0.655548243810151,0.826298701298701,387.932,"Fletcher_DIFS_SC3_n0300_k-true-1_cs-hist_sub-0_seed-1.rds"
"krange","ok","Fletcher","DIFS","DIFS","dip","mixed","SC3","true_offset",1,NA,0,1,1,300,300,2918,13,14,14,616,0,2200,3916,"1:1",FALSE,0.695539167971616,0.725289499179412,0.568982325265969,0.819805194805195,429.988,"Fletcher_DIFS_SC3_n0300_k-true+1_cs-hist_sub-0_seed-1.rds"
"krange","ok","Fletcher","DIFS","DIFS","dip","mixed","SC3","true_offset",2,NA,0,1,1,300,300,2918,13,15,15,616,0,2500,3690,"2:1",FALSE,0.734394536077026,0.760430100259928,0.610848725742343,0.883116883116883,397.856,"Fletcher_DIFS_SC3_n0300_k-true+2_cs-hist_sub-0_seed-1.rds"
"krange","ok","Fletcher","FEAST","FEAST","dip","mixed","Refined Louvain","true_offset",-2,NA,0,1,1,300,300,2918,13,11,11,616,0,NA,NA,NA,FALSE,0.749022400671986,0.779189029684693,0.633703451316792,0.814935064935065,11.993,"Fletcher_FEAST_RefinedLouvain_n0300_k-true-2_cs-hist_sub-0_seed-1.rds"
"krange","ok","Fletcher","FEAST","FEAST","dip","mixed","Refined Louvain","true_offset",-1,NA,0,1,1,300,300,2918,13,12,12,616,0,NA,NA,NA,FALSE,0.780381567505831,0.803280650908915,0.670356863766606,0.842532467532468,14.292,"Fletcher_FEAST_RefinedLouvain_n0300_k-true-1_cs-hist_sub-0_seed-1.rds"
"krange","ok","Fletcher","FEAST","FEAST","dip","mixed","Refined Louvain","true_offset",1,NA,0,1,1,300,300,2918,13,14,14,616,0,NA,NA,NA,FALSE,0.731824690202215,0.757531327496023,0.609145737690161,0.866883116883117,13.999,"Fletcher_FEAST_RefinedLouvain_n0300_k-true+1_cs-hist_sub-0_seed-1.rds"
"krange","ok","Fletcher","FEAST","FEAST","dip","mixed","Refined Louvain","true_offset",2,NA,0,1,1,300,300,2918,13,15,15,616,0,NA,NA,NA,FALSE,0.628110188198853,0.664884030484353,0.492528527440681,0.844155844155844,13.703,"Fletcher_FEAST_RefinedLouvain_n0300_k-true+2_cs-hist_sub-0_seed-1.rds"
"krange","ok","Fletcher","FEAST","FEAST","dip","mixed","SC3","true_offset",-2,NA,0,1,1,300,300,2918,13,11,11,616,0,NA,NA,NA,FALSE,0.693468920226302,0.733138283387107,0.571306638957955,0.774350649350649,141.497,"Fletcher_FEAST_SC3_n0300_k-true-2_cs-hist_sub-0_seed-1.rds"
"krange","ok","Fletcher","FEAST","FEAST","dip","mixed","SC3","true_offset",-1,NA,0,1,1,300,300,2918,13,12,12,616,0,NA,NA,NA,FALSE,0.741836026202898,0.77185716203318,0.624869088858455,0.810064935064935,177.231,"Fletcher_FEAST_SC3_n0300_k-true-1_cs-hist_sub-0_seed-1.rds"
"krange","ok","Fletcher","FEAST","FEAST","dip","mixed","SC3","true_offset",1,NA,0,1,1,300,300,2918,13,14,14,616,0,NA,NA,NA,FALSE,0.743922598154806,0.769386942769336,0.625081165317519,0.831168831168831,182.667,"Fletcher_FEAST_SC3_n0300_k-true+1_cs-hist_sub-0_seed-1.rds"
"krange","ok","Fletcher","FEAST","FEAST","dip","mixed","SC3","true_offset",2,NA,0,1,1,300,300,2918,13,15,15,616,0,NA,NA,NA,FALSE,0.750039264625527,0.774960617772342,0.632444868900851,0.86525974025974,165.283,"Fletcher_FEAST_SC3_n0300_k-true+2_cs-hist_sub-0_seed-1.rds"
"krange","ok","Fletcher","Seurat","Seurat","dip","mixed","Refined Louvain","true_offset",-2,NA,0,1,1,300,300,2918,13,11,11,616,0,NA,NA,NA,FALSE,0.643698763868097,0.679040937779501,0.5139662549447,0.732142857142857,6.39,"Fletcher_Seurat_RefinedLouvain_n0300_k-true-2_cs-hist_sub-0_seed-1.rds"
"krange","ok","Fletcher","Seurat","Seurat","dip","mixed","Refined Louvain","true_offset",-1,NA,0,1,1,300,300,2918,13,12,12,616,0,NA,NA,NA,FALSE,0.685786869412353,0.716228987207492,0.557886689883632,0.772727272727273,5.001,"Fletcher_Seurat_RefinedLouvain_n0300_k-true-1_cs-hist_sub-0_seed-1.rds"
"krange","ok","Fletcher","Seurat","Seurat","dip","mixed","Refined Louvain","true_offset",1,NA,0,1,1,300,300,2918,13,14,14,616,0,NA,NA,NA,FALSE,0.536128077069759,0.580147687781361,0.404420218881744,0.76461038961039,4.737,"Fletcher_Seurat_RefinedLouvain_n0300_k-true+1_cs-hist_sub-0_seed-1.rds"
"krange","ok","Fletcher","Seurat","Seurat","dip","mixed","Refined Louvain","true_offset",2,NA,0,1,1,300,300,2918,13,15,15,616,0,NA,NA,NA,FALSE,0.531242010719139,0.576700954778236,0.398631271522601,0.774350649350649,5.018,"Fletcher_Seurat_RefinedLouvain_n0300_k-true+2_cs-hist_sub-0_seed-1.rds"
"krange","ok","Fletcher","Seurat","Seurat","dip","mixed","SC3","true_offset",-2,NA,0,1,1,300,300,2918,13,11,11,616,0,NA,NA,NA,FALSE,0.741500609606775,0.768339943009172,0.623013028629253,0.821428571428571,168.826,"Fletcher_Seurat_SC3_n0300_k-true-2_cs-hist_sub-0_seed-1.rds"
"krange","ok","Fletcher","Seurat","Seurat","dip","mixed","SC3","true_offset",-1,NA,0,1,1,300,300,2918,13,12,12,616,0,NA,NA,NA,FALSE,0.740742529307571,0.767139509565378,0.62178613996254,0.831168831168831,175.698,"Fletcher_Seurat_SC3_n0300_k-true-1_cs-hist_sub-0_seed-1.rds"
"krange","ok","Fletcher","Seurat","Seurat","dip","mixed","SC3","true_offset",1,NA,0,1,1,300,300,2918,13,14,14,616,0,NA,NA,NA,FALSE,0.697077569142794,0.726372612469445,0.568024736267734,0.827922077922078,186.499,"Fletcher_Seurat_SC3_n0300_k-true+1_cs-hist_sub-0_seed-1.rds"
"krange","ok","Fletcher","Seurat","Seurat","dip","mixed","SC3","true_offset",2,NA,0,1,1,300,300,2918,13,15,15,616,0,NA,NA,NA,FALSE,0.698726842905503,0.727547943091041,0.570683196575098,0.826298701298701,212.052,"Fletcher_Seurat_SC3_n0300_k-true+2_cs-hist_sub-0_seed-1.rds"
"krange","ok","Koh","DIFS","DIFS","dip","mixed","Refined Louvain","true_offset",-2,NA,0,1,1,300,300,1156,9,7,7,531,0,500,1683,"1:1",FALSE,0.838239064708374,0.867333388005422,0.75438516561119,0.871939736346516,127.663,"Koh_DIFS_RefinedLouvain_n0300_k-true-2_cs-hist_sub-0_seed-1.rds"
"krange","ok","Koh","DIFS","DIFS","dip","mixed","Refined Louvain","true_offset",-1,NA,0,1,1,300,300,1156,9,8,8,531,0,500,1758,"1:3",FALSE,0.867524221281142,0.888971443989097,0.793433586383637,0.909604519774011,153.124,"Koh_DIFS_RefinedLouvain_n0300_k-true-1_cs-hist_sub-0_seed-1.rds"
"krange","ok","Koh","DIFS","DIFS","dip","mixed","Refined Louvain","true_offset",1,NA,0,1,1,300,300,1156,9,10,10,531,0,700,1697,"3:1",FALSE,0.924878324346787,0.934092153510582,0.875304206744698,0.981167608286252,168.952,"Koh_DIFS_RefinedLouvain_n0300_k-true+1_cs-hist_sub-0_seed-1.rds"
"krange","ok","Koh","DIFS","DIFS","dip","mixed","Refined Louvain","true_offset",2,NA,0,1,1,300,300,1156,9,11,10,531,0,700,1650,"2:1",FALSE,0.928129482012244,0.936941711294949,0.880396935933148,0.983050847457627,163.742,"Koh_DIFS_RefinedLouvain_n0300_k-true+2_cs-hist_sub-0_seed-1.rds"
"krange","ok","Koh","DIFS","DIFS","dip","mixed","SC3","true_offset",-2,NA,0,1,1,300,300,1156,9,7,7,531,0,500,1683,"1:1",FALSE,0.779725682584503,0.825331734377493,0.681868288898869,0.817325800376648,226.451,"Koh_DIFS_SC3_n0300_k-true-2_cs-hist_sub-0_seed-1.rds"
"krange","ok","Koh","DIFS","DIFS","dip","mixed","SC3","true_offset",-1,NA,0,1,1,300,300,1156,9,8,8,531,0,500,1758,"1:3",FALSE,0.955365213590123,0.961623578787278,0.924719907279651,0.958568738229755,268.719,"Koh_DIFS_SC3_n0300_k-true-1_cs-hist_sub-0_seed-1.rds"
"krange","ok","Koh","DIFS","DIFS","dip","mixed","SC3","true_offset",1,NA,0,1,1,300,300,1156,9,10,10,531,0,700,1697,"3:1",FALSE,0.976050351912258,0.97889986144461,0.958649045521292,0.990583804143126,280.88,"Koh_DIFS_SC3_n0300_k-true+1_cs-hist_sub-0_seed-1.rds"
"krange","ok","Koh","DIFS","DIFS","dip","mixed","SC3","true_offset",2,NA,0,1,1,300,300,1156,9,11,11,531,0,700,1650,"2:1",FALSE,0.944347074249263,0.951746508500865,0.905953870910066,0.990583804143126,243.914,"Koh_DIFS_SC3_n0300_k-true+2_cs-hist_sub-0_seed-1.rds"
"krange","ok","Koh","FEAST","FEAST","dip","mixed","Refined Louvain","true_offset",-2,NA,0,1,1,300,300,1156,9,7,7,531,0,NA,NA,NA,FALSE,0.833021255402306,0.862924626499501,0.747495807460454,0.870056497175141,12,"Koh_FEAST_RefinedLouvain_n0300_k-true-2_cs-hist_sub-0_seed-1.rds"
"krange","ok","Koh","FEAST","FEAST","dip","mixed","Refined Louvain","true_offset",-1,NA,0,1,1,300,300,1156,9,8,8,531,0,NA,NA,NA,FALSE,0.937538652513517,0.946075571017541,0.896239214196559,0.951035781544256,14.202,"Koh_FEAST_RefinedLouvain_n0300_k-true-1_cs-hist_sub-0_seed-1.rds"
"krange","ok","Koh","FEAST","FEAST","dip","mixed","Refined Louvain","true_offset",1,NA,0,1,1,300,300,1156,9,10,10,531,0,NA,NA,NA,FALSE,0.941998130557523,0.949081489489942,0.902427637721755,0.983050847457627,13.992,"Koh_FEAST_RefinedLouvain_n0300_k-true+1_cs-hist_sub-0_seed-1.rds"
"krange","ok","Koh","FEAST","FEAST","dip","mixed","Refined Louvain","true_offset",2,NA,0,1,1,300,300,1156,9,11,11,531,0,NA,NA,NA,FALSE,0.910468085291583,0.921733793263632,0.852881434623643,0.981167608286252,12.691,"Koh_FEAST_RefinedLouvain_n0300_k-true+2_cs-hist_sub-0_seed-1.rds"
"krange","ok","Koh","FEAST","FEAST","dip","mixed","SC3","true_offset",-2,NA,0,1,1,300,300,1156,9,7,7,531,0,NA,NA,NA,FALSE,0.845458153104473,0.87370126740095,0.764067579323291,0.875706214689266,105.349,"Koh_FEAST_SC3_n0300_k-true-2_cs-hist_sub-0_seed-1.rds"
"krange","ok","Koh","FEAST","FEAST","dip","mixed","SC3","true_offset",-1,NA,0,1,1,300,300,1156,9,8,8,531,0,NA,NA,NA,FALSE,0.941729703771357,0.949674538072688,0.902842179913807,0.952919020715631,113.576,"Koh_FEAST_SC3_n0300_k-true-1_cs-hist_sub-0_seed-1.rds"
"krange","ok","Koh","FEAST","FEAST","dip","mixed","SC3","true_offset",1,NA,0,1,1,300,300,1156,9,10,10,531,0,NA,NA,NA,FALSE,0.980297986245917,0.982652559034285,0.96584731741905,0.994350282485876,127.814,"Koh_FEAST_SC3_n0300_k-true+1_cs-hist_sub-0_seed-1.rds"
"krange","ok","Koh","FEAST","FEAST","dip","mixed","SC3","true_offset",2,NA,0,1,1,300,300,1156,9,11,11,531,0,NA,NA,NA,FALSE,0.957662399606399,0.962970101602708,0.927814295019838,0.988700564971751,130.589,"Koh_FEAST_SC3_n0300_k-true+2_cs-hist_sub-0_seed-1.rds"
"krange","ok","Koh","Seurat","Seurat","dip","mixed","Refined Louvain","true_offset",-2,NA,0,1,1,300,300,1156,9,7,7,531,0,NA,NA,NA,FALSE,0.745067910468507,0.797595559774114,0.641351203072341,0.804143126177024,8.265,"Koh_Seurat_RefinedLouvain_n0300_k-true-2_cs-hist_sub-0_seed-1.rds"
"krange","ok","Koh","Seurat","Seurat","dip","mixed","Refined Louvain","true_offset",-1,NA,0,1,1,300,300,1156,9,8,8,531,0,NA,NA,NA,FALSE,0.916122838113421,0.927612441318443,0.863205298013245,0.941619585687382,6.788,"Koh_Seurat_RefinedLouvain_n0300_k-true-1_cs-hist_sub-0_seed-1.rds"
"krange","ok","Koh","Seurat","Seurat","dip","mixed","Refined Louvain","true_offset",1,NA,0,1,1,300,300,1156,9,10,8,531,0,NA,NA,NA,FALSE,0.916122838113421,0.927612441318443,0.863205298013245,0.941619585687382,8.272,"Koh_Seurat_RefinedLouvain_n0300_k-true+1_cs-hist_sub-0_seed-1.rds"
"krange","ok","Koh","Seurat","Seurat","dip","mixed","Refined Louvain","true_offset",2,NA,0,1,1,300,300,1156,9,11,8,531,0,NA,NA,NA,FALSE,0.916122838113421,0.927612441318443,0.863205298013245,0.941619585687382,8.147,"Koh_Seurat_RefinedLouvain_n0300_k-true+2_cs-hist_sub-0_seed-1.rds"
"krange","ok","Koh","Seurat","Seurat","dip","mixed","SC3","true_offset",-2,NA,0,1,1,300,300,1156,9,7,7,531,0,NA,NA,NA,FALSE,0.763305395399851,0.811287645848177,0.662223654008779,0.809792843691149,98.531,"Koh_Seurat_SC3_n0300_k-true-2_cs-hist_sub-0_seed-1.rds"
"krange","ok","Koh","Seurat","Seurat","dip","mixed","SC3","true_offset",-1,NA,0,1,1,300,300,1156,9,8,8,531,0,NA,NA,NA,FALSE,0.927474196962989,0.937368800077694,0.880556152029203,0.947269303201507,105.682,"Koh_Seurat_SC3_n0300_k-true-1_cs-hist_sub-0_seed-1.rds"
"krange","ok","Koh","Seurat","Seurat","dip","mixed","SC3","true_offset",1,NA,0,1,1,300,300,1156,9,10,10,531,0,NA,NA,NA,FALSE,0.979902679939111,0.982310207710242,0.965168539325843,0.992467043314501,112.222,"Koh_Seurat_SC3_n0300_k-true+1_cs-hist_sub-0_seed-1.rds"
"krange","ok","Koh","Seurat","Seurat","dip","mixed","SC3","true_offset",2,NA,0,1,1,300,300,1156,9,11,11,531,0,NA,NA,NA,FALSE,0.941920141272102,0.949376935340965,0.902128917800118,0.992467043314501,132.408,"Koh_Seurat_SC3_n0300_k-true+2_cs-hist_sub-0_seed-1.rds"
"krange","skipped_k_below_2","Kumar","DIFS",NA,NA,NA,"Refined Louvain","",-2,NA,0,1,1,300,NA,NA,3,NA,NA,NA,NA,NA,NA,NA,NA,NA,NA,NA,NA,NA,"Kumar_DIFS_RefinedLouvain_n0300_k-true-2_cs-hist_sub-0_seed-1.rds"
"krange","ok","Kumar","DIFS","DIFS","dip","mixed","Refined Louvain","true_offset",-1,NA,0,1,1,300,300,453,3,2,3,246,0,453,563,"1:1",FALSE,0.975764779664105,0.983914754264005,0.968337218337218,0.991869918699187,54.288,"Kumar_DIFS_RefinedLouvain_n0300_k-true-1_cs-hist_sub-0_seed-1.rds"
"krange","ok","Kumar","DIFS","DIFS","dip","mixed","Refined Louvain","true_offset",1,NA,0,1,1,300,300,453,3,4,4,246,0,453,610,"3:1",FALSE,0.853616552435973,0.902159519647642,0.815112855740923,0.991869918699187,62.324,"Kumar_DIFS_RefinedLouvain_n0300_k-true+1_cs-hist_sub-0_seed-1.rds"
"krange","ok","Kumar","DIFS","DIFS","dip","mixed","Refined Louvain","true_offset",2,NA,0,1,1,300,300,453,3,5,5,246,0,453,640,"1:2",FALSE,0.726023837560554,0.814881388278211,0.668485143692158,0.991869918699187,65.272,"Kumar_DIFS_RefinedLouvain_n0300_k-true+2_cs-hist_sub-0_seed-1.rds"
"krange","skipped_k_below_2","Kumar","DIFS",NA,NA,NA,"SC3","",-2,NA,0,1,1,300,NA,NA,3,NA,NA,NA,NA,NA,NA,NA,NA,NA,NA,NA,NA,NA,"Kumar_DIFS_SC3_n0300_k-true-2_cs-hist_sub-0_seed-1.rds"
"krange","ok","Kumar","DIFS","DIFS","dip","mixed","SC3","true_offset",-1,NA,0,1,1,300,300,453,3,2,2,246,0,453,563,"1:1",FALSE,0.512520982858978,0.751444689747559,0.564669121749805,0.66260162601626,92.862,"Kumar_DIFS_SC3_n0300_k-true-1_cs-hist_sub-0_seed-1.rds"
"krange","ok","Kumar","DIFS","DIFS","dip","mixed","SC3","true_offset",1,NA,0,1,1,300,300,453,3,4,4,246,0,453,610,"3:1",FALSE,0.989999224077944,0.993357384469775,0.986758893280632,1,108.564,"Kumar_DIFS_SC3_n0300_k-true+1_cs-hist_sub-0_seed-1.rds"
"krange","ok","Kumar","DIFS","DIFS","dip","mixed","SC3","true_offset",2,NA,0,1,1,300,300,453,3,5,5,246,0,453,640,"1:2",FALSE,0.962040957469089,0.974780810468947,0.950197628458498,1,91.803,"Kumar_DIFS_SC3_n0300_k-true+2_cs-hist_sub-0_seed-1.rds"
"krange","skipped_k_below_2","Kumar","FEAST",NA,NA,NA,"Refined Louvain","",-2,NA,0,1,1,300,NA,NA,3,NA,NA,NA,NA,NA,NA,NA,NA,NA,NA,NA,NA,NA,"Kumar_FEAST_RefinedLouvain_n0300_k-true-2_cs-hist_sub-0_seed-1.rds"
"krange","ok","Kumar","FEAST","FEAST","dip","mixed","Refined Louvain","true_offset",-1,NA,0,1,1,300,300,453,3,2,3,246,0,NA,NA,NA,FALSE,0.974806339315736,0.983285017754355,0.967116112135028,0.991869918699187,11.468,"Kumar_FEAST_RefinedLouvain_n0300_k-true-1_cs-hist_sub-0_seed-1.rds"
"krange","ok","Kumar","FEAST","FEAST","dip","mixed","Refined Louvain","true_offset",1,NA,0,1,1,300,300,453,3,4,4,246,0,NA,NA,NA,FALSE,0.828855667187985,0.885664986093329,0.785130477597243,0.995934959349594,8.978,"Kumar_FEAST_RefinedLouvain_n0300_k-true+1_cs-hist_sub-0_seed-1.rds"
"krange","ok","Kumar","FEAST","FEAST","dip","mixed","Refined Louvain","true_offset",2,NA,0,1,1,300,300,453,3,5,5,246,0,NA,NA,NA,FALSE,0.733492075083865,0.820932769504221,0.675036927621861,0.995934959349594,7.99,"Kumar_FEAST_RefinedLouvain_n0300_k-true+2_cs-hist_sub-0_seed-1.rds"
"krange","skipped_k_below_2","Kumar","FEAST",NA,NA,NA,"SC3","",-2,NA,0,1,1,300,NA,NA,3,NA,NA,NA,NA,NA,NA,NA,NA,NA,NA,NA,NA,NA,"Kumar_FEAST_SC3_n0300_k-true-2_cs-hist_sub-0_seed-1.rds"
"krange","ok","Kumar","FEAST","FEAST","dip","mixed","SC3","true_offset",-1,NA,0,1,1,300,300,453,3,2,2,246,0,NA,NA,NA,FALSE,0.512520982858978,0.751444689747559,0.564669121749805,0.66260162601626,40.258,"Kumar_FEAST_SC3_n0300_k-true-1_cs-hist_sub-0_seed-1.rds"
"krange","ok","Kumar","FEAST","FEAST","dip","mixed","SC3","true_offset",1,NA,0,1,1,300,300,453,3,4,4,246,0,NA,NA,NA,FALSE,0.993887910924626,0.995940376328614,0.991897233201581,1,46.108,"Kumar_FEAST_SC3_n0300_k-true+1_cs-hist_sub-0_seed-1.rds"
"krange","ok","Kumar","FEAST","FEAST","dip","mixed","SC3","true_offset",2,NA,0,1,1,300,300,453,3,5,5,246,0,NA,NA,NA,FALSE,0.904719106123532,0.936628382696535,0.877272727272727,1,43.97,"Kumar_FEAST_SC3_n0300_k-true+2_cs-hist_sub-0_seed-1.rds"
"krange","skipped_k_below_2","Kumar","Seurat",NA,NA,NA,"Refined Louvain","",-2,NA,0,1,1,300,NA,NA,3,NA,NA,NA,NA,NA,NA,NA,NA,NA,NA,NA,NA,NA,"Kumar_Seurat_RefinedLouvain_n0300_k-true-2_cs-hist_sub-0_seed-1.rds"
"krange","ok","Kumar","Seurat","Seurat","dip","mixed","Refined Louvain","true_offset",-1,NA,0,1,1,300,300,453,3,2,2,246,0,NA,NA,NA,FALSE,0.498334917463834,0.74413600261176,0.555389800541466,0.658536585365854,7.657,"Kumar_Seurat_RefinedLouvain_n0300_k-true-1_cs-hist_sub-0_seed-1.rds"
"krange","ok","Kumar","Seurat","Seurat","dip","mixed","Refined Louvain","true_offset",1,NA,0,1,1,300,300,453,3,4,4,246,0,NA,NA,NA,FALSE,0.796381014112442,0.863095074288256,0.748295343853497,0.98780487804878,8.539,"Kumar_Seurat_RefinedLouvain_n0300_k-true+1_cs-hist_sub-0_seed-1.rds"
"krange","ok","Kumar","Seurat","Seurat","dip","mixed","Refined Louvain","true_offset",2,NA,0,1,1,300,300,453,3,5,5,246,0,NA,NA,NA,FALSE,0.750797690076301,0.832293704711948,0.695447870778267,0.991869918699187,9.326,"Kumar_Seurat_RefinedLouvain_n0300_k-true+2_cs-hist_sub-0_seed-1.rds"
"krange","skipped_k_below_2","Kumar","Seurat",NA,NA,NA,"SC3","",-2,NA,0,1,1,300,NA,NA,3,NA,NA,NA,NA,NA,NA,NA,NA,NA,NA,NA,NA,NA,"Kumar_Seurat_SC3_n0300_k-true-2_cs-hist_sub-0_seed-1.rds"
"krange","ok","Kumar","Seurat","Seurat","dip","mixed","SC3","true_offset",-1,NA,0,1,1,300,300,453,3,2,2,246,0,NA,NA,NA,FALSE,0.512520982858978,0.751444689747559,0.564669121749805,0.66260162601626,43.726,"Kumar_Seurat_SC3_n0300_k-true-1_cs-hist_sub-0_seed-1.rds"
"krange","ok","Kumar","Seurat","Seurat","dip","mixed","SC3","true_offset",1,NA,0,1,1,300,300,453,3,4,4,246,0,NA,NA,NA,FALSE,0.914498920531085,0.943146696807875,0.889525691699605,1,49.554,"Kumar_Seurat_SC3_n0300_k-true+1_cs-hist_sub-0_seed-1.rds"
"krange","ok","Kumar","Seurat","Seurat","dip","mixed","SC3","true_offset",2,NA,0,1,1,300,300,453,3,5,5,246,0,NA,NA,NA,FALSE,0.828131515658861,0.885377479176205,0.783893280632411,1,55.191,"Kumar_Seurat_SC3_n0300_k-true+2_cs-hist_sub-0_seed-1.rds"
"krange","ok","Lawlor","DIFS","DIFS","dip","mixed","Refined Louvain","true_offset",-2,NA,0,1,1,300,300,1652,8,6,6,638,0,500,1403,"1:3",FALSE,0.895440972381311,0.928229777790036,0.865759270158917,0.857366771159875,238.373,"Lawlor_DIFS_RefinedLouvain_n0300_k-true-2_cs-hist_sub-0_seed-1.rds"
"krange","ok","Lawlor","DIFS","DIFS","dip","mixed","Refined Louvain","true_offset",-1,NA,0,1,1,300,300,1652,8,7,7,638,0,1000,1771,"1:2",FALSE,0.916344363507109,0.942610326462118,0.891096350473916,0.901253918495298,267.514,"Lawlor_DIFS_RefinedLouvain_n0300_k-true-1_cs-hist_sub-0_seed-1.rds"
"krange","ok","Lawlor","DIFS","DIFS","dip","mixed","Refined Louvain","true_offset",1,NA,0,1,1,300,300,1652,8,9,9,638,0,1000,2177,"1:2",FALSE,0.515732689298951,0.655921732021349,0.447701492537313,0.887147335423197,251.667,"Lawlor_DIFS_RefinedLouvain_n0300_k-true+1_cs-hist_sub-0_seed-1.rds"
"krange","ok","Lawlor","DIFS","DIFS","dip","mixed","Refined Louvain","true_offset",2,NA,0,1,1,300,300,1652,8,10,10,638,0,500,1800,"2:3",FALSE,0.434410400088706,0.593003018267937,0.369822396597682,0.887147335423197,276.041,"Lawlor_DIFS_RefinedLouvain_n0300_k-true+2_cs-hist_sub-0_seed-1.rds"
"krange","ok","Lawlor","DIFS","DIFS","dip","mixed","SC3","true_offset",-2,NA,0,1,1,300,300,1652,8,6,6,638,0,500,1403,"1:3",FALSE,0.935792877123554,0.956975639706269,0.917003198865199,0.865203761755486,441.517,"Lawlor_DIFS_SC3_n0300_k-true-2_cs-hist_sub-0_seed-1.rds"
"krange","ok","Lawlor","DIFS","DIFS","dip","mixed","SC3","true_offset",-1,NA,0,1,1,300,300,1652,8,7,7,638,0,1000,1771,"1:2",FALSE,0.929980798631462,0.952497610185714,0.909231917353195,0.891849529780564,356.772,"Lawlor_DIFS_SC3_n0300_k-true-1_cs-hist_sub-0_seed-1.rds"
"krange","ok","Lawlor","DIFS","DIFS","dip","mixed","SC3","true_offset",1,NA,0,1,1,300,300,1652,8,9,9,638,0,1000,2177,"1:2",FALSE,0.7536034981686,0.829208539262349,0.696298956883521,0.91692789968652,467.152,"Lawlor_DIFS_SC3_n0300_k-true+1_cs-hist_sub-0_seed-1.rds"
"krange","ok","Lawlor","DIFS","DIFS","dip","mixed","SC3","true_offset",2,NA,0,1,1,300,300,1652,8,10,10,638,0,500,1800,"2:3",FALSE,0.649567903873896,0.753980584039904,0.585757803187497,0.885579937304075,466.449,"Lawlor_DIFS_SC3_n0300_k-true+2_cs-hist_sub-0_seed-1.rds"
"krange","ok","Lawlor","FEAST","FEAST","dip","mixed","Refined Louvain","true_offset",-2,NA,0,1,1,300,300,1652,8,6,5,638,0,NA,NA,NA,FALSE,0.733815754871776,0.816775961212695,0.689992646567284,0.82601880877743,13.912,"Lawlor_FEAST_RefinedLouvain_n0300_k-true-2_cs-hist_sub-0_seed-1.rds"
"krange","ok","Lawlor","FEAST","FEAST","dip","mixed","Refined Louvain","true_offset",-1,NA,0,1,1,300,300,1652,8,7,7,638,0,NA,NA,NA,FALSE,0.531047889078465,0.666531875298383,0.464816650148662,0.86833855799373,13.792,"Lawlor_FEAST_RefinedLouvain_n0300_k-true-1_cs-hist_sub-0_seed-1.rds"
"krange","ok","Lawlor","FEAST","FEAST","dip","mixed","Refined Louvain","true_offset",1,NA,0,1,1,300,300,1652,8,9,9,638,0,NA,NA,NA,FALSE,0.479396306728935,0.627793616375837,0.413166957377342,0.890282131661442,13.536,"Lawlor_FEAST_RefinedLouvain_n0300_k-true+1_cs-hist_sub-0_seed-1.rds"
"krange","ok","Lawlor","FEAST","FEAST","dip","mixed","Refined Louvain","true_offset",2,NA,0,1,1,300,300,1652,8,10,10,638,0,NA,NA,NA,FALSE,0.380375610833421,0.54666545560028,0.324832294098525,0.871473354231975,14.859,"Lawlor_FEAST_RefinedLouvain_n0300_k-true+2_cs-hist_sub-0_seed-1.rds"
"krange","ok","Lawlor","FEAST","FEAST","dip","mixed","SC3","true_offset",-2,NA,0,1,1,300,300,1652,8,6,6,638,0,NA,NA,NA,FALSE,0.862534712932317,0.907315989591236,0.830054659970589,0.838557993730408,164.829,"Lawlor_FEAST_SC3_n0300_k-true-2_cs-hist_sub-0_seed-1.rds"
"krange","ok","Lawlor","FEAST","FEAST","dip","mixed","SC3","true_offset",-1,NA,0,1,1,300,300,1652,8,7,7,638,0,NA,NA,NA,FALSE,0.928107997053445,0.951372505546962,0.907098576792107,0.890282131661442,174.977,"Lawlor_FEAST_SC3_n0300_k-true-1_cs-hist_sub-0_seed-1.rds"
"krange","ok","Lawlor","FEAST","FEAST","dip","mixed","SC3","true_offset",1,NA,0,1,1,300,300,1652,8,9,9,638,0,NA,NA,NA,FALSE,0.923846236220269,0.947857424349556,0.900770283131097,0.893416927899687,170.306,"Lawlor_FEAST_SC3_n0300_k-true+1_cs-hist_sub-0_seed-1.rds"
"krange","ok","Lawlor","FEAST","FEAST","dip","mixed","SC3","true_offset",2,NA,0,1,1,300,300,1652,8,10,10,638,0,NA,NA,NA,FALSE,0.696126380702871,0.788311313893055,0.633078288364878,0.923197492163009,195.154,"Lawlor_FEAST_SC3_n0300_k-true+2_cs-hist_sub-0_seed-1.rds"
"krange","ok","Lawlor","Seurat","Seurat","dip","mixed","Refined Louvain","true_offset",-2,NA,0,1,1,300,300,1652,8,6,6,638,0,NA,NA,NA,FALSE,0.460337188357451,0.608630963366552,0.419470663438784,0.827586206896552,5.704,"Lawlor_Seurat_RefinedLouvain_n0300_k-true-2_cs-hist_sub-0_seed-1.rds"
"krange","ok","Lawlor","Seurat","Seurat","dip","mixed","Refined Louvain","true_offset",-1,NA,0,1,1,300,300,1652,8,7,7,638,0,NA,NA,NA,FALSE,0.427698761677593,0.581965875225611,0.383282122905028,0.827586206896552,5.707,"Lawlor_Seurat_RefinedLouvain_n0300_k-true-1_cs-hist_sub-0_seed-1.rds"
"krange","ok","Lawlor","Seurat","Seurat","dip","mixed","Refined Louvain","true_offset",1,NA,0,1,1,300,300,1652,8,9,9,638,0,NA,NA,NA,FALSE,0.325392609088896,0.495645188927921,0.290992875720909,0.862068965517241,6.457,"Lawlor_Seurat_RefinedLouvain_n0300_k-true+1_cs-hist_sub-0_seed-1.rds"
"krange","ok","Lawlor","Seurat","Seurat","dip","mixed","Refined Louvain","true_offset",2,NA,0,1,1,300,300,1652,8,10,10,638,0,NA,NA,NA,FALSE,0.328041214354239,0.498569076185367,0.288682708578312,0.863636363636364,5.698,"Lawlor_Seurat_RefinedLouvain_n0300_k-true+2_cs-hist_sub-0_seed-1.rds"
"krange","ok","Lawlor","Seurat","Seurat","dip","mixed","SC3","true_offset",-2,NA,0,1,1,300,300,1652,8,6,6,638,0,NA,NA,NA,FALSE,0.835232709394874,0.887846689782333,0.798303722386984,0.863636363636364,177.887,"Lawlor_Seurat_SC3_n0300_k-true-2_cs-hist_sub-0_seed-1.rds"
"krange","ok","Lawlor","Seurat","Seurat","dip","mixed","SC3","true_offset",-1,NA,0,1,1,300,300,1652,8,7,7,638,0,NA,NA,NA,FALSE,0.860704375057801,0.904277645210444,0.824935484336029,0.86833855799373,191.832,"Lawlor_Seurat_SC3_n0300_k-true-1_cs-hist_sub-0_seed-1.rds"
"krange","ok","Lawlor","Seurat","Seurat","dip","mixed","SC3","true_offset",1,NA,0,1,1,300,300,1652,8,9,9,638,0,NA,NA,NA,FALSE,0.497375368041124,0.640412253140261,0.433113598489876,0.871473354231975,197.841,"Lawlor_Seurat_SC3_n0300_k-true+1_cs-hist_sub-0_seed-1.rds"
"krange","ok","Lawlor","Seurat","Seurat","dip","mixed","SC3","true_offset",2,NA,0,1,1,300,300,1652,8,10,10,638,0,NA,NA,NA,FALSE,0.476464426095615,0.624930658572817,0.411551649917615,0.877742946708464,199.983,"Lawlor_Seurat_SC3_n0300_k-true+2_cs-hist_sub-0_seed-1.rds"
"krange","ok","Muraro","DIFS","DIFS","dip","mixed","Refined Louvain","true_offset",-2,NA,0,1,1,300,300,1125,10,8,8,2126,0,1100,1683,"2:3",FALSE,0.923221887159347,0.940401130757484,0.88725585211587,0.95343367826905,437.754,"Muraro_DIFS_RefinedLouvain_n0300_k-true-2_cs-hist_sub-0_seed-1.rds"
"krange","ok","Muraro","DIFS","DIFS","dip","mixed","Refined Louvain","true_offset",-1,NA,0,1,1,300,300,1125,10,9,9,2126,0,500,1566,"2:3",FALSE,0.732095990808411,0.793934628895678,0.642383356988968,0.953904045155221,375.83,"Muraro_DIFS_RefinedLouvain_n0300_k-true-1_cs-hist_sub-0_seed-1.rds"
"krange","ok","Muraro","DIFS","DIFS","dip","mixed","Refined Louvain","true_offset",1,NA,0,1,1,300,300,1125,10,11,11,2126,0,1100,2169,"1:2",FALSE,0.651157871796286,0.733634116062931,0.550594395025067,0.951081843838194,383.409,"Muraro_DIFS_RefinedLouvain_n0300_k-true+1_cs-hist_sub-0_seed-1.rds"
"krange","ok","Muraro","DIFS","DIFS","dip","mixed","Refined Louvain","true_offset",2,NA,0,1,1,300,300,1125,10,12,12,2126,0,1100,2068,"3:1",FALSE,0.629349459477274,0.717431924884545,0.526969515703166,0.952492944496707,307.584,"Muraro_DIFS_RefinedLouvain_n0300_k-true+2_cs-hist_sub-0_seed-1.rds"
"krange","ok","Muraro","DIFS","DIFS","dip","mixed","SC3","true_offset",-2,NA,0,1,1,300,300,1125,10,8,8,2126,0,1100,1683,"2:3",FALSE,0.909298246749438,0.929709578774872,0.868639845263967,0.913922859830668,525.98,"Muraro_DIFS_SC3_n0300_k-true-2_cs-hist_sub-0_seed-1.rds"
"krange","ok","Muraro","DIFS","DIFS","dip","mixed","SC3","true_offset",-1,NA,0,1,1,300,300,1125,10,9,9,2126,0,500,1566,"2:3",FALSE,0.923963531608436,0.940981305205715,0.888338145291048,0.94967074317968,441.944,"Muraro_DIFS_SC3_n0300_k-true-1_cs-hist_sub-0_seed-1.rds"
"krange","ok","Muraro","DIFS","DIFS","dip","mixed","SC3","true_offset",1,NA,0,1,1,300,300,1125,10,11,11,2126,0,1100,2169,"1:2",FALSE,0.717877005667509,0.783909422181128,0.625192913318565,0.956255879586077,524.879,"Muraro_DIFS_SC3_n0300_k-true+1_cs-hist_sub-0_seed-1.rds"
"krange","ok","Muraro","DIFS","DIFS","dip","mixed","SC3","true_offset",2,NA,0,1,1,300,300,1125,10,12,12,2126,0,1100,2068,"3:1",FALSE,0.612484009869694,0.704208835338204,0.509537639272722,0.959078080903104,569.431,"Muraro_DIFS_SC3_n0300_k-true+2_cs-hist_sub-0_seed-1.rds"
"krange","ok","Muraro","FEAST","FEAST","dip","mixed","Refined Louvain","true_offset",-2,NA,0,1,1,300,300,1125,10,8,8,2126,0,NA,NA,NA,FALSE,0.923187115351839,0.940379343896422,0.887281793638456,0.955785512699906,51.264,"Muraro_FEAST_RefinedLouvain_n0300_k-true-2_cs-hist_sub-0_seed-1.rds"
"krange","ok","Muraro","FEAST","FEAST","dip","mixed","Refined Louvain","true_offset",-1,NA,0,1,1,300,300,1125,10,9,8,2126,0,NA,NA,NA,FALSE,0.925662504623564,0.942303192693938,0.890702999900273,0.955315145813735,52.155,"Muraro_FEAST_RefinedLouvain_n0300_k-true-1_cs-hist_sub-0_seed-1.rds"
"krange","ok","Muraro","FEAST","FEAST","dip","mixed","Refined Louvain","true_offset",1,NA,0,1,1,300,300,1125,10,11,11,2126,0,NA,NA,NA,FALSE,0.649577152354693,0.732377401404484,0.548934423425581,0.955315145813735,45.547,"Muraro_FEAST_RefinedLouvain_n0300_k-true+1_cs-hist_sub-0_seed-1.rds"
"krange","ok","Muraro","FEAST","FEAST","dip","mixed","Refined Louvain","true_offset",2,NA,0,1,1,300,300,1125,10,12,12,2126,0,NA,NA,NA,FALSE,0.520742767100069,0.634273974623579,0.417111117041352,0.955315145813735,52.514,"Muraro_FEAST_RefinedLouvain_n0300_k-true+2_cs-hist_sub-0_seed-1.rds"
"krange","ok","Muraro","FEAST","FEAST","dip","mixed","SC3","true_offset",-2,NA,0,1,1,300,300,1125,10,8,8,2126,0,NA,NA,NA,FALSE,0.910966500358457,0.930998583881886,0.870891478506156,0.916274694261524,189.668,"Muraro_FEAST_SC3_n0300_k-true-2_cs-hist_sub-0_seed-1.rds"
"krange","ok","Muraro","FEAST","FEAST","dip","mixed","SC3","true_offset",-1,NA,0,1,1,300,300,1125,10,9,9,2126,0,NA,NA,NA,FALSE,0.922839597229544,0.940111529808881,0.886820943480814,0.949200376293509,213.745,"Muraro_FEAST_SC3_n0300_k-true-1_cs-hist_sub-0_seed-1.rds"
"krange","ok","Muraro","FEAST","FEAST","dip","mixed","SC3","true_offset",1,NA,0,1,1,300,300,1125,10,11,11,2126,0,NA,NA,NA,FALSE,0.705709657317304,0.775112935699959,0.610915801421465,0.959548447789276,229.931,"Muraro_FEAST_SC3_n0300_k-true+1_cs-hist_sub-0_seed-1.rds"
"krange","ok","Muraro","FEAST","FEAST","dip","mixed","SC3","true_offset",2,NA,0,1,1,300,300,1125,10,12,12,2126,0,NA,NA,NA,FALSE,0.739585673022584,0.80084471689703,0.649944681825118,0.962841015992474,214.466,"Muraro_FEAST_SC3_n0300_k-true+2_cs-hist_sub-0_seed-1.rds"
"krange","ok","Muraro","Seurat","Seurat","dip","mixed","Refined Louvain","true_offset",-2,NA,0,1,1,300,300,1125,10,8,8,2126,0,NA,NA,NA,FALSE,0.847000328699245,0.882305760796872,0.789174692143789,0.907337723424271,13.79,"Muraro_Seurat_RefinedLouvain_n0300_k-true-2_cs-hist_sub-0_seed-1.rds"
"krange","ok","Muraro","Seurat","Seurat","dip","mixed","Refined Louvain","true_offset",-1,NA,0,1,1,300,300,1125,10,9,9,2126,0,NA,NA,NA,FALSE,0.823336433427643,0.862902923606091,0.75880899775578,0.907337723424271,13.705,"Muraro_Seurat_RefinedLouvain_n0300_k-true-1_cs-hist_sub-0_seed-1.rds"
"krange","ok","Muraro","Seurat","Seurat","dip","mixed","Refined Louvain","true_offset",1,NA,0,1,1,300,300,1125,10,11,11,2126,0,NA,NA,NA,FALSE,0.548472926011922,0.646252643038686,0.453265343891102,0.906396989651928,16.259,"Muraro_Seurat_RefinedLouvain_n0300_k-true+1_cs-hist_sub-0_seed-1.rds"
"krange","ok","Muraro","Seurat","Seurat","dip","mixed","Refined Louvain","true_offset",2,NA,0,1,1,300,300,1125,10,12,12,2126,0,NA,NA,NA,FALSE,0.537904410573854,0.637964493054798,0.442815418143078,0.906396989651928,15.863,"Muraro_Seurat_RefinedLouvain_n0300_k-true+2_cs-hist_sub-0_seed-1.rds"
"krange","ok","Muraro","Seurat","Seurat","dip","mixed","SC3","true_offset",-2,NA,0,1,1,300,300,1125,10,8,8,2126,0,NA,NA,NA,FALSE,0.672049210662911,0.743117101173723,0.581784449137765,0.88758231420508,183.414,"Muraro_Seurat_SC3_n0300_k-true-2_cs-hist_sub-0_seed-1.rds"
"krange","ok","Muraro","Seurat","Seurat","dip","mixed","SC3","true_offset",-1,NA,0,1,1,300,300,1125,10,9,9,2126,0,NA,NA,NA,FALSE,0.651637328795212,0.727182260976465,0.559495614074052,0.897460018814675,197.082,"Muraro_Seurat_SC3_n0300_k-true-1_cs-hist_sub-0_seed-1.rds"
"krange","ok","Muraro","Seurat","Seurat","dip","mixed","SC3","true_offset",1,NA,0,1,1,300,300,1125,10,11,11,2126,0,NA,NA,NA,FALSE,0.661176666729196,0.734934835593366,0.569142053496055,0.899811853245531,207.771,"Muraro_Seurat_SC3_n0300_k-true+1_cs-hist_sub-0_seed-1.rds"
"krange","ok","Muraro","Seurat","Seurat","dip","mixed","SC3","true_offset",2,NA,0,1,1,300,300,1125,10,12,12,2126,0,NA,NA,NA,FALSE,0.660817971117001,0.738667425546634,0.563179992971069,0.943085606773283,213.418,"Muraro_Seurat_SC3_n0300_k-true+2_cs-hist_sub-0_seed-1.rds"
"krange","ok","Romanov","DIFS","DIFS","dip","mixed","Refined Louvain","true_offset",-2,NA,0,1,1,300,300,2332,7,5,5,2881,0,2332,2571,"2:3",FALSE,0.683324752577025,0.777587127614938,0.628460901489477,0.825754946199236,776.085,"Romanov_DIFS_RefinedLouvain_n0300_k-true-2_cs-hist_sub-0_seed-1.rds"
"krange","ok","Romanov","DIFS","DIFS","dip","mixed","Refined Louvain","true_offset",-1,NA,0,1,1,300,300,2332,7,6,7,2881,0,1500,2962,"3:1",FALSE,0.586820626375456,0.683220597266451,0.515475001120739,0.83963901423117,785.262,"Romanov_DIFS_RefinedLouvain_n0300_k-true-1_cs-hist_sub-0_seed-1.rds"
"krange","ok","Romanov","DIFS","DIFS","dip","mixed","Refined Louvain","true_offset",1,NA,0,1,1,300,300,2332,7,8,8,2881,0,1400,3273,"3:2",FALSE,0.512281112157563,0.622155891317383,0.437762251818698,0.828184658104825,1271.639,"Romanov_DIFS_RefinedLouvain_n0300_k-true+1_cs-hist_sub-0_seed-1.rds"
"krange","ok","Romanov","DIFS","DIFS","dip","mixed","Refined Louvain","true_offset",2,NA,0,1,1,300,300,2332,7,9,9,2881,0,900,3491,"3:2",FALSE,0.463764363424422,0.582454158301464,0.393354096886138,0.827837556404026,789.84,"Romanov_DIFS_RefinedLouvain_n0300_k-true+2_cs-hist_sub-0_seed-1.rds"
"krange","ok","Romanov","DIFS","DIFS","dip","mixed","SC3","true_offset",-2,NA,0,1,1,300,300,2332,7,5,5,2881,0,2332,2571,"2:3",FALSE,0.562146566322179,0.684061783069275,0.516562325250623,0.717459215550156,1111.055,"Romanov_DIFS_SC3_n0300_k-true-2_cs-hist_sub-0_seed-1.rds"
"krange","ok","Romanov","DIFS","DIFS","dip","mixed","SC3","true_offset",-1,NA,0,1,1,300,300,2332,7,6,6,2881,0,1500,2962,"3:1",FALSE,0.504335887407576,0.626610567735409,0.456212731438655,0.716765012148559,1215.774,"Romanov_DIFS_SC3_n0300_k-true-1_cs-hist_sub-0_seed-1.rds"
"krange","ok","Romanov","DIFS","DIFS","dip","mixed","SC3","true_offset",1,NA,0,1,1,300,300,2332,7,8,8,2881,0,1400,3273,"3:2",FALSE,0.535563136092341,0.645810056340874,0.475760306120526,0.77716070808747,1084.4,"Romanov_DIFS_SC3_n0300_k-true+1_cs-hist_sub-0_seed-1.rds"
"krange","ok","Romanov","DIFS","DIFS","dip","mixed","SC3","true_offset",2,NA,0,1,1,300,300,2332,7,9,9,2881,0,900,3491,"3:2",FALSE,0.55493117830585,0.657722457609967,0.485691328954106,0.830267268309615,1431.491,"Romanov_DIFS_SC3_n0300_k-true+2_cs-hist_sub-0_seed-1.rds"
"krange","ok","Romanov","FEAST","FEAST","dip","mixed","Refined Louvain","true_offset",-2,NA,0,1,1,300,300,2332,7,5,5,2881,0,NA,NA,NA,FALSE,0.661164536507511,0.763042598092913,0.608485247960674,0.818118708781673,59.053,"Romanov_FEAST_RefinedLouvain_n0300_k-true-2_cs-hist_sub-0_seed-1.rds"
"krange","ok","Romanov","FEAST","FEAST","dip","mixed","Refined Louvain","true_offset",-1,NA,0,1,1,300,300,2332,7,6,6,2881,0,NA,NA,NA,FALSE,0.643850879388859,0.744227517951302,0.588505716725747,0.82089552238806,60.078,"Romanov_FEAST_RefinedLouvain_n0300_k-true-1_cs-hist_sub-0_seed-1.rds"
"krange","ok","Romanov","FEAST","FEAST","dip","mixed","Refined Louvain","true_offset",1,NA,0,1,1,300,300,2332,7,8,8,2881,0,NA,NA,NA,FALSE,0.44014430572647,0.562730066572608,0.377553145187434,0.82089552238806,66.166,"Romanov_FEAST_RefinedLouvain_n0300_k-true+1_cs-hist_sub-0_seed-1.rds"
"krange","ok","Romanov","FEAST","FEAST","dip","mixed","Refined Louvain","true_offset",2,NA,0,1,1,300,300,2332,7,9,9,2881,0,NA,NA,NA,FALSE,0.428942321111543,0.553329965630498,0.364359303714697,0.819854217285665,71.222,"Romanov_FEAST_RefinedLouvain_n0300_k-true+2_cs-hist_sub-0_seed-1.rds"
"krange","ok","Romanov","FEAST","FEAST","dip","mixed","SC3","true_offset",-2,NA,0,1,1,300,300,2332,7,5,5,2881,0,NA,NA,NA,FALSE,0.564393972045715,0.684604284121007,0.517634137739936,0.716765012148559,380.493,"Romanov_FEAST_SC3_n0300_k-true-2_cs-hist_sub-0_seed-1.rds"
"krange","ok","Romanov","FEAST","FEAST","dip","mixed","SC3","true_offset",-1,NA,0,1,1,300,300,2332,7,6,6,2881,0,NA,NA,NA,FALSE,0.580261466441064,0.697191883621186,0.531799547948758,0.717112113849358,373.706,"Romanov_FEAST_SC3_n0300_k-true-1_cs-hist_sub-0_seed-1.rds"
"krange","ok","Romanov","FEAST","FEAST","dip","mixed","SC3","true_offset",1,NA,0,1,1,300,300,2332,7,8,8,2881,0,NA,NA,NA,FALSE,0.580039548124537,0.686179200814412,0.522208110308209,0.761888233252343,393.559,"Romanov_FEAST_SC3_n0300_k-true+1_cs-hist_sub-0_seed-1.rds"
"krange","ok","Romanov","FEAST","FEAST","dip","mixed","SC3","true_offset",2,NA,0,1,1,300,300,2332,7,9,9,2881,0,NA,NA,NA,FALSE,0.531399508670932,0.639463305834699,0.466160458564986,0.819507115584866,395.254,"Romanov_FEAST_SC3_n0300_k-true+2_cs-hist_sub-0_seed-1.rds"
"krange","ok","Romanov","Seurat","Seurat","dip","mixed","Refined Louvain","true_offset",-2,NA,0,1,1,300,300,2332,7,5,5,2881,0,NA,NA,NA,FALSE,0.437051969149196,0.660676798767584,0.453162344959206,0.616105518917043,18.306,"Romanov_Seurat_RefinedLouvain_n0300_k-true-2_cs-hist_sub-0_seed-1.rds"
"krange","ok","Romanov","Seurat","Seurat","dip","mixed","Refined Louvain","true_offset",-1,NA,0,1,1,300,300,2332,7,6,6,2881,0,NA,NA,NA,FALSE,0.710870905741085,0.781237438150783,0.640595927459399,0.86254772648386,21.064,"Romanov_Seurat_RefinedLouvain_n0300_k-true-1_cs-hist_sub-0_seed-1.rds"
"krange","ok","Romanov","Seurat","Seurat","dip","mixed","Refined Louvain","true_offset",1,NA,0,1,1,300,300,2332,7,8,8,2881,0,NA,NA,NA,FALSE,0.529489082138227,0.636278674635789,0.451972401036951,0.861853523082263,17.808,"Romanov_Seurat_RefinedLouvain_n0300_k-true+1_cs-hist_sub-0_seed-1.rds"
"krange","ok","Romanov","Seurat","Seurat","dip","mixed","Refined Louvain","true_offset",2,NA,0,1,1,300,300,2332,7,9,9,2881,0,NA,NA,NA,FALSE,0.533956400685126,0.640358431565215,0.45372402286787,0.874349184311003,21.918,"Romanov_Seurat_RefinedLouvain_n0300_k-true+2_cs-hist_sub-0_seed-1.rds"
"krange","ok","Romanov","Seurat","Seurat","dip","mixed","SC3","true_offset",-2,NA,0,1,1,300,300,2332,7,5,5,2881,0,NA,NA,NA,FALSE,0.664745368583226,0.748024355880219,0.597468843035869,0.825407844498438,313.129,"Romanov_Seurat_SC3_n0300_k-true-2_cs-hist_sub-0_seed-1.rds"
"krange","ok","Romanov","Seurat","Seurat","dip","mixed","SC3","true_offset",-1,NA,0,1,1,300,300,2332,7,6,6,2881,0,NA,NA,NA,FALSE,0.634060604475491,0.71952824087068,0.554991947856979,0.852828878861506,324.413,"Romanov_Seurat_SC3_n0300_k-true-1_cs-hist_sub-0_seed-1.rds"
"krange","ok","Romanov","Seurat","Seurat","dip","mixed","SC3","true_offset",1,NA,0,1,1,300,300,2332,7,8,8,2881,0,NA,NA,NA,FALSE,0.589136740820517,0.685664559473762,0.503036175939057,0.869142658799028,339.43,"Romanov_Seurat_SC3_n0300_k-true+1_cs-hist_sub-0_seed-1.rds"
"krange","ok","Romanov","Seurat","Seurat","dip","mixed","SC3","true_offset",2,NA,0,1,1,300,300,2332,7,9,9,2881,0,NA,NA,NA,FALSE,0.611865906887134,0.705157483400352,0.522694023548474,0.877820201318986,367.176,"Romanov_Seurat_SC3_n0300_k-true+2_cs-hist_sub-0_seed-1.rds"
"krange","ok","SimKumar4easy","DIFS","DIFS","dip","mixed","Refined Louvain","true_offset",-2,NA,0,1,1,300,300,326,4,2,4,500,0,326,35,"1:1",FALSE,1,1,1,1,83.45,"SimKumar4easy_DIFS_RefinedLouvain_n0300_k-true-2_cs-hist_sub-0_seed-1.rds"
"krange","ok","SimKumar4easy","DIFS","DIFS","dip","mixed","Refined Louvain","true_offset",-1,NA,0,1,1,300,300,326,4,3,4,500,0,326,29,"1:1",FALSE,1,1,1,1,113.363,"SimKumar4easy_DIFS_RefinedLouvain_n0300_k-true-1_cs-hist_sub-0_seed-1.rds"
"krange","ok","SimKumar4easy","DIFS","DIFS","dip","mixed","Refined Louvain","true_offset",1,NA,0,1,1,300,300,326,4,5,5,500,0,326,30,"1:1",FALSE,0.679211169404558,0.790243249864309,0.624484393956105,1,139.364,"SimKumar4easy_DIFS_RefinedLouvain_n0300_k-true+1_cs-hist_sub-0_seed-1.rds"
"krange","ok","SimKumar4easy","DIFS","DIFS","dip","mixed","Refined Louvain","true_offset",2,NA,0,1,1,300,300,326,4,6,6,500,0,326,34,"1:1",FALSE,0.59969231920267,0.735238542330417,0.540575714128157,1,132.863,"SimKumar4easy_DIFS_RefinedLouvain_n0300_k-true+2_cs-hist_sub-0_seed-1.rds"
"krange","ok","SimKumar4easy","DIFS","DIFS","dip","mixed","SC3","true_offset",-2,NA,0,1,1,300,300,326,4,2,2,500,0,326,35,"1:1",FALSE,0.517946056687623,0.76542960131759,0.585882474573205,0.776,124.892,"SimKumar4easy_DIFS_SC3_n0300_k-true-2_cs-hist_sub-0_seed-1.rds"
"krange","ok","SimKumar4easy","DIFS","DIFS","dip","mixed","SC3","true_offset",-1,NA,0,1,1,300,300,326,4,3,3,500,0,326,29,"1:1",FALSE,0.951921847455925,0.97035845456973,0.941595530354955,0.924,175.675,"SimKumar4easy_DIFS_SC3_n0300_k-true-1_cs-hist_sub-0_seed-1.rds"
"krange","ok","SimKumar4easy","DIFS","DIFS","dip","mixed","SC3","true_offset",1,NA,0,1,1,300,300,326,4,5,5,500,0,326,30,"1:1",FALSE,0.679088197606962,0.790159506606524,0.624352045880666,1,229.743,"SimKumar4easy_DIFS_SC3_n0300_k-true+1_cs-hist_sub-0_seed-1.rds"
"krange","ok","SimKumar4easy","DIFS","DIFS","dip","mixed","SC3","true_offset",2,NA,0,1,1,300,300,326,4,6,6,500,0,326,34,"1:1",FALSE,0.5681708424249,0.712893126410591,0.508216609683467,1,247.416,"SimKumar4easy_DIFS_SC3_n0300_k-true+2_cs-hist_sub-0_seed-1.rds"
"krange","ok","SimKumar4easy","FEAST","FEAST","dip","mixed","Refined Louvain","true_offset",-2,NA,0,1,1,300,300,326,4,2,4,500,0,NA,NA,NA,FALSE,1,1,1,1,12.81,"SimKumar4easy_FEAST_RefinedLouvain_n0300_k-true-2_cs-hist_sub-0_seed-1.rds"
"krange","ok","SimKumar4easy","FEAST","FEAST","dip","mixed","Refined Louvain","true_offset",-1,NA,0,1,1,300,300,326,4,3,3,500,0,NA,NA,NA,FALSE,0.951921847455925,0.97035845456973,0.941595530354955,0.924,17.737,"SimKumar4easy_FEAST_RefinedLouvain_n0300_k-true-1_cs-hist_sub-0_seed-1.rds"
"krange","ok","SimKumar4easy","FEAST","FEAST","dip","mixed","Refined Louvain","true_offset",1,NA,0,1,1,300,300,326,4,5,5,500,0,NA,NA,NA,FALSE,0.765128229188017,0.847562509989558,0.71988856961109,0.992,13.877,"SimKumar4easy_FEAST_RefinedLouvain_n0300_k-true+1_cs-hist_sub-0_seed-1.rds"
"krange","ok","SimKumar4easy","FEAST","FEAST","dip","mixed","Refined Louvain","true_offset",2,NA,0,1,1,300,300,326,4,6,6,500,0,NA,NA,NA,FALSE,0.56835262594491,0.712450790146816,0.509523914141969,0.994,15.028,"SimKumar4easy_FEAST_RefinedLouvain_n0300_k-true+2_cs-hist_sub-0_seed-1.rds"
"krange","ok","SimKumar4easy","FEAST","FEAST","dip","mixed","SC3","true_offset",-2,NA,0,1,1,300,300,326,4,2,2,500,0,NA,NA,NA,FALSE,0.726872970607939,0.852560988747667,0.726860239534399,0.776,87.168,"SimKumar4easy_FEAST_SC3_n0300_k-true-2_cs-hist_sub-0_seed-1.rds"
"krange","ok","SimKumar4easy","FEAST","FEAST","dip","mixed","SC3","true_offset",-1,NA,0,1,1,300,300,326,4,3,3,500,0,NA,NA,NA,FALSE,0.951921847455925,0.97035845456973,0.941595530354955,0.924,88.363,"SimKumar4easy_FEAST_SC3_n0300_k-true-1_cs-hist_sub-0_seed-1.rds"
"krange","ok","SimKumar4easy","FEAST","FEAST","dip","mixed","SC3","true_offset",1,NA,0,1,1,300,300,326,4,5,5,500,0,NA,NA,NA,FALSE,0.671322650860051,0.784307211444287,0.61723222707232,0.992,109.117,"SimKumar4easy_FEAST_SC3_n0300_k-true+1_cs-hist_sub-0_seed-1.rds"
"krange","ok","SimKumar4easy","FEAST","FEAST","dip","mixed","SC3","true_offset",2,NA,0,1,1,300,300,326,4,6,6,500,0,NA,NA,NA,FALSE,0.559678431113939,0.706451850894831,0.50027505776213,0.996,133.125,"SimKumar4easy_FEAST_SC3_n0300_k-true+2_cs-hist_sub-0_seed-1.rds"
"krange","ok","SimKumar4easy","Seurat","Seurat","dip","mixed","Refined Louvain","true_offset",-2,NA,0,1,1,300,300,326,4,2,4,500,0,NA,NA,NA,FALSE,1,1,1,1,11.5,"SimKumar4easy_Seurat_RefinedLouvain_n0300_k-true-2_cs-hist_sub-0_seed-1.rds"
"krange","ok","SimKumar4easy","Seurat","Seurat","dip","mixed","Refined Louvain","true_offset",-1,NA,0,1,1,300,300,326,4,3,4,500,0,NA,NA,NA,FALSE,1,1,1,1,10.027,"SimKumar4easy_Seurat_RefinedLouvain_n0300_k-true-1_cs-hist_sub-0_seed-1.rds"
"krange","ok","SimKumar4easy","Seurat","Seurat","dip","mixed","Refined Louvain","true_offset",1,NA,0,1,1,300,300,326,4,5,5,500,0,NA,NA,NA,FALSE,0.686861445969356,0.795445843950694,0.632734090658432,1,11.057,"SimKumar4easy_Seurat_RefinedLouvain_n0300_k-true+1_cs-hist_sub-0_seed-1.rds"
"krange","ok","SimKumar4easy","Seurat","Seurat","dip","mixed","Refined Louvain","true_offset",2,NA,0,1,1,300,300,326,4,6,5,500,0,NA,NA,NA,FALSE,0.686861445969356,0.795445843950694,0.632734090658432,1,11.432,"SimKumar4easy_Seurat_RefinedLouvain_n0300_k-true+2_cs-hist_sub-0_seed-1.rds"
"krange","ok","SimKumar4easy","Seurat","Seurat","dip","mixed","SC3","true_offset",-2,NA,0,1,1,300,300,326,4,2,2,500,0,NA,NA,NA,FALSE,0.726872970607939,0.852560988747667,0.726860239534399,0.776,73.011,"SimKumar4easy_Seurat_SC3_n0300_k-true-2_cs-hist_sub-0_seed-1.rds"
"krange","ok","SimKumar4easy","Seurat","Seurat","dip","mixed","SC3","true_offset",-1,NA,0,1,1,300,300,326,4,3,3,500,0,NA,NA,NA,FALSE,0.951921847455925,0.97035845456973,0.941595530354955,0.924,85.84,"SimKumar4easy_Seurat_SC3_n0300_k-true-1_cs-hist_sub-0_seed-1.rds"
"krange","ok","SimKumar4easy","Seurat","Seurat","dip","mixed","SC3","true_offset",1,NA,0,1,1,300,300,326,4,5,5,500,0,NA,NA,NA,FALSE,0.678609045689655,0.789149419164553,0.625369571406671,0.984,131.052,"SimKumar4easy_Seurat_SC3_n0300_k-true+1_cs-hist_sub-0_seed-1.rds"
"krange","ok","SimKumar4easy","Seurat","Seurat","dip","mixed","SC3","true_offset",2,NA,0,1,1,300,300,326,4,6,6,500,0,NA,NA,NA,FALSE,0.547599812340233,0.696812360097815,0.489976608442822,0.982,177.979,"SimKumar4easy_Seurat_SC3_n0300_k-true+2_cs-hist_sub-0_seed-1.rds"
"krange","ok","SimKumar4hard","DIFS","DIFS","dip","mixed","Refined Louvain","true_offset",-2,NA,0,1,1,300,300,325,4,2,3,499,0,325,11,"1:1",FALSE,0.882192440123387,0.92278937287335,0.851540226687991,0.877755511022044,78.038,"SimKumar4hard_DIFS_RefinedLouvain_n0300_k-true-2_cs-hist_sub-0_seed-1.rds"
"krange","ok","SimKumar4hard","DIFS","DIFS","dip","mixed","Refined Louvain","true_offset",-1,NA,0,1,1,300,300,325,4,3,3,499,0,325,17,"1:1",FALSE,0.882192440123387,0.92278937287335,0.851540226687991,0.877755511022044,131.153,"SimKumar4hard_DIFS_RefinedLouvain_n0300_k-true-1_cs-hist_sub-0_seed-1.rds"
"krange","ok","SimKumar4hard","DIFS","DIFS","dip","mixed","Refined Louvain","true_offset",1,NA,0,1,1,300,300,325,4,5,5,499,0,325,22,"1:1",FALSE,0.798012853108852,0.858583646066745,0.737165877293266,1,146.003,"SimKumar4hard_DIFS_RefinedLouvain_n0300_k-true+1_cs-hist_sub-0_seed-1.rds"
"krange","ok","SimKumar4hard","DIFS","DIFS","dip","mixed","Refined Louvain","true_offset",2,NA,0,1,1,300,300,325,4,6,6,499,0,325,19,"1:1",FALSE,0.682201750603388,0.777038604140119,0.603788992324024,1,191.2,"SimKumar4hard_DIFS_RefinedLouvain_n0300_k-true+2_cs-hist_sub-0_seed-1.rds"
"krange","ok","SimKumar4hard","DIFS","DIFS","dip","mixed","SC3","true_offset",-2,NA,0,1,1,300,300,325,4,2,2,499,0,325,11,"1:1",FALSE,0.398590533227554,0.686281199882456,0.470981885312103,0.667334669338677,153.767,"SimKumar4hard_DIFS_SC3_n0300_k-true-2_cs-hist_sub-0_seed-1.rds"
"krange","ok","SimKumar4hard","DIFS","DIFS","dip","mixed","SC3","true_offset",-1,NA,0,1,1,300,300,325,4,3,3,499,0,325,17,"1:1",FALSE,0.882192440123387,0.92278937287335,0.851540226687991,0.877755511022044,207.301,"SimKumar4hard_DIFS_SC3_n0300_k-true-1_cs-hist_sub-0_seed-1.rds"
"krange","ok","SimKumar4hard","DIFS","DIFS","dip","mixed","SC3","true_offset",1,NA,0,1,1,300,300,325,4,5,5,499,0,325,22,"1:1",FALSE,0.775886631153286,0.843083576993578,0.710789917796287,1,261.61,"SimKumar4hard_DIFS_SC3_n0300_k-true+1_cs-hist_sub-0_seed-1.rds"
"krange","ok","SimKumar4hard","DIFS","DIFS","dip","mixed","SC3","true_offset",2,NA,0,1,1,300,300,325,4,6,6,499,0,325,19,"1:1",FALSE,0.682670366566992,0.777371319255113,0.604306168000435,1,277.194,"SimKumar4hard_DIFS_SC3_n0300_k-true+2_cs-hist_sub-0_seed-1.rds"
"krange","ok","SimKumar4hard","FEAST","FEAST","dip","mixed","Refined Louvain","true_offset",-2,NA,0,1,1,300,300,325,4,2,2,499,0,NA,NA,NA,FALSE,0.000826742471678827,0.385131860032132,0.228646680995391,0.420841683366733,12.703,"SimKumar4hard_FEAST_RefinedLouvain_n0300_k-true-2_cs-hist_sub-0_seed-1.rds"
"krange","ok","SimKumar4hard","FEAST","FEAST","dip","mixed","Refined Louvain","true_offset",-1,NA,0,1,1,300,300,325,4,3,3,499,0,NA,NA,NA,FALSE,-0.00151165015808641,0.312277643461978,0.184661421150166,0.420841683366733,11.816,"SimKumar4hard_FEAST_RefinedLouvain_n0300_k-true-1_cs-hist_sub-0_seed-1.rds"
"krange","ok","SimKumar4hard","FEAST","FEAST","dip","mixed","Refined Louvain","true_offset",1,NA,0,1,1,300,300,325,4,5,5,499,0,NA,NA,NA,FALSE,0.129630452667417,0.359913704120813,0.217695617647602,0.541082164328657,15.272,"SimKumar4hard_FEAST_RefinedLouvain_n0300_k-true+1_cs-hist_sub-0_seed-1.rds"
"krange","ok","SimKumar4hard","FEAST","FEAST","dip","mixed","SC3","true_offset",-2,NA,0,1,1,300,300,325,4,2,2,499,0,NA,NA,NA,FALSE,0.0017800282067937,0.385609398249519,0.22902187022094,0.420841683366733,72.734,"SimKumar4hard_FEAST_SC3_n0300_k-true-2_cs-hist_sub-0_seed-1.rds"
"krange","ok","SimKumar4hard","FEAST","FEAST","dip","mixed","SC3","true_offset",-1,NA,0,1,1,300,300,325,4,3,3,499,0,NA,NA,NA,FALSE,-0.00133278054542102,0.315604338075039,0.186854544907115,0.420841683366733,98.773,"SimKumar4hard_FEAST_SC3_n0300_k-true-1_cs-hist_sub-0_seed-1.rds"
"krange","ok","SimKumar4hard","FEAST","FEAST","dip","mixed","SC3","true_offset",1,NA,0,1,1,300,300,325,4,5,5,499,0,NA,NA,NA,FALSE,0.0672824514910003,0.298620372955871,0.172210209645577,0.50501002004008,140.84,"SimKumar4hard_FEAST_SC3_n0300_k-true+1_cs-hist_sub-0_seed-1.rds"
"krange","ok","SimKumar4hard","Seurat","Seurat","dip","mixed","Refined Louvain","true_offset",-2,NA,0,1,1,300,300,325,4,2,4,499,0,NA,NA,NA,FALSE,1,1,1,1,10.427,"SimKumar4hard_Seurat_RefinedLouvain_n0300_k-true-2_cs-hist_sub-0_seed-1.rds"
"krange","ok","SimKumar4hard","Seurat","Seurat","dip","mixed","Refined Louvain","true_offset",-1,NA,0,1,1,300,300,325,4,3,4,499,0,NA,NA,NA,FALSE,1,1,1,1,11.867,"SimKumar4hard_Seurat_RefinedLouvain_n0300_k-true-1_cs-hist_sub-0_seed-1.rds"
"krange","ok","SimKumar4hard","Seurat","Seurat","dip","mixed","Refined Louvain","true_offset",1,NA,0,1,1,300,300,325,4,5,5,499,0,NA,NA,NA,FALSE,0.766853490816353,0.836747863320362,0.700146986771191,1,13.377,"SimKumar4hard_Seurat_RefinedLouvain_n0300_k-true+1_cs-hist_sub-0_seed-1.rds"
"krange","ok","SimKumar4hard","Seurat","Seurat","dip","mixed","Refined Louvain","true_offset",2,NA,0,1,1,300,300,325,4,6,6,499,0,NA,NA,NA,FALSE,0.676838371916731,0.773228492558285,0.597882301703958,1,11.28,"SimKumar4hard_Seurat_RefinedLouvain_n0300_k-true+2_cs-hist_sub-0_seed-1.rds"
"krange","ok","SimKumar4hard","Seurat","Seurat","dip","mixed","SC3","true_offset",-2,NA,0,1,1,300,300,325,4,2,2,499,0,NA,NA,NA,FALSE,0.398590533227554,0.686281199882456,0.470981885312103,0.667334669338677,69.281,"SimKumar4hard_Seurat_SC3_n0300_k-true-2_cs-hist_sub-0_seed-1.rds"
"krange","ok","SimKumar4hard","Seurat","Seurat","dip","mixed","SC3","true_offset",-1,NA,0,1,1,300,300,325,4,3,3,499,0,NA,NA,NA,FALSE,0.858596856329035,0.906865754738921,0.824528603023325,0.869739478957916,92.475,"SimKumar4hard_Seurat_SC3_n0300_k-true-1_cs-hist_sub-0_seed-1.rds"
"krange","ok","SimKumar4hard","Seurat","Seurat","dip","mixed","SC3","true_offset",1,NA,0,1,1,300,300,325,4,5,5,499,0,NA,NA,NA,FALSE,0.658862184431789,0.753766263964952,0.589704422210341,0.937875751503006,121.304,"SimKumar4hard_Seurat_SC3_n0300_k-true+1_cs-hist_sub-0_seed-1.rds"
"krange","ok","SimKumar4hard","Seurat","Seurat","dip","mixed","SC3","true_offset",2,NA,0,1,1,300,300,325,4,6,6,499,0,NA,NA,NA,FALSE,0.563292273759503,0.682230126948053,0.491454410750326,0.925851703406814,134.937,"SimKumar4hard_Seurat_SC3_n0300_k-true+2_cs-hist_sub-0_seed-1.rds"
"krange","skipped_k_below_2","Trapnell","DIFS",NA,NA,NA,"Refined Louvain","",-2,NA,0,1,1,300,NA,NA,3,NA,NA,NA,NA,NA,NA,NA,NA,NA,NA,NA,NA,NA,"Trapnell_DIFS_RefinedLouvain_n0300_k-true-2_cs-hist_sub-0_seed-1.rds"
"krange","ok","Trapnell","DIFS","DIFS","dip","mixed","Refined Louvain","true_offset",-1,NA,0,1,1,300,300,775,3,2,2,222,0,700,481,"1:1",FALSE,0.00999754758007845,0.415030578170919,0.254571026722925,0.400900900900901,88.023,"Trapnell_DIFS_RefinedLouvain_n0300_k-true-1_cs-hist_sub-0_seed-1.rds"
"krange","ok","Trapnell","DIFS","DIFS","dip","mixed","Refined Louvain","true_offset",1,NA,0,1,1,300,300,775,3,4,4,222,0,775,756,"2:1",FALSE,0.29487767827581,0.51011605817153,0.340744060959211,0.666666666666667,79.59,"Trapnell_DIFS_RefinedLouvain_n0300_k-true+1_cs-hist_sub-0_seed-1.rds"
"krange","ok","Trapnell","DIFS","DIFS","dip","mixed","Refined Louvain","true_offset",2,NA,0,1,1,300,300,775,3,5,5,222,0,775,1054,"3:1",FALSE,0.269259901057818,0.471649031339222,0.300260341336419,0.684684684684685,64.341,"Trapnell_DIFS_RefinedLouvain_n0300_k-true+2_cs-hist_sub-0_seed-1.rds"
"krange","skipped_k_below_2","Trapnell","DIFS",NA,NA,NA,"SC3","",-2,NA,0,1,1,300,NA,NA,3,NA,NA,NA,NA,NA,NA,NA,NA,NA,NA,NA,NA,NA,"Trapnell_DIFS_SC3_n0300_k-true-2_cs-hist_sub-0_seed-1.rds"
"krange","ok","Trapnell","DIFS","DIFS","dip","mixed","SC3","true_offset",-1,NA,0,1,1,300,300,775,3,2,2,222,0,700,481,"1:1",FALSE,0.00795073694520598,0.418475768642495,0.256431936224182,0.396396396396396,75.473,"Trapnell_DIFS_SC3_n0300_k-true-1_cs-hist_sub-0_seed-1.rds"
"krange","ok","Trapnell","DIFS","DIFS","dip","mixed","SC3","true_offset",1,NA,0,1,1,300,300,775,3,4,4,222,0,775,756,"2:1",FALSE,0.457607232703155,0.62267991445923,0.449119373776908,0.734234234234234,90.497,"Trapnell_DIFS_SC3_n0300_k-true+1_cs-hist_sub-0_seed-1.rds"
"krange","ok","Trapnell","DIFS","DIFS","dip","mixed","SC3","true_offset",2,NA,0,1,1,300,300,775,3,5,5,222,0,775,1054,"3:1",FALSE,0.303131085966176,0.496602788657148,0.320884520884521,0.716216216216216,103.563,"Trapnell_DIFS_SC3_n0300_k-true+2_cs-hist_sub-0_seed-1.rds"
"krange","skipped_k_below_2","Trapnell","FEAST",NA,NA,NA,"Refined Louvain","",-2,NA,0,1,1,300,NA,NA,3,NA,NA,NA,NA,NA,NA,NA,NA,NA,NA,NA,NA,NA,"Trapnell_FEAST_RefinedLouvain_n0300_k-true-2_cs-hist_sub-0_seed-1.rds"
"krange","ok","Trapnell","FEAST","FEAST","dip","mixed","Refined Louvain","true_offset",-1,NA,0,1,1,300,300,775,3,2,2,222,0,NA,NA,NA,FALSE,0.0734988044378965,0.550395443666189,0.336460533425021,0.472972972972973,5.848,"Trapnell_FEAST_RefinedLouvain_n0300_k-true-1_cs-hist_sub-0_seed-1.rds"
"krange","ok","Trapnell","FEAST","FEAST","dip","mixed","Refined Louvain","true_offset",1,NA,0,1,1,300,300,775,3,4,4,222,0,NA,NA,NA,FALSE,0.281028760956846,0.500281937309346,0.331966847874521,0.653153153153153,5.937,"Trapnell_FEAST_RefinedLouvain_n0300_k-true+1_cs-hist_sub-0_seed-1.rds"
"krange","ok","Trapnell","FEAST","FEAST","dip","mixed","Refined Louvain","true_offset",2,NA,0,1,1,300,300,775,3,5,5,222,0,NA,NA,NA,FALSE,0.265126044330706,0.469233254347998,0.298637759017652,0.702702702702703,6.113,"Trapnell_FEAST_RefinedLouvain_n0300_k-true+2_cs-hist_sub-0_seed-1.rds"
"krange","skipped_k_below_2","Trapnell","FEAST",NA,NA,NA,"SC3","",-2,NA,0,1,1,300,NA,NA,3,NA,NA,NA,NA,NA,NA,NA,NA,NA,NA,NA,NA,NA,"Trapnell_FEAST_SC3_n0300_k-true-2_cs-hist_sub-0_seed-1.rds"
"krange","ok","Trapnell","FEAST","FEAST","dip","mixed","SC3","true_offset",-1,NA,0,1,1,300,300,775,3,2,2,222,0,NA,NA,NA,FALSE,0.00223650841354398,0.411795158818845,0.251837453684019,0.382882882882883,39.018,"Trapnell_FEAST_SC3_n0300_k-true-1_cs-hist_sub-0_seed-1.rds"
"krange","ok","Trapnell","FEAST","FEAST","dip","mixed","SC3","true_offset",1,NA,0,1,1,300,300,775,3,4,4,222,0,NA,NA,NA,FALSE,0.177614698521858,0.4441151101486,0.285367825383994,0.558558558558559,48.801,"Trapnell_FEAST_SC3_n0300_k-true+1_cs-hist_sub-0_seed-1.rds"
"krange","ok","Trapnell","FEAST","FEAST","dip","mixed","SC3","true_offset",2,NA,0,1,1,300,300,775,3,5,5,222,0,NA,NA,NA,FALSE,0.263725799889999,0.479007214478829,0.31125767152148,0.630630630630631,45.126,"Trapnell_FEAST_SC3_n0300_k-true+2_cs-hist_sub-0_seed-1.rds"
"krange","skipped_k_below_2","Trapnell","Seurat",NA,NA,NA,"Refined Louvain","",-2,NA,0,1,1,300,NA,NA,3,NA,NA,NA,NA,NA,NA,NA,NA,NA,NA,NA,NA,NA,"Trapnell_Seurat_RefinedLouvain_n0300_k-true-2_cs-hist_sub-0_seed-1.rds"
"krange","ok","Trapnell","Seurat","Seurat","dip","mixed","Refined Louvain","true_offset",-1,NA,0,1,1,300,300,775,3,2,2,222,0,NA,NA,NA,FALSE,0.105420829274119,0.488404663088665,0.310231224452443,0.486486486486487,4.931,"Trapnell_Seurat_RefinedLouvain_n0300_k-true-1_cs-hist_sub-0_seed-1.rds"
"krange","ok","Trapnell","Seurat","Seurat","dip","mixed","Refined Louvain","true_offset",1,NA,0,1,1,300,300,775,3,4,4,222,0,NA,NA,NA,FALSE,0.2107207616141,0.454752498248185,0.293385612001364,0.626126126126126,4.425,"Trapnell_Seurat_RefinedLouvain_n0300_k-true+1_cs-hist_sub-0_seed-1.rds"
"krange","ok","Trapnell","Seurat","Seurat","dip","mixed","Refined Louvain","true_offset",2,NA,0,1,1,300,300,775,3,5,5,222,0,NA,NA,NA,FALSE,0.185349553496424,0.412065958021815,0.253914476696273,0.626126126126126,4.818,"Trapnell_Seurat_RefinedLouvain_n0300_k-true+2_cs-hist_sub-0_seed-1.rds"
"krange","skipped_k_below_2","Trapnell","Seurat",NA,NA,NA,"SC3","",-2,NA,0,1,1,300,NA,NA,3,NA,NA,NA,NA,NA,NA,NA,NA,NA,NA,NA,NA,NA,"Trapnell_Seurat_SC3_n0300_k-true-2_cs-hist_sub-0_seed-1.rds"
"krange","ok","Trapnell","Seurat","Seurat","dip","mixed","SC3","true_offset",-1,NA,0,1,1,300,300,775,3,2,2,222,0,NA,NA,NA,FALSE,0.107853813135606,0.488863084106776,0.31086211119275,0.486486486486487,40.829,"Trapnell_Seurat_SC3_n0300_k-true-1_cs-hist_sub-0_seed-1.rds"
"krange","ok","Trapnell","Seurat","Seurat","dip","mixed","SC3","true_offset",1,NA,0,1,1,300,300,775,3,4,4,222,0,NA,NA,NA,FALSE,0.274021724067641,0.493795246296648,0.325945124676021,0.635135135135135,41.745,"Trapnell_Seurat_SC3_n0300_k-true+1_cs-hist_sub-0_seed-1.rds"
"krange","ok","Trapnell","Seurat","Seurat","dip","mixed","SC3","true_offset",2,NA,0,1,1,300,300,775,3,5,5,222,0,NA,NA,NA,FALSE,0.193930308488743,0.418674212377257,0.259116377330761,0.644144144144144,50.378,"Trapnell_Seurat_SC3_n0300_k-true+2_cs-hist_sub-0_seed-1.rds"
"krange","ok","Zhengmix4eq","DIFS","DIFS","dip","mixed","Refined Louvain","true_offset",-2,NA,0,1,1,300,300,1935,4,2,3,3994,0,1900,885,"1:3",FALSE,0.703081470429515,0.808782568161018,0.655901837395784,0.746369554331497,1024.03,"Zhengmix4eq_DIFS_RefinedLouvain_n0300_k-true-2_cs-hist_sub-0_seed-1.rds"
"krange","ok","Zhengmix4eq","DIFS","DIFS","dip","mixed","Refined Louvain","true_offset",-1,NA,0,1,1,300,300,1935,4,3,3,3994,0,1900,1388,"1:1",FALSE,0.703323385820536,0.808916163959308,0.656117735802951,0.746369554331497,1436.343,"Zhengmix4eq_DIFS_RefinedLouvain_n0300_k-true-1_cs-hist_sub-0_seed-1.rds"
"krange","ok","Zhengmix4eq","DIFS","DIFS","dip","mixed","Refined Louvain","true_offset",1,NA,0,1,1,300,300,1935,4,5,5,3994,0,1500,1526,"1:3",FALSE,0.960584688844225,0.970383947450801,0.942327760769055,0.991487230846269,1566.144,"Zhengmix4eq_DIFS_RefinedLouvain_n0300_k-true+1_cs-hist_sub-0_seed-1.rds"
"krange","ok","Zhengmix4eq","DIFS","DIFS","dip","mixed","Refined Louvain","true_offset",2,NA,0,1,1,300,300,1935,4,6,6,3994,0,1500,1392,"1:1",FALSE,0.921607469942471,0.941138763490068,0.887562083281659,0.988482724086129,1637.127,"Zhengmix4eq_DIFS_RefinedLouvain_n0300_k-true+2_cs-hist_sub-0_seed-1.rds"
"krange","ok","Zhengmix4eq","DIFS","DIFS","dip","mixed","SC3","true_offset",-2,NA,0,1,1,300,300,1935,4,2,2,3994,0,1900,885,"1:3",FALSE,0.320397072443509,0.624576793606964,0.39220661938337,0.49599399098648,1522.657,"Zhengmix4eq_DIFS_SC3_n0300_k-true-2_cs-hist_sub-0_seed-1.rds"
"krange","ok","Zhengmix4eq","DIFS","DIFS","dip","mixed","SC3","true_offset",-1,NA,0,1,1,300,300,1935,4,3,3,3994,0,1900,1388,"1:1",FALSE,0.703323385820536,0.808916163959308,0.656117735802951,0.746369554331497,2100.943,"Zhengmix4eq_DIFS_SC3_n0300_k-true-1_cs-hist_sub-0_seed-1.rds"
"krange","ok","Zhengmix4eq","DIFS","DIFS","dip","mixed","SC3","true_offset",1,NA,0,1,1,300,300,1935,4,5,5,3994,0,1500,1526,"1:3",FALSE,0.964560630897389,0.973373920638093,0.948037582185104,0.991737606409614,1877.032,"Zhengmix4eq_DIFS_SC3_n0300_k-true+1_cs-hist_sub-0_seed-1.rds"
"krange","ok","Zhengmix4eq","DIFS","DIFS","dip","mixed","SC3","true_offset",2,NA,0,1,1,300,300,1935,4,6,6,3994,0,1500,1392,"1:1",FALSE,0.877137369481816,0.907345060043117,0.829923304968226,0.966700050075113,1953.286,"Zhengmix4eq_DIFS_SC3_n0300_k-true+2_cs-hist_sub-0_seed-1.rds"
"krange","ok","Zhengmix4eq","FEAST","FEAST","dip","mixed","Refined Louvain","true_offset",-2,NA,0,1,1,300,300,1935,4,2,3,3994,0,NA,NA,NA,FALSE,0.703323385820536,0.808916163959308,0.656117735802951,0.746369554331497,32.568,"Zhengmix4eq_FEAST_RefinedLouvain_n0300_k-true-2_cs-hist_sub-0_seed-1.rds"
"krange","ok","Zhengmix4eq","FEAST","FEAST","dip","mixed","Refined Louvain","true_offset",-1,NA,0,1,1,300,300,1935,4,3,3,3994,0,NA,NA,NA,FALSE,0.703081470429515,0.808782568161018,0.655901837395784,0.746369554331497,28.714,"Zhengmix4eq_FEAST_RefinedLouvain_n0300_k-true-1_cs-hist_sub-0_seed-1.rds"
"krange","ok","Zhengmix4eq","FEAST","FEAST","dip","mixed","Refined Louvain","true_offset",1,NA,0,1,1,300,300,1935,4,5,5,3994,0,NA,NA,NA,FALSE,0.96913004497505,0.976811506573764,0.954606045072335,0.992739108662995,35.208,"Zhengmix4eq_FEAST_RefinedLouvain_n0300_k-true+1_cs-hist_sub-0_seed-1.rds"
"krange","ok","Zhengmix4eq","FEAST","FEAST","dip","mixed","Refined Louvain","true_offset",2,NA,0,1,1,300,300,1935,4,6,5,3994,0,NA,NA,NA,FALSE,0.967775341643963,0.975792272300493,0.952668156826473,0.991987981972959,39.765,"Zhengmix4eq_FEAST_RefinedLouvain_n0300_k-true+2_cs-hist_sub-0_seed-1.rds"
"krange","ok","Zhengmix4eq","FEAST","FEAST","dip","mixed","SC3","true_offset",-2,NA,0,1,1,300,300,1935,4,2,2,3994,0,NA,NA,NA,FALSE,0.320397072443509,0.624576793606964,0.39220661938337,0.49599399098648,400.019,"Zhengmix4eq_FEAST_SC3_n0300_k-true-2_cs-hist_sub-0_seed-1.rds"
"krange","ok","Zhengmix4eq","FEAST","FEAST","dip","mixed","SC3","true_offset",-1,NA,0,1,1,300,300,1935,4,3,3,3994,0,NA,NA,NA,FALSE,0.703323385820536,0.808916163959308,0.656117735802951,0.746369554331497,676.566,"Zhengmix4eq_FEAST_SC3_n0300_k-true-1_cs-hist_sub-0_seed-1.rds"
"krange","ok","Zhengmix4eq","FEAST","FEAST","dip","mixed","SC3","true_offset",1,NA,0,1,1,300,300,1935,4,5,5,3994,0,NA,NA,NA,FALSE,0.968363114425574,0.97624692977957,0.953434813408405,0.994742113169755,648.902,"Zhengmix4eq_FEAST_SC3_n0300_k-true+1_cs-hist_sub-0_seed-1.rds"
"krange","ok","Zhengmix4eq","FEAST","FEAST","dip","mixed","SC3","true_offset",2,NA,0,1,1,300,300,1935,4,6,6,3994,0,NA,NA,NA,FALSE,0.969014163015774,0.976746609491196,0.954348318437826,0.995743615423135,656.579,"Zhengmix4eq_FEAST_SC3_n0300_k-true+2_cs-hist_sub-0_seed-1.rds"
"krange","ok","Zhengmix4eq","Seurat","Seurat","dip","mixed","Refined Louvain","true_offset",-2,NA,0,1,1,300,300,1935,4,2,3,3994,0,NA,NA,NA,FALSE,0.701388535306968,0.807575781873247,0.654280216859856,0.745618427641462,23.233,"Zhengmix4eq_Seurat_RefinedLouvain_n0300_k-true-2_cs-hist_sub-0_seed-1.rds"
"krange","ok","Zhengmix4eq","Seurat","Seurat","dip","mixed","Refined Louvain","true_offset",-1,NA,0,1,1,300,300,1935,4,3,3,3994,0,NA,NA,NA,FALSE,0.701388535306968,0.807575781873247,0.654280216859856,0.745618427641462,25.053,"Zhengmix4eq_Seurat_RefinedLouvain_n0300_k-true-1_cs-hist_sub-0_seed-1.rds"
"krange","ok","Zhengmix4eq","Seurat","Seurat","dip","mixed","Refined Louvain","true_offset",1,NA,0,1,1,300,300,1935,4,5,5,3994,0,NA,NA,NA,FALSE,0.680645354003066,0.781645300028608,0.629401542466733,0.757636454682023,37.138,"Zhengmix4eq_Seurat_RefinedLouvain_n0300_k-true+1_cs-hist_sub-0_seed-1.rds"
"krange","ok","Zhengmix4eq","Seurat","Seurat","dip","mixed","Refined Louvain","true_offset",2,NA,0,1,1,300,300,1935,4,6,6,3994,0,NA,NA,NA,FALSE,0.782850767176244,0.835817881161133,0.717352311674275,0.914621932899349,23.609,"Zhengmix4eq_Seurat_RefinedLouvain_n0300_k-true+2_cs-hist_sub-0_seed-1.rds"
"krange","ok","Zhengmix4eq","Seurat","Seurat","dip","mixed","SC3","true_offset",-2,NA,0,1,1,300,300,1935,4,2,2,3994,0,NA,NA,NA,FALSE,0.319671705638945,0.624145809488668,0.391782298144476,0.495743615423135,483.97,"Zhengmix4eq_Seurat_SC3_n0300_k-true-2_cs-hist_sub-0_seed-1.rds"
"krange","ok","Zhengmix4eq","Seurat","Seurat","dip","mixed","SC3","true_offset",-1,NA,0,1,1,300,300,1935,4,3,3,3994,0,NA,NA,NA,FALSE,0.705916248256906,0.81080490336861,0.658625017245879,0.747621432148222,400.354,"Zhengmix4eq_Seurat_SC3_n0300_k-true-1_cs-hist_sub-0_seed-1.rds"
"krange","ok","Zhengmix4eq","Seurat","Seurat","dip","mixed","SC3","true_offset",1,NA,0,1,1,300,300,1935,4,5,5,3994,0,NA,NA,NA,FALSE,0.694042933351458,0.800638319677198,0.646555647100925,0.748122183274912,496.277,"Zhengmix4eq_Seurat_SC3_n0300_k-true+1_cs-hist_sub-0_seed-1.rds"
"krange","ok","Zhengmix4eq","Seurat","Seurat","dip","mixed","SC3","true_offset",2,NA,0,1,1,300,300,1935,4,6,6,3994,0,NA,NA,NA,FALSE,0.682767944757227,0.784231337584017,0.631956126763165,0.753129694541813,449.509,"Zhengmix4eq_Seurat_SC3_n0300_k-true+2_cs-hist_sub-0_seed-1.rds"
"krange","ok","Zhengmix8eq","DIFS","DIFS","dip","mixed","Refined Louvain","true_offset",-2,NA,0,1,1,300,300,2134,8,6,6,3994,0,500,1709,"1:2",FALSE,0.648560277466134,0.713013332608432,0.540072666029813,0.746619929894842,1451.957,"Zhengmix8eq_DIFS_RefinedLouvain_n0300_k-true-2_cs-hist_sub-0_seed-1.rds"
"krange","ok","Zhengmix8eq","DIFS","DIFS","dip","mixed","Refined Louvain","true_offset",-1,NA,0,1,1,300,300,2134,8,7,7,3994,0,800,1908,"2:1",FALSE,0.62864864495728,0.696325011392502,0.520421779887139,0.745618427641462,1387.255,"Zhengmix8eq_DIFS_RefinedLouvain_n0300_k-true-1_cs-hist_sub-0_seed-1.rds"
"krange","ok","Zhengmix8eq","DIFS","DIFS","dip","mixed","Refined Louvain","true_offset",1,NA,0,1,1,300,300,2134,8,9,9,3994,0,1100,1934,"1:3",FALSE,0.702259163593375,0.744716939216509,0.590898798607051,0.825488232348523,1817.871,"Zhengmix8eq_DIFS_RefinedLouvain_n0300_k-true+1_cs-hist_sub-0_seed-1.rds"
"krange","ok","Zhengmix8eq","DIFS","DIFS","dip","mixed","Refined Louvain","true_offset",2,NA,0,1,1,300,300,2134,8,10,10,3994,0,2100,1918,"1:2",FALSE,0.716943906195071,0.752572393958722,0.603215909954521,0.825738607911868,1734.32,"Zhengmix8eq_DIFS_RefinedLouvain_n0300_k-true+2_cs-hist_sub-0_seed-1.rds"
"krange","ok","Zhengmix8eq","DIFS","DIFS","dip","mixed","SC3","true_offset",-2,NA,0,1,1,300,300,2134,8,6,6,3994,0,500,1709,"1:2",FALSE,0.422791091202258,0.546825669797063,0.350712299129087,0.56634952428643,2307.707,"Zhengmix8eq_DIFS_SC3_n0300_k-true-2_cs-hist_sub-0_seed-1.rds"
"krange","ok","Zhengmix8eq","DIFS","DIFS","dip","mixed","SC3","true_offset",-1,NA,0,1,1,300,300,2134,8,7,7,3994,0,800,1908,"2:1",FALSE,0.484897046066723,0.592202888702531,0.39737988014451,0.64822233350025,2318.531,"Zhengmix8eq_DIFS_SC3_n0300_k-true-1_cs-hist_sub-0_seed-1.rds"
"krange","ok","Zhengmix8eq","DIFS","DIFS","dip","mixed","SC3","true_offset",1,NA,0,1,1,300,300,2134,8,9,9,3994,0,1100,1934,"1:3",FALSE,0.603145349456075,0.673563155868515,0.495557316365044,0.734101151727591,2585.322,"Zhengmix8eq_DIFS_SC3_n0300_k-true+1_cs-hist_sub-0_seed-1.rds"
"krange","ok","Zhengmix8eq","DIFS","DIFS","dip","mixed","SC3","true_offset",2,NA,0,1,1,300,300,2134,8,10,10,3994,0,2100,1918,"1:2",FALSE,0.605388012063022,0.67135864142555,0.49628912351236,0.736354531797696,3658.282,"Zhengmix8eq_DIFS_SC3_n0300_k-true+2_cs-hist_sub-0_seed-1.rds"
"krange","ok","Zhengmix8eq","FEAST","FEAST","dip","mixed","Refined Louvain","true_offset",-2,NA,0,1,1,300,300,2134,8,6,6,3994,0,NA,NA,NA,FALSE,0.672240579984741,0.730871998338324,0.563543549452196,0.734601902854281,32.703,"Zhengmix8eq_FEAST_RefinedLouvain_n0300_k-true-2_cs-hist_sub-0_seed-1.rds"
"krange","ok","Zhengmix8eq","FEAST","FEAST","dip","mixed","Refined Louvain","true_offset",-1,NA,0,1,1,300,300,2134,8,7,7,3994,0,NA,NA,NA,FALSE,0.73056792737567,0.771403435155485,0.623456387228154,0.822734101151728,32.485,"Zhengmix8eq_FEAST_RefinedLouvain_n0300_k-true-1_cs-hist_sub-0_seed-1.rds"
"krange","ok","Zhengmix8eq","FEAST","FEAST","dip","mixed","Refined Louvain","true_offset",1,NA,0,1,1,300,300,2134,8,9,9,3994,0,NA,NA,NA,FALSE,0.715318123072019,0.753632966112358,0.603877160822344,0.829744616925388,28.835,"Zhengmix8eq_FEAST_RefinedLouvain_n0300_k-true+1_cs-hist_sub-0_seed-1.rds"
"krange","ok","Zhengmix8eq","FEAST","FEAST","dip","mixed","Refined Louvain","true_offset",2,NA,0,1,1,300,300,2134,8,10,10,3994,0,NA,NA,NA,FALSE,0.707912330715613,0.746149770230346,0.594836669774795,0.833750625938908,33.073,"Zhengmix8eq_FEAST_RefinedLouvain_n0300_k-true+2_cs-hist_sub-0_seed-1.rds"
"krange","ok","Zhengmix8eq","FEAST","FEAST","dip","mixed","SC3","true_offset",-2,NA,0,1,1,300,300,2134,8,6,6,3994,0,NA,NA,NA,FALSE,0.382144333680719,0.556192899995426,0.330062990546926,0.559339008512769,739.275,"Zhengmix8eq_FEAST_SC3_n0300_k-true-2_cs-hist_sub-0_seed-1.rds"
"krange","ok","Zhengmix8eq","FEAST","FEAST","dip","mixed","SC3","true_offset",-1,NA,0,1,1,300,300,2134,8,7,7,3994,0,NA,NA,NA,FALSE,0.442263909286797,0.547391175557789,0.36117586753223,0.578617926890336,759.061,"Zhengmix8eq_FEAST_SC3_n0300_k-true-1_cs-hist_sub-0_seed-1.rds"
"krange","ok","Zhengmix8eq","FEAST","FEAST","dip","mixed","SC3","true_offset",1,NA,0,1,1,300,300,2134,8,9,9,3994,0,NA,NA,NA,FALSE,0.539491705488159,0.605459034384098,0.431835004525586,0.63870806209314,806.403,"Zhengmix8eq_FEAST_SC3_n0300_k-true+1_cs-hist_sub-0_seed-1.rds"
"krange","ok","Zhengmix8eq","FEAST","FEAST","dip","mixed","SC3","true_offset",2,NA,0,1,1,300,300,2134,8,10,10,3994,0,NA,NA,NA,FALSE,0.528729789168179,0.594505342708597,0.421462575943494,0.64822233350025,749.697,"Zhengmix8eq_FEAST_SC3_n0300_k-true+2_cs-hist_sub-0_seed-1.rds"
"krange","ok","Zhengmix8eq","Seurat","Seurat","dip","mixed","Refined Louvain","true_offset",-2,NA,0,1,1,300,300,2134,8,6,6,3994,0,NA,NA,NA,FALSE,0.483441849124602,0.621884350123185,0.402927287038888,0.63670505758638,23.105,"Zhengmix8eq_Seurat_RefinedLouvain_n0300_k-true-2_cs-hist_sub-0_seed-1.rds"
"krange","ok","Zhengmix8eq","Seurat","Seurat","dip","mixed","Refined Louvain","true_offset",-1,NA,0,1,1,300,300,2134,8,7,7,3994,0,NA,NA,NA,FALSE,0.575475692548257,0.648840120280623,0.469435085083021,0.698798197295944,27.306,"Zhengmix8eq_Seurat_RefinedLouvain_n0300_k-true-1_cs-hist_sub-0_seed-1.rds"
"krange","ok","Zhengmix8eq","Seurat","Seurat","dip","mixed","Refined Louvain","true_offset",1,NA,0,1,1,300,300,2134,8,9,9,3994,0,NA,NA,NA,FALSE,0.578537568008001,0.63694354330891,0.465882723381943,0.698297446169254,28.469,"Zhengmix8eq_Seurat_RefinedLouvain_n0300_k-true+1_cs-hist_sub-0_seed-1.rds"
"krange","ok","Zhengmix8eq","Seurat","Seurat","dip","mixed","Refined Louvain","true_offset",2,NA,0,1,1,300,300,2134,8,10,9,3994,0,NA,NA,NA,FALSE,0.578537568008001,0.63694354330891,0.465882723381943,0.698297446169254,36.631,"Zhengmix8eq_Seurat_RefinedLouvain_n0300_k-true+2_cs-hist_sub-0_seed-1.rds"
"krange","ok","Zhengmix8eq","Seurat","Seurat","dip","mixed","SC3","true_offset",-2,NA,0,1,1,300,300,2134,8,6,6,3994,0,NA,NA,NA,FALSE,0.355384585428818,0.556431555364664,0.315073775732981,0.545568352528793,532.882,"Zhengmix8eq_Seurat_SC3_n0300_k-true-2_cs-hist_sub-0_seed-1.rds"
"krange","ok","Zhengmix8eq","Seurat","Seurat","dip","mixed","SC3","true_offset",-1,NA,0,1,1,300,300,2134,8,7,7,3994,0,NA,NA,NA,FALSE,0.405282908427564,0.568386663273152,0.345414379779566,0.595393089634452,485.248,"Zhengmix8eq_Seurat_SC3_n0300_k-true-1_cs-hist_sub-0_seed-1.rds"
"krange","ok","Zhengmix8eq","Seurat","Seurat","dip","mixed","SC3","true_offset",1,NA,0,1,1,300,300,2134,8,9,9,3994,0,NA,NA,NA,FALSE,0.387707444951455,0.532374696652414,0.328486932475047,0.597896845267902,622.103,"Zhengmix8eq_Seurat_SC3_n0300_k-true+1_cs-hist_sub-0_seed-1.rds"
"krange","ok","Zhengmix8eq","Seurat","Seurat","dip","mixed","SC3","true_offset",2,NA,0,1,1,300,300,2134,8,10,10,3994,0,NA,NA,NA,FALSE,0.479566264145228,0.572005193269722,0.388471634371221,0.664747120681021,670.359,"Zhengmix8eq_Seurat_SC3_n0300_k-true+2_cs-hist_sub-0_seed-1.rds"
"reps","ok","Baron","DIFS","DIFS","dip","mixed","Refined Louvain","true",NA,101,0,1,101,100,100,1940,14,14,14,8569,0,1400,2622,"2:1",FALSE,0.631503325071324,0.711795186454542,0.519746650495612,0.940833236083557,2997.797,"Baron_DIFS_RefinedLouvain_n0100_k-true_cs-101_sub-0_seed-101.rds"
"reps","ok","Baron","DIFS","DIFS","dip","mixed","Refined Louvain","true",NA,102,0,1,102,100,100,1940,14,14,14,8569,0,1700,2560,"2:1",FALSE,0.603338372614666,0.686345210292503,0.492578955384818,0.910141206675225,3172.33,"Baron_DIFS_RefinedLouvain_n0100_k-true_cs-102_sub-0_seed-102.rds"
"reps","ok","Baron","DIFS","DIFS","dip","mixed","Refined Louvain","true",NA,103,0,1,103,100,100,1940,14,14,14,8569,0,1400,2331,"2:1",FALSE,0.635837823561071,0.715450501054396,0.524178807464524,0.93943283930447,2952.665,"Baron_DIFS_RefinedLouvain_n0100_k-true_cs-103_sub-0_seed-103.rds"
"reps","ok","Baron","DIFS","DIFS","dip","mixed","Refined Louvain","true",NA,104,0,1,104,100,100,1940,14,14,14,8569,0,1700,2920,"3:1",FALSE,0.619256005095278,0.70245066079929,0.506730297562009,0.937098844672657,3113.115,"Baron_DIFS_RefinedLouvain_n0100_k-true_cs-104_sub-0_seed-104.rds"
"reps","ok","Baron","DIFS","DIFS","dip","mixed","Refined Louvain","true",NA,105,0,1,105,100,100,1940,14,14,14,8569,0,1400,2463,"2:1",FALSE,0.608642127604947,0.695171984053661,0.495098530253402,0.935581748161979,2862.083,"Baron_DIFS_RefinedLouvain_n0100_k-true_cs-105_sub-0_seed-105.rds"
"reps","ok","Baron","DIFS","DIFS","dip","mixed","Refined Louvain","true",NA,NA,1,0.9,1,100,100,1939,14,14,14,7712,0,1800,2496,"2:1",FALSE,0.630007807007869,0.710483163921805,0.518217495705245,0.940223029045643,2865.142,"Baron_DIFS_RefinedLouvain_n0100_k-true_cs-hist_sub-1_seed-1.rds"
"reps","ok","Baron","DIFS","DIFS","dip","mixed","Refined Louvain","true",NA,NA,2,0.9,1,100,100,1942,14,14,14,7712,0,1500,3446,"2:1",FALSE,0.541025037580984,0.641979604586538,0.427355664442845,0.935295643153527,2957.672,"Baron_DIFS_RefinedLouvain_n0100_k-true_cs-hist_sub-2_seed-1.rds"
"reps","ok","Baron","DIFS","DIFS","dip","mixed","Refined Louvain","true",NA,NA,3,0.9,1,100,100,1942,14,14,14,7712,0,1942,2717,"2:1",FALSE,0.561295782319656,0.65862507824868,0.446853267693242,0.936592323651452,2840.471,"Baron_DIFS_RefinedLouvain_n0100_k-true_cs-hist_sub-3_seed-1.rds"
"reps","ok","Baron","DIFS","DIFS","dip","mixed","Refined Louvain","true",NA,NA,4,0.9,1,100,100,1945,14,14,14,7712,0,1100,3237,"1:2",FALSE,0.478657975387472,0.586955257213058,0.371581529827293,0.904304979253112,2685.337,"Baron_DIFS_RefinedLouvain_n0100_k-true_cs-hist_sub-4_seed-1.rds"
"reps","ok","Baron","DIFS","DIFS","dip","mixed","Refined Louvain","true",NA,NA,5,0.9,1,100,100,1939,14,14,14,7712,0,1700,2628,"3:1",FALSE,0.538597383315315,0.640080532740847,0.42499184330656,0.935295643153527,2829.622,"Baron_DIFS_RefinedLouvain_n0100_k-true_cs-hist_sub-5_seed-1.rds"
"reps","ok","Baron","DIFS","DIFS","dip","mixed","Refined Louvain","true",NA,101,0,1,101,300,300,1940,14,14,14,8569,0,1400,2622,"1:1",FALSE,0.548896952146576,0.644720615617384,0.437094438361511,0.917726689228615,3116.52,"Baron_DIFS_RefinedLouvain_n0300_k-true_cs-101_sub-0_seed-101.rds"
"reps","ok","Baron","DIFS","DIFS","dip","mixed","Refined Louvain","true",NA,102,0,1,102,300,300,1940,14,14,14,8569,0,1700,2560,"1:1",FALSE,0.512167862977903,0.615248973146374,0.401960130314295,0.912125102112265,3207.216,"Baron_DIFS_RefinedLouvain_n0300_k-true_cs-102_sub-0_seed-102.rds"
"reps","ok","Baron","DIFS","DIFS","dip","mixed","Refined Louvain","true",NA,103,0,1,103,300,300,1940,14,14,14,8569,0,1400,2331,"1:1",FALSE,0.583057822196875,0.677120459571473,0.467882947143243,0.952619908974209,3560.182,"Baron_DIFS_RefinedLouvain_n0300_k-true_cs-103_sub-0_seed-103.rds"
"reps","ok","Baron","DIFS","DIFS","dip","mixed","Refined Louvain","true",NA,104,0,1,104,300,300,1940,14,14,14,8569,0,1700,2920,"3:1",FALSE,0.563637264524622,0.660658920192881,0.449102554918961,0.939199439841288,3065.743,"Baron_DIFS_RefinedLouvain_n0300_k-true_cs-104_sub-0_seed-104.rds"
"reps","ok","Baron","DIFS","DIFS","dip","mixed","Refined Louvain","true",NA,105,0,1,105,300,300,1940,14,14,14,8569,0,1400,2463,"3:1",FALSE,0.552888370646808,0.653233255765731,0.437961463808378,0.946201423736725,2794.212,"Baron_DIFS_RefinedLouvain_n0300_k-true_cs-105_sub-0_seed-105.rds"
"reps","ok","Baron","DIFS","DIFS","dip","mixed","Refined Louvain","true",NA,NA,1,0.9,1,300,300,1939,14,14,14,7712,0,1800,2496,"1:1",FALSE,0.539330899059061,0.63727402827503,0.427663065996873,0.91856846473029,2905.45,"Baron_DIFS_RefinedLouvain_n0300_k-true_cs-hist_sub-1_seed-1.rds"
"reps","ok","Baron","DIFS","DIFS","dip","mixed","Refined Louvain","true",NA,NA,2,0.9,1,300,300,1942,14,14,15,7712,0,1500,3446,"1:1",FALSE,0.531274562080791,0.630793500387473,0.419938553501909,0.915326763485477,2705.12,"Baron_DIFS_RefinedLouvain_n0300_k-true_cs-hist_sub-2_seed-1.rds"
"reps","ok","Baron","DIFS","DIFS","dip","mixed","Refined Louvain","true",NA,NA,3,0.9,1,300,300,1942,14,14,14,7712,0,1942,2717,"3:1",FALSE,0.58386314749884,0.677166059600618,0.468969552390993,0.954745850622407,2795.04,"Baron_DIFS_RefinedLouvain_n0300_k-true_cs-hist_sub-3_seed-1.rds"
"reps","ok","Baron","DIFS","DIFS","dip","mixed","Refined Louvain","true",NA,NA,4,0.9,1,300,300,1945,14,14,15,7712,0,1100,3237,"2:3",FALSE,0.5158159681071,0.621973677973723,0.403191215251686,0.929590248962656,2725.776,"Baron_DIFS_RefinedLouvain_n0300_k-true_cs-hist_sub-4_seed-1.rds"
"reps","ok","Baron","DIFS","DIFS","dip","mixed","Refined Louvain","true",NA,NA,5,0.9,1,300,300,1939,14,14,14,7712,0,1700,2628,"2:3",FALSE,0.495434229660649,0.605925630765844,0.38394100588284,0.931535269709544,2521.8,"Baron_DIFS_RefinedLouvain_n0300_k-true_cs-hist_sub-5_seed-1.rds"
"reps","ok","Baron","DIFS","DIFS","dip","mixed","SC3","true",NA,101,0,1,101,100,100,1940,14,14,14,8569,0,1400,2622,"2:1",FALSE,0.778590941264797,0.822246717217405,0.691381623319258,0.910141206675225,4233.945,"Baron_DIFS_SC3_n0100_k-true_cs-101_sub-0_seed-101.rds"
"reps","ok","Baron","DIFS","DIFS","dip","mixed","SC3","true",NA,102,0,1,102,100,100,1940,14,14,14,8569,0,1700,2560,"2:1",FALSE,0.790011460996062,0.832101533435488,0.704499265768633,0.911775002917493,4224.328,"Baron_DIFS_SC3_n0100_k-true_cs-102_sub-0_seed-102.rds"
"reps","ok","Baron","DIFS","DIFS","dip","mixed","SC3","true",NA,103,0,1,103,100,100,1940,14,14,14,8569,0,1400,2331,"2:1",FALSE,0.783592948364323,0.826273405342209,0.697459969009436,0.905006418485237,4249.564,"Baron_DIFS_SC3_n0100_k-true_cs-103_sub-0_seed-103.rds"
"reps","ok","Baron","DIFS","DIFS","dip","mixed","SC3","true",NA,104,0,1,104,100,100,1940,14,14,14,8569,0,1700,2920,"3:1",FALSE,0.792016737756933,0.833369398620606,0.707363971307023,0.911775002917493,4227.784,"Baron_DIFS_SC3_n0100_k-true_cs-104_sub-0_seed-104.rds"
"reps","ok","Baron","DIFS","DIFS","dip","mixed","SC3","true",NA,105,0,1,105,100,100,1940,14,14,14,8569,0,1400,2463,"2:1",FALSE,0.798239853867702,0.839348611169335,0.714028951960097,0.916092892986346,4230.813,"Baron_DIFS_SC3_n0100_k-true_cs-105_sub-0_seed-105.rds"
"reps","ok","Baron","DIFS","DIFS","dip","mixed","SC3","true",NA,NA,1,0.9,1,100,100,1939,14,14,14,7712,0,1800,2496,"2:1",FALSE,0.780162492368178,0.823294689521914,0.693560071317378,0.902100622406639,4293.972,"Baron_DIFS_SC3_n0100_k-true_cs-hist_sub-1_seed-1.rds"
"reps","ok","Baron","DIFS","DIFS","dip","mixed","SC3","true",NA,NA,2,0.9,1,100,100,1942,14,14,14,7712,0,1500,3446,"2:1",FALSE,0.79887529738187,0.839725800642337,0.714911254087177,0.933350622406639,4364.517,"Baron_DIFS_SC3_n0100_k-true_cs-hist_sub-2_seed-1.rds"
"reps","ok","Baron","DIFS","DIFS","dip","mixed","SC3","true",NA,NA,3,0.9,1,100,100,1942,14,14,14,7712,0,1942,2717,"2:1",FALSE,0.637078591670167,0.71297136353733,0.527742176531123,0.913381742738589,4469.912,"Baron_DIFS_SC3_n0100_k-true_cs-hist_sub-3_seed-1.rds"
"reps","ok","Baron","DIFS","DIFS","dip","mixed","SC3","true",NA,NA,4,0.9,1,100,100,1945,14,14,14,7712,0,1100,3237,"1:2",FALSE,0.756172145471007,0.805501174775763,0.663024808177631,0.912474066390041,4134.109,"Baron_DIFS_SC3_n0100_k-true_cs-hist_sub-4_seed-1.rds"
"reps","ok","Baron","DIFS","DIFS","dip","mixed","SC3","true",NA,NA,5,0.9,1,100,100,1939,14,14,14,7712,0,1700,2628,"3:1",FALSE,0.77261383476575,0.817085656576336,0.684637562360649,0.882780082987552,4197.589,"Baron_DIFS_SC3_n0100_k-true_cs-hist_sub-5_seed-1.rds"
"reps","ok","Baron","DIFS","DIFS","dip","mixed","SC3","true",NA,101,0,1,101,300,300,1940,14,14,14,8569,0,1400,2622,"1:1",FALSE,0.559787139949007,0.654413134849893,0.447124192222456,0.921344380907924,4582.089,"Baron_DIFS_SC3_n0300_k-true_cs-101_sub-0_seed-101.rds"
"reps","ok","Baron","DIFS","DIFS","dip","mixed","SC3","true",NA,102,0,1,102,300,300,1940,14,14,14,8569,0,1700,2560,"1:1",FALSE,0.584434838645103,0.66929916853997,0.474904914144975,0.904072820632513,4335.838,"Baron_DIFS_SC3_n0300_k-true_cs-102_sub-0_seed-102.rds"
"reps","ok","Baron","DIFS","DIFS","dip","mixed","SC3","true",NA,103,0,1,103,300,300,1940,14,14,14,8569,0,1400,2331,"1:1",FALSE,0.568158032887772,0.660099350616038,0.455993105113765,0.920410783055199,5152.379,"Baron_DIFS_SC3_n0300_k-true_cs-103_sub-0_seed-103.rds"
"reps","ok","Baron","DIFS","DIFS","dip","mixed","SC3","true",NA,104,0,1,104,300,300,1940,14,14,14,8569,0,1700,2920,"3:1",FALSE,0.570591379948663,0.661362456360523,0.458842585366974,0.916442992181118,4280.367,"Baron_DIFS_SC3_n0300_k-true_cs-104_sub-0_seed-104.rds"
"reps","ok","Baron","DIFS","DIFS","dip","mixed","SC3","true",NA,105,0,1,105,300,300,1940,14,14,14,8569,0,1400,2463,"3:1",FALSE,0.547527536206715,0.639973278489777,0.438275056489602,0.903722721437741,4149.858,"Baron_DIFS_SC3_n0300_k-true_cs-105_sub-0_seed-105.rds"
"reps","ok","Baron","DIFS","DIFS","dip","mixed","SC3","true",NA,NA,1,0.9,1,300,300,1939,14,14,14,7712,0,1800,2496,"1:1",FALSE,0.557371210910176,0.651524735440004,0.445309429713201,0.921161825726141,3881.394,"Baron_DIFS_SC3_n0300_k-true_cs-hist_sub-1_seed-1.rds"
"reps","ok","Baron","DIFS","DIFS","dip","mixed","SC3","true",NA,NA,2,0.9,1,300,300,1942,14,14,14,7712,0,1500,3446,"1:1",FALSE,0.551858689506763,0.649501376006518,0.438496924734697,0.924792531120332,3852.812,"Baron_DIFS_SC3_n0300_k-true_cs-hist_sub-2_seed-1.rds"
"reps","ok","Baron","DIFS","DIFS","dip","mixed","SC3","true",NA,NA,3,0.9,1,300,300,1942,14,14,14,7712,0,1942,2717,"3:1",FALSE,0.561013320092627,0.654703898708902,0.448714626639783,0.923495850622407,4613.107,"Baron_DIFS_SC3_n0300_k-true_cs-hist_sub-3_seed-1.rds"
"reps","ok","Baron","DIFS","DIFS","dip","mixed","SC3","true",NA,NA,4,0.9,1,300,300,1945,14,14,14,7712,0,1100,3237,"2:3",FALSE,0.659954334105433,0.732757499150572,0.551035420649788,0.92621887966805,3957.238,"Baron_DIFS_SC3_n0300_k-true_cs-hist_sub-4_seed-1.rds"
"reps","ok","Baron","DIFS","DIFS","dip","mixed","SC3","true",NA,NA,5,0.9,1,300,300,1939,14,14,14,7712,0,1700,2628,"2:3",FALSE,0.56035046861752,0.655771012303216,0.447100760024979,0.924403526970954,3914.72,"Baron_DIFS_SC3_n0300_k-true_cs-hist_sub-5_seed-1.rds"
"reps","ok","Baron","FEAST","FEAST","dip","mixed","Refined Louvain","true",NA,101,0,1,101,100,100,1940,14,14,14,8569,0,NA,NA,NA,FALSE,0.553981344440859,0.650210959681963,0.441177900836609,0.922861477418602,118.097,"Baron_FEAST_RefinedLouvain_n0100_k-true_cs-101_sub-0_seed-101.rds"
"reps","ok","Baron","FEAST","FEAST","dip","mixed","Refined Louvain","true",NA,102,0,1,102,100,100,1940,14,14,14,8569,0,NA,NA,NA,FALSE,0.539840869806639,0.63614567188652,0.429179147080871,0.899521531100478,124.486,"Baron_FEAST_RefinedLouvain_n0100_k-true_cs-102_sub-0_seed-102.rds"
"reps","ok","Baron","FEAST","FEAST","dip","mixed","Refined Louvain","true",NA,103,0,1,103,100,100,1940,14,14,14,8569,0,NA,NA,NA,FALSE,0.524733347181128,0.623675620578995,0.414930470865743,0.896137238884351,124.957,"Baron_FEAST_RefinedLouvain_n0100_k-true_cs-103_sub-0_seed-103.rds"
"reps","ok","Baron","FEAST","FEAST","dip","mixed","Refined Louvain","true",NA,104,0,1,104,100,100,1940,14,14,13,8569,0,NA,NA,NA,FALSE,0.540906117207993,0.635134063197389,0.431507897668704,0.882133271093477,126.165,"Baron_FEAST_RefinedLouvain_n0100_k-true_cs-104_sub-0_seed-104.rds"
"reps","ok","Baron","FEAST","FEAST","dip","mixed","Refined Louvain","true",NA,105,0,1,105,100,100,1940,14,14,14,8569,0,NA,NA,NA,FALSE,0.535341006964619,0.632217356663294,0.425060360393926,0.895787139689579,123.892,"Baron_FEAST_RefinedLouvain_n0100_k-true_cs-105_sub-0_seed-105.rds"
"reps","ok","Baron","FEAST","FEAST","dip","mixed","Refined Louvain","true",NA,NA,1,0.9,1,100,100,1939,14,14,14,7712,0,NA,NA,NA,FALSE,0.532012964678329,0.629439837941708,0.421898638855375,0.890819502074689,96.493,"Baron_FEAST_RefinedLouvain_n0100_k-true_cs-hist_sub-1_seed-1.rds"
"reps","ok","Baron","FEAST","FEAST","dip","mixed","Refined Louvain","true",NA,NA,2,0.9,1,100,100,1942,14,14,14,7712,0,NA,NA,NA,FALSE,0.534618895340378,0.631139901002411,0.424664934218534,0.893542531120332,104.171,"Baron_FEAST_RefinedLouvain_n0100_k-true_cs-hist_sub-2_seed-1.rds"
"reps","ok","Baron","FEAST","FEAST","dip","mixed","Refined Louvain","true",NA,NA,3,0.9,1,100,100,1942,14,14,14,7712,0,NA,NA,NA,FALSE,0.539410668966133,0.634924751669654,0.429318099983645,0.898340248962656,100.876,"Baron_FEAST_RefinedLouvain_n0100_k-true_cs-hist_sub-3_seed-1.rds"
"reps","ok","Baron","FEAST","FEAST","dip","mixed","Refined Louvain","true",NA,NA,4,0.9,1,100,100,1945,14,14,14,7712,0,NA,NA,NA,FALSE,0.525086713390837,0.623173030914164,0.415761403157766,0.882780082987552,113.155,"Baron_FEAST_RefinedLouvain_n0100_k-true_cs-hist_sub-4_seed-1.rds"
"reps","ok","Baron","FEAST","FEAST","dip","mixed","Refined Louvain","true",NA,NA,5,0.9,1,100,100,1939,14,14,14,7712,0,NA,NA,NA,FALSE,0.55426840323617,0.650018665753057,0.441673650228823,0.920643153526971,104.738,"Baron_FEAST_RefinedLouvain_n0100_k-true_cs-hist_sub-5_seed-1.rds"
"reps","ok","Baron","FEAST","FEAST","dip","mixed","Refined Louvain","true",NA,101,0,1,101,300,300,1940,14,14,14,8569,0,NA,NA,NA,FALSE,0.581448039469391,0.675588721306598,0.466400268973549,0.949702415684444,116.131,"Baron_FEAST_RefinedLouvain_n0300_k-true_cs-101_sub-0_seed-101.rds"
"reps","ok","Baron","FEAST","FEAST","dip","mixed","Refined Louvain","true",NA,102,0,1,102,300,300,1940,14,14,14,8569,0,NA,NA,NA,FALSE,0.583436516870849,0.676781306029036,0.468599416430282,0.951452911658303,157.611,"Baron_FEAST_RefinedLouvain_n0300_k-true_cs-102_sub-0_seed-102.rds"
"reps","ok","Baron","FEAST","FEAST","dip","mixed","Refined Louvain","true",NA,103,0,1,103,300,300,1940,14,14,14,8569,0,NA,NA,NA,FALSE,0.578488901584435,0.67320571500223,0.463455151302444,0.948302018905356,116.98,"Baron_FEAST_RefinedLouvain_n0300_k-true_cs-103_sub-0_seed-103.rds"
"reps","ok","Baron","FEAST","FEAST","dip","mixed","Refined Louvain","true",NA,104,0,1,104,300,300,1940,14,14,14,8569,0,NA,NA,NA,FALSE,0.586501540621488,0.679280073479452,0.471647401514172,0.95086941300035,154.771,"Baron_FEAST_RefinedLouvain_n0300_k-true_cs-104_sub-0_seed-104.rds"
"reps","ok","Baron","FEAST","FEAST","dip","mixed","Refined Louvain","true",NA,105,0,1,105,300,300,1940,14,14,14,8569,0,NA,NA,NA,FALSE,0.596223804919236,0.686654236353032,0.481666711132015,0.951102812463531,117.419,"Baron_FEAST_RefinedLouvain_n0300_k-true_cs-105_sub-0_seed-105.rds"
"reps","ok","Baron","FEAST","FEAST","dip","mixed","Refined Louvain","true",NA,NA,1,0.9,1,300,300,1939,14,14,14,7712,0,NA,NA,NA,FALSE,0.593438244278087,0.684378120827686,0.478840473105696,0.952411825726141,97.575,"Baron_FEAST_RefinedLouvain_n0300_k-true_cs-hist_sub-1_seed-1.rds"
"reps","ok","Baron","FEAST","FEAST","dip","mixed","Refined Louvain","true",NA,NA,2,0.9,1,300,300,1942,14,14,14,7712,0,NA,NA,NA,FALSE,0.581492202864363,0.67544170482322,0.466506363596813,0.94826244813278,91.824,"Baron_FEAST_RefinedLouvain_n0300_k-true_cs-hist_sub-2_seed-1.rds"
"reps","ok","Baron","FEAST","FEAST","dip","mixed","Refined Louvain","true",NA,NA,3,0.9,1,300,300,1942,14,14,14,7712,0,NA,NA,NA,FALSE,0.591514275208664,0.683131524868891,0.476741779121157,0.949948132780083,100.623,"Baron_FEAST_RefinedLouvain_n0300_k-true_cs-hist_sub-3_seed-1.rds"
"reps","ok","Baron","FEAST","FEAST","dip","mixed","Refined Louvain","true",NA,NA,4,0.9,1,300,300,1945,14,14,14,7712,0,NA,NA,NA,FALSE,0.582539169039773,0.676077707984532,0.467659773134824,0.94929979253112,98.319,"Baron_FEAST_RefinedLouvain_n0300_k-true_cs-hist_sub-4_seed-1.rds"
"reps","ok","Baron","FEAST","FEAST","dip","mixed","Refined Louvain","true",NA,NA,5,0.9,1,300,300,1939,14,14,14,7712,0,NA,NA,NA,FALSE,0.586867079998355,0.679328917003161,0.472110108551888,0.951115145228216,103.433,"Baron_FEAST_RefinedLouvain_n0300_k-true_cs-hist_sub-5_seed-1.rds"
"reps","ok","Baron","FEAST","FEAST","dip","mixed","SC3","true",NA,101,0,1,101,100,100,1940,14,14,14,8569,0,NA,NA,NA,FALSE,0.775960107891649,0.820252832484822,0.688031045968853,0.905589917143191,1377.217,"Baron_FEAST_SC3_n0100_k-true_cs-101_sub-0_seed-101.rds"
"reps","ok","Baron","FEAST","FEAST","dip","mixed","SC3","true",NA,102,0,1,102,100,100,1940,14,14,14,8569,0,NA,NA,NA,FALSE,0.783308485201408,0.8260345157663,0.697127138413686,0.90162212626911,1440.905,"Baron_FEAST_SC3_n0100_k-true_cs-102_sub-0_seed-102.rds"
"reps","ok","Baron","FEAST","FEAST","dip","mixed","SC3","true",NA,103,0,1,103,100,100,1940,14,14,14,8569,0,NA,NA,NA,FALSE,0.782036218816935,0.824830036064913,0.69584013602281,0.905356517680009,1543.681,"Baron_FEAST_SC3_n0100_k-true_cs-103_sub-0_seed-103.rds"
"reps","ok","Baron","FEAST","FEAST","dip","mixed","SC3","true",NA,104,0,1,104,100,100,1940,14,14,14,8569,0,NA,NA,NA,FALSE,0.763154291050106,0.810736296348037,0.671741799440926,0.9017388260007,1446.028,"Baron_FEAST_SC3_n0100_k-true_cs-104_sub-0_seed-104.rds"
"reps","ok","Baron","FEAST","FEAST","dip","mixed","SC3","true",NA,105,0,1,105,100,100,1940,14,14,14,8569,0,NA,NA,NA,FALSE,0.609582712527978,0.688899508000286,0.500853348404968,0.892519547205041,1857.282,"Baron_FEAST_SC3_n0100_k-true_cs-105_sub-0_seed-105.rds"
"reps","ok","Baron","FEAST","FEAST","dip","mixed","SC3","true",NA,NA,1,0.9,1,100,100,1939,14,14,14,7712,0,NA,NA,NA,FALSE,0.763884932758361,0.810489486853612,0.673552381092267,0.900544605809129,1684.782,"Baron_FEAST_SC3_n0100_k-true_cs-hist_sub-1_seed-1.rds"
"reps","ok","Baron","FEAST","FEAST","dip","mixed","SC3","true",NA,NA,2,0.9,1,100,100,1942,14,14,14,7712,0,NA,NA,NA,FALSE,0.76993029078136,0.8147628452002,0.681682220022226,0.902359958506224,1780.286,"Baron_FEAST_SC3_n0100_k-true_cs-hist_sub-2_seed-1.rds"
"reps","ok","Baron","FEAST","FEAST","dip","mixed","SC3","true",NA,NA,3,0.9,1,100,100,1942,14,14,14,7712,0,NA,NA,NA,FALSE,0.642919768378483,0.716133688526929,0.535074531032052,0.902359958506224,1728.014,"Baron_FEAST_SC3_n0100_k-true_cs-hist_sub-3_seed-1.rds"
"reps","ok","Baron","FEAST","FEAST","dip","mixed","SC3","true",NA,NA,4,0.9,1,100,100,1945,14,14,14,7712,0,NA,NA,NA,FALSE,0.680434616425033,0.746306376933677,0.57535687535887,0.905860995850622,2279.273,"Baron_FEAST_SC3_n0100_k-true_cs-hist_sub-4_seed-1.rds"
"reps","ok","Baron","FEAST","FEAST","dip","mixed","SC3","true",NA,NA,5,0.9,1,100,100,1939,14,14,14,7712,0,NA,NA,NA,FALSE,0.785906892569711,0.828257564828977,0.700079538522376,0.909751037344398,1790.513,"Baron_FEAST_SC3_n0100_k-true_cs-hist_sub-5_seed-1.rds"
"reps","ok","Baron","FEAST","FEAST","dip","mixed","SC3","true",NA,101,0,1,101,300,300,1940,14,14,14,8569,0,NA,NA,NA,FALSE,0.544074732787185,0.64165340218115,0.431927285443507,0.92437857392928,1664.244,"Baron_FEAST_SC3_n0300_k-true_cs-101_sub-0_seed-101.rds"
"reps","ok","Baron","FEAST","FEAST","dip","mixed","SC3","true",NA,102,0,1,102,300,300,1940,14,14,14,8569,0,NA,NA,NA,FALSE,0.647597650668059,0.722153937925002,0.538352087397333,0.920994281713152,1613.428,"Baron_FEAST_SC3_n0300_k-true_cs-102_sub-0_seed-102.rds"
"reps","ok","Baron","FEAST","FEAST","dip","mixed","SC3","true",NA,103,0,1,103,300,300,1940,14,14,14,8569,0,NA,NA,NA,FALSE,0.569037977960824,0.659116879537695,0.457981155977872,0.906406815264325,1387.98,"Baron_FEAST_SC3_n0300_k-true_cs-103_sub-0_seed-103.rds"
"reps","ok","Baron","FEAST","FEAST","dip","mixed","SC3","true",NA,104,0,1,104,300,300,1940,14,14,14,8569,0,NA,NA,NA,FALSE,0.566888250623138,0.659707456618835,0.454347917644009,0.923561675808146,1451.818,"Baron_FEAST_SC3_n0300_k-true_cs-104_sub-0_seed-104.rds"
"reps","ok","Baron","FEAST","FEAST","dip","mixed","SC3","true",NA,105,0,1,105,300,300,1940,14,14,14,8569,0,NA,NA,NA,FALSE,0.56579932906373,0.659774158030816,0.452705862574377,0.923795075271327,1348.259,"Baron_FEAST_SC3_n0300_k-true_cs-105_sub-0_seed-105.rds"
"reps","ok","Baron","FEAST","FEAST","dip","mixed","SC3","true",NA,NA,1,0.9,1,300,300,1939,14,14,14,7712,0,NA,NA,NA,FALSE,0.666788014311705,0.738407151802276,0.558290320267078,0.928034232365145,1285.812,"Baron_FEAST_SC3_n0300_k-true_cs-hist_sub-1_seed-1.rds"
"reps","ok","Baron","FEAST","FEAST","dip","mixed","SC3","true",NA,NA,2,0.9,1,300,300,1942,14,14,14,7712,0,NA,NA,NA,FALSE,0.537733747318981,0.632585042623071,0.428407549111018,0.900285269709544,1494.214,"Baron_FEAST_SC3_n0300_k-true_cs-hist_sub-2_seed-1.rds"
"reps","ok","Baron","FEAST","FEAST","dip","mixed","SC3","true",NA,NA,3,0.9,1,300,300,1942,14,14,14,7712,0,NA,NA,NA,FALSE,0.643427827620879,0.719392897145647,0.533499510912282,0.921291493775934,1325.344,"Baron_FEAST_SC3_n0300_k-true_cs-hist_sub-3_seed-1.rds"
"reps","ok","Baron","FEAST","FEAST","dip","mixed","SC3","true",NA,NA,4,0.9,1,300,300,1945,14,14,14,7712,0,NA,NA,NA,FALSE,0.650192455742091,0.723961436024021,0.541263243569138,0.921939834024896,1219.627,"Baron_FEAST_SC3_n0300_k-true_cs-hist_sub-4_seed-1.rds"
"reps","ok","Baron","FEAST","FEAST","dip","mixed","SC3","true",NA,NA,5,0.9,1,300,300,1939,14,14,14,7712,0,NA,NA,NA,FALSE,0.554618201975364,0.65067500001147,0.441789809514564,0.921161825726141,1249.148,"Baron_FEAST_SC3_n0300_k-true_cs-hist_sub-5_seed-1.rds"
"reps","ok","Baron","Seurat","Seurat","dip","mixed","Refined Louvain","true",NA,101,0,1,101,100,100,1940,14,14,13,8569,0,NA,NA,NA,FALSE,0.298008989036917,0.419533496515367,0.261126105628525,0.648033609522698,90.194,"Baron_Seurat_RefinedLouvain_n0100_k-true_cs-101_sub-0_seed-101.rds"
"reps","ok","Baron","Seurat","Seurat","dip","mixed","Refined Louvain","true",NA,102,0,1,102,100,100,1940,14,14,14,8569,0,NA,NA,NA,FALSE,0.29604844776661,0.412669952882073,0.248259711905649,0.646983311938383,95.394,"Baron_Seurat_RefinedLouvain_n0100_k-true_cs-102_sub-0_seed-102.rds"
"reps","ok","Baron","Seurat","Seurat","dip","mixed","Refined Louvain","true",NA,103,0,1,103,100,100,1940,14,14,13,8569,0,NA,NA,NA,FALSE,0.293304864829571,0.410763789607626,0.24829697745579,0.642898821332711,111.912,"Baron_Seurat_RefinedLouvain_n0100_k-true_cs-103_sub-0_seed-103.rds"
"reps","ok","Baron","Seurat","Seurat","dip","mixed","Refined Louvain","true",NA,104,0,1,104,100,100,1940,14,14,14,8569,0,NA,NA,NA,FALSE,0.281844080208537,0.400046673292021,0.238808655914317,0.649200606838604,88.615,"Baron_Seurat_RefinedLouvain_n0100_k-true_cs-104_sub-0_seed-104.rds"
"reps","ok","Baron","Seurat","Seurat","dip","mixed","Refined Louvain","true",NA,105,0,1,105,100,100,1940,14,14,13,8569,0,NA,NA,NA,FALSE,0.295886697927571,0.412938894052837,0.249695067582892,0.646283113548839,97.484,"Baron_Seurat_RefinedLouvain_n0100_k-true_cs-105_sub-0_seed-105.rds"
"reps","ok","Baron","Seurat","Seurat","dip","mixed","Refined Louvain","true",NA,NA,1,0.9,1,100,100,1939,14,14,14,7712,0,NA,NA,NA,FALSE,0.421096588521316,0.523139616272183,0.346634688651214,0.744424273858921,82.924,"Baron_Seurat_RefinedLouvain_n0100_k-true_cs-hist_sub-1_seed-1.rds"
"reps","ok","Baron","Seurat","Seurat","dip","mixed","Refined Louvain","true",NA,NA,2,0.9,1,100,100,1942,14,14,15,7712,0,NA,NA,NA,FALSE,0.426256369119226,0.528839721381895,0.339857735862017,0.783195020746888,80.401,"Baron_Seurat_RefinedLouvain_n0100_k-true_cs-hist_sub-2_seed-1.rds"
"reps","ok","Baron","Seurat","Seurat","dip","mixed","Refined Louvain","true",NA,NA,3,0.9,1,100,100,1942,14,14,13,7712,0,NA,NA,NA,FALSE,0.403569682104572,0.507585899150364,0.328276551239241,0.774118257261411,81.641,"Baron_Seurat_RefinedLouvain_n0100_k-true_cs-hist_sub-3_seed-1.rds"
"reps","ok","Baron","Seurat","Seurat","dip","mixed","Refined Louvain","true",NA,NA,4,0.9,1,100,100,1945,14,14,13,7712,0,NA,NA,NA,FALSE,0.417024747829645,0.519424304869253,0.33717746112871,0.777878630705394,86.628,"Baron_Seurat_RefinedLouvain_n0100_k-true_cs-hist_sub-4_seed-1.rds"
"reps","ok","Baron","Seurat","Seurat","dip","mixed","Refined Louvain","true",NA,NA,5,0.9,1,100,100,1939,14,14,14,7712,0,NA,NA,NA,FALSE,0.263664875483403,0.383306349937979,0.22530668366518,0.605679460580913,77.646,"Baron_Seurat_RefinedLouvain_n0100_k-true_cs-hist_sub-5_seed-1.rds"
"reps","ok","Baron","Seurat","Seurat","dip","mixed","Refined Louvain","true",NA,101,0,1,101,300,300,1940,14,14,14,8569,0,NA,NA,NA,FALSE,0.658656760471297,0.724471974154943,0.556553650250916,0.89041895203641,114.62,"Baron_Seurat_RefinedLouvain_n0300_k-true_cs-101_sub-0_seed-101.rds"
"reps","ok","Baron","Seurat","Seurat","dip","mixed","Refined Louvain","true",NA,102,0,1,102,300,300,1940,14,14,13,8569,0,NA,NA,NA,FALSE,0.698763069622134,0.756070182066365,0.602276809436013,0.881082973509161,106.615,"Baron_Seurat_RefinedLouvain_n0300_k-true_cs-102_sub-0_seed-102.rds"
"reps","ok","Baron","Seurat","Seurat","dip","mixed","Refined Louvain","true",NA,103,0,1,103,300,300,1940,14,14,13,8569,0,NA,NA,NA,FALSE,0.699394107726366,0.756576292960091,0.603003881776976,0.880732874314389,123.813,"Baron_Seurat_RefinedLouvain_n0300_k-true_cs-103_sub-0_seed-103.rds"
"reps","ok","Baron","Seurat","Seurat","dip","mixed","Refined Louvain","true",NA,104,0,1,104,300,300,1940,14,14,13,8569,0,NA,NA,NA,FALSE,0.6997317620627,0.756850324420049,0.603381776039155,0.88084957404598,109.129,"Baron_Seurat_RefinedLouvain_n0300_k-true_cs-104_sub-0_seed-104.rds"
"reps","ok","Baron","Seurat","Seurat","dip","mixed","Refined Louvain","true",NA,105,0,1,105,300,300,1940,14,14,14,8569,0,NA,NA,NA,FALSE,0.663415571838401,0.728269682011379,0.561738917454701,0.891235850157545,118.811,"Baron_Seurat_RefinedLouvain_n0300_k-true_cs-105_sub-0_seed-105.rds"
"reps","ok","Baron","Seurat","Seurat","dip","mixed","Refined Louvain","true",NA,NA,1,0.9,1,300,300,1939,14,14,13,7712,0,NA,NA,NA,FALSE,0.70847864998514,0.764037252238302,0.612801050169175,0.884854771784232,92.775,"Baron_Seurat_RefinedLouvain_n0300_k-true_cs-hist_sub-1_seed-1.rds"
"reps","ok","Baron","Seurat","Seurat","dip","mixed","Refined Louvain","true",NA,NA,2,0.9,1,300,300,1942,14,14,14,7712,0,NA,NA,NA,FALSE,0.671223607217998,0.734063428828777,0.571066319478717,0.883817427385892,87.538,"Baron_Seurat_RefinedLouvain_n0300_k-true_cs-hist_sub-2_seed-1.rds"
"reps","ok","Baron","Seurat","Seurat","dip","mixed","Refined Louvain","true",NA,NA,3,0.9,1,300,300,1942,14,14,14,7712,0,NA,NA,NA,FALSE,0.672374590079136,0.735042721378971,0.572217686267396,0.88472510373444,94.8,"Baron_Seurat_RefinedLouvain_n0300_k-true_cs-hist_sub-3_seed-1.rds"
"reps","ok","Baron","Seurat","Seurat","dip","mixed","Refined Louvain","true",NA,NA,4,0.9,1,300,300,1945,14,14,14,7712,0,NA,NA,NA,FALSE,0.678132738242846,0.739810056903305,0.578271029828707,0.882002074688797,95.855,"Baron_Seurat_RefinedLouvain_n0300_k-true_cs-hist_sub-4_seed-1.rds"
"reps","ok","Baron","Seurat","Seurat","dip","mixed","Refined Louvain","true",NA,NA,5,0.9,1,300,300,1939,14,14,13,7712,0,NA,NA,NA,FALSE,0.70278847921563,0.759264217964221,0.606967993098532,0.882131742738589,93.464,"Baron_Seurat_RefinedLouvain_n0300_k-true_cs-hist_sub-5_seed-1.rds"
"reps","ok","Baron","Seurat","Seurat","dip","mixed","SC3","true",NA,101,0,1,101,100,100,1940,14,14,14,8569,0,NA,NA,NA,FALSE,0.916675869108435,0.93294221416031,0.874085347574839,0.925662270976777,1256.275,"Baron_Seurat_SC3_n0100_k-true_cs-101_sub-0_seed-101.rds"
"reps","ok","Baron","Seurat","Seurat","dip","mixed","SC3","true",NA,102,0,1,102,100,100,1940,14,14,14,8569,0,NA,NA,NA,FALSE,0.910791581409751,0.928447157272347,0.866434481468192,0.900221729490022,1304.918,"Baron_Seurat_SC3_n0100_k-true_cs-102_sub-0_seed-102.rds"
"reps","ok","Baron","Seurat","Seurat","dip","mixed","SC3","true",NA,103,0,1,103,100,100,1940,14,14,14,8569,0,NA,NA,NA,FALSE,0.881901129161197,0.904965653809662,0.825166313635314,0.917960088691796,1595.837,"Baron_Seurat_SC3_n0100_k-true_cs-103_sub-0_seed-103.rds"
"reps","ok","Baron","Seurat","Seurat","dip","mixed","SC3","true",NA,105,0,1,105,100,100,1940,14,14,14,8569,0,NA,NA,NA,FALSE,0.910036632237901,0.927645894143069,0.865008172508555,0.899638230832069,1438.861,"Baron_Seurat_SC3_n0100_k-true_cs-105_sub-0_seed-105.rds"
"reps","ok","Baron","Seurat","Seurat","dip","mixed","SC3","true",NA,NA,1,0.9,1,100,100,1939,14,14,14,7712,0,NA,NA,NA,FALSE,0.914081688196103,0.930847059155116,0.87027377379631,0.918957468879668,1730.26,"Baron_Seurat_SC3_n0100_k-true_cs-hist_sub-1_seed-1.rds"
"reps","ok","Baron","Seurat","Seurat","dip","mixed","SC3","true",NA,NA,2,0.9,1,100,100,1942,14,14,14,7712,0,NA,NA,NA,FALSE,0.885633576418682,0.907961974296175,0.8302785533736,0.902748962655602,1569.274,"Baron_Seurat_SC3_n0100_k-true_cs-hist_sub-2_seed-1.rds"
"reps","ok","Baron","Seurat","Seurat","dip","mixed","SC3","true",NA,NA,3,0.9,1,100,100,1942,14,14,14,7712,0,NA,NA,NA,FALSE,0.910770743479309,0.928210598201846,0.865962200070359,0.906639004149378,1598.733,"Baron_Seurat_SC3_n0100_k-true_cs-hist_sub-3_seed-1.rds"
"reps","ok","Baron","Seurat","Seurat","dip","mixed","SC3","true",NA,NA,4,0.9,1,100,100,1945,14,14,14,7712,0,NA,NA,NA,FALSE,0.84186996946191,0.872637552939886,0.771855377189711,0.906379668049793,1452.362,"Baron_Seurat_SC3_n0100_k-true_cs-hist_sub-4_seed-1.rds"
"reps","ok","Baron","Seurat","Seurat","dip","mixed","SC3","true",NA,NA,5,0.9,1,100,100,1939,14,14,14,7712,0,NA,NA,NA,FALSE,0.899346331310876,0.9189548086124,0.849811420160899,0.904434647302905,1519.734,"Baron_Seurat_SC3_n0100_k-true_cs-hist_sub-5_seed-1.rds"
"reps","ok","Baron","Seurat","Seurat","dip","mixed","SC3","true",NA,101,0,1,101,300,300,1940,14,14,14,8569,0,NA,NA,NA,FALSE,0.54694215402031,0.640456389832145,0.437005061772206,0.88283346948302,1679.794,"Baron_Seurat_SC3_n0300_k-true_cs-101_sub-0_seed-101.rds"
"reps","ok","Baron","Seurat","Seurat","dip","mixed","SC3","true",NA,102,0,1,102,300,300,1940,14,14,14,8569,0,NA,NA,NA,FALSE,0.65007160478839,0.722194065805556,0.542431872144529,0.894270043178901,2621.422,"Baron_Seurat_SC3_n0300_k-true_cs-102_sub-0_seed-102.rds"
"reps","ok","Baron","Seurat","Seurat","dip","mixed","SC3","true",NA,103,0,1,103,300,300,1940,14,14,14,8569,0,NA,NA,NA,FALSE,0.535979415019619,0.629170250174774,0.428311604080768,0.885284163846423,1509.473,"Baron_Seurat_SC3_n0300_k-true_cs-103_sub-0_seed-103.rds"
"reps","ok","Baron","Seurat","Seurat","dip","mixed","SC3","true",NA,104,0,1,104,300,300,1940,14,14,14,8569,0,NA,NA,NA,FALSE,0.770289865197719,0.815882392017806,0.680954807283843,0.871863694713502,1748.732,"Baron_Seurat_SC3_n0300_k-true_cs-104_sub-0_seed-104.rds"
"reps","ok","Baron","Seurat","Seurat","dip","mixed","SC3","true",NA,105,0,1,105,300,300,1940,14,14,14,8569,0,NA,NA,NA,FALSE,0.599467169893974,0.681488947794433,0.489960428459779,0.892402847473451,1429.319,"Baron_Seurat_SC3_n0300_k-true_cs-105_sub-0_seed-105.rds"
"reps","ok","Baron","Seurat","Seurat","dip","mixed","SC3","true",NA,NA,1,0.9,1,300,300,1939,14,14,14,7712,0,NA,NA,NA,FALSE,0.64095650122453,0.717415519324659,0.530887400089783,0.897302904564315,1482.118,"Baron_Seurat_SC3_n0300_k-true_cs-hist_sub-1_seed-1.rds"
"reps","ok","Baron","Seurat","Seurat","dip","mixed","SC3","true",NA,NA,2,0.9,1,300,300,1942,14,14,14,7712,0,NA,NA,NA,FALSE,0.557606124996355,0.64669500186933,0.449150796810436,0.853345435684647,2193.464,"Baron_Seurat_SC3_n0300_k-true_cs-hist_sub-2_seed-1.rds"
"reps","ok","Baron","Seurat","Seurat","dip","mixed","SC3","true",NA,NA,3,0.9,1,300,300,1942,14,14,14,7712,0,NA,NA,NA,FALSE,0.699833861779909,0.762226262817576,0.596531319172832,0.918309128630705,1303.739,"Baron_Seurat_SC3_n0300_k-true_cs-hist_sub-3_seed-1.rds"
"reps","ok","Baron","Seurat","Seurat","dip","mixed","SC3","true",NA,NA,4,0.9,1,300,300,1945,14,14,14,7712,0,NA,NA,NA,FALSE,0.706928420571776,0.768055193801757,0.604380936886691,0.908973029045643,1358.448,"Baron_Seurat_SC3_n0300_k-true_cs-hist_sub-4_seed-1.rds"
"reps","ok","Baron","Seurat","Seurat","dip","mixed","SC3","true",NA,NA,5,0.9,1,300,300,1939,14,14,14,7712,0,NA,NA,NA,FALSE,0.639577725887292,0.714987557720238,0.530361685276097,0.921680497925311,1340.573,"Baron_Seurat_SC3_n0300_k-true_cs-hist_sub-5_seed-1.rds"
"reps","ok","Darmanis","DIFS","DIFS","dip","mixed","Refined Louvain","true",NA,101,0,1,101,100,100,2346,9,9,9,466,0,700,3279,"1:3",FALSE,0.592417297291452,0.659712111278609,0.487592454812027,0.781115879828326,150.475,"Darmanis_DIFS_RefinedLouvain_n0100_k-true_cs-101_sub-0_seed-101.rds"
"reps","ok","Darmanis","DIFS","DIFS","dip","mixed","Refined Louvain","true",NA,102,0,1,102,100,100,2346,9,9,9,466,0,1400,3577,"1:3",FALSE,0.58963544083123,0.657472165646315,0.483752434921197,0.791845493562232,175.031,"Darmanis_DIFS_RefinedLouvain_n0100_k-true_cs-102_sub-0_seed-102.rds"
"reps","ok","Darmanis","DIFS","DIFS","dip","mixed","Refined Louvain","true",NA,103,0,1,103,100,100,2346,9,9,9,466,0,700,3279,"1:3",FALSE,0.592417297291452,0.659712111278609,0.487592454812027,0.781115879828326,167.954,"Darmanis_DIFS_RefinedLouvain_n0100_k-true_cs-103_sub-0_seed-103.rds"
"reps","ok","Darmanis","DIFS","DIFS","dip","mixed","Refined Louvain","true",NA,104,0,1,104,100,100,2346,9,9,9,466,0,1400,3481,"1:3",FALSE,0.58963544083123,0.657472165646315,0.483752434921197,0.791845493562232,148.763,"Darmanis_DIFS_RefinedLouvain_n0100_k-true_cs-104_sub-0_seed-104.rds"
"reps","ok","Darmanis","DIFS","DIFS","dip","mixed","Refined Louvain","true",NA,105,0,1,105,100,100,2346,9,9,9,466,0,1400,3377,"3:1",FALSE,0.615753983150704,0.680096306119112,0.507636363636364,0.804721030042919,157.907,"Darmanis_DIFS_RefinedLouvain_n0100_k-true_cs-105_sub-0_seed-105.rds"
"reps","ok","Darmanis","DIFS","DIFS","dip","mixed","Refined Louvain","true",NA,NA,1,0.9,1,100,100,2115,9,9,9,418,0,1000,3472,"1:1",FALSE,0.562001287029013,0.634800430188022,0.455636424245791,0.796650717703349,128.678,"Darmanis_DIFS_RefinedLouvain_n0100_k-true_cs-hist_sub-1_seed-1.rds"
"reps","ok","Darmanis","DIFS","DIFS","dip","mixed","Refined Louvain","true",NA,NA,2,0.9,1,100,100,2120,9,9,9,418,0,1100,3122,"1:2",FALSE,0.587824968629889,0.656477427132728,0.481113761162571,0.794258373205742,130.101,"Darmanis_DIFS_RefinedLouvain_n0100_k-true_cs-hist_sub-2_seed-1.rds"
"reps","ok","Darmanis","DIFS","DIFS","dip","mixed","Refined Louvain","true",NA,NA,3,0.9,1,100,100,2118,9,9,9,418,0,1900,2737,"2:1",FALSE,0.555275896296126,0.62852929131237,0.451332245785753,0.782296650717703,120.437,"Darmanis_DIFS_RefinedLouvain_n0100_k-true_cs-hist_sub-3_seed-1.rds"
"reps","ok","Darmanis","DIFS","DIFS","dip","mixed","Refined Louvain","true",NA,NA,4,0.9,1,100,100,2120,9,9,9,418,0,1000,3590,"1:2",FALSE,0.55631018602169,0.629686683365606,0.451092640502009,0.796650717703349,143.537,"Darmanis_DIFS_RefinedLouvain_n0100_k-true_cs-hist_sub-4_seed-1.rds"
"reps","ok","Darmanis","DIFS","DIFS","dip","mixed","Refined Louvain","true",NA,NA,5,0.9,1,100,100,2113,9,9,9,418,0,1400,3735,"3:2",FALSE,0.540572852529346,0.616603300156061,0.435440093059325,0.784688995215311,119.101,"Darmanis_DIFS_RefinedLouvain_n0100_k-true_cs-hist_sub-5_seed-1.rds"
"reps","ok","Darmanis","DIFS","DIFS","dip","mixed","Refined Louvain","true",NA,101,0,1,101,300,300,2346,9,9,9,466,0,700,3279,"1:3",FALSE,0.624047263040861,0.686661943249482,0.517491601343785,0.804721030042919,156.015,"Darmanis_DIFS_RefinedLouvain_n0300_k-true_cs-101_sub-0_seed-101.rds"
"reps","ok","Darmanis","DIFS","DIFS","dip","mixed","Refined Louvain","true",NA,102,0,1,102,300,300,2346,9,9,9,466,0,1400,3577,"2:3",FALSE,0.653836927314986,0.711673109059263,0.549503193754436,0.817596566523605,173.589,"Darmanis_DIFS_RefinedLouvain_n0300_k-true_cs-102_sub-0_seed-102.rds"
"reps","ok","Darmanis","DIFS","DIFS","dip","mixed","Refined Louvain","true",NA,103,0,1,103,300,300,2346,9,9,9,466,0,700,3279,"1:3",FALSE,0.624047263040861,0.686661943249482,0.517491601343785,0.804721030042919,150.561,"Darmanis_DIFS_RefinedLouvain_n0300_k-true_cs-103_sub-0_seed-103.rds"
"reps","ok","Darmanis","DIFS","DIFS","dip","mixed","Refined Louvain","true",NA,104,0,1,104,300,300,2346,9,9,9,466,0,1400,3481,"1:3",FALSE,0.611871744095965,0.676276318871825,0.505858334812711,0.804721030042919,156.819,"Darmanis_DIFS_RefinedLouvain_n0300_k-true_cs-104_sub-0_seed-104.rds"
"reps","ok","Darmanis","DIFS","DIFS","dip","mixed","Refined Louvain","true",NA,105,0,1,105,300,300,2346,9,9,9,466,0,1400,3377,"1:3",FALSE,0.61525292886026,0.679158177444072,0.509076348104645,0.8068669527897,150.319,"Darmanis_DIFS_RefinedLouvain_n0300_k-true_cs-105_sub-0_seed-105.rds"
"reps","ok","Darmanis","DIFS","DIFS","dip","mixed","Refined Louvain","true",NA,NA,1,0.9,1,300,300,2115,9,9,9,418,0,1000,3472,"1:2",FALSE,0.584568794523549,0.653652634953088,0.478186342272602,0.808612440191388,132.971,"Darmanis_DIFS_RefinedLouvain_n0300_k-true_cs-hist_sub-1_seed-1.rds"
"reps","ok","Darmanis","DIFS","DIFS","dip","mixed","Refined Louvain","true",NA,NA,2,0.9,1,300,300,2120,9,9,9,418,0,1100,3122,"1:3",FALSE,0.576123052216936,0.646413484932179,0.470338983050847,0.794258373205742,119.369,"Darmanis_DIFS_RefinedLouvain_n0300_k-true_cs-hist_sub-2_seed-1.rds"
"reps","ok","Darmanis","DIFS","DIFS","dip","mixed","Refined Louvain","true",NA,NA,3,0.9,1,300,300,2118,9,9,9,418,0,1900,2737,"3:1",FALSE,0.657429276076745,0.715234378139133,0.551242937853107,0.832535885167464,119.749,"Darmanis_DIFS_RefinedLouvain_n0300_k-true_cs-hist_sub-3_seed-1.rds"
"reps","ok","Darmanis","DIFS","DIFS","dip","mixed","Refined Louvain","true",NA,NA,4,0.9,1,300,300,2120,9,9,9,418,0,1000,3590,"1:2",FALSE,0.563530378699133,0.635575560950538,0.458996728462377,0.808612440191388,123.013,"Darmanis_DIFS_RefinedLouvain_n0300_k-true_cs-hist_sub-4_seed-1.rds"
"reps","ok","Darmanis","DIFS","DIFS","dip","mixed","Refined Louvain","true",NA,NA,5,0.9,1,300,300,2113,9,9,9,418,0,1400,3735,"1:2",FALSE,0.583077554383745,0.652346054580565,0.476905248054743,0.811004784688995,123.234,"Darmanis_DIFS_RefinedLouvain_n0300_k-true_cs-hist_sub-5_seed-1.rds"
"reps","ok","Darmanis","DIFS","DIFS","dip","mixed","SC3","true",NA,101,0,1,101,100,100,2346,9,9,9,466,0,700,3279,"1:3",FALSE,0.621100811084334,0.684101268691519,0.514946317993496,0.804721030042919,280.562,"Darmanis_DIFS_SC3_n0100_k-true_cs-101_sub-0_seed-101.rds"
"reps","ok","Darmanis","DIFS","DIFS","dip","mixed","SC3","true",NA,102,0,1,102,100,100,2346,9,9,9,466,0,1400,3577,"1:3",FALSE,0.586606592629851,0.655275825496842,0.479331416247304,0.778969957081545,275.126,"Darmanis_DIFS_SC3_n0100_k-true_cs-102_sub-0_seed-102.rds"
"reps","ok","Darmanis","DIFS","DIFS","dip","mixed","SC3","true",NA,103,0,1,103,100,100,2346,9,9,9,466,0,700,3279,"1:3",FALSE,0.596533972395652,0.663297390579743,0.49063786463636,0.815450643776824,282.115,"Darmanis_DIFS_SC3_n0100_k-true_cs-103_sub-0_seed-103.rds"
"reps","ok","Darmanis","DIFS","DIFS","dip","mixed","SC3","true",NA,104,0,1,104,100,100,2346,9,9,9,466,0,1400,3481,"1:3",FALSE,0.64307576844026,0.702677349626853,0.537139266639738,0.817596566523605,267.829,"Darmanis_DIFS_SC3_n0100_k-true_cs-104_sub-0_seed-104.rds"
"reps","ok","Darmanis","DIFS","DIFS","dip","mixed","SC3","true",NA,105,0,1,105,100,100,2346,9,9,9,466,0,1400,3377,"3:1",FALSE,0.646664088752742,0.705651978617297,0.541260616897631,0.8068669527897,263.427,"Darmanis_DIFS_SC3_n0100_k-true_cs-105_sub-0_seed-105.rds"
"reps","ok","Darmanis","DIFS","DIFS","dip","mixed","SC3","true",NA,NA,1,0.9,1,100,100,2115,9,9,9,418,0,1000,3472,"1:1",FALSE,0.664464146421184,0.72140421556639,0.557891129262581,0.815789473684211,201.44,"Darmanis_DIFS_SC3_n0100_k-true_cs-hist_sub-1_seed-1.rds"
"reps","ok","Darmanis","DIFS","DIFS","dip","mixed","SC3","true",NA,NA,2,0.9,1,100,100,2120,9,9,9,418,0,1100,3122,"1:2",FALSE,0.616130133927647,0.680228595562838,0.513099621151486,0.782296650717703,230.774,"Darmanis_DIFS_SC3_n0100_k-true_cs-hist_sub-2_seed-1.rds"
"reps","ok","Darmanis","DIFS","DIFS","dip","mixed","SC3","true",NA,NA,3,0.9,1,100,100,2118,9,9,9,418,0,1900,2737,"2:1",FALSE,0.675602226134069,0.730247420520633,0.572831062820583,0.825358851674641,203.527,"Darmanis_DIFS_SC3_n0100_k-true_cs-hist_sub-3_seed-1.rds"
"reps","ok","Darmanis","DIFS","DIFS","dip","mixed","SC3","true",NA,NA,4,0.9,1,100,100,2120,9,9,9,418,0,1000,3590,"1:2",FALSE,0.635074832254304,0.696339946209825,0.52840432081491,0.815789473684211,240.912,"Darmanis_DIFS_SC3_n0100_k-true_cs-hist_sub-4_seed-1.rds"
"reps","ok","Darmanis","DIFS","DIFS","dip","mixed","SC3","true",NA,NA,5,0.9,1,100,100,2113,9,9,9,418,0,1400,3735,"3:2",FALSE,0.659684812456028,0.716936673480142,0.554454891426013,0.811004784688995,230.031,"Darmanis_DIFS_SC3_n0100_k-true_cs-hist_sub-5_seed-1.rds"
"reps","ok","Darmanis","DIFS","DIFS","dip","mixed","SC3","true",NA,101,0,1,101,300,300,2346,9,9,9,466,0,700,3279,"1:3",FALSE,0.691435953039771,0.743321768165256,0.58908058921573,0.841201716738197,226.053,"Darmanis_DIFS_SC3_n0300_k-true_cs-101_sub-0_seed-101.rds"
"reps","ok","Darmanis","DIFS","DIFS","dip","mixed","SC3","true",NA,102,0,1,102,300,300,2346,9,9,9,466,0,1400,3577,"2:3",FALSE,0.687103564333246,0.740014478320444,0.586431918714142,0.824034334763948,220.24,"Darmanis_DIFS_SC3_n0300_k-true_cs-102_sub-0_seed-102.rds"
"reps","ok","Darmanis","DIFS","DIFS","dip","mixed","SC3","true",NA,103,0,1,103,300,300,2346,9,9,9,466,0,700,3279,"1:3",FALSE,0.688018428812194,0.740468441643709,0.585849098796905,0.836909871244635,241.491,"Darmanis_DIFS_SC3_n0300_k-true_cs-103_sub-0_seed-103.rds"
"reps","ok","Darmanis","DIFS","DIFS","dip","mixed","SC3","true",NA,104,0,1,104,300,300,2346,9,9,9,466,0,1400,3481,"1:3",FALSE,0.6802686790332,0.734048544134845,0.575843208751139,0.830472103004292,256.126,"Darmanis_DIFS_SC3_n0300_k-true_cs-104_sub-0_seed-104.rds"
"reps","ok","Darmanis","DIFS","DIFS","dip","mixed","SC3","true",NA,105,0,1,105,300,300,2346,9,9,9,466,0,1400,3377,"1:3",FALSE,0.68385599893824,0.736949866784588,0.580926283635057,0.834763948497854,260.352,"Darmanis_DIFS_SC3_n0300_k-true_cs-105_sub-0_seed-105.rds"
"reps","ok","Darmanis","DIFS","DIFS","dip","mixed","SC3","true",NA,NA,1,0.9,1,300,300,2115,9,9,9,418,0,1000,3472,"1:2",FALSE,0.626706132512042,0.689101652737401,0.520789560986398,0.815789473684211,192.49,"Darmanis_DIFS_SC3_n0300_k-true_cs-hist_sub-1_seed-1.rds"
"reps","ok","Darmanis","DIFS","DIFS","dip","mixed","SC3","true",NA,NA,2,0.9,1,300,300,2120,9,9,9,418,0,1100,3122,"1:3",FALSE,0.679740462303093,0.733761898406562,0.575936219190388,0.834928229665072,196.668,"Darmanis_DIFS_SC3_n0300_k-true_cs-hist_sub-2_seed-1.rds"
"reps","ok","Darmanis","DIFS","DIFS","dip","mixed","SC3","true",NA,NA,3,0.9,1,300,300,2118,9,9,9,418,0,1900,2737,"3:1",FALSE,0.693236256355225,0.745089657692006,0.59195529489875,0.832535885167464,188.172,"Darmanis_DIFS_SC3_n0300_k-true_cs-hist_sub-3_seed-1.rds"
"reps","ok","Darmanis","DIFS","DIFS","dip","mixed","SC3","true",NA,NA,4,0.9,1,300,300,2120,9,9,9,418,0,1000,3590,"1:2",FALSE,0.646255860882504,0.706033873476033,0.539015538164909,0.820574162679426,229.004,"Darmanis_DIFS_SC3_n0300_k-true_cs-hist_sub-4_seed-1.rds"
"reps","ok","Darmanis","DIFS","DIFS","dip","mixed","SC3","true",NA,NA,5,0.9,1,300,300,2113,9,9,9,418,0,1400,3735,"1:2",FALSE,0.69421663331567,0.746544893136321,0.59518305467448,0.844497607655502,212.11,"Darmanis_DIFS_SC3_n0300_k-true_cs-hist_sub-5_seed-1.rds"
"reps","ok","Darmanis","FEAST","FEAST","dip","mixed","Refined Louvain","true",NA,101,0,1,101,100,100,2346,9,9,9,466,0,NA,NA,NA,FALSE,0.322084510018783,0.433611691348943,0.276082659478886,0.650214592274678,11.5,"Darmanis_FEAST_RefinedLouvain_n0100_k-true_cs-101_sub-0_seed-101.rds"
"reps","ok","Darmanis","FEAST","FEAST","dip","mixed","Refined Louvain","true",NA,102,0,1,102,100,100,2346,9,9,9,466,0,NA,NA,NA,FALSE,0.322084510018783,0.433611691348943,0.276082659478886,0.650214592274678,11.35,"Darmanis_FEAST_RefinedLouvain_n0100_k-true_cs-102_sub-0_seed-102.rds"
"reps","ok","Darmanis","FEAST","FEAST","dip","mixed","Refined Louvain","true",NA,103,0,1,103,100,100,2346,9,9,9,466,0,NA,NA,NA,FALSE,0.324276222706582,0.435309843923725,0.277427490542245,0.652360515021459,10.088,"Darmanis_FEAST_RefinedLouvain_n0100_k-true_cs-103_sub-0_seed-103.rds"
"reps","ok","Darmanis","FEAST","FEAST","dip","mixed","Refined Louvain","true",NA,104,0,1,104,100,100,2346,9,9,9,466,0,NA,NA,NA,FALSE,0.322084510018783,0.433611691348943,0.276082659478886,0.650214592274678,10.417,"Darmanis_FEAST_RefinedLouvain_n0100_k-true_cs-104_sub-0_seed-104.rds"
"reps","ok","Darmanis","FEAST","FEAST","dip","mixed","Refined Louvain","true",NA,105,0,1,105,100,100,2346,9,9,9,466,0,NA,NA,NA,FALSE,0.322084510018783,0.433611691348943,0.276082659478886,0.650214592274678,10.148,"Darmanis_FEAST_RefinedLouvain_n0100_k-true_cs-105_sub-0_seed-105.rds"
"reps","ok","Darmanis","FEAST","FEAST","dip","mixed","Refined Louvain","true",NA,NA,1,0.9,1,100,100,2115,9,9,9,418,0,NA,NA,NA,FALSE,0.370842213908944,0.471079652283046,0.305044880718091,0.643540669856459,9.882,"Darmanis_FEAST_RefinedLouvain_n0100_k-true_cs-hist_sub-1_seed-1.rds"
"reps","ok","Darmanis","FEAST","FEAST","dip","mixed","Refined Louvain","true",NA,NA,2,0.9,1,100,100,2120,9,9,8,418,0,NA,NA,NA,FALSE,0.405366969108472,0.505449062566668,0.337754402012349,0.708133971291866,10.275,"Darmanis_FEAST_RefinedLouvain_n0100_k-true_cs-hist_sub-2_seed-1.rds"
"reps","ok","Darmanis","FEAST","FEAST","dip","mixed","Refined Louvain","true",NA,NA,3,0.9,1,100,100,2118,9,9,8,418,0,NA,NA,NA,FALSE,0.509945033741417,0.591478574676776,0.418670228554467,0.720095693779904,9.062,"Darmanis_FEAST_RefinedLouvain_n0100_k-true_cs-hist_sub-3_seed-1.rds"
"reps","ok","Darmanis","FEAST","FEAST","dip","mixed","Refined Louvain","true",NA,NA,4,0.9,1,100,100,2120,9,9,9,418,0,NA,NA,NA,FALSE,0.284683688436405,0.401388504528932,0.250110394771704,0.574162679425837,9.006,"Darmanis_FEAST_RefinedLouvain_n0100_k-true_cs-hist_sub-4_seed-1.rds"
"reps","ok","Darmanis","FEAST","FEAST","dip","mixed","Refined Louvain","true",NA,NA,5,0.9,1,100,100,2113,9,9,9,418,0,NA,NA,NA,FALSE,0.147305605736266,0.275275241497843,0.156905342496121,0.488038277511962,9.637,"Darmanis_FEAST_RefinedLouvain_n0100_k-true_cs-hist_sub-5_seed-1.rds"
"reps","ok","Darmanis","FEAST","FEAST","dip","mixed","Refined Louvain","true",NA,101,0,1,101,300,300,2346,9,9,9,466,0,NA,NA,NA,FALSE,0.707542878223658,0.756869543627761,0.607099418892743,0.817596566523605,10.946,"Darmanis_FEAST_RefinedLouvain_n0300_k-true_cs-101_sub-0_seed-101.rds"
"reps","ok","Darmanis","FEAST","FEAST","dip","mixed","Refined Louvain","true",NA,102,0,1,102,300,300,2346,9,9,9,466,0,NA,NA,NA,FALSE,0.707542878223658,0.756869543627761,0.607099418892743,0.817596566523605,10.605,"Darmanis_FEAST_RefinedLouvain_n0300_k-true_cs-102_sub-0_seed-102.rds"
"reps","ok","Darmanis","FEAST","FEAST","dip","mixed","Refined Louvain","true",NA,103,0,1,103,300,300,2346,9,9,9,466,0,NA,NA,NA,FALSE,0.707542878223658,0.756869543627761,0.607099418892743,0.817596566523605,13.099,"Darmanis_FEAST_RefinedLouvain_n0300_k-true_cs-103_sub-0_seed-103.rds"
"reps","ok","Darmanis","FEAST","FEAST","dip","mixed","Refined Louvain","true",NA,104,0,1,104,300,300,2346,9,9,9,466,0,NA,NA,NA,FALSE,0.707542878223658,0.756869543627761,0.607099418892743,0.817596566523605,12.651,"Darmanis_FEAST_RefinedLouvain_n0300_k-true_cs-104_sub-0_seed-104.rds"
"reps","ok","Darmanis","FEAST","FEAST","dip","mixed","Refined Louvain","true",NA,105,0,1,105,300,300,2346,9,9,9,466,0,NA,NA,NA,FALSE,0.707542878223658,0.756869543627761,0.607099418892743,0.817596566523605,10.512,"Darmanis_FEAST_RefinedLouvain_n0300_k-true_cs-105_sub-0_seed-105.rds"
"reps","ok","Darmanis","FEAST","FEAST","dip","mixed","Refined Louvain","true",NA,NA,1,0.9,1,300,300,2115,9,9,9,418,0,NA,NA,NA,FALSE,0.665931248834428,0.72214990906261,0.563053702285902,0.832535885167464,8.972,"Darmanis_FEAST_RefinedLouvain_n0300_k-true_cs-hist_sub-1_seed-1.rds"
"reps","ok","Darmanis","FEAST","FEAST","dip","mixed","Refined Louvain","true",NA,NA,2,0.9,1,300,300,2120,9,9,9,418,0,NA,NA,NA,FALSE,0.577256713569104,0.647620443010713,0.470571904497501,0.799043062200957,9.553,"Darmanis_FEAST_RefinedLouvain_n0300_k-true_cs-hist_sub-2_seed-1.rds"
"reps","ok","Darmanis","FEAST","FEAST","dip","mixed","Refined Louvain","true",NA,NA,3,0.9,1,300,300,2118,9,9,9,418,0,NA,NA,NA,FALSE,0.64476843220373,0.704471663863636,0.542060593038247,0.818181818181818,9.983,"Darmanis_FEAST_RefinedLouvain_n0300_k-true_cs-hist_sub-3_seed-1.rds"
"reps","ok","Darmanis","FEAST","FEAST","dip","mixed","Refined Louvain","true",NA,NA,4,0.9,1,300,300,2120,9,9,9,418,0,NA,NA,NA,FALSE,0.583107309693405,0.65279011896425,0.483040330920372,0.791866028708134,9.012,"Darmanis_FEAST_RefinedLouvain_n0300_k-true_cs-hist_sub-4_seed-1.rds"
"reps","ok","Darmanis","FEAST","FEAST","dip","mixed","Refined Louvain","true",NA,NA,5,0.9,1,300,300,2113,9,9,9,418,0,NA,NA,NA,FALSE,0.685292605985799,0.738377657727639,0.582552431950022,0.827751196172249,9.472,"Darmanis_FEAST_RefinedLouvain_n0300_k-true_cs-hist_sub-5_seed-1.rds"
"reps","ok","Darmanis","FEAST","FEAST","dip","mixed","SC3","true",NA,101,0,1,101,100,100,2346,9,9,9,466,0,NA,NA,NA,FALSE,0.344565014539631,0.460049084101465,0.298724272835516,0.611587982832618,94.127,"Darmanis_FEAST_SC3_n0100_k-true_cs-101_sub-0_seed-101.rds"
"reps","ok","Darmanis","FEAST","FEAST","dip","mixed","SC3","true",NA,102,0,1,102,100,100,2346,9,9,9,466,0,NA,NA,NA,FALSE,0.362721249385969,0.467533976613591,0.304202237268178,0.652360515021459,97.99,"Darmanis_FEAST_SC3_n0100_k-true_cs-102_sub-0_seed-102.rds"
"reps","ok","Darmanis","FEAST","FEAST","dip","mixed","SC3","true",NA,103,0,1,103,100,100,2346,9,9,9,466,0,NA,NA,NA,FALSE,0.369401449037021,0.473186190508524,0.309032520025101,0.656652360515021,96.049,"Darmanis_FEAST_SC3_n0100_k-true_cs-103_sub-0_seed-103.rds"
"reps","ok","Darmanis","FEAST","FEAST","dip","mixed","SC3","true",NA,104,0,1,104,100,100,2346,9,9,9,466,0,NA,NA,NA,FALSE,0.362706561950485,0.467548202099885,0.304223072395527,0.650214592274678,88.141,"Darmanis_FEAST_SC3_n0100_k-true_cs-104_sub-0_seed-104.rds"
"reps","ok","Darmanis","FEAST","FEAST","dip","mixed","SC3","true",NA,105,0,1,105,100,100,2346,9,9,9,466,0,NA,NA,NA,FALSE,0.342073540507032,0.477636394991705,0.309697601668405,0.570815450643777,89.237,"Darmanis_FEAST_SC3_n0100_k-true_cs-105_sub-0_seed-105.rds"
"reps","ok","Darmanis","FEAST","FEAST","dip","mixed","SC3","true",NA,NA,1,0.9,1,100,100,2115,9,9,9,418,0,NA,NA,NA,FALSE,0.307167659352224,0.419125747725503,0.26368609014059,0.61244019138756,79.442,"Darmanis_FEAST_SC3_n0100_k-true_cs-hist_sub-1_seed-1.rds"
"reps","ok","Darmanis","FEAST","FEAST","dip","mixed","SC3","true",NA,NA,2,0.9,1,100,100,2120,9,9,9,418,0,NA,NA,NA,FALSE,0.382187420904213,0.485102344932061,0.319549043771966,0.660287081339713,92.98,"Darmanis_FEAST_SC3_n0100_k-true_cs-hist_sub-2_seed-1.rds"
"reps","ok","Darmanis","FEAST","FEAST","dip","mixed","SC3","true",NA,NA,3,0.9,1,100,100,2118,9,9,9,418,0,NA,NA,NA,FALSE,0.457690276105545,0.545267766281753,0.371155778894472,0.698564593301435,81.58,"Darmanis_FEAST_SC3_n0100_k-true_cs-hist_sub-3_seed-1.rds"
"reps","ok","Darmanis","FEAST","FEAST","dip","mixed","SC3","true",NA,NA,4,0.9,1,100,100,2120,9,9,9,418,0,NA,NA,NA,FALSE,0.404194521747585,0.505909957823721,0.338436599423631,0.655502392344498,91.386,"Darmanis_FEAST_SC3_n0100_k-true_cs-hist_sub-4_seed-1.rds"
"reps","ok","Darmanis","FEAST","FEAST","dip","mixed","SC3","true",NA,NA,5,0.9,1,100,100,2113,9,9,9,418,0,NA,NA,NA,FALSE,0.259155439535374,0.37520196772044,0.228484352256186,0.58133971291866,81.455,"Darmanis_FEAST_SC3_n0100_k-true_cs-hist_sub-5_seed-1.rds"
"reps","ok","Darmanis","FEAST","FEAST","dip","mixed","SC3","true",NA,101,0,1,101,300,300,2346,9,9,9,466,0,NA,NA,NA,FALSE,0.749859430712441,0.793567039613091,0.6577783615745,0.813304721030043,145.576,"Darmanis_FEAST_SC3_n0300_k-true_cs-101_sub-0_seed-101.rds"
"reps","ok","Darmanis","FEAST","FEAST","dip","mixed","SC3","true",NA,102,0,1,102,300,300,2346,9,9,9,466,0,NA,NA,NA,FALSE,0.742026422278441,0.787695962058118,0.649657666968092,0.811158798283262,146.367,"Darmanis_FEAST_SC3_n0300_k-true_cs-102_sub-0_seed-102.rds"
"reps","ok","Darmanis","FEAST","FEAST","dip","mixed","SC3","true",NA,103,0,1,103,300,300,2346,9,9,9,466,0,NA,NA,NA,FALSE,0.747728613849193,0.792108631947563,0.655744828784982,0.815450643776824,94.445,"Darmanis_FEAST_SC3_n0300_k-true_cs-103_sub-0_seed-103.rds"
"reps","ok","Darmanis","FEAST","FEAST","dip","mixed","SC3","true",NA,104,0,1,104,300,300,2346,9,9,9,466,0,NA,NA,NA,FALSE,0.746164774347985,0.793289423335641,0.656268294722756,0.811158798283262,108.472,"Darmanis_FEAST_SC3_n0300_k-true_cs-104_sub-0_seed-104.rds"
"reps","ok","Darmanis","FEAST","FEAST","dip","mixed","SC3","true",NA,105,0,1,105,300,300,2346,9,9,9,466,0,NA,NA,NA,FALSE,0.730553039575444,0.779698495313337,0.63829075552954,0.800429184549356,116.646,"Darmanis_FEAST_SC3_n0300_k-true_cs-105_sub-0_seed-105.rds"
"reps","ok","Darmanis","FEAST","FEAST","dip","mixed","SC3","true",NA,NA,1,0.9,1,300,300,2115,9,9,9,418,0,NA,NA,NA,FALSE,0.759237744369918,0.801478762243267,0.668722034268253,0.837320574162679,101.136,"Darmanis_FEAST_SC3_n0300_k-true_cs-hist_sub-1_seed-1.rds"
"reps","ok","Darmanis","FEAST","FEAST","dip","mixed","SC3","true",NA,NA,2,0.9,1,300,300,2120,9,9,9,418,0,NA,NA,NA,FALSE,0.707345811286888,0.757653781493562,0.609604915647065,0.787081339712919,80.23,"Darmanis_FEAST_SC3_n0300_k-true_cs-hist_sub-2_seed-1.rds"
"reps","ok","Darmanis","FEAST","FEAST","dip","mixed","SC3","true",NA,NA,3,0.9,1,300,300,2118,9,9,9,418,0,NA,NA,NA,FALSE,0.726688916367837,0.774416401697145,0.631869604846925,0.796650717703349,94.064,"Darmanis_FEAST_SC3_n0300_k-true_cs-hist_sub-3_seed-1.rds"
"reps","ok","Darmanis","FEAST","FEAST","dip","mixed","SC3","true",NA,NA,4,0.9,1,300,300,2120,9,9,9,418,0,NA,NA,NA,FALSE,0.680682196417138,0.738789503272563,0.585305794261018,0.772727272727273,83.534,"Darmanis_FEAST_SC3_n0300_k-true_cs-hist_sub-4_seed-1.rds"
"reps","ok","Darmanis","FEAST","FEAST","dip","mixed","SC3","true",NA,NA,5,0.9,1,300,300,2113,9,9,9,418,0,NA,NA,NA,FALSE,0.711888849563863,0.764214401165118,0.617958470394737,0.799043062200957,94.373,"Darmanis_FEAST_SC3_n0300_k-true_cs-hist_sub-5_seed-1.rds"
"reps","ok","Darmanis","Seurat","Seurat","dip","mixed","Refined Louvain","true",NA,101,0,1,101,100,100,2346,9,9,9,466,0,NA,NA,NA,FALSE,0.518148834781166,0.597570519512169,0.424362766948981,0.757510729613734,5.875,"Darmanis_Seurat_RefinedLouvain_n0100_k-true_cs-101_sub-0_seed-101.rds"
"reps","ok","Darmanis","Seurat","Seurat","dip","mixed","Refined Louvain","true",NA,102,0,1,102,100,100,2346,9,9,9,466,0,NA,NA,NA,FALSE,0.518148834781166,0.597570519512169,0.424362766948981,0.757510729613734,6.507,"Darmanis_Seurat_RefinedLouvain_n0100_k-true_cs-102_sub-0_seed-102.rds"
"reps","ok","Darmanis","Seurat","Seurat","dip","mixed","Refined Louvain","true",NA,103,0,1,103,100,100,2346,9,9,9,466,0,NA,NA,NA,FALSE,0.518148834781166,0.597570519512169,0.424362766948981,0.757510729613734,6.481,"Darmanis_Seurat_RefinedLouvain_n0100_k-true_cs-103_sub-0_seed-103.rds"
"reps","ok","Darmanis","Seurat","Seurat","dip","mixed","Refined Louvain","true",NA,104,0,1,104,100,100,2346,9,9,9,466,0,NA,NA,NA,FALSE,0.518148834781166,0.597570519512169,0.424362766948981,0.757510729613734,6.352,"Darmanis_Seurat_RefinedLouvain_n0100_k-true_cs-104_sub-0_seed-104.rds"
"reps","ok","Darmanis","Seurat","Seurat","dip","mixed","Refined Louvain","true",NA,105,0,1,105,100,100,2346,9,9,9,466,0,NA,NA,NA,FALSE,0.518148834781166,0.597570519512169,0.424362766948981,0.757510729613734,6.624,"Darmanis_Seurat_RefinedLouvain_n0100_k-true_cs-105_sub-0_seed-105.rds"
"reps","ok","Darmanis","Seurat","Seurat","dip","mixed","Refined Louvain","true",NA,NA,1,0.9,1,100,100,2115,9,9,9,418,0,NA,NA,NA,FALSE,0.495695464569049,0.57965633357515,0.406981298345246,0.770334928229665,4.977,"Darmanis_Seurat_RefinedLouvain_n0100_k-true_cs-hist_sub-1_seed-1.rds"
"reps","ok","Darmanis","Seurat","Seurat","dip","mixed","Refined Louvain","true",NA,NA,2,0.9,1,100,100,2120,9,9,9,418,0,NA,NA,NA,FALSE,0.579375732918782,0.65123762376851,0.48255030206201,0.777511961722488,4.963,"Darmanis_Seurat_RefinedLouvain_n0100_k-true_cs-hist_sub-2_seed-1.rds"
"reps","ok","Darmanis","Seurat","Seurat","dip","mixed","Refined Louvain","true",NA,NA,3,0.9,1,100,100,2118,9,9,9,418,0,NA,NA,NA,FALSE,0.552004192770549,0.625648694381907,0.451132583557738,0.767942583732057,4.973,"Darmanis_Seurat_RefinedLouvain_n0100_k-true_cs-hist_sub-3_seed-1.rds"
"reps","ok","Darmanis","Seurat","Seurat","dip","mixed","Refined Louvain","true",NA,NA,4,0.9,1,100,100,2120,9,9,9,418,0,NA,NA,NA,FALSE,0.457181804612917,0.545175398612947,0.371681856666169,0.722488038277512,5.463,"Darmanis_Seurat_RefinedLouvain_n0100_k-true_cs-hist_sub-4_seed-1.rds"
"reps","ok","Darmanis","Seurat","Seurat","dip","mixed","Refined Louvain","true",NA,NA,5,0.9,1,100,100,2113,9,9,9,418,0,NA,NA,NA,FALSE,0.508788218891156,0.589422436347172,0.415329317065762,0.777511961722488,5.602,"Darmanis_Seurat_RefinedLouvain_n0100_k-true_cs-hist_sub-5_seed-1.rds"
"reps","ok","Darmanis","Seurat","Seurat","dip","mixed","Refined Louvain","true",NA,101,0,1,101,300,300,2346,9,9,9,466,0,NA,NA,NA,FALSE,0.51962566586235,0.597817724240005,0.417942437232088,0.8068669527897,6.018,"Darmanis_Seurat_RefinedLouvain_n0300_k-true_cs-101_sub-0_seed-101.rds"
"reps","ok","Darmanis","Seurat","Seurat","dip","mixed","Refined Louvain","true",NA,102,0,1,102,300,300,2346,9,9,8,466,0,NA,NA,NA,FALSE,0.635066650146598,0.696733077772386,0.533938370620515,0.802575107296137,6.37,"Darmanis_Seurat_RefinedLouvain_n0300_k-true_cs-102_sub-0_seed-102.rds"
"reps","ok","Darmanis","Seurat","Seurat","dip","mixed","Refined Louvain","true",NA,103,0,1,103,300,300,2346,9,9,8,466,0,NA,NA,NA,FALSE,0.635066650146598,0.696733077772386,0.533938370620515,0.802575107296137,6.346,"Darmanis_Seurat_RefinedLouvain_n0300_k-true_cs-103_sub-0_seed-103.rds"
"reps","ok","Darmanis","Seurat","Seurat","dip","mixed","Refined Louvain","true",NA,104,0,1,104,300,300,2346,9,9,9,466,0,NA,NA,NA,FALSE,0.51962566586235,0.597817724240005,0.417942437232088,0.8068669527897,6.651,"Darmanis_Seurat_RefinedLouvain_n0300_k-true_cs-104_sub-0_seed-104.rds"
"reps","ok","Darmanis","Seurat","Seurat","dip","mixed","Refined Louvain","true",NA,105,0,1,105,300,300,2346,9,9,9,466,0,NA,NA,NA,FALSE,0.51962566586235,0.597817724240005,0.417942437232088,0.8068669527897,6.653,"Darmanis_Seurat_RefinedLouvain_n0300_k-true_cs-105_sub-0_seed-105.rds"
"reps","ok","Darmanis","Seurat","Seurat","dip","mixed","Refined Louvain","true",NA,NA,1,0.9,1,300,300,2115,9,9,9,418,0,NA,NA,NA,FALSE,0.621287919486767,0.68491285631094,0.519420289855072,0.789473684210526,5.393,"Darmanis_Seurat_RefinedLouvain_n0300_k-true_cs-hist_sub-1_seed-1.rds"
"reps","ok","Darmanis","Seurat","Seurat","dip","mixed","Refined Louvain","true",NA,NA,2,0.9,1,300,300,2120,9,9,9,418,0,NA,NA,NA,FALSE,0.638225303866827,0.69905276325622,0.535819064383635,0.830143540669856,5.204,"Darmanis_Seurat_RefinedLouvain_n0300_k-true_cs-hist_sub-2_seed-1.rds"
"reps","ok","Darmanis","Seurat","Seurat","dip","mixed","Refined Louvain","true",NA,NA,3,0.9,1,300,300,2118,9,9,9,418,0,NA,NA,NA,FALSE,0.651337394731594,0.710002774517015,0.548745017774426,0.813397129186603,4.957,"Darmanis_Seurat_RefinedLouvain_n0300_k-true_cs-hist_sub-3_seed-1.rds"
"reps","ok","Darmanis","Seurat","Seurat","dip","mixed","Refined Louvain","true",NA,NA,4,0.9,1,300,300,2120,9,9,8,418,0,NA,NA,NA,FALSE,0.617679956674575,0.682323546849125,0.517008569202804,0.789473684210526,5.586,"Darmanis_Seurat_RefinedLouvain_n0300_k-true_cs-hist_sub-4_seed-1.rds"
"reps","ok","Darmanis","Seurat","Seurat","dip","mixed","Refined Louvain","true",NA,NA,5,0.9,1,300,300,2113,9,9,9,418,0,NA,NA,NA,FALSE,0.631684591617263,0.693225580338666,0.527301431760031,0.80622009569378,5.491,"Darmanis_Seurat_RefinedLouvain_n0300_k-true_cs-hist_sub-5_seed-1.rds"
"reps","ok","Darmanis","Seurat","Seurat","dip","mixed","SC3","true",NA,101,0,1,101,100,100,2346,9,9,9,466,0,NA,NA,NA,FALSE,0.589347866015562,0.657475055642177,0.487692437827779,0.761802575107296,107.828,"Darmanis_Seurat_SC3_n0100_k-true_cs-101_sub-0_seed-101.rds"
"reps","ok","Darmanis","Seurat","Seurat","dip","mixed","SC3","true",NA,102,0,1,102,100,100,2346,9,9,9,466,0,NA,NA,NA,FALSE,0.580049802743004,0.65000631634842,0.480094845875452,0.761802575107296,108.658,"Darmanis_Seurat_SC3_n0100_k-true_cs-102_sub-0_seed-102.rds"
"reps","ok","Darmanis","Seurat","Seurat","dip","mixed","SC3","true",NA,103,0,1,103,100,100,2346,9,9,9,466,0,NA,NA,NA,FALSE,0.570134999288609,0.642821174761994,0.473180386137814,0.729613733905579,125.432,"Darmanis_Seurat_SC3_n0100_k-true_cs-103_sub-0_seed-103.rds"
"reps","ok","Darmanis","Seurat","Seurat","dip","mixed","SC3","true",NA,104,0,1,104,100,100,2346,9,9,9,466,0,NA,NA,NA,FALSE,0.564091232213574,0.63599827911727,0.463856938963983,0.759656652360515,117.584,"Darmanis_Seurat_SC3_n0100_k-true_cs-104_sub-0_seed-104.rds"
"reps","ok","Darmanis","Seurat","Seurat","dip","mixed","SC3","true",NA,105,0,1,105,100,100,2346,9,9,9,466,0,NA,NA,NA,FALSE,0.57991417638777,0.649464580555804,0.478726544381193,0.759656652360515,102.123,"Darmanis_Seurat_SC3_n0100_k-true_cs-105_sub-0_seed-105.rds"
"reps","ok","Darmanis","Seurat","Seurat","dip","mixed","SC3","true",NA,NA,1,0.9,1,100,100,2115,9,9,9,418,0,NA,NA,NA,FALSE,0.584471717483992,0.653464960066083,0.482733206990945,0.794258373205742,82.674,"Darmanis_Seurat_SC3_n0100_k-true_cs-hist_sub-1_seed-1.rds"
"reps","ok","Darmanis","Seurat","Seurat","dip","mixed","SC3","true",NA,NA,2,0.9,1,100,100,2120,9,9,9,418,0,NA,NA,NA,FALSE,0.597719490869247,0.665027595074208,0.496581598037681,0.787081339712919,84.465,"Darmanis_Seurat_SC3_n0100_k-true_cs-hist_sub-2_seed-1.rds"
"reps","ok","Darmanis","Seurat","Seurat","dip","mixed","SC3","true",NA,NA,3,0.9,1,100,100,2118,9,9,9,418,0,NA,NA,NA,FALSE,0.594470393585342,0.662255125463237,0.493400803380458,0.794258373205742,106.93,"Darmanis_Seurat_SC3_n0100_k-true_cs-hist_sub-3_seed-1.rds"
"reps","ok","Darmanis","Seurat","Seurat","dip","mixed","SC3","true",NA,NA,4,0.9,1,100,100,2120,9,9,9,418,0,NA,NA,NA,FALSE,0.585667018267059,0.654899516803448,0.485302504017834,0.767942583732057,100.446,"Darmanis_Seurat_SC3_n0100_k-true_cs-hist_sub-4_seed-1.rds"
"reps","ok","Darmanis","Seurat","Seurat","dip","mixed","SC3","true",NA,NA,5,0.9,1,100,100,2113,9,9,9,418,0,NA,NA,NA,FALSE,0.589764834609469,0.658395824189669,0.489261257522308,0.763157894736842,94.204,"Darmanis_Seurat_SC3_n0100_k-true_cs-hist_sub-5_seed-1.rds"
"reps","ok","Darmanis","Seurat","Seurat","dip","mixed","SC3","true",NA,101,0,1,101,300,300,2346,9,9,9,466,0,NA,NA,NA,FALSE,0.620086689606139,0.683254443589473,0.516374978339976,0.774678111587983,104.946,"Darmanis_Seurat_SC3_n0300_k-true_cs-101_sub-0_seed-101.rds"
"reps","ok","Darmanis","Seurat","Seurat","dip","mixed","SC3","true",NA,102,0,1,102,300,300,2346,9,9,9,466,0,NA,NA,NA,FALSE,0.622148277579313,0.684964777571542,0.518172332840623,0.774678111587983,95.988,"Darmanis_Seurat_SC3_n0300_k-true_cs-102_sub-0_seed-102.rds"
"reps","ok","Darmanis","Seurat","Seurat","dip","mixed","SC3","true",NA,103,0,1,103,300,300,2346,9,9,9,466,0,NA,NA,NA,FALSE,0.64505268291108,0.704262917681486,0.54051186845246,0.804721030042919,104.101,"Darmanis_Seurat_SC3_n0300_k-true_cs-103_sub-0_seed-103.rds"
"reps","ok","Darmanis","Seurat","Seurat","dip","mixed","SC3","true",NA,104,0,1,104,300,300,2346,9,9,9,466,0,NA,NA,NA,FALSE,0.625595809829136,0.68792794593428,0.521938952480056,0.776824034334764,108.018,"Darmanis_Seurat_SC3_n0300_k-true_cs-104_sub-0_seed-104.rds"
"reps","ok","Darmanis","Seurat","Seurat","dip","mixed","SC3","true",NA,105,0,1,105,300,300,2346,9,9,9,466,0,NA,NA,NA,FALSE,0.633149526612558,0.694506437889768,0.530391018195896,0.776824034334764,108.524,"Darmanis_Seurat_SC3_n0300_k-true_cs-105_sub-0_seed-105.rds"
"reps","ok","Darmanis","Seurat","Seurat","dip","mixed","SC3","true",NA,NA,1,0.9,1,300,300,2115,9,9,9,418,0,NA,NA,NA,FALSE,0.651566583638563,0.709997651094577,0.547073090067247,0.80622009569378,91.297,"Darmanis_Seurat_SC3_n0300_k-true_cs-hist_sub-1_seed-1.rds"
"reps","ok","Darmanis","Seurat","Seurat","dip","mixed","SC3","true",NA,NA,2,0.9,1,300,300,2120,9,9,9,418,0,NA,NA,NA,FALSE,0.612736714507645,0.677198033194434,0.508091669381992,0.770334928229665,91.15,"Darmanis_Seurat_SC3_n0300_k-true_cs-hist_sub-2_seed-1.rds"
"reps","ok","Darmanis","Seurat","Seurat","dip","mixed","SC3","true",NA,NA,3,0.9,1,300,300,2118,9,9,9,418,0,NA,NA,NA,FALSE,0.668436608569727,0.724363051436709,0.566291890717506,0.808612440191388,84.614,"Darmanis_Seurat_SC3_n0300_k-true_cs-hist_sub-3_seed-1.rds"
"reps","ok","Darmanis","Seurat","Seurat","dip","mixed","SC3","true",NA,NA,4,0.9,1,300,300,2120,9,9,9,418,0,NA,NA,NA,FALSE,0.655959956592763,0.713970191040414,0.553787430783291,0.803827751196172,85.633,"Darmanis_Seurat_SC3_n0300_k-true_cs-hist_sub-4_seed-1.rds"
"reps","ok","Darmanis","Seurat","Seurat","dip","mixed","SC3","true",NA,NA,5,0.9,1,300,300,2113,9,9,9,418,0,NA,NA,NA,FALSE,0.677000511607596,0.731417510924456,0.574222418650903,0.842105263157895,85.001,"Darmanis_Seurat_SC3_n0300_k-true_cs-hist_sub-5_seed-1.rds"
"reps","ok","Fletcher","DIFS","DIFS","dip","mixed","Refined Louvain","true",NA,101,0,1,101,100,100,2918,13,13,13,616,0,1900,3375,"2:1",FALSE,0.606753904135816,0.644008323403498,0.473201331398822,0.774350649350649,236.825,"Fletcher_DIFS_RefinedLouvain_n0100_k-true_cs-101_sub-0_seed-101.rds"
"reps","ok","Fletcher","DIFS","DIFS","dip","mixed","Refined Louvain","true",NA,102,0,1,102,100,100,2918,13,13,13,616,0,2100,3798,"3:2",FALSE,0.605433782086874,0.643439210760944,0.474246409063322,0.775974025974026,261.645,"Fletcher_DIFS_RefinedLouvain_n0100_k-true_cs-102_sub-0_seed-102.rds"
"reps","ok","Fletcher","DIFS","DIFS","dip","mixed","Refined Louvain","true",NA,103,0,1,103,100,100,2918,13,13,13,616,0,2100,3692,"2:1",FALSE,0.591388082961599,0.629991335565492,0.458303484893178,0.75974025974026,257.376,"Fletcher_DIFS_RefinedLouvain_n0100_k-true_cs-103_sub-0_seed-103.rds"
"reps","ok","Fletcher","DIFS","DIFS","dip","mixed","Refined Louvain","true",NA,104,0,1,104,100,100,2918,13,13,13,616,0,1900,4001,"3:1",FALSE,0.647872568028443,0.681648945574581,0.514558810514205,0.821428571428571,232.593,"Fletcher_DIFS_RefinedLouvain_n0100_k-true_cs-104_sub-0_seed-104.rds"
"reps","ok","Fletcher","DIFS","DIFS","dip","mixed","Refined Louvain","true",NA,105,0,1,105,100,100,2918,13,13,13,616,0,1900,3382,"3:1",FALSE,0.610911813413458,0.647789490033378,0.47736695875187,0.790584415584416,222.96,"Fletcher_DIFS_RefinedLouvain_n0100_k-true_cs-105_sub-0_seed-105.rds"
"reps","ok","Fletcher","DIFS","DIFS","dip","mixed","Refined Louvain","true",NA,NA,1,0.9,1,100,100,2597,13,13,13,553,0,2400,3543,"3:2",FALSE,0.617783991077987,0.654005383464163,0.484308510638298,0.815551537070524,201.111,"Fletcher_DIFS_RefinedLouvain_n0100_k-true_cs-hist_sub-1_seed-1.rds"
"reps","ok","Fletcher","DIFS","DIFS","dip","mixed","Refined Louvain","true",NA,NA,2,0.9,1,100,100,2618,13,13,13,553,0,1600,4166,"3:1",FALSE,0.637230985937985,0.671674265972017,0.504311961004874,0.795660036166365,233.241,"Fletcher_DIFS_RefinedLouvain_n0100_k-true_cs-hist_sub-2_seed-1.rds"
"reps","ok","Fletcher","DIFS","DIFS","dip","mixed","Refined Louvain","true",NA,NA,3,0.9,1,100,100,2610,13,13,13,553,0,2100,3652,"2:3",FALSE,0.595902024329377,0.634111783629327,0.462387161484453,0.764918625678119,195.975,"Fletcher_DIFS_RefinedLouvain_n0100_k-true_cs-hist_sub-3_seed-1.rds"
"reps","ok","Fletcher","DIFS","DIFS","dip","mixed","Refined Louvain","true",NA,NA,4,0.9,1,100,100,2612,13,13,12,553,0,2300,3271,"1:2",FALSE,0.600508424092191,0.63874792584663,0.469071644803229,0.773960216998192,198.406,"Fletcher_DIFS_RefinedLouvain_n0100_k-true_cs-hist_sub-4_seed-1.rds"
"reps","ok","Fletcher","DIFS","DIFS","dip","mixed","Refined Louvain","true",NA,NA,5,0.9,1,100,100,2620,13,13,13,553,0,1600,3839,"2:1",FALSE,0.614738435019048,0.651220668990228,0.481350005298294,0.801084990958409,208.497,"Fletcher_DIFS_RefinedLouvain_n0100_k-true_cs-hist_sub-5_seed-1.rds"
"reps","ok","Fletcher","DIFS","DIFS","dip","mixed","Refined Louvain","true",NA,101,0,1,101,300,300,2918,13,13,13,616,0,1900,3375,"1:2",FALSE,0.739830380763923,0.764805325428677,0.61883569341425,0.857142857142857,244.913,"Fletcher_DIFS_RefinedLouvain_n0300_k-true_cs-101_sub-0_seed-101.rds"
"reps","ok","Fletcher","DIFS","DIFS","dip","mixed","Refined Louvain","true",NA,102,0,1,102,300,300,2918,13,13,13,616,0,2100,3798,"3:1",FALSE,0.780462390201063,0.801592858438957,0.668401728865548,0.871753246753247,242.154,"Fletcher_DIFS_RefinedLouvain_n0300_k-true_cs-102_sub-0_seed-102.rds"
"reps","ok","Fletcher","DIFS","DIFS","dip","mixed","Refined Louvain","true",NA,103,0,1,103,300,300,2918,13,13,13,616,0,2100,3692,"1:2",FALSE,0.746614085921416,0.770938435264581,0.626607094009301,0.862012987012987,226.23,"Fletcher_DIFS_RefinedLouvain_n0300_k-true_cs-103_sub-0_seed-103.rds"
"reps","ok","Fletcher","DIFS","DIFS","dip","mixed","Refined Louvain","true",NA,104,0,1,104,300,300,2918,13,13,13,616,0,1900,4001,"2:1",FALSE,0.826712145353987,0.843508721394717,0.729330755081828,0.899350649350649,249.152,"Fletcher_DIFS_RefinedLouvain_n0300_k-true_cs-104_sub-0_seed-104.rds"
"reps","ok","Fletcher","DIFS","DIFS","dip","mixed","Refined Louvain","true",NA,105,0,1,105,300,300,2918,13,13,13,616,0,1900,3382,"3:1",FALSE,0.818998332335986,0.836467431421772,0.718598459636779,0.891233766233766,266.122,"Fletcher_DIFS_RefinedLouvain_n0300_k-true_cs-105_sub-0_seed-105.rds"
"reps","ok","Fletcher","DIFS","DIFS","dip","mixed","Refined Louvain","true",NA,NA,1,0.9,1,300,300,2597,13,13,13,553,0,2400,3543,"2:3",FALSE,0.696284495766946,0.725315552020871,0.567886201361599,0.840867992766727,207.255,"Fletcher_DIFS_RefinedLouvain_n0300_k-true_cs-hist_sub-1_seed-1.rds"
"reps","ok","Fletcher","DIFS","DIFS","dip","mixed","Refined Louvain","true",NA,NA,2,0.9,1,300,300,2618,13,13,13,553,0,1600,4166,"2:1",FALSE,0.774078430444451,0.795819994468018,0.660672622773573,0.873417721518987,232.473,"Fletcher_DIFS_RefinedLouvain_n0300_k-true_cs-hist_sub-2_seed-1.rds"
"reps","ok","Fletcher","DIFS","DIFS","dip","mixed","Refined Louvain","true",NA,NA,3,0.9,1,300,300,2610,13,13,13,553,0,2100,3652,"3:2",FALSE,0.741990871158459,0.766928011373085,0.62040018399264,0.86618444846293,195.529,"Fletcher_DIFS_RefinedLouvain_n0300_k-true_cs-hist_sub-3_seed-1.rds"
"reps","ok","Fletcher","DIFS","DIFS","dip","mixed","Refined Louvain","true",NA,NA,4,0.9,1,300,300,2612,13,13,13,553,0,2300,3271,"1:1",FALSE,0.728571946127004,0.754672407959026,0.6046867907399,0.860759493670886,214.636,"Fletcher_DIFS_RefinedLouvain_n0300_k-true_cs-hist_sub-4_seed-1.rds"
"reps","ok","Fletcher","DIFS","DIFS","dip","mixed","Refined Louvain","true",NA,NA,5,0.9,1,300,300,2620,13,13,13,553,0,1600,3839,"2:1",FALSE,0.76393501740281,0.786723389588553,0.647276940903824,0.877034358047016,221.323,"Fletcher_DIFS_RefinedLouvain_n0300_k-true_cs-hist_sub-5_seed-1.rds"
"reps","ok","Fletcher","DIFS","DIFS","dip","mixed","SC3","true",NA,101,0,1,101,100,100,2918,13,13,13,616,0,1900,3375,"2:1",FALSE,0.715009006030279,0.744502310731435,0.592246265877777,0.821428571428571,391.134,"Fletcher_DIFS_SC3_n0100_k-true_cs-101_sub-0_seed-101.rds"
"reps","ok","Fletcher","DIFS","DIFS","dip","mixed","SC3","true",NA,102,0,1,102,100,100,2918,13,13,13,616,0,2100,3798,"3:2",FALSE,0.651504119578193,0.685936072541807,0.521942680345221,0.800324675324675,451.962,"Fletcher_DIFS_SC3_n0100_k-true_cs-102_sub-0_seed-102.rds"
"reps","ok","Fletcher","DIFS","DIFS","dip","mixed","SC3","true",NA,103,0,1,103,100,100,2918,13,13,13,616,0,2100,3692,"2:1",FALSE,0.678762240103636,0.709950853164469,0.550318310215439,0.810064935064935,453.199,"Fletcher_DIFS_SC3_n0100_k-true_cs-103_sub-0_seed-103.rds"
"reps","ok","Fletcher","DIFS","DIFS","dip","mixed","SC3","true",NA,104,0,1,104,100,100,2918,13,13,13,616,0,1900,4001,"3:1",FALSE,0.659934976129048,0.69256420805432,0.529536043268824,0.800324675324675,409.912,"Fletcher_DIFS_SC3_n0100_k-true_cs-104_sub-0_seed-104.rds"
"reps","ok","Fletcher","DIFS","DIFS","dip","mixed","SC3","true",NA,105,0,1,105,100,100,2918,13,13,13,616,0,1900,3382,"3:1",FALSE,0.688480653398739,0.719225794740869,0.561506940960027,0.810064935064935,382.213,"Fletcher_DIFS_SC3_n0100_k-true_cs-105_sub-0_seed-105.rds"
"reps","ok","Fletcher","DIFS","DIFS","dip","mixed","SC3","true",NA,NA,1,0.9,1,100,100,2597,13,13,13,553,0,2400,3543,"3:2",FALSE,0.690040253620755,0.721228503821905,0.563726746271716,0.815551537070524,367.166,"Fletcher_DIFS_SC3_n0100_k-true_cs-hist_sub-1_seed-1.rds"
"reps","ok","Fletcher","DIFS","DIFS","dip","mixed","SC3","true",NA,NA,2,0.9,1,100,100,2618,13,13,13,553,0,1600,4166,"3:1",FALSE,0.675763757116363,0.707231870898875,0.547059438002716,0.804701627486438,359.709,"Fletcher_DIFS_SC3_n0100_k-true_cs-hist_sub-2_seed-1.rds"
"reps","ok","Fletcher","DIFS","DIFS","dip","mixed","SC3","true",NA,NA,3,0.9,1,100,100,2610,13,13,13,553,0,2100,3652,"2:3",FALSE,0.675567352656026,0.710125165713947,0.549165029469548,0.792043399638336,387.131,"Fletcher_DIFS_SC3_n0100_k-true_cs-hist_sub-3_seed-1.rds"
"reps","ok","Fletcher","DIFS","DIFS","dip","mixed","SC3","true",NA,NA,4,0.9,1,100,100,2612,13,13,13,553,0,2300,3271,"1:2",FALSE,0.62783774740488,0.664734109193501,0.497744062670435,0.770343580470163,348.071,"Fletcher_DIFS_SC3_n0100_k-true_cs-hist_sub-4_seed-1.rds"
"reps","ok","Fletcher","DIFS","DIFS","dip","mixed","SC3","true",NA,NA,5,0.9,1,100,100,2620,13,13,13,553,0,1600,3839,"2:1",FALSE,0.612968267439407,0.649856365918787,0.481008765185299,0.792043399638336,379.926,"Fletcher_DIFS_SC3_n0100_k-true_cs-hist_sub-5_seed-1.rds"
"reps","ok","Fletcher","DIFS","DIFS","dip","mixed","SC3","true",NA,101,0,1,101,300,300,2918,13,13,13,616,0,1900,3375,"1:2",FALSE,0.73844364588809,0.766191569434198,0.619737663960025,0.819805194805195,443.371,"Fletcher_DIFS_SC3_n0300_k-true_cs-101_sub-0_seed-101.rds"
"reps","ok","Fletcher","DIFS","DIFS","dip","mixed","SC3","true",NA,102,0,1,102,300,300,2918,13,13,13,616,0,2100,3798,"3:1",FALSE,0.772104982847875,0.796511972611887,0.66039907904835,0.849025974025974,383.392,"Fletcher_DIFS_SC3_n0300_k-true_cs-102_sub-0_seed-102.rds"
"reps","ok","Fletcher","DIFS","DIFS","dip","mixed","SC3","true",NA,103,0,1,103,300,300,2918,13,13,13,616,0,2100,3692,"1:2",FALSE,0.768606694824858,0.792800691733692,0.6557869873309,0.850649350649351,373.081,"Fletcher_DIFS_SC3_n0300_k-true_cs-103_sub-0_seed-103.rds"
"reps","ok","Fletcher","DIFS","DIFS","dip","mixed","SC3","true",NA,104,0,1,104,300,300,2918,13,13,13,616,0,1900,4001,"2:1",FALSE,0.7394153696033,0.764600391291367,0.618849373311484,0.86038961038961,372.543,"Fletcher_DIFS_SC3_n0300_k-true_cs-104_sub-0_seed-104.rds"
"reps","ok","Fletcher","DIFS","DIFS","dip","mixed","SC3","true",NA,105,0,1,105,300,300,2918,13,13,13,616,0,1900,3382,"3:1",FALSE,0.770755805137444,0.793793888115551,0.657831219555009,0.852272727272727,371.01,"Fletcher_DIFS_SC3_n0300_k-true_cs-105_sub-0_seed-105.rds"
"reps","ok","Fletcher","DIFS","DIFS","dip","mixed","SC3","true",NA,NA,1,0.9,1,300,300,2597,13,13,13,553,0,2400,3543,"2:3",FALSE,0.772822653535038,0.797093469591948,0.661240721102863,0.853526220614828,331.75,"Fletcher_DIFS_SC3_n0300_k-true_cs-hist_sub-1_seed-1.rds"
"reps","ok","Fletcher","DIFS","DIFS","dip","mixed","SC3","true",NA,NA,2,0.9,1,300,300,2618,13,13,13,553,0,1600,4166,"2:1",FALSE,0.798906527965098,0.819689789174261,0.693753090489534,0.864376130198915,325.32,"Fletcher_DIFS_SC3_n0300_k-true_cs-hist_sub-2_seed-1.rds"
"reps","ok","Fletcher","DIFS","DIFS","dip","mixed","SC3","true",NA,NA,3,0.9,1,300,300,2610,13,13,13,553,0,2100,3652,"3:2",FALSE,0.778109540629536,0.800310509877952,0.666886398593716,0.860759493670886,323.279,"Fletcher_DIFS_SC3_n0300_k-true_cs-hist_sub-3_seed-1.rds"
"reps","ok","Fletcher","DIFS","DIFS","dip","mixed","SC3","true",NA,NA,4,0.9,1,300,300,2612,13,13,13,553,0,2300,3271,"1:1",FALSE,0.754415450915141,0.778723080546688,0.637544145612605,0.853526220614828,338.109,"Fletcher_DIFS_SC3_n0300_k-true_cs-hist_sub-4_seed-1.rds"
"reps","ok","Fletcher","DIFS","DIFS","dip","mixed","SC3","true",NA,NA,5,0.9,1,300,300,2620,13,13,13,553,0,1600,3839,"2:1",FALSE,0.777732678611159,0.800892554782431,0.667025340291602,0.849909584086799,340.184,"Fletcher_DIFS_SC3_n0300_k-true_cs-hist_sub-5_seed-1.rds"
"reps","ok","Fletcher","FEAST","FEAST","dip","mixed","Refined Louvain","true",NA,101,0,1,101,100,100,2918,13,13,13,616,0,NA,NA,NA,FALSE,0.520813994075028,0.565739106097157,0.393373662914146,0.724025974025974,15.994,"Fletcher_FEAST_RefinedLouvain_n0100_k-true_cs-101_sub-0_seed-101.rds"
"reps","ok","Fletcher","FEAST","FEAST","dip","mixed","Refined Louvain","true",NA,102,0,1,102,100,100,2918,13,13,13,616,0,NA,NA,NA,FALSE,0.520813994075028,0.565739106097157,0.393373662914146,0.724025974025974,14.881,"Fletcher_FEAST_RefinedLouvain_n0100_k-true_cs-102_sub-0_seed-102.rds"
"reps","ok","Fletcher","FEAST","FEAST","dip","mixed","Refined Louvain","true",NA,103,0,1,103,100,100,2918,13,13,12,616,0,NA,NA,NA,FALSE,0.542504975087866,0.587835465783136,0.416203966005666,0.730519480519481,16.469,"Fletcher_FEAST_RefinedLouvain_n0100_k-true_cs-103_sub-0_seed-103.rds"
"reps","ok","Fletcher","FEAST","FEAST","dip","mixed","Refined Louvain","true",NA,104,0,1,104,100,100,2918,13,13,12,616,0,NA,NA,NA,FALSE,0.53303795695826,0.579582423834557,0.407927672133597,0.724025974025974,15.862,"Fletcher_FEAST_RefinedLouvain_n0100_k-true_cs-104_sub-0_seed-104.rds"
"reps","ok","Fletcher","FEAST","FEAST","dip","mixed","Refined Louvain","true",NA,105,0,1,105,100,100,2918,13,13,13,616,0,NA,NA,NA,FALSE,0.520813994075028,0.565739106097157,0.393373662914146,0.724025974025974,19.593,"Fletcher_FEAST_RefinedLouvain_n0100_k-true_cs-105_sub-0_seed-105.rds"
"reps","ok","Fletcher","FEAST","FEAST","dip","mixed","Refined Louvain","true",NA,NA,1,0.9,1,100,100,2597,13,13,13,553,0,NA,NA,NA,FALSE,0.577703583756555,0.61756781094091,0.445885898156188,0.735985533453888,13.659,"Fletcher_FEAST_RefinedLouvain_n0100_k-true_cs-hist_sub-1_seed-1.rds"
"reps","ok","Fletcher","FEAST","FEAST","dip","mixed","Refined Louvain","true",NA,NA,2,0.9,1,100,100,2618,13,13,13,553,0,NA,NA,NA,FALSE,0.568208303926288,0.608906438614997,0.436790387454814,0.721518987341772,14.797,"Fletcher_FEAST_RefinedLouvain_n0100_k-true_cs-hist_sub-2_seed-1.rds"
"reps","ok","Fletcher","FEAST","FEAST","dip","mixed","Refined Louvain","true",NA,NA,3,0.9,1,100,100,2610,13,13,13,553,0,NA,NA,NA,FALSE,0.610480242830355,0.649934683299437,0.48106700110945,0.750452079566004,15.131,"Fletcher_FEAST_RefinedLouvain_n0100_k-true_cs-hist_sub-3_seed-1.rds"
"reps","ok","Fletcher","FEAST","FEAST","dip","mixed","Refined Louvain","true",NA,NA,4,0.9,1,100,100,2612,13,13,12,553,0,NA,NA,NA,FALSE,0.61874910360022,0.656248887654246,0.488344410276758,0.768535262206148,13.858,"Fletcher_FEAST_RefinedLouvain_n0100_k-true_cs-hist_sub-4_seed-1.rds"
"reps","ok","Fletcher","FEAST","FEAST","dip","mixed","Refined Louvain","true",NA,NA,5,0.9,1,100,100,2620,13,13,12,553,0,NA,NA,NA,FALSE,0.545570281767439,0.589522261560153,0.41793984817911,0.699819168173599,14.612,"Fletcher_FEAST_RefinedLouvain_n0100_k-true_cs-hist_sub-5_seed-1.rds"
"reps","ok","Fletcher","FEAST","FEAST","dip","mixed","Refined Louvain","true",NA,101,0,1,101,300,300,2918,13,13,13,616,0,NA,NA,NA,FALSE,0.753814439891271,0.777735931389947,0.636298964030056,0.858766233766234,15.165,"Fletcher_FEAST_RefinedLouvain_n0300_k-true_cs-101_sub-0_seed-101.rds"
"reps","ok","Fletcher","FEAST","FEAST","dip","mixed","Refined Louvain","true",NA,102,0,1,102,300,300,2918,13,13,13,616,0,NA,NA,NA,FALSE,0.753814439891271,0.777735931389947,0.636298964030056,0.858766233766234,16.388,"Fletcher_FEAST_RefinedLouvain_n0300_k-true_cs-102_sub-0_seed-102.rds"
"reps","ok","Fletcher","FEAST","FEAST","dip","mixed","Refined Louvain","true",NA,103,0,1,103,300,300,2918,13,13,13,616,0,NA,NA,NA,FALSE,0.753814439891271,0.777735931389947,0.636298964030056,0.858766233766234,15.816,"Fletcher_FEAST_RefinedLouvain_n0300_k-true_cs-103_sub-0_seed-103.rds"
"reps","ok","Fletcher","FEAST","FEAST","dip","mixed","Refined Louvain","true",NA,104,0,1,104,300,300,2918,13,13,13,616,0,NA,NA,NA,FALSE,0.753814439891271,0.777735931389947,0.636298964030056,0.858766233766234,15.147,"Fletcher_FEAST_RefinedLouvain_n0300_k-true_cs-104_sub-0_seed-104.rds"
"reps","ok","Fletcher","FEAST","FEAST","dip","mixed","Refined Louvain","true",NA,105,0,1,105,300,300,2918,13,13,13,616,0,NA,NA,NA,FALSE,0.745098383052398,0.769963471621113,0.625967969024991,0.853896103896104,14.895,"Fletcher_FEAST_RefinedLouvain_n0300_k-true_cs-105_sub-0_seed-105.rds"
"reps","ok","Fletcher","FEAST","FEAST","dip","mixed","Refined Louvain","true",NA,NA,1,0.9,1,300,300,2597,13,13,12,553,0,NA,NA,NA,FALSE,0.717960784028285,0.745305066473675,0.59399752141818,0.810126582278481,14.398,"Fletcher_FEAST_RefinedLouvain_n0300_k-true_cs-hist_sub-1_seed-1.rds"
"reps","ok","Fletcher","FEAST","FEAST","dip","mixed","Refined Louvain","true",NA,NA,2,0.9,1,300,300,2618,13,13,13,553,0,NA,NA,NA,FALSE,0.720408891430908,0.747166447235133,0.595854347946572,0.835443037974684,15.68,"Fletcher_FEAST_RefinedLouvain_n0300_k-true_cs-hist_sub-2_seed-1.rds"
"reps","ok","Fletcher","FEAST","FEAST","dip","mixed","Refined Louvain","true",NA,NA,3,0.9,1,300,300,2610,13,13,11,553,0,NA,NA,NA,FALSE,0.698832629526388,0.729000665922156,0.573349886199048,0.770343580470163,13.484,"Fletcher_FEAST_RefinedLouvain_n0300_k-true_cs-hist_sub-3_seed-1.rds"
"reps","ok","Fletcher","FEAST","FEAST","dip","mixed","Refined Louvain","true",NA,NA,4,0.9,1,300,300,2612,13,13,12,553,0,NA,NA,NA,FALSE,0.734566365451428,0.76015508067534,0.613013134033082,0.802893309222423,14.679,"Fletcher_FEAST_RefinedLouvain_n0300_k-true_cs-hist_sub-4_seed-1.rds"
"reps","ok","Fletcher","FEAST","FEAST","dip","mixed","Refined Louvain","true",NA,NA,5,0.9,1,300,300,2620,13,13,12,553,0,NA,NA,NA,FALSE,0.71709521795377,0.74462249097221,0.593144880115861,0.802893309222423,13.387,"Fletcher_FEAST_RefinedLouvain_n0300_k-true_cs-hist_sub-5_seed-1.rds"
"reps","ok","Fletcher","FEAST","FEAST","dip","mixed","SC3","true",NA,101,0,1,101,100,100,2918,13,13,13,616,0,NA,NA,NA,FALSE,0.477328967673801,0.531528205006078,0.361342479176874,0.672077922077922,186.553,"Fletcher_FEAST_SC3_n0100_k-true_cs-101_sub-0_seed-101.rds"
"reps","ok","Fletcher","FEAST","FEAST","dip","mixed","SC3","true",NA,102,0,1,102,100,100,2918,13,13,13,616,0,NA,NA,NA,FALSE,0.463529872284751,0.517945240307009,0.349202990548737,0.63961038961039,181.303,"Fletcher_FEAST_SC3_n0100_k-true_cs-102_sub-0_seed-102.rds"
"reps","ok","Fletcher","FEAST","FEAST","dip","mixed","SC3","true",NA,103,0,1,103,100,100,2918,13,13,13,616,0,NA,NA,NA,FALSE,0.496743163767138,0.561538183752815,0.383029961843998,0.650974025974026,198.674,"Fletcher_FEAST_SC3_n0100_k-true_cs-103_sub-0_seed-103.rds"
"reps","ok","Fletcher","FEAST","FEAST","dip","mixed","SC3","true",NA,104,0,1,104,100,100,2918,13,13,13,616,0,NA,NA,NA,FALSE,0.463067574016036,0.519052010358484,0.349787557428581,0.649350649350649,182.783,"Fletcher_FEAST_SC3_n0100_k-true_cs-104_sub-0_seed-104.rds"
"reps","ok","Fletcher","FEAST","FEAST","dip","mixed","SC3","true",NA,105,0,1,105,100,100,2918,13,13,13,616,0,NA,NA,NA,FALSE,0.47946284149812,0.55732839607422,0.371784279650152,0.678571428571429,176.746,"Fletcher_FEAST_SC3_n0100_k-true_cs-105_sub-0_seed-105.rds"
"reps","ok","Fletcher","FEAST","FEAST","dip","mixed","SC3","true",NA,NA,1,0.9,1,100,100,2597,13,13,13,553,0,NA,NA,NA,FALSE,0.537645326702113,0.586773397444226,0.41400792061585,0.698010849909584,149.328,"Fletcher_FEAST_SC3_n0100_k-true_cs-hist_sub-1_seed-1.rds"
"reps","ok","Fletcher","FEAST","FEAST","dip","mixed","SC3","true",NA,NA,2,0.9,1,100,100,2618,13,13,13,553,0,NA,NA,NA,FALSE,0.474904310447717,0.524639585140894,0.355318948459437,0.674502712477396,163.917,"Fletcher_FEAST_SC3_n0100_k-true_cs-hist_sub-2_seed-1.rds"
"reps","ok","Fletcher","FEAST","FEAST","dip","mixed","SC3","true",NA,NA,3,0.9,1,100,100,2610,13,13,13,553,0,NA,NA,NA,FALSE,0.45411208698106,0.511138448665891,0.342572486907651,0.632911392405063,179.932,"Fletcher_FEAST_SC3_n0100_k-true_cs-hist_sub-3_seed-1.rds"
"reps","ok","Fletcher","FEAST","FEAST","dip","mixed","SC3","true",NA,NA,4,0.9,1,100,100,2612,13,13,13,553,0,NA,NA,NA,FALSE,0.508427780973912,0.565293080747582,0.390548502198988,0.705244122965642,171.882,"Fletcher_FEAST_SC3_n0100_k-true_cs-hist_sub-4_seed-1.rds"
"reps","ok","Fletcher","FEAST","FEAST","dip","mixed","SC3","true",NA,NA,5,0.9,1,100,100,2620,13,13,13,553,0,NA,NA,NA,FALSE,0.419967923246059,0.482175826235623,0.316471742864153,0.618444846292948,160.247,"Fletcher_FEAST_SC3_n0100_k-true_cs-hist_sub-5_seed-1.rds"
"reps","ok","Fletcher","FEAST","FEAST","dip","mixed","SC3","true",NA,101,0,1,101,300,300,2918,13,13,13,616,0,NA,NA,NA,FALSE,0.700567277962802,0.73464344945162,0.577497354704707,0.806818181818182,197.261,"Fletcher_FEAST_SC3_n0300_k-true_cs-101_sub-0_seed-101.rds"
"reps","ok","Fletcher","FEAST","FEAST","dip","mixed","SC3","true",NA,102,0,1,102,300,300,2918,13,13,13,616,0,NA,NA,NA,FALSE,0.69822283476917,0.735250934214369,0.575879626111407,0.774350649350649,165.476,"Fletcher_FEAST_SC3_n0300_k-true_cs-102_sub-0_seed-102.rds"
"reps","ok","Fletcher","FEAST","FEAST","dip","mixed","SC3","true",NA,103,0,1,103,300,300,2918,13,13,13,616,0,NA,NA,NA,FALSE,0.724794415249181,0.752994468174998,0.60327703976868,0.816558441558442,162.209,"Fletcher_FEAST_SC3_n0300_k-true_cs-103_sub-0_seed-103.rds"
"reps","ok","Fletcher","FEAST","FEAST","dip","mixed","SC3","true",NA,104,0,1,104,300,300,2918,13,13,13,616,0,NA,NA,NA,FALSE,0.736923902540249,0.763375427794469,0.617042199324469,0.850649350649351,181.994,"Fletcher_FEAST_SC3_n0300_k-true_cs-104_sub-0_seed-104.rds"
"reps","ok","Fletcher","FEAST","FEAST","dip","mixed","SC3","true",NA,105,0,1,105,300,300,2918,13,13,13,616,0,NA,NA,NA,FALSE,0.705347182519363,0.738105146693952,0.582489174909625,0.810064935064935,166.813,"Fletcher_FEAST_SC3_n0300_k-true_cs-105_sub-0_seed-105.rds"
"reps","ok","Fletcher","FEAST","FEAST","dip","mixed","SC3","true",NA,NA,1,0.9,1,300,300,2597,13,13,13,553,0,NA,NA,NA,FALSE,0.667615605504986,0.706058298004088,0.542038935389824,0.768535262206148,140.535,"Fletcher_FEAST_SC3_n0300_k-true_cs-hist_sub-1_seed-1.rds"
"reps","ok","Fletcher","FEAST","FEAST","dip","mixed","SC3","true",NA,NA,2,0.9,1,300,300,2618,13,13,13,553,0,NA,NA,NA,FALSE,0.745610034332487,0.771326666901561,0.627416520210896,0.828209764918626,161.686,"Fletcher_FEAST_SC3_n0300_k-true_cs-hist_sub-2_seed-1.rds"
"reps","ok","Fletcher","FEAST","FEAST","dip","mixed","SC3","true",NA,NA,3,0.9,1,300,300,2610,13,13,13,553,0,NA,NA,NA,FALSE,0.732590817486629,0.759344323100054,0.611845247572043,0.802893309222423,151.987,"Fletcher_FEAST_SC3_n0300_k-true_cs-hist_sub-3_seed-1.rds"
"reps","ok","Fletcher","FEAST","FEAST","dip","mixed","SC3","true",NA,NA,4,0.9,1,300,300,2612,13,13,13,553,0,NA,NA,NA,FALSE,0.695492486935524,0.731611553593178,0.572429572429572,0.768535262206148,145.524,"Fletcher_FEAST_SC3_n0300_k-true_cs-hist_sub-4_seed-1.rds"
"reps","ok","Fletcher","FEAST","FEAST","dip","mixed","SC3","true",NA,NA,5,0.9,1,300,300,2620,13,13,13,553,0,NA,NA,NA,FALSE,0.728525842155866,0.756933589814512,0.607939293826141,0.810126582278481,145.03,"Fletcher_FEAST_SC3_n0300_k-true_cs-hist_sub-5_seed-1.rds"
"reps","ok","Fletcher","Seurat","Seurat","dip","mixed","Refined Louvain","true",NA,101,0,1,101,100,100,2918,13,13,13,616,0,NA,NA,NA,FALSE,0.610639920704281,0.647745430753739,0.47866281469253,0.767857142857143,6.454,"Fletcher_Seurat_RefinedLouvain_n0100_k-true_cs-101_sub-0_seed-101.rds"
"reps","ok","Fletcher","Seurat","Seurat","dip","mixed","Refined Louvain","true",NA,102,0,1,102,100,100,2918,13,13,13,616,0,NA,NA,NA,FALSE,0.610639920704281,0.647745430753739,0.47866281469253,0.767857142857143,6.684,"Fletcher_Seurat_RefinedLouvain_n0100_k-true_cs-102_sub-0_seed-102.rds"
"reps","ok","Fletcher","Seurat","Seurat","dip","mixed","Refined Louvain","true",NA,103,0,1,103,100,100,2918,13,13,13,616,0,NA,NA,NA,FALSE,0.610639920704281,0.647745430753739,0.47866281469253,0.767857142857143,6.506,"Fletcher_Seurat_RefinedLouvain_n0100_k-true_cs-103_sub-0_seed-103.rds"
"reps","ok","Fletcher","Seurat","Seurat","dip","mixed","Refined Louvain","true",NA,104,0,1,104,100,100,2918,13,13,13,616,0,NA,NA,NA,FALSE,0.609024598632156,0.646274855876851,0.477048707056543,0.766233766233766,6.939,"Fletcher_Seurat_RefinedLouvain_n0100_k-true_cs-104_sub-0_seed-104.rds"
"reps","ok","Fletcher","Seurat","Seurat","dip","mixed","Refined Louvain","true",NA,105,0,1,105,100,100,2918,13,13,13,616,0,NA,NA,NA,FALSE,0.608690567567464,0.646035699859764,0.476859843814221,0.767857142857143,6.56,"Fletcher_Seurat_RefinedLouvain_n0100_k-true_cs-105_sub-0_seed-105.rds"
"reps","ok","Fletcher","Seurat","Seurat","dip","mixed","Refined Louvain","true",NA,NA,1,0.9,1,100,100,2597,13,13,13,553,0,NA,NA,NA,FALSE,0.555123815630889,0.597367886486121,0.425550878930428,0.759493670886076,6.339,"Fletcher_Seurat_RefinedLouvain_n0100_k-true_cs-hist_sub-1_seed-1.rds"
"reps","ok","Fletcher","Seurat","Seurat","dip","mixed","Refined Louvain","true",NA,NA,2,0.9,1,100,100,2618,13,13,13,553,0,NA,NA,NA,FALSE,0.530744437728962,0.574668488310541,0.401580386992199,0.710669077757685,6.346,"Fletcher_Seurat_RefinedLouvain_n0100_k-true_cs-hist_sub-2_seed-1.rds"
"reps","ok","Fletcher","Seurat","Seurat","dip","mixed","Refined Louvain","true",NA,NA,3,0.9,1,100,100,2610,13,13,13,553,0,NA,NA,NA,FALSE,0.477758899589072,0.526223201526963,0.35439090634745,0.7124773960217,6.21,"Fletcher_Seurat_RefinedLouvain_n0100_k-true_cs-hist_sub-3_seed-1.rds"
"reps","ok","Fletcher","Seurat","Seurat","dip","mixed","Refined Louvain","true",NA,NA,4,0.9,1,100,100,2612,13,13,13,553,0,NA,NA,NA,FALSE,0.522551972305743,0.567182613910283,0.393894758228362,0.734177215189873,6.986,"Fletcher_Seurat_RefinedLouvain_n0100_k-true_cs-hist_sub-4_seed-1.rds"
"reps","ok","Fletcher","Seurat","Seurat","dip","mixed","Refined Louvain","true",NA,NA,5,0.9,1,100,100,2620,13,13,13,553,0,NA,NA,NA,FALSE,0.531797984800102,0.575728870291471,0.401510058437193,0.723327305605787,6.714,"Fletcher_Seurat_RefinedLouvain_n0100_k-true_cs-hist_sub-5_seed-1.rds"
"reps","ok","Fletcher","Seurat","Seurat","dip","mixed","Refined Louvain","true",NA,101,0,1,101,300,300,2918,13,13,13,616,0,NA,NA,NA,FALSE,0.595999953685078,0.634200236889137,0.462707416186929,0.766233766233766,6.999,"Fletcher_Seurat_RefinedLouvain_n0300_k-true_cs-101_sub-0_seed-101.rds"
"reps","ok","Fletcher","Seurat","Seurat","dip","mixed","Refined Louvain","true",NA,102,0,1,102,300,300,2918,13,13,12,616,0,NA,NA,NA,FALSE,0.693038135302481,0.722841250176648,0.565965420321949,0.775974025974026,7.087,"Fletcher_Seurat_RefinedLouvain_n0300_k-true_cs-102_sub-0_seed-102.rds"
"reps","ok","Fletcher","Seurat","Seurat","dip","mixed","Refined Louvain","true",NA,103,0,1,103,300,300,2918,13,13,12,616,0,NA,NA,NA,FALSE,0.657350684392882,0.690519930193385,0.527296216036006,0.76461038961039,6.457,"Fletcher_Seurat_RefinedLouvain_n0300_k-true_cs-103_sub-0_seed-103.rds"
"reps","ok","Fletcher","Seurat","Seurat","dip","mixed","Refined Louvain","true",NA,104,0,1,104,300,300,2918,13,13,13,616,0,NA,NA,NA,FALSE,0.595999953685078,0.634200236889137,0.462707416186929,0.766233766233766,6.991,"Fletcher_Seurat_RefinedLouvain_n0300_k-true_cs-104_sub-0_seed-104.rds"
"reps","ok","Fletcher","Seurat","Seurat","dip","mixed","Refined Louvain","true",NA,105,0,1,105,300,300,2918,13,13,13,616,0,NA,NA,NA,FALSE,0.595999953685078,0.634200236889137,0.462707416186929,0.766233766233766,7.333,"Fletcher_Seurat_RefinedLouvain_n0300_k-true_cs-105_sub-0_seed-105.rds"
"reps","ok","Fletcher","Seurat","Seurat","dip","mixed","Refined Louvain","true",NA,NA,1,0.9,1,300,300,2597,13,13,13,553,0,NA,NA,NA,FALSE,0.588387578272489,0.627386632375908,0.454584085838734,0.752260397830018,6.991,"Fletcher_Seurat_RefinedLouvain_n0300_k-true_cs-hist_sub-1_seed-1.rds"
"reps","ok","Fletcher","Seurat","Seurat","dip","mixed","Refined Louvain","true",NA,NA,2,0.9,1,300,300,2618,13,13,13,553,0,NA,NA,NA,FALSE,0.524324561965763,0.5688299596657,0.395138178096213,0.748643761301989,6.143,"Fletcher_Seurat_RefinedLouvain_n0300_k-true_cs-hist_sub-2_seed-1.rds"
"reps","ok","Fletcher","Seurat","Seurat","dip","mixed","Refined Louvain","true",NA,NA,3,0.9,1,300,300,2610,13,13,13,553,0,NA,NA,NA,FALSE,0.624632506419399,0.660231244008308,0.491278604576732,0.773960216998192,6.236,"Fletcher_Seurat_RefinedLouvain_n0300_k-true_cs-hist_sub-3_seed-1.rds"
"reps","ok","Fletcher","Seurat","Seurat","dip","mixed","Refined Louvain","true",NA,NA,4,0.9,1,300,300,2612,13,13,13,553,0,NA,NA,NA,FALSE,0.578462709426758,0.618184376079115,0.445936139332366,0.746835443037975,6.686,"Fletcher_Seurat_RefinedLouvain_n0300_k-true_cs-hist_sub-4_seed-1.rds"
"reps","ok","Fletcher","Seurat","Seurat","dip","mixed","Refined Louvain","true",NA,NA,5,0.9,1,300,300,2620,13,13,13,553,0,NA,NA,NA,FALSE,0.579856862062954,0.619464482751805,0.447044720108412,0.766726943942134,6.703,"Fletcher_Seurat_RefinedLouvain_n0300_k-true_cs-hist_sub-5_seed-1.rds"
"reps","ok","Fletcher","Seurat","Seurat","dip","mixed","SC3","true",NA,101,0,1,101,100,100,2918,13,13,13,616,0,NA,NA,NA,FALSE,0.619382571701262,0.65549829081759,0.486792294102801,0.761363636363636,184.141,"Fletcher_Seurat_SC3_n0100_k-true_cs-101_sub-0_seed-101.rds"
"reps","ok","Fletcher","Seurat","Seurat","dip","mixed","SC3","true",NA,102,0,1,102,100,100,2918,13,13,13,616,0,NA,NA,NA,FALSE,0.634992710895043,0.67071626033607,0.504565561462603,0.762987012987013,201.564,"Fletcher_Seurat_SC3_n0100_k-true_cs-102_sub-0_seed-102.rds"
"reps","ok","Fletcher","Seurat","Seurat","dip","mixed","SC3","true",NA,103,0,1,103,100,100,2918,13,13,13,616,0,NA,NA,NA,FALSE,0.633464433370652,0.669691409407437,0.503356514049122,0.762987012987013,187.61,"Fletcher_Seurat_SC3_n0100_k-true_cs-103_sub-0_seed-103.rds"
"reps","ok","Fletcher","Seurat","Seurat","dip","mixed","SC3","true",NA,104,0,1,104,100,100,2918,13,13,13,616,0,NA,NA,NA,FALSE,0.644408669112063,0.679069671154562,0.514084218295133,0.772727272727273,188.291,"Fletcher_Seurat_SC3_n0100_k-true_cs-104_sub-0_seed-104.rds"
"reps","ok","Fletcher","Seurat","Seurat","dip","mixed","SC3","true",NA,105,0,1,105,100,100,2918,13,13,13,616,0,NA,NA,NA,FALSE,0.65234047634541,0.687112733448947,0.52318495500222,0.769480519480519,197.58,"Fletcher_Seurat_SC3_n0100_k-true_cs-105_sub-0_seed-105.rds"
"reps","ok","Fletcher","Seurat","Seurat","dip","mixed","SC3","true",NA,NA,1,0.9,1,100,100,2597,13,13,13,553,0,NA,NA,NA,FALSE,0.686223550420335,0.716323889616863,0.557836219799016,0.815551537070524,164.655,"Fletcher_Seurat_SC3_n0100_k-true_cs-hist_sub-1_seed-1.rds"
"reps","ok","Fletcher","Seurat","Seurat","dip","mixed","SC3","true",NA,NA,2,0.9,1,100,100,2618,13,13,13,553,0,NA,NA,NA,FALSE,0.67507283371522,0.706046618034602,0.545028041415013,0.817359855334539,166.613,"Fletcher_Seurat_SC3_n0100_k-true_cs-hist_sub-2_seed-1.rds"
"reps","ok","Fletcher","Seurat","Seurat","dip","mixed","SC3","true",NA,NA,3,0.9,1,100,100,2610,13,13,13,553,0,NA,NA,NA,FALSE,0.643509983392511,0.677518418989466,0.511960219837739,0.773960216998192,172.73,"Fletcher_Seurat_SC3_n0100_k-true_cs-hist_sub-3_seed-1.rds"
"reps","ok","Fletcher","Seurat","Seurat","dip","mixed","SC3","true",NA,NA,4,0.9,1,100,100,2612,13,13,13,553,0,NA,NA,NA,FALSE,0.681919840754507,0.712632419767715,0.553509234828496,0.78119349005425,181.599,"Fletcher_Seurat_SC3_n0100_k-true_cs-hist_sub-4_seed-1.rds"
"reps","ok","Fletcher","Seurat","Seurat","dip","mixed","SC3","true",NA,NA,5,0.9,1,100,100,2620,13,13,13,553,0,NA,NA,NA,FALSE,0.657372984395412,0.691487419584551,0.528319967720785,0.766726943942134,172.302,"Fletcher_Seurat_SC3_n0100_k-true_cs-hist_sub-5_seed-1.rds"
"reps","ok","Fletcher","Seurat","Seurat","dip","mixed","SC3","true",NA,101,0,1,101,300,300,2918,13,13,13,616,0,NA,NA,NA,FALSE,0.7157667503299,0.742986025951038,0.59060432485236,0.832792207792208,181.466,"Fletcher_Seurat_SC3_n0300_k-true_cs-101_sub-0_seed-101.rds"
"reps","ok","Fletcher","Seurat","Seurat","dip","mixed","SC3","true",NA,102,0,1,102,300,300,2918,13,13,13,616,0,NA,NA,NA,FALSE,0.715914943542967,0.743143726689538,0.590231153967467,0.829545454545455,173.495,"Fletcher_Seurat_SC3_n0300_k-true_cs-102_sub-0_seed-102.rds"
"reps","ok","Fletcher","Seurat","Seurat","dip","mixed","SC3","true",NA,103,0,1,103,300,300,2918,13,13,13,616,0,NA,NA,NA,FALSE,0.704561190590677,0.733045402457654,0.576690738974429,0.831168831168831,170.947,"Fletcher_Seurat_SC3_n0300_k-true_cs-103_sub-0_seed-103.rds"
"reps","ok","Fletcher","Seurat","Seurat","dip","mixed","SC3","true",NA,104,0,1,104,300,300,2918,13,13,13,616,0,NA,NA,NA,FALSE,0.720655468418639,0.74745076954975,0.595676360182715,0.829545454545455,193.812,"Fletcher_Seurat_SC3_n0300_k-true_cs-104_sub-0_seed-104.rds"
"reps","ok","Fletcher","Seurat","Seurat","dip","mixed","SC3","true",NA,105,0,1,105,300,300,2918,13,13,13,616,0,NA,NA,NA,FALSE,0.717951367507213,0.744954544841705,0.592918771514149,0.836038961038961,194.743,"Fletcher_Seurat_SC3_n0300_k-true_cs-105_sub-0_seed-105.rds"
"reps","ok","Fletcher","Seurat","Seurat","dip","mixed","SC3","true",NA,NA,1,0.9,1,300,300,2597,13,13,13,553,0,NA,NA,NA,FALSE,0.722274212364423,0.749092931602988,0.598783203867673,0.837251356238698,163.938,"Fletcher_Seurat_SC3_n0300_k-true_cs-hist_sub-1_seed-1.rds"
"reps","ok","Fletcher","Seurat","Seurat","dip","mixed","SC3","true",NA,NA,2,0.9,1,300,300,2618,13,13,13,553,0,NA,NA,NA,FALSE,0.706066547261174,0.734208270358314,0.579702241369908,0.831826401446655,157.282,"Fletcher_Seurat_SC3_n0300_k-true_cs-hist_sub-2_seed-1.rds"
"reps","ok","Fletcher","Seurat","Seurat","dip","mixed","SC3","true",NA,NA,3,0.9,1,300,300,2610,13,13,13,553,0,NA,NA,NA,FALSE,0.677152950890166,0.709083309442411,0.549216139809818,0.788426763110307,145.386,"Fletcher_Seurat_SC3_n0300_k-true_cs-hist_sub-3_seed-1.rds"
"reps","ok","Fletcher","Seurat","Seurat","dip","mixed","SC3","true",NA,NA,4,0.9,1,300,300,2612,13,13,13,553,0,NA,NA,NA,FALSE,0.722441480530286,0.749155847772359,0.597414379677932,0.842676311030741,161.376,"Fletcher_Seurat_SC3_n0300_k-true_cs-hist_sub-4_seed-1.rds"
"reps","ok","Fletcher","Seurat","Seurat","dip","mixed","SC3","true",NA,NA,5,0.9,1,300,300,2620,13,13,13,553,0,NA,NA,NA,FALSE,0.732072341220059,0.757745088368667,0.609218662169758,0.844484629294756,154.576,"Fletcher_Seurat_SC3_n0300_k-true_cs-hist_sub-5_seed-1.rds"
"reps","ok","Koh","DIFS","DIFS","dip","mixed","Refined Louvain","true",NA,101,0,1,101,100,100,1156,9,9,9,531,0,1000,1688,"3:2",FALSE,0.988345058506465,0.989732585116199,0.979673835972583,0.994350282485876,140.593,"Koh_DIFS_RefinedLouvain_n0100_k-true_cs-101_sub-0_seed-101.rds"
"reps","ok","Koh","DIFS","DIFS","dip","mixed","Refined Louvain","true",NA,102,0,1,102,100,100,1156,9,9,9,531,0,1000,1688,"3:2",FALSE,0.988345058506465,0.989732585116199,0.979673835972583,0.994350282485876,148.43,"Koh_DIFS_RefinedLouvain_n0100_k-true_cs-102_sub-0_seed-102.rds"
"reps","ok","Koh","DIFS","DIFS","dip","mixed","Refined Louvain","true",NA,103,0,1,103,100,100,1156,9,9,9,531,0,1000,1688,"3:2",FALSE,0.988345058506465,0.989732585116199,0.979673835972583,0.994350282485876,132.668,"Koh_DIFS_RefinedLouvain_n0100_k-true_cs-103_sub-0_seed-103.rds"
"reps","ok","Koh","DIFS","DIFS","dip","mixed","Refined Louvain","true",NA,104,0,1,104,100,100,1156,9,9,9,531,0,1000,1688,"3:2",FALSE,0.988345058506465,0.989732585116199,0.979673835972583,0.994350282485876,203.532,"Koh_DIFS_RefinedLouvain_n0100_k-true_cs-104_sub-0_seed-104.rds"
"reps","ok","Koh","DIFS","DIFS","dip","mixed","Refined Louvain","true",NA,105,0,1,105,100,100,1156,9,9,9,531,0,1000,1688,"3:2",FALSE,0.988345058506465,0.989732585116199,0.979673835972583,0.994350282485876,151.003,"Koh_DIFS_RefinedLouvain_n0100_k-true_cs-105_sub-0_seed-105.rds"
"reps","ok","Koh","DIFS","DIFS","dip","mixed","Refined Louvain","true",NA,NA,1,0.9,1,100,100,1085,9,9,9,479,0,1000,1671,"3:2",FALSE,0.995244105177051,0.995810103336886,0.991653243520281,0.997912317327766,141.533,"Koh_DIFS_RefinedLouvain_n0100_k-true_cs-hist_sub-1_seed-1.rds"
"reps","ok","Koh","DIFS","DIFS","dip","mixed","Refined Louvain","true",NA,NA,2,0.9,1,100,100,1081,9,9,9,479,0,1000,1581,"3:2",FALSE,0.974910491214265,0.977889157818626,0.956734576344396,0.987473903966597,119.121,"Koh_DIFS_RefinedLouvain_n0100_k-true_cs-hist_sub-2_seed-1.rds"
"reps","ok","Koh","DIFS","DIFS","dip","mixed","Refined Louvain","true",NA,NA,3,0.9,1,100,100,1065,9,9,9,479,0,700,1878,"3:2",FALSE,0.962393957250986,0.966867230222288,0.935855497084341,0.983298538622129,120.059,"Koh_DIFS_RefinedLouvain_n0100_k-true_cs-hist_sub-3_seed-1.rds"
"reps","ok","Koh","DIFS","DIFS","dip","mixed","Refined Louvain","true",NA,NA,4,0.9,1,100,100,1083,9,9,9,479,0,1000,1774,"3:2",FALSE,0.977563678436244,0.980224690183923,0.961216235735953,0.989561586638831,120.704,"Koh_DIFS_RefinedLouvain_n0100_k-true_cs-hist_sub-4_seed-1.rds"
"reps","ok","Koh","DIFS","DIFS","dip","mixed","Refined Louvain","true",NA,NA,5,0.9,1,100,100,1078,9,9,9,479,0,600,1518,"3:1",FALSE,0.995154192404917,0.99572902405349,0.991494354010852,0.997912317327766,124.122,"Koh_DIFS_RefinedLouvain_n0100_k-true_cs-hist_sub-5_seed-1.rds"
"reps","ok","Koh","DIFS","DIFS","dip","mixed","Refined Louvain","true",NA,101,0,1,101,300,300,1156,9,9,9,531,0,1000,1688,"1:3",FALSE,0.978647478157131,0.981188589417497,0.963071512309496,0.990583804143126,152.072,"Koh_DIFS_RefinedLouvain_n0300_k-true_cs-101_sub-0_seed-101.rds"
"reps","ok","Koh","DIFS","DIFS","dip","mixed","Refined Louvain","true",NA,102,0,1,102,300,300,1156,9,9,9,531,0,1000,1688,"1:3",FALSE,0.978647478157131,0.981188589417497,0.963071512309496,0.990583804143126,146.823,"Koh_DIFS_RefinedLouvain_n0300_k-true_cs-102_sub-0_seed-102.rds"
"reps","ok","Koh","DIFS","DIFS","dip","mixed","Refined Louvain","true",NA,103,0,1,103,300,300,1156,9,9,9,531,0,1000,1688,"1:3",FALSE,0.978647478157131,0.981188589417497,0.963071512309496,0.990583804143126,144.107,"Koh_DIFS_RefinedLouvain_n0300_k-true_cs-103_sub-0_seed-103.rds"
"reps","ok","Koh","DIFS","DIFS","dip","mixed","Refined Louvain","true",NA,104,0,1,104,300,300,1156,9,9,9,531,0,1000,1688,"1:3",FALSE,0.978647478157131,0.981188589417497,0.963071512309496,0.990583804143126,145.208,"Koh_DIFS_RefinedLouvain_n0300_k-true_cs-104_sub-0_seed-104.rds"
"reps","ok","Koh","DIFS","DIFS","dip","mixed","Refined Louvain","true",NA,105,0,1,105,300,300,1156,9,9,9,531,0,1000,1688,"1:3",FALSE,0.978647478157131,0.981188589417497,0.963071512309496,0.990583804143126,154.185,"Koh_DIFS_RefinedLouvain_n0300_k-true_cs-105_sub-0_seed-105.rds"
"reps","ok","Koh","DIFS","DIFS","dip","mixed","Refined Louvain","true",NA,NA,1,0.9,1,300,300,1085,9,9,9,479,0,1000,1671,"2:3",FALSE,0.990973320763428,0.992043785081177,0.984212834380938,0.995824634655532,131.564,"Koh_DIFS_RefinedLouvain_n0300_k-true_cs-hist_sub-1_seed-1.rds"
"reps","ok","Koh","DIFS","DIFS","dip","mixed","Refined Louvain","true",NA,NA,2,0.9,1,300,300,1081,9,9,9,479,0,1000,1581,"1:2",FALSE,0.98119321935398,0.983423188271007,0.967386577764893,0.991649269311065,135.303,"Koh_DIFS_RefinedLouvain_n0300_k-true_cs-hist_sub-2_seed-1.rds"
"reps","ok","Koh","DIFS","DIFS","dip","mixed","Refined Louvain","true",NA,NA,3,0.9,1,300,300,1065,9,9,9,479,0,700,1878,"2:3",FALSE,0.97643033754895,0.979225159015224,0.959295612009238,0.989561586638831,134.985,"Koh_DIFS_RefinedLouvain_n0300_k-true_cs-hist_sub-3_seed-1.rds"
"reps","ok","Koh","DIFS","DIFS","dip","mixed","Refined Louvain","true",NA,NA,4,0.9,1,300,300,1083,9,9,9,479,0,1000,1774,"1:2",FALSE,0.977638426495922,0.980287838656775,0.961329567673257,0.989561586638831,132.717,"Koh_DIFS_RefinedLouvain_n0300_k-true_cs-hist_sub-4_seed-1.rds"
"reps","ok","Koh","DIFS","DIFS","dip","mixed","Refined Louvain","true",NA,NA,5,0.9,1,300,300,1078,9,9,9,479,0,600,1518,"3:2",FALSE,0.971700533737156,0.975061012272643,0.951335055986219,0.987473903966597,120.833,"Koh_DIFS_RefinedLouvain_n0300_k-true_cs-hist_sub-5_seed-1.rds"
"reps","ok","Koh","DIFS","DIFS","dip","mixed","SC3","true",NA,101,0,1,101,100,100,1156,9,9,9,531,0,1000,1688,"3:2",FALSE,0.943451356205701,0.951145698318696,0.905566491688539,0.954802259887006,262.982,"Koh_DIFS_SC3_n0100_k-true_cs-101_sub-0_seed-101.rds"
"reps","ok","Koh","DIFS","DIFS","dip","mixed","SC3","true",NA,102,0,1,102,100,100,1156,9,9,9,531,0,1000,1688,"3:2",FALSE,0.989006212452603,0.990314556001278,0.980811371039384,0.994350282485876,253.525,"Koh_DIFS_SC3_n0100_k-true_cs-102_sub-0_seed-102.rds"
"reps","ok","Koh","DIFS","DIFS","dip","mixed","SC3","true",NA,103,0,1,103,100,100,1156,9,9,9,531,0,1000,1688,"3:2",FALSE,0.989006212452603,0.990314556001278,0.980811371039384,0.994350282485876,224.344,"Koh_DIFS_SC3_n0100_k-true_cs-103_sub-0_seed-103.rds"
"reps","ok","Koh","DIFS","DIFS","dip","mixed","SC3","true",NA,104,0,1,104,100,100,1156,9,9,9,531,0,1000,1688,"3:2",FALSE,0.989006212452603,0.990314556001278,0.980811371039384,0.994350282485876,224.201,"Koh_DIFS_SC3_n0100_k-true_cs-104_sub-0_seed-104.rds"
"reps","ok","Koh","DIFS","DIFS","dip","mixed","SC3","true",NA,105,0,1,105,100,100,1156,9,9,9,531,0,1000,1688,"3:2",FALSE,0.987695291634755,0.989159600757647,0.978551169936185,0.994350282485876,359.661,"Koh_DIFS_SC3_n0100_k-true_cs-105_sub-0_seed-105.rds"
"reps","ok","Koh","DIFS","DIFS","dip","mixed","SC3","true",NA,NA,1,0.9,1,100,100,1085,9,9,9,479,0,1000,1671,"3:2",FALSE,0.952783211138493,0.959287850138442,0.920487008570263,0.958246346555324,330.761,"Koh_DIFS_SC3_n0100_k-true_cs-hist_sub-1_seed-1.rds"
"reps","ok","Koh","DIFS","DIFS","dip","mixed","SC3","true",NA,NA,2,0.9,1,100,100,1081,9,9,9,479,0,1000,1581,"3:2",FALSE,0.946727880660196,0.953977251528951,0.910745703072134,0.95615866388309,214.054,"Koh_DIFS_SC3_n0100_k-true_cs-hist_sub-2_seed-1.rds"
"reps","ok","Koh","DIFS","DIFS","dip","mixed","SC3","true",NA,NA,3,0.9,1,100,100,1065,9,9,9,479,0,700,1878,"3:2",FALSE,0.992727117487747,0.9935895976316,0.987260213794113,0.995824634655532,223.672,"Koh_DIFS_SC3_n0100_k-true_cs-hist_sub-3_seed-1.rds"
"reps","ok","Koh","DIFS","DIFS","dip","mixed","SC3","true",NA,NA,4,0.9,1,100,100,1083,9,9,9,479,0,1000,1774,"3:2",FALSE,0.995244105177051,0.995810103336886,0.991653243520281,0.997912317327766,239.581,"Koh_DIFS_SC3_n0100_k-true_cs-hist_sub-4_seed-1.rds"
"reps","ok","Koh","DIFS","DIFS","dip","mixed","SC3","true",NA,NA,5,0.9,1,100,100,1078,9,9,9,479,0,600,1518,"3:1",FALSE,0.947525970405306,0.954705295745587,0.91203139802409,0.95615866388309,250.41,"Koh_DIFS_SC3_n0100_k-true_cs-hist_sub-5_seed-1.rds"
"reps","ok","Koh","DIFS","DIFS","dip","mixed","SC3","true",NA,101,0,1,101,300,300,1156,9,9,9,531,0,1000,1688,"1:3",FALSE,0.948734916664746,0.955587915015091,0.9139577239362,0.958568738229755,252.383,"Koh_DIFS_SC3_n0300_k-true_cs-101_sub-0_seed-101.rds"
"reps","ok","Koh","DIFS","DIFS","dip","mixed","SC3","true",NA,102,0,1,102,300,300,1156,9,9,9,531,0,1000,1688,"1:3",FALSE,0.948734916664746,0.955587915015091,0.9139577239362,0.958568738229755,252.586,"Koh_DIFS_SC3_n0300_k-true_cs-102_sub-0_seed-102.rds"
"reps","ok","Koh","DIFS","DIFS","dip","mixed","SC3","true",NA,103,0,1,103,300,300,1156,9,9,9,531,0,1000,1688,"1:3",FALSE,0.948734916664746,0.955587915015091,0.9139577239362,0.958568738229755,244.469,"Koh_DIFS_SC3_n0300_k-true_cs-103_sub-0_seed-103.rds"
"reps","ok","Koh","DIFS","DIFS","dip","mixed","SC3","true",NA,104,0,1,104,300,300,1156,9,9,9,531,0,1000,1688,"1:3",FALSE,0.948734916664746,0.955587915015091,0.9139577239362,0.958568738229755,272.818,"Koh_DIFS_SC3_n0300_k-true_cs-104_sub-0_seed-104.rds"
"reps","ok","Koh","DIFS","DIFS","dip","mixed","SC3","true",NA,105,0,1,105,300,300,1156,9,9,9,531,0,1000,1688,"1:3",FALSE,0.948734916664746,0.955587915015091,0.9139577239362,0.958568738229755,251.292,"Koh_DIFS_SC3_n0300_k-true_cs-105_sub-0_seed-105.rds"
"reps","ok","Koh","DIFS","DIFS","dip","mixed","SC3","true",NA,NA,1,0.9,1,300,300,1085,9,9,9,479,0,1000,1671,"2:3",FALSE,0.992264624889969,0.99318196647627,0.986454825010983,0.995824634655532,216.762,"Koh_DIFS_SC3_n0300_k-true_cs-hist_sub-1_seed-1.rds"
"reps","ok","Koh","DIFS","DIFS","dip","mixed","SC3","true",NA,NA,2,0.9,1,300,300,1081,9,9,9,479,0,1000,1581,"1:2",FALSE,0.99711528214015,0.997457728291837,0.994927216585796,0.997912317327766,201.003,"Koh_DIFS_SC3_n0300_k-true_cs-hist_sub-2_seed-1.rds"
"reps","ok","Koh","DIFS","DIFS","dip","mixed","SC3","true",NA,NA,3,0.9,1,300,300,1065,9,9,9,479,0,700,1878,"2:3",FALSE,1,1,1,1,201.785,"Koh_DIFS_SC3_n0300_k-true_cs-hist_sub-3_seed-1.rds"
"reps","ok","Koh","DIFS","DIFS","dip","mixed","SC3","true",NA,NA,4,0.9,1,300,300,1083,9,9,9,479,0,1000,1774,"1:2",FALSE,0.990391320912425,0.991531064775574,0.983204323061195,0.995824634655532,234.511,"Koh_DIFS_SC3_n0300_k-true_cs-hist_sub-4_seed-1.rds"
"reps","ok","Koh","DIFS","DIFS","dip","mixed","SC3","true",NA,NA,5,0.9,1,300,300,1078,9,9,9,479,0,600,1518,"3:2",FALSE,1,1,1,1,231.411,"Koh_DIFS_SC3_n0300_k-true_cs-hist_sub-5_seed-1.rds"
"reps","ok","Koh","FEAST","FEAST","dip","mixed","Refined Louvain","true",NA,101,0,1,101,100,100,1156,9,9,9,531,0,NA,NA,NA,FALSE,0.882853926162881,0.8968421738411,0.812972156270235,0.939736346516008,16.234,"Koh_FEAST_RefinedLouvain_n0100_k-true_cs-101_sub-0_seed-101.rds"
"reps","ok","Koh","FEAST","FEAST","dip","mixed","Refined Louvain","true",NA,102,0,1,102,100,100,1156,9,9,9,531,0,NA,NA,NA,FALSE,0.826506435450349,0.847683696181574,0.735421221211043,0.905838041431262,17.067,"Koh_FEAST_RefinedLouvain_n0100_k-true_cs-102_sub-0_seed-102.rds"
"reps","ok","Koh","FEAST","FEAST","dip","mixed","Refined Louvain","true",NA,103,0,1,103,100,100,1156,9,9,9,531,0,NA,NA,NA,FALSE,0.882853926162881,0.8968421738411,0.812972156270235,0.939736346516008,14.65,"Koh_FEAST_RefinedLouvain_n0100_k-true_cs-103_sub-0_seed-103.rds"
"reps","ok","Koh","FEAST","FEAST","dip","mixed","Refined Louvain","true",NA,104,0,1,104,100,100,1156,9,9,9,531,0,NA,NA,NA,FALSE,0.882853926162881,0.8968421738411,0.812972156270235,0.939736346516008,14.001,"Koh_FEAST_RefinedLouvain_n0100_k-true_cs-104_sub-0_seed-104.rds"
"reps","ok","Koh","FEAST","FEAST","dip","mixed","Refined Louvain","true",NA,105,0,1,105,100,100,1156,9,9,9,531,0,NA,NA,NA,FALSE,0.882853926162881,0.8968421738411,0.812972156270235,0.939736346516008,13.613,"Koh_FEAST_RefinedLouvain_n0100_k-true_cs-105_sub-0_seed-105.rds"
"reps","ok","Koh","FEAST","FEAST","dip","mixed","Refined Louvain","true",NA,NA,1,0.9,1,100,100,1085,9,9,9,479,0,NA,NA,NA,FALSE,0.968689299900714,0.972406349499539,0.946294307196563,0.985386221294363,12.856,"Koh_FEAST_RefinedLouvain_n0100_k-true_cs-hist_sub-1_seed-1.rds"
"reps","ok","Koh","FEAST","FEAST","dip","mixed","Refined Louvain","true",NA,NA,2,0.9,1,100,100,1081,9,9,9,479,0,NA,NA,NA,FALSE,0.938822536106675,0.946060256526832,0.89763006590941,0.970772442588727,13.289,"Koh_FEAST_RefinedLouvain_n0100_k-true_cs-hist_sub-2_seed-1.rds"
"reps","ok","Koh","FEAST","FEAST","dip","mixed","Refined Louvain","true",NA,NA,3,0.9,1,100,100,1065,9,9,9,479,0,NA,NA,NA,FALSE,0.689266731504461,0.726829332322199,0.570762229806598,0.835073068893528,14.279,"Koh_FEAST_RefinedLouvain_n0100_k-true_cs-hist_sub-3_seed-1.rds"
"reps","ok","Koh","FEAST","FEAST","dip","mixed","Refined Louvain","true",NA,NA,4,0.9,1,100,100,1083,9,9,9,479,0,NA,NA,NA,FALSE,0.699351372043591,0.737198394474942,0.582947380168517,0.816283924843424,15.327,"Koh_FEAST_RefinedLouvain_n0100_k-true_cs-hist_sub-4_seed-1.rds"
"reps","ok","Koh","FEAST","FEAST","dip","mixed","Refined Louvain","true",NA,NA,5,0.9,1,100,100,1078,9,9,9,479,0,NA,NA,NA,FALSE,0.90309546300149,0.914644895630945,0.842702702702703,0.951983298538622,13.907,"Koh_FEAST_RefinedLouvain_n0100_k-true_cs-hist_sub-5_seed-1.rds"
"reps","ok","Koh","FEAST","FEAST","dip","mixed","Refined Louvain","true",NA,101,0,1,101,300,300,1156,9,9,9,531,0,NA,NA,NA,FALSE,0.978694456342323,0.981247889403727,0.963172639196918,0.990583804143126,14.846,"Koh_FEAST_RefinedLouvain_n0300_k-true_cs-101_sub-0_seed-101.rds"
"reps","ok","Koh","FEAST","FEAST","dip","mixed","Refined Louvain","true",NA,102,0,1,102,300,300,1156,9,9,9,531,0,NA,NA,NA,FALSE,0.977076108149841,0.979823724489747,0.960431235431235,0.988700564971751,14.054,"Koh_FEAST_RefinedLouvain_n0300_k-true_cs-102_sub-0_seed-102.rds"
"reps","ok","Koh","FEAST","FEAST","dip","mixed","Refined Louvain","true",NA,103,0,1,103,300,300,1156,9,9,9,531,0,NA,NA,NA,FALSE,0.978694456342323,0.981247889403727,0.963172639196918,0.990583804143126,13.626,"Koh_FEAST_RefinedLouvain_n0300_k-true_cs-103_sub-0_seed-103.rds"
"reps","ok","Koh","FEAST","FEAST","dip","mixed","Refined Louvain","true",NA,104,0,1,104,300,300,1156,9,9,9,531,0,NA,NA,NA,FALSE,0.978694456342323,0.981247889403727,0.963172639196918,0.990583804143126,13.83,"Koh_FEAST_RefinedLouvain_n0300_k-true_cs-104_sub-0_seed-104.rds"
"reps","ok","Koh","FEAST","FEAST","dip","mixed","Refined Louvain","true",NA,105,0,1,105,300,300,1156,9,9,9,531,0,NA,NA,NA,FALSE,0.978694456342323,0.981247889403727,0.963172639196918,0.990583804143126,13.454,"Koh_FEAST_RefinedLouvain_n0300_k-true_cs-105_sub-0_seed-105.rds"
"reps","ok","Koh","FEAST","FEAST","dip","mixed","Refined Louvain","true",NA,NA,1,0.9,1,300,300,1085,9,9,9,479,0,NA,NA,NA,FALSE,0.985818211313536,0.987499307429912,0.975304145115466,0.993736951983299,12.693,"Koh_FEAST_RefinedLouvain_n0300_k-true_cs-hist_sub-1_seed-1.rds"
"reps","ok","Koh","FEAST","FEAST","dip","mixed","Refined Louvain","true",NA,NA,2,0.9,1,300,300,1081,9,9,9,479,0,NA,NA,NA,FALSE,0.975759309776319,0.97863973080639,0.958171346292297,0.989561586638831,13.623,"Koh_FEAST_RefinedLouvain_n0300_k-true_cs-hist_sub-2_seed-1.rds"
"reps","ok","Koh","FEAST","FEAST","dip","mixed","Refined Louvain","true",NA,NA,3,0.9,1,300,300,1065,9,9,9,479,0,NA,NA,NA,FALSE,0.952015694689271,0.957704242095662,0.918840579710145,0.977035490605428,14.862,"Koh_FEAST_RefinedLouvain_n0300_k-true_cs-hist_sub-3_seed-1.rds"
"reps","ok","Koh","FEAST","FEAST","dip","mixed","Refined Louvain","true",NA,NA,4,0.9,1,300,300,1083,9,9,9,479,0,NA,NA,NA,FALSE,0.970220660292771,0.973761038682375,0.948861194671251,0.987473903966597,15.506,"Koh_FEAST_RefinedLouvain_n0300_k-true_cs-hist_sub-4_seed-1.rds"
"reps","ok","Koh","FEAST","FEAST","dip","mixed","Refined Louvain","true",NA,NA,5,0.9,1,300,300,1078,9,9,9,479,0,NA,NA,NA,FALSE,0.977511648828633,0.980183906503056,0.961136347249261,0.989561586638831,16.027,"Koh_FEAST_RefinedLouvain_n0300_k-true_cs-hist_sub-5_seed-1.rds"
"reps","ok","Koh","FEAST","FEAST","dip","mixed","SC3","true",NA,101,0,1,101,100,100,1156,9,9,9,531,0,NA,NA,NA,FALSE,0.904470196777006,0.916281707162226,0.845158507655812,0.945386064030132,119.278,"Koh_FEAST_SC3_n0100_k-true_cs-101_sub-0_seed-101.rds"
"reps","ok","Koh","FEAST","FEAST","dip","mixed","SC3","true",NA,102,0,1,102,100,100,1156,9,9,9,531,0,NA,NA,NA,FALSE,0.916996707510243,0.926878774586777,0.863722327288909,0.962335216572505,159.729,"Koh_FEAST_SC3_n0100_k-true_cs-102_sub-0_seed-102.rds"
"reps","ok","Koh","FEAST","FEAST","dip","mixed","SC3","true",NA,103,0,1,103,100,100,1156,9,9,9,531,0,NA,NA,NA,FALSE,0.900816352371141,0.913073073267189,0.839711889916147,0.943502824858757,140.406,"Koh_FEAST_SC3_n0100_k-true_cs-103_sub-0_seed-103.rds"
"reps","ok","Koh","FEAST","FEAST","dip","mixed","SC3","true",NA,104,0,1,104,100,100,1156,9,9,9,531,0,NA,NA,NA,FALSE,0.904724763636434,0.916513254459407,0.845544234190522,0.945386064030132,146.797,"Koh_FEAST_SC3_n0100_k-true_cs-104_sub-0_seed-104.rds"
"reps","ok","Koh","FEAST","FEAST","dip","mixed","SC3","true",NA,105,0,1,105,100,100,1156,9,9,9,531,0,NA,NA,NA,FALSE,0.904470196777006,0.916281707162226,0.845158507655812,0.945386064030132,118.15,"Koh_FEAST_SC3_n0100_k-true_cs-105_sub-0_seed-105.rds"
"reps","ok","Koh","FEAST","FEAST","dip","mixed","SC3","true",NA,NA,1,0.9,1,100,100,1085,9,9,9,479,0,NA,NA,NA,FALSE,0.925730651450045,0.935637201471747,0.877746067564877,0.947807933194154,105.329,"Koh_FEAST_SC3_n0100_k-true_cs-hist_sub-1_seed-1.rds"
"reps","ok","Koh","FEAST","FEAST","dip","mixed","SC3","true",NA,NA,2,0.9,1,100,100,1081,9,9,9,479,0,NA,NA,NA,FALSE,0.95946869141512,0.964275285688196,0.931014863807695,0.981210855949896,105.688,"Koh_FEAST_SC3_n0100_k-true_cs-hist_sub-2_seed-1.rds"
"reps","ok","Koh","FEAST","FEAST","dip","mixed","SC3","true",NA,NA,3,0.9,1,100,100,1065,9,9,9,479,0,NA,NA,NA,FALSE,0.694015152475381,0.733035316120693,0.577443028196215,0.828810020876827,126.071,"Koh_FEAST_SC3_n0100_k-true_cs-hist_sub-3_seed-1.rds"
"reps","ok","Koh","FEAST","FEAST","dip","mixed","SC3","true",NA,NA,4,0.9,1,100,100,1083,9,9,9,479,0,NA,NA,NA,FALSE,0.872411306873401,0.888799071010966,0.798777770704692,0.922755741127349,118.248,"Koh_FEAST_SC3_n0100_k-true_cs-hist_sub-4_seed-1.rds"
"reps","ok","Koh","FEAST","FEAST","dip","mixed","SC3","true",NA,NA,5,0.9,1,100,100,1078,9,9,9,479,0,NA,NA,NA,FALSE,0.914493656288173,0.925529485396694,0.860440505324426,0.941544885177453,109.691,"Koh_FEAST_SC3_n0100_k-true_cs-hist_sub-5_seed-1.rds"
"reps","ok","Koh","FEAST","FEAST","dip","mixed","SC3","true",NA,101,0,1,101,300,300,1156,9,9,9,531,0,NA,NA,NA,FALSE,0.95081842219113,0.957484372856791,0.917328918322296,0.95668549905838,130.56,"Koh_FEAST_SC3_n0300_k-true_cs-101_sub-0_seed-101.rds"
"reps","ok","Koh","FEAST","FEAST","dip","mixed","SC3","true",NA,102,0,1,102,300,300,1156,9,9,9,531,0,NA,NA,NA,FALSE,0.995693267397697,0.996206191327115,0.992439576140017,0.998116760828625,123.62,"Koh_FEAST_SC3_n0300_k-true_cs-102_sub-0_seed-102.rds"
"reps","ok","Koh","FEAST","FEAST","dip","mixed","SC3","true",NA,103,0,1,103,300,300,1156,9,9,9,531,0,NA,NA,NA,FALSE,0.95081842219113,0.957484372856791,0.917328918322296,0.95668549905838,102.448,"Koh_FEAST_SC3_n0300_k-true_cs-103_sub-0_seed-103.rds"
"reps","ok","Koh","FEAST","FEAST","dip","mixed","SC3","true",NA,104,0,1,104,300,300,1156,9,9,9,531,0,NA,NA,NA,FALSE,0.95081842219113,0.957484372856791,0.917328918322296,0.95668549905838,103.795,"Koh_FEAST_SC3_n0300_k-true_cs-104_sub-0_seed-104.rds"
"reps","ok","Koh","FEAST","FEAST","dip","mixed","SC3","true",NA,105,0,1,105,300,300,1156,9,9,9,531,0,NA,NA,NA,FALSE,0.95081842219113,0.957484372856791,0.917328918322296,0.95668549905838,108.355,"Koh_FEAST_SC3_n0300_k-true_cs-105_sub-0_seed-105.rds"
"reps","ok","Koh","FEAST","FEAST","dip","mixed","SC3","true",NA,NA,1,0.9,1,300,300,1085,9,9,9,479,0,NA,NA,NA,FALSE,0.985712311965432,0.98740704965173,0.975127272727273,0.993736951983299,90.676,"Koh_FEAST_SC3_n0300_k-true_cs-hist_sub-1_seed-1.rds"
"reps","ok","Koh","FEAST","FEAST","dip","mixed","SC3","true",NA,NA,2,0.9,1,300,300,1081,9,9,9,479,0,NA,NA,NA,FALSE,0.976020079146661,0.978864446895196,0.958603779027838,0.989561586638831,99.949,"Koh_FEAST_SC3_n0300_k-true_cs-hist_sub-2_seed-1.rds"
"reps","ok","Koh","FEAST","FEAST","dip","mixed","SC3","true",NA,NA,3,0.9,1,300,300,1065,9,9,9,479,0,NA,NA,NA,FALSE,0.981118060060539,0.983357889898706,0.967260611328408,0.991649269311065,101.347,"Koh_FEAST_SC3_n0300_k-true_cs-hist_sub-3_seed-1.rds"
"reps","ok","Koh","FEAST","FEAST","dip","mixed","SC3","true",NA,NA,4,0.9,1,300,300,1083,9,9,9,479,0,NA,NA,NA,FALSE,0.985461650771843,0.987186120270095,0.974696429869847,0.993736951983299,103.444,"Koh_FEAST_SC3_n0300_k-true_cs-hist_sub-4_seed-1.rds"
"reps","ok","Koh","FEAST","FEAST","dip","mixed","SC3","true",NA,NA,5,0.9,1,300,300,1078,9,9,9,479,0,NA,NA,NA,FALSE,0.991989052261068,0.992941433251169,0.985980284775466,0.995824634655532,91.958,"Koh_FEAST_SC3_n0300_k-true_cs-hist_sub-5_seed-1.rds"
"reps","ok","Koh","Seurat","Seurat","dip","mixed","Refined Louvain","true",NA,101,0,1,101,100,100,1156,9,9,9,531,0,NA,NA,NA,FALSE,0.863811983504561,0.880352245563112,0.786130811662727,0.939736346516008,12.393,"Koh_Seurat_RefinedLouvain_n0100_k-true_cs-101_sub-0_seed-101.rds"
"reps","ok","Koh","Seurat","Seurat","dip","mixed","Refined Louvain","true",NA,102,0,1,102,100,100,1156,9,9,9,531,0,NA,NA,NA,FALSE,0.863811983504561,0.880352245563112,0.786130811662727,0.939736346516008,11.527,"Koh_Seurat_RefinedLouvain_n0100_k-true_cs-102_sub-0_seed-102.rds"
"reps","ok","Koh","Seurat","Seurat","dip","mixed","Refined Louvain","true",NA,103,0,1,103,100,100,1156,9,9,9,531,0,NA,NA,NA,FALSE,0.863811983504561,0.880352245563112,0.786130811662727,0.939736346516008,10.354,"Koh_Seurat_RefinedLouvain_n0100_k-true_cs-103_sub-0_seed-103.rds"
"reps","ok","Koh","Seurat","Seurat","dip","mixed","Refined Louvain","true",NA,104,0,1,104,100,100,1156,9,9,9,531,0,NA,NA,NA,FALSE,0.863811983504561,0.880352245563112,0.786130811662727,0.939736346516008,12.86,"Koh_Seurat_RefinedLouvain_n0100_k-true_cs-104_sub-0_seed-104.rds"
"reps","ok","Koh","Seurat","Seurat","dip","mixed","Refined Louvain","true",NA,105,0,1,105,100,100,1156,9,9,9,531,0,NA,NA,NA,FALSE,0.863811983504561,0.880352245563112,0.786130811662727,0.939736346516008,11.675,"Koh_Seurat_RefinedLouvain_n0100_k-true_cs-105_sub-0_seed-105.rds"
"reps","ok","Koh","Seurat","Seurat","dip","mixed","Refined Louvain","true",NA,NA,1,0.9,1,100,100,1085,9,9,9,479,0,NA,NA,NA,FALSE,0.848497548053969,0.86711391412127,0.765045708481463,0.933194154488518,9.004,"Koh_Seurat_RefinedLouvain_n0100_k-true_cs-hist_sub-1_seed-1.rds"
"reps","ok","Koh","Seurat","Seurat","dip","mixed","Refined Louvain","true",NA,NA,2,0.9,1,100,100,1081,9,9,9,479,0,NA,NA,NA,FALSE,0.83924860833043,0.858816194760177,0.75234295845998,0.92901878914405,11.441,"Koh_Seurat_RefinedLouvain_n0100_k-true_cs-hist_sub-2_seed-1.rds"
"reps","ok","Koh","Seurat","Seurat","dip","mixed","Refined Louvain","true",NA,NA,3,0.9,1,100,100,1065,9,9,9,479,0,NA,NA,NA,FALSE,0.820909742765483,0.842727223983573,0.727964568648244,0.918580375782881,9.381,"Koh_Seurat_RefinedLouvain_n0100_k-true_cs-hist_sub-3_seed-1.rds"
"reps","ok","Koh","Seurat","Seurat","dip","mixed","Refined Louvain","true",NA,NA,4,0.9,1,100,100,1083,9,9,9,479,0,NA,NA,NA,FALSE,0.873034843694764,0.888560379014188,0.799194700610469,0.943632567849687,12.401,"Koh_Seurat_RefinedLouvain_n0100_k-true_cs-hist_sub-4_seed-1.rds"
"reps","ok","Koh","Seurat","Seurat","dip","mixed","Refined Louvain","true",NA,NA,5,0.9,1,100,100,1078,9,9,9,479,0,NA,NA,NA,FALSE,0.85270725621788,0.87128302848688,0.77112986522232,0.931106471816284,9.941,"Koh_Seurat_RefinedLouvain_n0100_k-true_cs-hist_sub-5_seed-1.rds"
"reps","ok","Koh","Seurat","Seurat","dip","mixed","Refined Louvain","true",NA,101,0,1,101,300,300,1156,9,9,8,531,0,NA,NA,NA,FALSE,0.916122838113421,0.927612441318443,0.863205298013245,0.941619585687382,10.056,"Koh_Seurat_RefinedLouvain_n0300_k-true_cs-101_sub-0_seed-101.rds"
"reps","ok","Koh","Seurat","Seurat","dip","mixed","Refined Louvain","true",NA,102,0,1,102,300,300,1156,9,9,8,531,0,NA,NA,NA,FALSE,0.916122838113421,0.927612441318443,0.863205298013245,0.941619585687382,11.897,"Koh_Seurat_RefinedLouvain_n0300_k-true_cs-102_sub-0_seed-102.rds"
"reps","ok","Koh","Seurat","Seurat","dip","mixed","Refined Louvain","true",NA,103,0,1,103,300,300,1156,9,9,8,531,0,NA,NA,NA,FALSE,0.916122838113421,0.927612441318443,0.863205298013245,0.941619585687382,11.488,"Koh_Seurat_RefinedLouvain_n0300_k-true_cs-103_sub-0_seed-103.rds"
"reps","ok","Koh","Seurat","Seurat","dip","mixed","Refined Louvain","true",NA,104,0,1,104,300,300,1156,9,9,8,531,0,NA,NA,NA,FALSE,0.916122838113421,0.927612441318443,0.863205298013245,0.941619585687382,11.01,"Koh_Seurat_RefinedLouvain_n0300_k-true_cs-104_sub-0_seed-104.rds"
"reps","ok","Koh","Seurat","Seurat","dip","mixed","Refined Louvain","true",NA,105,0,1,105,300,300,1156,9,9,8,531,0,NA,NA,NA,FALSE,0.916122838113421,0.927612441318443,0.863205298013245,0.941619585687382,10.977,"Koh_Seurat_RefinedLouvain_n0300_k-true_cs-105_sub-0_seed-105.rds"
"reps","ok","Koh","Seurat","Seurat","dip","mixed","Refined Louvain","true",NA,NA,1,0.9,1,300,300,1085,9,9,9,479,0,NA,NA,NA,FALSE,0.915175684776383,0.925339942613153,0.861009111927105,0.966597077244259,9.34,"Koh_Seurat_RefinedLouvain_n0300_k-true_cs-hist_sub-1_seed-1.rds"
"reps","ok","Koh","Seurat","Seurat","dip","mixed","Refined Louvain","true",NA,NA,2,0.9,1,300,300,1081,9,9,8,479,0,NA,NA,NA,FALSE,0.882321677741211,0.89793965348474,0.813139986007759,0.92901878914405,9.294,"Koh_Seurat_RefinedLouvain_n0300_k-true_cs-hist_sub-2_seed-1.rds"
"reps","ok","Koh","Seurat","Seurat","dip","mixed","Refined Louvain","true",NA,NA,3,0.9,1,300,300,1065,9,9,9,479,0,NA,NA,NA,FALSE,0.930419317389574,0.938849567955884,0.884618019869818,0.966597077244259,9.275,"Koh_Seurat_RefinedLouvain_n0300_k-true_cs-hist_sub-3_seed-1.rds"
"reps","ok","Koh","Seurat","Seurat","dip","mixed","Refined Louvain","true",NA,NA,4,0.9,1,300,300,1083,9,9,9,479,0,NA,NA,NA,FALSE,0.958022055029102,0.963046447028613,0.928697493822803,0.981210855949896,9.225,"Koh_Seurat_RefinedLouvain_n0300_k-true_cs-hist_sub-4_seed-1.rds"
"reps","ok","Koh","Seurat","Seurat","dip","mixed","Refined Louvain","true",NA,NA,5,0.9,1,300,300,1078,9,9,9,479,0,NA,NA,NA,FALSE,0.949237922520704,0.955306577254862,0.914411888406,0.979123173277662,12.647,"Koh_Seurat_RefinedLouvain_n0300_k-true_cs-hist_sub-5_seed-1.rds"
"reps","ok","Koh","Seurat","Seurat","dip","mixed","SC3","true",NA,101,0,1,101,100,100,1156,9,9,9,531,0,NA,NA,NA,FALSE,0.905031719115305,0.917193205561662,0.846223548851341,0.937853107344633,143.566,"Koh_Seurat_SC3_n0100_k-true_cs-101_sub-0_seed-101.rds"
"reps","ok","Koh","Seurat","Seurat","dip","mixed","SC3","true",NA,102,0,1,102,100,100,1156,9,9,9,531,0,NA,NA,NA,FALSE,0.900842499144911,0.913543957381398,0.839995753039231,0.935969868173258,132.344,"Koh_Seurat_SC3_n0100_k-true_cs-102_sub-0_seed-102.rds"
"reps","ok","Koh","Seurat","Seurat","dip","mixed","SC3","true",NA,103,0,1,103,100,100,1156,9,9,9,531,0,NA,NA,NA,FALSE,0.892637366650629,0.906091450637535,0.82776008492569,0.935969868173258,129.64,"Koh_Seurat_SC3_n0100_k-true_cs-103_sub-0_seed-103.rds"
"reps","ok","Koh","Seurat","Seurat","dip","mixed","SC3","true",NA,104,0,1,104,100,100,1156,9,9,9,531,0,NA,NA,NA,FALSE,0.912127113858512,0.923220423387802,0.856796378139485,0.939736346516008,119.708,"Koh_Seurat_SC3_n0100_k-true_cs-104_sub-0_seed-104.rds"
"reps","ok","Koh","Seurat","Seurat","dip","mixed","SC3","true",NA,105,0,1,105,100,100,1156,9,9,9,531,0,NA,NA,NA,FALSE,0.91024255651642,0.921536679150842,0.853934399741477,0.937853107344633,120.262,"Koh_Seurat_SC3_n0100_k-true_cs-105_sub-0_seed-105.rds"
"reps","ok","Koh","Seurat","Seurat","dip","mixed","SC3","true",NA,NA,1,0.9,1,100,100,1085,9,9,9,479,0,NA,NA,NA,FALSE,0.880204310555564,0.895566165344795,0.809865931105267,0.926931106471816,124.091,"Koh_Seurat_SC3_n0100_k-true_cs-hist_sub-1_seed-1.rds"
"reps","ok","Koh","Seurat","Seurat","dip","mixed","SC3","true",NA,NA,2,0.9,1,100,100,1081,9,9,9,479,0,NA,NA,NA,FALSE,0.904083851143596,0.916374080459536,0.844760842464405,0.939457202505219,107.8,"Koh_Seurat_SC3_n0100_k-true_cs-hist_sub-2_seed-1.rds"
"reps","ok","Koh","Seurat","Seurat","dip","mixed","SC3","true",NA,NA,3,0.9,1,100,100,1065,9,9,9,479,0,NA,NA,NA,FALSE,0.887339525109567,0.901605236534021,0.820062248735573,0.931106471816284,127.62,"Koh_Seurat_SC3_n0100_k-true_cs-hist_sub-3_seed-1.rds"
"reps","ok","Koh","Seurat","Seurat","dip","mixed","SC3","true",NA,NA,4,0.9,1,100,100,1083,9,9,9,479,0,NA,NA,NA,FALSE,0.900302119008563,0.913147329782817,0.839174988577769,0.933194154488518,126.222,"Koh_Seurat_SC3_n0100_k-true_cs-hist_sub-4_seed-1.rds"
"reps","ok","Koh","Seurat","Seurat","dip","mixed","SC3","true",NA,NA,5,0.9,1,100,100,1078,9,9,9,479,0,NA,NA,NA,FALSE,0.895369206353489,0.908781103372146,0.831869347387598,0.933194154488518,123.25,"Koh_Seurat_SC3_n0100_k-true_cs-hist_sub-5_seed-1.rds"
"reps","ok","Koh","Seurat","Seurat","dip","mixed","SC3","true",NA,101,0,1,101,300,300,1156,9,9,9,531,0,NA,NA,NA,FALSE,0.937469886878348,0.945477152550054,0.895950258611203,0.951035781544256,118.747,"Koh_Seurat_SC3_n0300_k-true_cs-101_sub-0_seed-101.rds"
"reps","ok","Koh","Seurat","Seurat","dip","mixed","SC3","true",NA,102,0,1,102,300,300,1156,9,9,9,531,0,NA,NA,NA,FALSE,0.937469886878348,0.945477152550054,0.895950258611203,0.951035781544256,104.258,"Koh_Seurat_SC3_n0300_k-true_cs-102_sub-0_seed-102.rds"
"reps","ok","Koh","Seurat","Seurat","dip","mixed","SC3","true",NA,103,0,1,103,300,300,1156,9,9,9,531,0,NA,NA,NA,FALSE,0.937469886878348,0.945477152550054,0.895950258611203,0.951035781544256,105.955,"Koh_Seurat_SC3_n0300_k-true_cs-103_sub-0_seed-103.rds"
"reps","ok","Koh","Seurat","Seurat","dip","mixed","SC3","true",NA,104,0,1,104,300,300,1156,9,9,9,531,0,NA,NA,NA,FALSE,0.937469886878348,0.945477152550054,0.895950258611203,0.951035781544256,118.571,"Koh_Seurat_SC3_n0300_k-true_cs-104_sub-0_seed-104.rds"
"reps","ok","Koh","Seurat","Seurat","dip","mixed","SC3","true",NA,105,0,1,105,300,300,1156,9,9,9,531,0,NA,NA,NA,FALSE,0.937469886878348,0.945477152550054,0.895950258611203,0.951035781544256,120.78,"Koh_Seurat_SC3_n0300_k-true_cs-105_sub-0_seed-105.rds"
"reps","ok","Koh","Seurat","Seurat","dip","mixed","SC3","true",NA,NA,1,0.9,1,300,300,1085,9,9,9,479,0,NA,NA,NA,FALSE,0.933353241163155,0.942150664798207,0.889544631480115,0.947807933194154,108.401,"Koh_Seurat_SC3_n0300_k-true_cs-hist_sub-1_seed-1.rds"
"reps","ok","Koh","Seurat","Seurat","dip","mixed","SC3","true",NA,NA,2,0.9,1,300,300,1081,9,9,9,479,0,NA,NA,NA,FALSE,0.939071350982764,0.94697657108167,0.898476125973586,0.951983298538622,106.596,"Koh_Seurat_SC3_n0300_k-true_cs-hist_sub-2_seed-1.rds"
"reps","ok","Koh","Seurat","Seurat","dip","mixed","SC3","true",NA,NA,3,0.9,1,300,300,1065,9,9,9,479,0,NA,NA,NA,FALSE,0.936693107702199,0.944823528184042,0.894697636622198,0.951983298538622,90.423,"Koh_Seurat_SC3_n0300_k-true_cs-hist_sub-3_seed-1.rds"
"reps","ok","Koh","Seurat","Seurat","dip","mixed","SC3","true",NA,NA,4,0.9,1,300,300,1083,9,9,9,479,0,NA,NA,NA,FALSE,0.935813454522818,0.944454068379225,0.89345030806322,0.951983298538622,122.646,"Koh_Seurat_SC3_n0300_k-true_cs-hist_sub-4_seed-1.rds"
"reps","ok","Koh","Seurat","Seurat","dip","mixed","SC3","true",NA,NA,5,0.9,1,300,300,1078,9,9,9,479,0,NA,NA,NA,FALSE,0.937990393714818,0.945770203287933,0.896664620421527,0.949895615866388,109.967,"Koh_Seurat_SC3_n0300_k-true_cs-hist_sub-5_seed-1.rds"
"reps","ok","Kumar","DIFS","DIFS","dip","mixed","Refined Louvain","true",NA,101,0,1,101,100,100,453,3,3,3,246,0,453,616,"1:1",FALSE,0.988771468816226,0.992545322773649,0.985200431245712,0.995934959349594,53.296,"Kumar_DIFS_RefinedLouvain_n0100_k-true_cs-101_sub-0_seed-101.rds"
"reps","ok","Kumar","DIFS","DIFS","dip","mixed","Refined Louvain","true",NA,102,0,1,102,100,100,453,3,3,3,246,0,453,616,"1:1",FALSE,0.988771468816226,0.992545322773649,0.985200431245712,0.995934959349594,53.145,"Kumar_DIFS_RefinedLouvain_n0100_k-true_cs-102_sub-0_seed-102.rds"
"reps","ok","Kumar","DIFS","DIFS","dip","mixed","Refined Louvain","true",NA,103,0,1,103,100,100,453,3,3,3,246,0,453,616,"1:1",FALSE,0.988771468816226,0.992545322773649,0.985200431245712,0.995934959349594,59.326,"Kumar_DIFS_RefinedLouvain_n0100_k-true_cs-103_sub-0_seed-103.rds"
"reps","ok","Kumar","DIFS","DIFS","dip","mixed","Refined Louvain","true",NA,104,0,1,104,100,100,453,3,3,3,246,0,453,616,"1:1",FALSE,0.988771468816226,0.992545322773649,0.985200431245712,0.995934959349594,61.906,"Kumar_DIFS_RefinedLouvain_n0100_k-true_cs-104_sub-0_seed-104.rds"
"reps","ok","Kumar","DIFS","DIFS","dip","mixed","Refined Louvain","true",NA,105,0,1,105,100,100,453,3,3,3,246,0,453,616,"1:1",FALSE,0.988771468816226,0.992545322773649,0.985200431245712,0.995934959349594,59.948,"Kumar_DIFS_RefinedLouvain_n0100_k-true_cs-105_sub-0_seed-105.rds"
"reps","ok","Kumar","DIFS","DIFS","dip","mixed","Refined Louvain","true",NA,NA,1,0.9,1,100,100,431,3,3,3,222,0,431,594,"1:1",FALSE,0.987575728128592,0.991750933847065,0.983636144868247,0.995495495495496,51.797,"Kumar_DIFS_RefinedLouvain_n0100_k-true_cs-hist_sub-1_seed-1.rds"
"reps","ok","Kumar","DIFS","DIFS","dip","mixed","Refined Louvain","true",NA,NA,2,0.9,1,100,100,436,3,3,3,222,0,436,589,"1:1",FALSE,0.987575728128592,0.991750933847065,0.983636144868247,0.995495495495496,57.952,"Kumar_DIFS_RefinedLouvain_n0100_k-true_cs-hist_sub-2_seed-1.rds"
"reps","ok","Kumar","DIFS","DIFS","dip","mixed","Refined Louvain","true",NA,NA,3,0.9,1,100,100,432,3,3,3,222,0,432,595,"1:1",FALSE,0.987575728128592,0.991750933847065,0.983636144868247,0.995495495495496,56.259,"Kumar_DIFS_RefinedLouvain_n0100_k-true_cs-hist_sub-3_seed-1.rds"
"reps","ok","Kumar","DIFS","DIFS","dip","mixed","Refined Louvain","true",NA,NA,4,0.9,1,100,100,434,3,3,3,222,0,434,593,"1:1",FALSE,0.987575728128592,0.991750933847065,0.983636144868247,0.995495495495496,56.038,"Kumar_DIFS_RefinedLouvain_n0100_k-true_cs-hist_sub-4_seed-1.rds"
"reps","ok","Kumar","DIFS","DIFS","dip","mixed","Refined Louvain","true",NA,NA,5,0.9,1,100,100,435,3,3,3,222,0,435,592,"1:1",FALSE,0.987575728128592,0.991750933847065,0.983636144868247,0.995495495495496,64.038,"Kumar_DIFS_RefinedLouvain_n0100_k-true_cs-hist_sub-5_seed-1.rds"
"reps","ok","Kumar","DIFS","DIFS","dip","mixed","Refined Louvain","true",NA,101,0,1,101,300,300,453,3,3,3,246,0,453,616,"3:2",FALSE,0.988771468816226,0.992545322773649,0.985200431245712,0.995934959349594,59.591,"Kumar_DIFS_RefinedLouvain_n0300_k-true_cs-101_sub-0_seed-101.rds"
"reps","ok","Kumar","DIFS","DIFS","dip","mixed","Refined Louvain","true",NA,102,0,1,102,300,300,453,3,3,3,246,0,453,616,"3:2",FALSE,0.988771468816226,0.992545322773649,0.985200431245712,0.995934959349594,60.397,"Kumar_DIFS_RefinedLouvain_n0300_k-true_cs-102_sub-0_seed-102.rds"
"reps","ok","Kumar","DIFS","DIFS","dip","mixed","Refined Louvain","true",NA,103,0,1,103,300,300,453,3,3,3,246,0,453,616,"3:2",FALSE,0.988771468816226,0.992545322773649,0.985200431245712,0.995934959349594,54.096,"Kumar_DIFS_RefinedLouvain_n0300_k-true_cs-103_sub-0_seed-103.rds"
"reps","ok","Kumar","DIFS","DIFS","dip","mixed","Refined Louvain","true",NA,104,0,1,104,300,300,453,3,3,3,246,0,453,616,"3:2",FALSE,0.988771468816226,0.992545322773649,0.985200431245712,0.995934959349594,56.33,"Kumar_DIFS_RefinedLouvain_n0300_k-true_cs-104_sub-0_seed-104.rds"
"reps","ok","Kumar","DIFS","DIFS","dip","mixed","Refined Louvain","true",NA,105,0,1,105,300,300,453,3,3,3,246,0,453,616,"3:2",FALSE,0.988771468816226,0.992545322773649,0.985200431245712,0.995934959349594,70.78,"Kumar_DIFS_RefinedLouvain_n0300_k-true_cs-105_sub-0_seed-105.rds"
"reps","ok","Kumar","DIFS","DIFS","dip","mixed","Refined Louvain","true",NA,NA,1,0.9,1,300,300,431,3,3,3,222,0,431,594,"3:2",FALSE,0.987575728128592,0.991750933847065,0.983636144868247,0.995495495495496,58.405,"Kumar_DIFS_RefinedLouvain_n0300_k-true_cs-hist_sub-1_seed-1.rds"
"reps","ok","Kumar","DIFS","DIFS","dip","mixed","Refined Louvain","true",NA,NA,2,0.9,1,300,300,436,3,3,3,222,0,436,589,"1:1",FALSE,0.987575728128592,0.991750933847065,0.983636144868247,0.995495495495496,48.19,"Kumar_DIFS_RefinedLouvain_n0300_k-true_cs-hist_sub-2_seed-1.rds"
"reps","ok","Kumar","DIFS","DIFS","dip","mixed","Refined Louvain","true",NA,NA,3,0.9,1,300,300,432,3,3,3,222,0,432,595,"2:3",FALSE,0.987575728128592,0.991750933847065,0.983636144868247,0.995495495495496,51.675,"Kumar_DIFS_RefinedLouvain_n0300_k-true_cs-hist_sub-3_seed-1.rds"
"reps","ok","Kumar","DIFS","DIFS","dip","mixed","Refined Louvain","true",NA,NA,4,0.9,1,300,300,434,3,3,3,222,0,434,593,"3:2",FALSE,0.987575728128592,0.991750933847065,0.983636144868247,0.995495495495496,58.986,"Kumar_DIFS_RefinedLouvain_n0300_k-true_cs-hist_sub-4_seed-1.rds"
"reps","ok","Kumar","DIFS","DIFS","dip","mixed","Refined Louvain","true",NA,NA,5,0.9,1,300,300,435,3,3,3,222,0,435,592,"3:2",FALSE,0.987575728128592,0.991750933847065,0.983636144868247,0.995495495495496,54.118,"Kumar_DIFS_RefinedLouvain_n0300_k-true_cs-hist_sub-5_seed-1.rds"
"reps","ok","Kumar","DIFS","DIFS","dip","mixed","SC3","true",NA,101,0,1,101,100,100,453,3,3,3,246,0,453,616,"1:1",FALSE,1,1,1,1,81.394,"Kumar_DIFS_SC3_n0100_k-true_cs-101_sub-0_seed-101.rds"
"reps","ok","Kumar","DIFS","DIFS","dip","mixed","SC3","true",NA,102,0,1,102,100,100,453,3,3,3,246,0,453,616,"1:1",FALSE,1,1,1,1,83.12,"Kumar_DIFS_SC3_n0100_k-true_cs-102_sub-0_seed-102.rds"
"reps","ok","Kumar","DIFS","DIFS","dip","mixed","SC3","true",NA,103,0,1,103,100,100,453,3,3,3,246,0,453,616,"1:1",FALSE,1,1,1,1,92.766,"Kumar_DIFS_SC3_n0100_k-true_cs-103_sub-0_seed-103.rds"
"reps","ok","Kumar","DIFS","DIFS","dip","mixed","SC3","true",NA,104,0,1,104,100,100,453,3,3,3,246,0,453,616,"1:1",FALSE,1,1,1,1,84.484,"Kumar_DIFS_SC3_n0100_k-true_cs-104_sub-0_seed-104.rds"
"reps","ok","Kumar","DIFS","DIFS","dip","mixed","SC3","true",NA,105,0,1,105,100,100,453,3,3,3,246,0,453,616,"1:1",FALSE,1,1,1,1,105.721,"Kumar_DIFS_SC3_n0100_k-true_cs-105_sub-0_seed-105.rds"
"reps","ok","Kumar","DIFS","DIFS","dip","mixed","SC3","true",NA,NA,1,0.9,1,100,100,431,3,3,3,222,0,431,594,"1:1",FALSE,1,1,1,1,90.477,"Kumar_DIFS_SC3_n0100_k-true_cs-hist_sub-1_seed-1.rds"
"reps","ok","Kumar","DIFS","DIFS","dip","mixed","SC3","true",NA,NA,2,0.9,1,100,100,436,3,3,3,222,0,436,589,"1:1",FALSE,1,1,1,1,82.445,"Kumar_DIFS_SC3_n0100_k-true_cs-hist_sub-2_seed-1.rds"
"reps","ok","Kumar","DIFS","DIFS","dip","mixed","SC3","true",NA,NA,3,0.9,1,100,100,432,3,3,3,222,0,432,595,"1:1",FALSE,1,1,1,1,84.913,"Kumar_DIFS_SC3_n0100_k-true_cs-hist_sub-3_seed-1.rds"
"reps","ok","Kumar","DIFS","DIFS","dip","mixed","SC3","true",NA,NA,4,0.9,1,100,100,434,3,3,3,222,0,434,593,"1:1",FALSE,1,1,1,1,78.236,"Kumar_DIFS_SC3_n0100_k-true_cs-hist_sub-4_seed-1.rds"
"reps","ok","Kumar","DIFS","DIFS","dip","mixed","SC3","true",NA,NA,5,0.9,1,100,100,435,3,3,3,222,0,435,592,"1:1",FALSE,1,1,1,1,92.267,"Kumar_DIFS_SC3_n0100_k-true_cs-hist_sub-5_seed-1.rds"
"reps","ok","Kumar","DIFS","DIFS","dip","mixed","SC3","true",NA,101,0,1,101,300,300,453,3,3,3,246,0,453,616,"3:2",FALSE,1,1,1,1,90.093,"Kumar_DIFS_SC3_n0300_k-true_cs-101_sub-0_seed-101.rds"
"reps","ok","Kumar","DIFS","DIFS","dip","mixed","SC3","true",NA,102,0,1,102,300,300,453,3,3,3,246,0,453,616,"3:2",FALSE,1,1,1,1,88.226,"Kumar_DIFS_SC3_n0300_k-true_cs-102_sub-0_seed-102.rds"
"reps","ok","Kumar","DIFS","DIFS","dip","mixed","SC3","true",NA,103,0,1,103,300,300,453,3,3,3,246,0,453,616,"3:2",FALSE,1,1,1,1,95.575,"Kumar_DIFS_SC3_n0300_k-true_cs-103_sub-0_seed-103.rds"
"reps","ok","Kumar","DIFS","DIFS","dip","mixed","SC3","true",NA,104,0,1,104,300,300,453,3,3,3,246,0,453,616,"3:2",FALSE,1,1,1,1,91.476,"Kumar_DIFS_SC3_n0300_k-true_cs-104_sub-0_seed-104.rds"
"reps","ok","Kumar","DIFS","DIFS","dip","mixed","SC3","true",NA,105,0,1,105,300,300,453,3,3,3,246,0,453,616,"3:2",FALSE,1,1,1,1,90.117,"Kumar_DIFS_SC3_n0300_k-true_cs-105_sub-0_seed-105.rds"
"reps","ok","Kumar","DIFS","DIFS","dip","mixed","SC3","true",NA,NA,1,0.9,1,300,300,431,3,3,3,222,0,431,594,"3:2",FALSE,1,1,1,1,84.031,"Kumar_DIFS_SC3_n0300_k-true_cs-hist_sub-1_seed-1.rds"
"reps","ok","Kumar","DIFS","DIFS","dip","mixed","SC3","true",NA,NA,2,0.9,1,300,300,436,3,3,3,222,0,436,589,"1:1",FALSE,1,1,1,1,78.091,"Kumar_DIFS_SC3_n0300_k-true_cs-hist_sub-2_seed-1.rds"
"reps","ok","Kumar","DIFS","DIFS","dip","mixed","SC3","true",NA,NA,3,0.9,1,300,300,432,3,3,3,222,0,432,595,"2:3",FALSE,1,1,1,1,94.383,"Kumar_DIFS_SC3_n0300_k-true_cs-hist_sub-3_seed-1.rds"
"reps","ok","Kumar","DIFS","DIFS","dip","mixed","SC3","true",NA,NA,4,0.9,1,300,300,434,3,3,3,222,0,434,593,"3:2",FALSE,1,1,1,1,89.156,"Kumar_DIFS_SC3_n0300_k-true_cs-hist_sub-4_seed-1.rds"
"reps","ok","Kumar","DIFS","DIFS","dip","mixed","SC3","true",NA,NA,5,0.9,1,300,300,435,3,3,3,222,0,435,592,"3:2",FALSE,1,1,1,1,88.208,"Kumar_DIFS_SC3_n0300_k-true_cs-hist_sub-5_seed-1.rds"
"reps","ok","Kumar","FEAST","FEAST","dip","mixed","Refined Louvain","true",NA,101,0,1,101,100,100,453,3,3,3,246,0,NA,NA,NA,FALSE,0.986911481731239,0.991309674319023,0.98276874877619,0.995934959349594,7.789,"Kumar_FEAST_RefinedLouvain_n0100_k-true_cs-101_sub-0_seed-101.rds"
"reps","ok","Kumar","FEAST","FEAST","dip","mixed","Refined Louvain","true",NA,102,0,1,102,100,100,453,3,3,3,246,0,NA,NA,NA,FALSE,0.986911481731239,0.991309674319023,0.98276874877619,0.995934959349594,8.135,"Kumar_FEAST_RefinedLouvain_n0100_k-true_cs-102_sub-0_seed-102.rds"
"reps","ok","Kumar","FEAST","FEAST","dip","mixed","Refined Louvain","true",NA,103,0,1,103,100,100,453,3,3,3,246,0,NA,NA,NA,FALSE,0.986911481731239,0.991309674319023,0.98276874877619,0.995934959349594,7.609,"Kumar_FEAST_RefinedLouvain_n0100_k-true_cs-103_sub-0_seed-103.rds"
"reps","ok","Kumar","FEAST","FEAST","dip","mixed","Refined Louvain","true",NA,104,0,1,104,100,100,453,3,3,3,246,0,NA,NA,NA,FALSE,0.986911481731239,0.991309674319023,0.98276874877619,0.995934959349594,8.368,"Kumar_FEAST_RefinedLouvain_n0100_k-true_cs-104_sub-0_seed-104.rds"
"reps","ok","Kumar","FEAST","FEAST","dip","mixed","Refined Louvain","true",NA,105,0,1,105,100,100,453,3,3,3,246,0,NA,NA,NA,FALSE,0.986911481731239,0.991309674319023,0.98276874877619,0.995934959349594,8.303,"Kumar_FEAST_RefinedLouvain_n0100_k-true_cs-105_sub-0_seed-105.rds"
"reps","ok","Kumar","FEAST","FEAST","dip","mixed","Refined Louvain","true",NA,NA,1,0.9,1,100,100,431,3,3,3,222,0,NA,NA,NA,FALSE,0.985473256564363,0.990353918282066,0.980891719745223,0.995495495495496,6.635,"Kumar_FEAST_RefinedLouvain_n0100_k-true_cs-hist_sub-1_seed-1.rds"
"reps","ok","Kumar","FEAST","FEAST","dip","mixed","Refined Louvain","true",NA,NA,2,0.9,1,100,100,436,3,3,3,222,0,NA,NA,NA,FALSE,0.957004083210684,0.971476273178855,0.944529501825462,0.986486486486487,6.927,"Kumar_FEAST_RefinedLouvain_n0100_k-true_cs-hist_sub-2_seed-1.rds"
"reps","ok","Kumar","FEAST","FEAST","dip","mixed","Refined Louvain","true",NA,NA,3,0.9,1,100,100,432,3,3,3,222,0,NA,NA,NA,FALSE,0.971119704226991,0.980815930063137,0.962354062425542,0.990990990990991,7.449,"Kumar_FEAST_RefinedLouvain_n0100_k-true_cs-hist_sub-3_seed-1.rds"
"reps","ok","Kumar","FEAST","FEAST","dip","mixed","Refined Louvain","true",NA,NA,4,0.9,1,100,100,434,3,3,3,222,0,NA,NA,NA,FALSE,1,1,1,1,7.941,"Kumar_FEAST_RefinedLouvain_n0100_k-true_cs-hist_sub-4_seed-1.rds"
"reps","ok","Kumar","FEAST","FEAST","dip","mixed","Refined Louvain","true",NA,NA,5,0.9,1,100,100,435,3,3,3,222,0,NA,NA,NA,FALSE,0.985473256564363,0.990353918282066,0.980891719745223,0.995495495495496,7.671,"Kumar_FEAST_RefinedLouvain_n0100_k-true_cs-hist_sub-5_seed-1.rds"
"reps","ok","Kumar","FEAST","FEAST","dip","mixed","Refined Louvain","true",NA,101,0,1,101,300,300,453,3,3,3,246,0,NA,NA,NA,FALSE,0.986911481731239,0.991309674319023,0.98276874877619,0.995934959349594,9.217,"Kumar_FEAST_RefinedLouvain_n0300_k-true_cs-101_sub-0_seed-101.rds"
"reps","ok","Kumar","FEAST","FEAST","dip","mixed","Refined Louvain","true",NA,102,0,1,102,300,300,453,3,3,3,246,0,NA,NA,NA,FALSE,0.986911481731239,0.991309674319023,0.98276874877619,0.995934959349594,8.322,"Kumar_FEAST_RefinedLouvain_n0300_k-true_cs-102_sub-0_seed-102.rds"
"reps","ok","Kumar","FEAST","FEAST","dip","mixed","Refined Louvain","true",NA,103,0,1,103,300,300,453,3,3,3,246,0,NA,NA,NA,FALSE,0.986911481731239,0.991309674319023,0.98276874877619,0.995934959349594,7.02,"Kumar_FEAST_RefinedLouvain_n0300_k-true_cs-103_sub-0_seed-103.rds"
"reps","ok","Kumar","FEAST","FEAST","dip","mixed","Refined Louvain","true",NA,104,0,1,104,300,300,453,3,3,3,246,0,NA,NA,NA,FALSE,0.986911481731239,0.991309674319023,0.98276874877619,0.995934959349594,7.278,"Kumar_FEAST_RefinedLouvain_n0300_k-true_cs-104_sub-0_seed-104.rds"
"reps","ok","Kumar","FEAST","FEAST","dip","mixed","Refined Louvain","true",NA,105,0,1,105,300,300,453,3,3,3,246,0,NA,NA,NA,FALSE,0.986911481731239,0.991309674319023,0.98276874877619,0.995934959349594,8.423,"Kumar_FEAST_RefinedLouvain_n0300_k-true_cs-105_sub-0_seed-105.rds"
"reps","ok","Kumar","FEAST","FEAST","dip","mixed","Refined Louvain","true",NA,NA,1,0.9,1,300,300,431,3,3,3,222,0,NA,NA,NA,FALSE,0.985473256564363,0.990353918282066,0.980891719745223,0.995495495495496,6.807,"Kumar_FEAST_RefinedLouvain_n0300_k-true_cs-hist_sub-1_seed-1.rds"
"reps","ok","Kumar","FEAST","FEAST","dip","mixed","Refined Louvain","true",NA,NA,2,0.9,1,300,300,436,3,3,3,222,0,NA,NA,NA,FALSE,0.985473256564363,0.990353918282066,0.980891719745223,0.995495495495496,7.76,"Kumar_FEAST_RefinedLouvain_n0300_k-true_cs-hist_sub-2_seed-1.rds"
"reps","ok","Kumar","FEAST","FEAST","dip","mixed","Refined Louvain","true",NA,NA,3,0.9,1,300,300,432,3,3,3,222,0,NA,NA,NA,FALSE,0.985473256564363,0.990353918282066,0.980891719745223,0.995495495495496,7.682,"Kumar_FEAST_RefinedLouvain_n0300_k-true_cs-hist_sub-3_seed-1.rds"
"reps","ok","Kumar","FEAST","FEAST","dip","mixed","Refined Louvain","true",NA,NA,4,0.9,1,300,300,434,3,3,3,222,0,NA,NA,NA,FALSE,1,1,1,1,7.976,"Kumar_FEAST_RefinedLouvain_n0300_k-true_cs-hist_sub-4_seed-1.rds"
"reps","ok","Kumar","FEAST","FEAST","dip","mixed","Refined Louvain","true",NA,NA,5,0.9,1,300,300,435,3,3,3,222,0,NA,NA,NA,FALSE,0.985473256564363,0.990353918282066,0.980891719745223,0.995495495495496,8.17,"Kumar_FEAST_RefinedLouvain_n0300_k-true_cs-hist_sub-5_seed-1.rds"
"reps","ok","Kumar","FEAST","FEAST","dip","mixed","SC3","true",NA,101,0,1,101,100,100,453,3,3,3,246,0,NA,NA,NA,FALSE,0.973980591663917,0.982730503807519,0.96604578967792,0.991869918699187,44.554,"Kumar_FEAST_SC3_n0100_k-true_cs-101_sub-0_seed-101.rds"
"reps","ok","Kumar","FEAST","FEAST","dip","mixed","SC3","true",NA,102,0,1,102,100,100,453,3,3,3,246,0,NA,NA,NA,FALSE,0.973980591663917,0.982730503807519,0.96604578967792,0.991869918699187,41.578,"Kumar_FEAST_SC3_n0100_k-true_cs-102_sub-0_seed-102.rds"
"reps","ok","Kumar","FEAST","FEAST","dip","mixed","SC3","true",NA,103,0,1,103,100,100,453,3,3,3,246,0,NA,NA,NA,FALSE,0.973980591663917,0.982730503807519,0.96604578967792,0.991869918699187,38.898,"Kumar_FEAST_SC3_n0100_k-true_cs-103_sub-0_seed-103.rds"
"reps","ok","Kumar","FEAST","FEAST","dip","mixed","SC3","true",NA,104,0,1,104,100,100,453,3,3,3,246,0,NA,NA,NA,FALSE,0.973980591663917,0.982730503807519,0.96604578967792,0.991869918699187,44.713,"Kumar_FEAST_SC3_n0100_k-true_cs-104_sub-0_seed-104.rds"
"reps","ok","Kumar","FEAST","FEAST","dip","mixed","SC3","true",NA,105,0,1,105,100,100,453,3,3,3,246,0,NA,NA,NA,FALSE,0.973980591663917,0.982730503807519,0.96604578967792,0.991869918699187,44.873,"Kumar_FEAST_SC3_n0100_k-true_cs-105_sub-0_seed-105.rds"
"reps","ok","Kumar","FEAST","FEAST","dip","mixed","SC3","true",NA,NA,1,0.9,1,100,100,431,3,3,3,222,0,NA,NA,NA,FALSE,0.971140500259981,0.980844879022911,0.96240780394956,0.990990990990991,43.037,"Kumar_FEAST_SC3_n0100_k-true_cs-hist_sub-1_seed-1.rds"
"reps","ok","Kumar","FEAST","FEAST","dip","mixed","SC3","true",NA,NA,2,0.9,1,100,100,436,3,3,3,222,0,NA,NA,NA,FALSE,1,1,1,1,42.571,"Kumar_FEAST_SC3_n0100_k-true_cs-hist_sub-2_seed-1.rds"
"reps","ok","Kumar","FEAST","FEAST","dip","mixed","SC3","true",NA,NA,3,0.9,1,100,100,432,3,3,3,222,0,NA,NA,NA,FALSE,0.971140500259981,0.980844879022911,0.96240780394956,0.990990990990991,45.303,"Kumar_FEAST_SC3_n0100_k-true_cs-hist_sub-3_seed-1.rds"
"reps","ok","Kumar","FEAST","FEAST","dip","mixed","SC3","true",NA,NA,4,0.9,1,100,100,434,3,3,3,222,0,NA,NA,NA,FALSE,1,1,1,1,44.249,"Kumar_FEAST_SC3_n0100_k-true_cs-hist_sub-4_seed-1.rds"
"reps","ok","Kumar","FEAST","FEAST","dip","mixed","SC3","true",NA,NA,5,0.9,1,100,100,435,3,3,3,222,0,NA,NA,NA,FALSE,0.985473256564363,0.990353918282066,0.980891719745223,0.995495495495496,37.533,"Kumar_FEAST_SC3_n0100_k-true_cs-hist_sub-5_seed-1.rds"
"reps","ok","Kumar","FEAST","FEAST","dip","mixed","SC3","true",NA,101,0,1,101,300,300,453,3,3,3,246,0,NA,NA,NA,FALSE,1,1,1,1,45.16,"Kumar_FEAST_SC3_n0300_k-true_cs-101_sub-0_seed-101.rds"
"reps","ok","Kumar","FEAST","FEAST","dip","mixed","SC3","true",NA,102,0,1,102,300,300,453,3,3,3,246,0,NA,NA,NA,FALSE,1,1,1,1,39.672,"Kumar_FEAST_SC3_n0300_k-true_cs-102_sub-0_seed-102.rds"
"reps","ok","Kumar","FEAST","FEAST","dip","mixed","SC3","true",NA,103,0,1,103,300,300,453,3,3,3,246,0,NA,NA,NA,FALSE,1,1,1,1,48.658,"Kumar_FEAST_SC3_n0300_k-true_cs-103_sub-0_seed-103.rds"
"reps","ok","Kumar","FEAST","FEAST","dip","mixed","SC3","true",NA,104,0,1,104,300,300,453,3,3,3,246,0,NA,NA,NA,FALSE,1,1,1,1,44.607,"Kumar_FEAST_SC3_n0300_k-true_cs-104_sub-0_seed-104.rds"
"reps","ok","Kumar","FEAST","FEAST","dip","mixed","SC3","true",NA,105,0,1,105,300,300,453,3,3,3,246,0,NA,NA,NA,FALSE,1,1,1,1,44.591,"Kumar_FEAST_SC3_n0300_k-true_cs-105_sub-0_seed-105.rds"
"reps","ok","Kumar","FEAST","FEAST","dip","mixed","SC3","true",NA,NA,1,0.9,1,300,300,431,3,3,3,222,0,NA,NA,NA,FALSE,0.985473256564363,0.990353918282066,0.980891719745223,0.995495495495496,43.084,"Kumar_FEAST_SC3_n0300_k-true_cs-hist_sub-1_seed-1.rds"
"reps","ok","Kumar","FEAST","FEAST","dip","mixed","SC3","true",NA,NA,2,0.9,1,300,300,436,3,3,3,222,0,NA,NA,NA,FALSE,1,1,1,1,47.336,"Kumar_FEAST_SC3_n0300_k-true_cs-hist_sub-2_seed-1.rds"
"reps","ok","Kumar","FEAST","FEAST","dip","mixed","SC3","true",NA,NA,3,0.9,1,300,300,432,3,3,3,222,0,NA,NA,NA,FALSE,0.985473256564363,0.990353918282066,0.980891719745223,0.995495495495496,46.137,"Kumar_FEAST_SC3_n0300_k-true_cs-hist_sub-3_seed-1.rds"
"reps","ok","Kumar","FEAST","FEAST","dip","mixed","SC3","true",NA,NA,4,0.9,1,300,300,434,3,3,3,222,0,NA,NA,NA,FALSE,1,1,1,1,37.704,"Kumar_FEAST_SC3_n0300_k-true_cs-hist_sub-4_seed-1.rds"
"reps","ok","Kumar","FEAST","FEAST","dip","mixed","SC3","true",NA,NA,5,0.9,1,300,300,435,3,3,3,222,0,NA,NA,NA,FALSE,1,1,1,1,61.715,"Kumar_FEAST_SC3_n0300_k-true_cs-hist_sub-5_seed-1.rds"
"reps","ok","Kumar","Seurat","Seurat","dip","mixed","Refined Louvain","true",NA,101,0,1,101,100,100,453,3,3,3,246,0,NA,NA,NA,FALSE,0.949211345705182,0.966280195847884,0.934759766930939,0.983739837398374,9.103,"Kumar_Seurat_RefinedLouvain_n0100_k-true_cs-101_sub-0_seed-101.rds"
"reps","ok","Kumar","Seurat","Seurat","dip","mixed","Refined Louvain","true",NA,102,0,1,102,100,100,453,3,3,3,246,0,NA,NA,NA,FALSE,0.949211345705182,0.966280195847884,0.934759766930939,0.983739837398374,8.689,"Kumar_Seurat_RefinedLouvain_n0100_k-true_cs-102_sub-0_seed-102.rds"
"reps","ok","Kumar","Seurat","Seurat","dip","mixed","Refined Louvain","true",NA,103,0,1,103,100,100,453,3,3,3,246,0,NA,NA,NA,FALSE,0.949211345705182,0.966280195847884,0.934759766930939,0.983739837398374,9.481,"Kumar_Seurat_RefinedLouvain_n0100_k-true_cs-103_sub-0_seed-103.rds"
"reps","ok","Kumar","Seurat","Seurat","dip","mixed","Refined Louvain","true",NA,104,0,1,104,100,100,453,3,3,3,246,0,NA,NA,NA,FALSE,0.949211345705182,0.966280195847884,0.934759766930939,0.983739837398374,8.445,"Kumar_Seurat_RefinedLouvain_n0100_k-true_cs-104_sub-0_seed-104.rds"
"reps","ok","Kumar","Seurat","Seurat","dip","mixed","Refined Louvain","true",NA,105,0,1,105,100,100,453,3,3,3,246,0,NA,NA,NA,FALSE,0.949211345705182,0.966280195847884,0.934759766930939,0.983739837398374,9.11,"Kumar_Seurat_RefinedLouvain_n0100_k-true_cs-105_sub-0_seed-105.rds"
"reps","ok","Kumar","Seurat","Seurat","dip","mixed","Refined Louvain","true",NA,NA,1,0.9,1,100,100,431,3,3,3,222,0,NA,NA,NA,FALSE,0.902090487833959,0.935141294707075,0.8781622234827,0.968468468468468,7.389,"Kumar_Seurat_RefinedLouvain_n0100_k-true_cs-hist_sub-1_seed-1.rds"
"reps","ok","Kumar","Seurat","Seurat","dip","mixed","Refined Louvain","true",NA,NA,2,0.9,1,100,100,436,3,3,3,222,0,NA,NA,NA,FALSE,0.850087914168578,0.900400885721108,0.81884458190655,0.95045045045045,8.986,"Kumar_Seurat_RefinedLouvain_n0100_k-true_cs-hist_sub-2_seed-1.rds"
"reps","ok","Kumar","Seurat","Seurat","dip","mixed","Refined Louvain","true",NA,NA,3,0.9,1,100,100,432,3,3,3,222,0,NA,NA,NA,FALSE,0.875470769442447,0.917503957279452,0.847561656065171,0.959459459459459,8.121,"Kumar_Seurat_RefinedLouvain_n0100_k-true_cs-hist_sub-3_seed-1.rds"
"reps","ok","Kumar","Seurat","Seurat","dip","mixed","Refined Louvain","true",NA,NA,4,0.9,1,100,100,434,3,3,3,222,0,NA,NA,NA,FALSE,0.92925300315983,0.953064254036313,0.910332060627097,0.977477477477477,9.391,"Kumar_Seurat_RefinedLouvain_n0100_k-true_cs-hist_sub-4_seed-1.rds"
"reps","ok","Kumar","Seurat","Seurat","dip","mixed","Refined Louvain","true",NA,NA,5,0.9,1,100,100,435,3,3,3,222,0,NA,NA,NA,FALSE,0.944698655974969,0.963326042987317,0.929238673517048,0.981981981981982,9.24,"Kumar_Seurat_RefinedLouvain_n0100_k-true_cs-hist_sub-5_seed-1.rds"
"reps","ok","Kumar","Seurat","Seurat","dip","mixed","Refined Louvain","true",NA,101,0,1,101,300,300,453,3,3,3,246,0,NA,NA,NA,FALSE,0.961814739563433,0.974675767449847,0.950595924644368,0.98780487804878,11.298,"Kumar_Seurat_RefinedLouvain_n0300_k-true_cs-101_sub-0_seed-101.rds"
"reps","ok","Kumar","Seurat","Seurat","dip","mixed","Refined Louvain","true",NA,102,0,1,102,300,300,453,3,3,3,246,0,NA,NA,NA,FALSE,0.961814739563433,0.974675767449847,0.950595924644368,0.98780487804878,10.635,"Kumar_Seurat_RefinedLouvain_n0300_k-true_cs-102_sub-0_seed-102.rds"
"reps","ok","Kumar","Seurat","Seurat","dip","mixed","Refined Louvain","true",NA,103,0,1,103,300,300,453,3,3,3,246,0,NA,NA,NA,FALSE,0.961814739563433,0.974675767449847,0.950595924644368,0.98780487804878,9.251,"Kumar_Seurat_RefinedLouvain_n0300_k-true_cs-103_sub-0_seed-103.rds"
"reps","ok","Kumar","Seurat","Seurat","dip","mixed","Refined Louvain","true",NA,104,0,1,104,300,300,453,3,3,3,246,0,NA,NA,NA,FALSE,0.961814739563433,0.974675767449847,0.950595924644368,0.98780487804878,6.51,"Kumar_Seurat_RefinedLouvain_n0300_k-true_cs-104_sub-0_seed-104.rds"
"reps","ok","Kumar","Seurat","Seurat","dip","mixed","Refined Louvain","true",NA,105,0,1,105,300,300,453,3,3,3,246,0,NA,NA,NA,FALSE,0.961814739563433,0.974675767449847,0.950595924644368,0.98780487804878,7.367,"Kumar_Seurat_RefinedLouvain_n0300_k-true_cs-105_sub-0_seed-105.rds"
"reps","ok","Kumar","Seurat","Seurat","dip","mixed","Refined Louvain","true",NA,NA,1,0.9,1,300,300,431,3,3,3,222,0,NA,NA,NA,FALSE,0.94488116866152,0.963447094261882,0.929463972906692,0.981981981981982,7.145,"Kumar_Seurat_RefinedLouvain_n0300_k-true_cs-hist_sub-1_seed-1.rds"
"reps","ok","Kumar","Seurat","Seurat","dip","mixed","Refined Louvain","true",NA,NA,2,0.9,1,300,300,436,3,3,3,222,0,NA,NA,NA,FALSE,0.94488116866152,0.963447094261882,0.929463972906692,0.981981981981982,11.651,"Kumar_Seurat_RefinedLouvain_n0300_k-true_cs-hist_sub-2_seed-1.rds"
"reps","ok","Kumar","Seurat","Seurat","dip","mixed","Refined Louvain","true",NA,NA,3,0.9,1,300,300,432,3,3,3,222,0,NA,NA,NA,FALSE,0.917139240305729,0.945047300528021,0.895811818703385,0.972972972972973,9.459,"Kumar_Seurat_RefinedLouvain_n0300_k-true_cs-hist_sub-3_seed-1.rds"
"reps","ok","Kumar","Seurat","Seurat","dip","mixed","Refined Louvain","true",NA,NA,4,0.9,1,300,300,434,3,3,3,222,0,NA,NA,NA,FALSE,0.944655516321355,0.963264841018174,0.929131095778272,0.981981981981982,12.528,"Kumar_Seurat_RefinedLouvain_n0300_k-true_cs-hist_sub-4_seed-1.rds"
"reps","ok","Kumar","Seurat","Seurat","dip","mixed","Refined Louvain","true",NA,NA,5,0.9,1,300,300,435,3,3,3,222,0,NA,NA,NA,FALSE,0.875519584795538,0.917715043352088,0.847881685755588,0.959459459459459,7.864,"Kumar_Seurat_RefinedLouvain_n0300_k-true_cs-hist_sub-5_seed-1.rds"
"reps","ok","Kumar","Seurat","Seurat","dip","mixed","SC3","true",NA,101,0,1,101,100,100,453,3,3,3,246,0,NA,NA,NA,FALSE,0.974806339315736,0.983285017754355,0.967116112135028,0.991869918699187,44.002,"Kumar_Seurat_SC3_n0100_k-true_cs-101_sub-0_seed-101.rds"
"reps","ok","Kumar","Seurat","Seurat","dip","mixed","SC3","true",NA,102,0,1,102,100,100,453,3,3,3,246,0,NA,NA,NA,FALSE,0.974806339315736,0.983285017754355,0.967116112135028,0.991869918699187,49.636,"Kumar_Seurat_SC3_n0100_k-true_cs-102_sub-0_seed-102.rds"
"reps","ok","Kumar","Seurat","Seurat","dip","mixed","SC3","true",NA,103,0,1,103,100,100,453,3,3,3,246,0,NA,NA,NA,FALSE,0.974806339315736,0.983285017754355,0.967116112135028,0.991869918699187,46.241,"Kumar_Seurat_SC3_n0100_k-true_cs-103_sub-0_seed-103.rds"
"reps","ok","Kumar","Seurat","Seurat","dip","mixed","SC3","true",NA,104,0,1,104,100,100,453,3,3,3,246,0,NA,NA,NA,FALSE,0.974806339315736,0.983285017754355,0.967116112135028,0.991869918699187,43.684,"Kumar_Seurat_SC3_n0100_k-true_cs-104_sub-0_seed-104.rds"
"reps","ok","Kumar","Seurat","Seurat","dip","mixed","SC3","true",NA,105,0,1,105,100,100,453,3,3,3,246,0,NA,NA,NA,FALSE,0.974806339315736,0.983285017754355,0.967116112135028,0.991869918699187,47.308,"Kumar_Seurat_SC3_n0100_k-true_cs-105_sub-0_seed-105.rds"
"reps","ok","Kumar","Seurat","Seurat","dip","mixed","SC3","true",NA,NA,1,0.9,1,100,100,431,3,3,3,222,0,NA,NA,NA,FALSE,1,1,1,1,44.173,"Kumar_Seurat_SC3_n0100_k-true_cs-hist_sub-1_seed-1.rds"
"reps","ok","Kumar","Seurat","Seurat","dip","mixed","SC3","true",NA,NA,2,0.9,1,100,100,436,3,3,3,222,0,NA,NA,NA,FALSE,0.985473256564363,0.990353918282066,0.980891719745223,0.995495495495496,42.554,"Kumar_Seurat_SC3_n0100_k-true_cs-hist_sub-2_seed-1.rds"
"reps","ok","Kumar","Seurat","Seurat","dip","mixed","SC3","true",NA,NA,3,0.9,1,100,100,432,3,3,3,222,0,NA,NA,NA,FALSE,0.972228098169793,0.981560465535976,0.963787969029184,0.990990990990991,44.704,"Kumar_Seurat_SC3_n0100_k-true_cs-hist_sub-3_seed-1.rds"
"reps","ok","Kumar","Seurat","Seurat","dip","mixed","SC3","true",NA,NA,4,0.9,1,100,100,434,3,3,3,222,0,NA,NA,NA,FALSE,0.986666180499864,0.99115041854293,0.982454031967312,0.995495495495496,44.671,"Kumar_Seurat_SC3_n0100_k-true_cs-hist_sub-4_seed-1.rds"
"reps","ok","Kumar","Seurat","Seurat","dip","mixed","SC3","true",NA,NA,5,0.9,1,100,100,435,3,3,3,222,0,NA,NA,NA,FALSE,0.972063833661819,0.981465866622714,0.96360176043773,0.990990990990991,46.286,"Kumar_Seurat_SC3_n0100_k-true_cs-hist_sub-5_seed-1.rds"
"reps","ok","Kumar","Seurat","Seurat","dip","mixed","SC3","true",NA,101,0,1,101,300,300,453,3,3,3,246,0,NA,NA,NA,FALSE,1,1,1,1,49.295,"Kumar_Seurat_SC3_n0300_k-true_cs-101_sub-0_seed-101.rds"
"reps","ok","Kumar","Seurat","Seurat","dip","mixed","SC3","true",NA,102,0,1,102,300,300,453,3,3,3,246,0,NA,NA,NA,FALSE,1,1,1,1,47.405,"Kumar_Seurat_SC3_n0300_k-true_cs-102_sub-0_seed-102.rds"
"reps","ok","Kumar","Seurat","Seurat","dip","mixed","SC3","true",NA,103,0,1,103,300,300,453,3,3,3,246,0,NA,NA,NA,FALSE,1,1,1,1,46.772,"Kumar_Seurat_SC3_n0300_k-true_cs-103_sub-0_seed-103.rds"
"reps","ok","Kumar","Seurat","Seurat","dip","mixed","SC3","true",NA,104,0,1,104,300,300,453,3,3,3,246,0,NA,NA,NA,FALSE,1,1,1,1,41.418,"Kumar_Seurat_SC3_n0300_k-true_cs-104_sub-0_seed-104.rds"
"reps","ok","Kumar","Seurat","Seurat","dip","mixed","SC3","true",NA,105,0,1,105,300,300,453,3,3,3,246,0,NA,NA,NA,FALSE,1,1,1,1,43.41,"Kumar_Seurat_SC3_n0300_k-true_cs-105_sub-0_seed-105.rds"
"reps","ok","Kumar","Seurat","Seurat","dip","mixed","SC3","true",NA,NA,1,0.9,1,300,300,431,3,3,3,222,0,NA,NA,NA,FALSE,0.985473256564363,0.990353918282066,0.980891719745223,0.995495495495496,47.286,"Kumar_Seurat_SC3_n0300_k-true_cs-hist_sub-1_seed-1.rds"
"reps","ok","Kumar","Seurat","Seurat","dip","mixed","SC3","true",NA,NA,2,0.9,1,300,300,436,3,3,3,222,0,NA,NA,NA,FALSE,0.985473256564363,0.990353918282066,0.980891719745223,0.995495495495496,44.475,"Kumar_Seurat_SC3_n0300_k-true_cs-hist_sub-2_seed-1.rds"
"reps","ok","Kumar","Seurat","Seurat","dip","mixed","SC3","true",NA,NA,3,0.9,1,300,300,432,3,3,3,222,0,NA,NA,NA,FALSE,1,1,1,1,41.532,"Kumar_Seurat_SC3_n0300_k-true_cs-hist_sub-3_seed-1.rds"
"reps","ok","Kumar","Seurat","Seurat","dip","mixed","SC3","true",NA,NA,4,0.9,1,300,300,434,3,3,3,222,0,NA,NA,NA,FALSE,1,1,1,1,36.937,"Kumar_Seurat_SC3_n0300_k-true_cs-hist_sub-4_seed-1.rds"
"reps","ok","Kumar","Seurat","Seurat","dip","mixed","SC3","true",NA,NA,5,0.9,1,300,300,435,3,3,3,222,0,NA,NA,NA,FALSE,0.986666180499864,0.99115041854293,0.982454031967312,0.995495495495496,38.428,"Kumar_Seurat_SC3_n0300_k-true_cs-hist_sub-5_seed-1.rds"
"reps","ok","Lawlor","DIFS","DIFS","dip","mixed","Refined Louvain","true",NA,101,0,1,101,100,100,1652,8,8,8,638,0,1000,2060,"1:2",FALSE,0.5682419033424,0.693948577880923,0.503026741110785,0.887147335423197,240.709,"Lawlor_DIFS_RefinedLouvain_n0100_k-true_cs-101_sub-0_seed-101.rds"
"reps","ok","Lawlor","DIFS","DIFS","dip","mixed","Refined Louvain","true",NA,102,0,1,102,100,100,1652,8,8,8,638,0,1000,2391,"2:3",FALSE,0.50713224401487,0.647590488916598,0.443324270703211,0.882445141065831,224.827,"Lawlor_DIFS_RefinedLouvain_n0100_k-true_cs-102_sub-0_seed-102.rds"
"reps","ok","Lawlor","DIFS","DIFS","dip","mixed","Refined Louvain","true",NA,103,0,1,103,100,100,1652,8,8,8,638,0,1000,1772,"1:2",FALSE,0.521765643529105,0.658970562770521,0.457011643139968,0.887147335423197,284.714,"Lawlor_DIFS_RefinedLouvain_n0100_k-true_cs-103_sub-0_seed-103.rds"
"reps","ok","Lawlor","DIFS","DIFS","dip","mixed","Refined Louvain","true",NA,104,0,1,104,100,100,1652,8,8,8,638,0,1000,1786,"1:3",FALSE,0.489622167493899,0.634366713299222,0.425823001282599,0.843260188087774,294.801,"Lawlor_DIFS_RefinedLouvain_n0100_k-true_cs-104_sub-0_seed-104.rds"
"reps","ok","Lawlor","DIFS","DIFS","dip","mixed","Refined Louvain","true",NA,105,0,1,105,100,100,1652,8,8,8,638,0,1000,1994,"1:2",FALSE,0.552081456006078,0.682092687549093,0.486276533018868,0.891849529780564,259.723,"Lawlor_DIFS_RefinedLouvain_n0100_k-true_cs-105_sub-0_seed-105.rds"
"reps","ok","Lawlor","DIFS","DIFS","dip","mixed","Refined Louvain","true",NA,NA,1,0.9,1,100,100,1479,8,8,8,574,0,1200,1978,"1:3",FALSE,0.502041351092998,0.643082451066709,0.440792549174728,0.853658536585366,221.877,"Lawlor_DIFS_RefinedLouvain_n0100_k-true_cs-hist_sub-1_seed-1.rds"
"reps","ok","Lawlor","DIFS","DIFS","dip","mixed","Refined Louvain","true",NA,NA,2,0.9,1,100,100,1489,8,8,8,574,0,1000,2099,"2:3",FALSE,0.524205848661138,0.661085006383712,0.459336144841126,0.867595818815331,190.649,"Lawlor_DIFS_RefinedLouvain_n0100_k-true_cs-hist_sub-2_seed-1.rds"
"reps","ok","Lawlor","DIFS","DIFS","dip","mixed","Refined Louvain","true",NA,NA,3,0.9,1,100,100,1504,8,8,8,574,0,1100,2292,"3:2",FALSE,0.61130379908812,0.725758705414848,0.547600144352219,0.876306620209059,190.381,"Lawlor_DIFS_RefinedLouvain_n0100_k-true_cs-hist_sub-3_seed-1.rds"
"reps","ok","Lawlor","DIFS","DIFS","dip","mixed","Refined Louvain","true",NA,NA,4,0.9,1,100,100,1463,8,8,8,574,0,1463,2226,"1:2",FALSE,0.5420172769072,0.675141051452227,0.475389761117102,0.871080139372822,210.73,"Lawlor_DIFS_RefinedLouvain_n0100_k-true_cs-hist_sub-4_seed-1.rds"
"reps","ok","Lawlor","DIFS","DIFS","dip","mixed","Refined Louvain","true",NA,NA,5,0.9,1,100,100,1491,8,8,8,574,0,1100,2538,"1:3",FALSE,0.520435624175039,0.658639058849702,0.454636728733114,0.867595818815331,235.701,"Lawlor_DIFS_RefinedLouvain_n0100_k-true_cs-hist_sub-5_seed-1.rds"
"reps","ok","Lawlor","DIFS","DIFS","dip","mixed","Refined Louvain","true",NA,101,0,1,101,300,300,1652,8,8,8,638,0,1000,2060,"1:3",FALSE,0.679243212055513,0.775195998662633,0.618153616529361,0.890282131661442,276.708,"Lawlor_DIFS_RefinedLouvain_n0300_k-true_cs-101_sub-0_seed-101.rds"
"reps","ok","Lawlor","DIFS","DIFS","dip","mixed","Refined Louvain","true",NA,102,0,1,102,300,300,1652,8,8,8,638,0,1000,2391,"2:3",FALSE,0.715832195907017,0.802436623814909,0.654365073436029,0.884012539184953,235.442,"Lawlor_DIFS_RefinedLouvain_n0300_k-true_cs-102_sub-0_seed-102.rds"
"reps","ok","Lawlor","DIFS","DIFS","dip","mixed","Refined Louvain","true",NA,103,0,1,103,300,300,1652,8,8,8,638,0,1000,1772,"1:3",FALSE,0.698715410848604,0.79043855630327,0.635187154561658,0.890282131661442,234.329,"Lawlor_DIFS_RefinedLouvain_n0300_k-true_cs-103_sub-0_seed-103.rds"
"reps","ok","Lawlor","DIFS","DIFS","dip","mixed","Refined Louvain","true",NA,104,0,1,104,300,300,1652,8,8,8,638,0,1000,1786,"1:3",FALSE,0.741424772031944,0.820676014632686,0.68245409065037,0.893416927899687,230.419,"Lawlor_DIFS_RefinedLouvain_n0300_k-true_cs-104_sub-0_seed-104.rds"
"reps","ok","Lawlor","DIFS","DIFS","dip","mixed","Refined Louvain","true",NA,105,0,1,105,300,300,1652,8,8,8,638,0,1000,1994,"1:3",FALSE,0.703820645878647,0.794253028875699,0.640329799056859,0.893416927899687,234.352,"Lawlor_DIFS_RefinedLouvain_n0300_k-true_cs-105_sub-0_seed-105.rds"
"reps","ok","Lawlor","DIFS","DIFS","dip","mixed","Refined Louvain","true",NA,NA,1,0.9,1,300,300,1479,8,8,8,574,0,1200,1978,"1:1",FALSE,0.703440422045504,0.793850569609218,0.64067721507302,0.898954703832753,208.383,"Lawlor_DIFS_RefinedLouvain_n0300_k-true_cs-hist_sub-1_seed-1.rds"
"reps","ok","Lawlor","DIFS","DIFS","dip","mixed","Refined Louvain","true",NA,NA,2,0.9,1,300,300,1489,8,8,8,574,0,1000,2099,"1:3",FALSE,0.709181954967161,0.798148421142018,0.646432276229994,0.898954703832753,205.437,"Lawlor_DIFS_RefinedLouvain_n0300_k-true_cs-hist_sub-2_seed-1.rds"
"reps","ok","Lawlor","DIFS","DIFS","dip","mixed","Refined Louvain","true",NA,NA,3,0.9,1,300,300,1504,8,8,8,574,0,1100,2292,"3:2",FALSE,0.611214468214576,0.726845486000029,0.544204466282865,0.855400696864111,222.229,"Lawlor_DIFS_RefinedLouvain_n0300_k-true_cs-hist_sub-3_seed-1.rds"
"reps","ok","Lawlor","DIFS","DIFS","dip","mixed","Refined Louvain","true",NA,NA,4,0.9,1,300,300,1463,8,8,8,574,0,1463,2226,"1:1",FALSE,0.543824222716833,0.678126390272314,0.473832468495182,0.885017421602787,236.036,"Lawlor_DIFS_RefinedLouvain_n0300_k-true_cs-hist_sub-4_seed-1.rds"
"reps","ok","Lawlor","DIFS","DIFS","dip","mixed","Refined Louvain","true",NA,NA,5,0.9,1,300,300,1491,8,8,8,574,0,1100,2538,"1:1",FALSE,0.520058548312088,0.658950681470275,0.452945494586163,0.890243902439024,208.688,"Lawlor_DIFS_RefinedLouvain_n0300_k-true_cs-hist_sub-5_seed-1.rds"
"reps","ok","Lawlor","DIFS","DIFS","dip","mixed","SC3","true",NA,101,0,1,101,100,100,1652,8,8,8,638,0,1000,2060,"1:2",FALSE,0.621975858819844,0.732822149227909,0.561204485830426,0.847962382445141,431.067,"Lawlor_DIFS_SC3_n0100_k-true_cs-101_sub-0_seed-101.rds"
"reps","ok","Lawlor","DIFS","DIFS","dip","mixed","SC3","true",NA,102,0,1,102,100,100,1652,8,8,8,638,0,1000,2391,"2:3",FALSE,0.53246485228597,0.666216811943854,0.470063323385982,0.858934169278997,454.415,"Lawlor_DIFS_SC3_n0100_k-true_cs-102_sub-0_seed-102.rds"
"reps","ok","Lawlor","DIFS","DIFS","dip","mixed","SC3","true",NA,103,0,1,103,100,100,1652,8,8,8,638,0,1000,1772,"1:2",FALSE,0.698027769116371,0.788883104251191,0.637645814356654,0.890282131661442,437.311,"Lawlor_DIFS_SC3_n0100_k-true_cs-103_sub-0_seed-103.rds"
"reps","ok","Lawlor","DIFS","DIFS","dip","mixed","SC3","true",NA,104,0,1,104,100,100,1652,8,8,8,638,0,1000,1786,"1:3",FALSE,0.64395571903159,0.749264082593894,0.582312687965828,0.874608150470219,382.931,"Lawlor_DIFS_SC3_n0100_k-true_cs-104_sub-0_seed-104.rds"
"reps","ok","Lawlor","DIFS","DIFS","dip","mixed","SC3","true",NA,105,0,1,105,100,100,1652,8,8,8,638,0,1000,1994,"1:2",FALSE,0.697762789186267,0.788725353347564,0.637231117580463,0.860501567398119,504.668,"Lawlor_DIFS_SC3_n0100_k-true_cs-105_sub-0_seed-105.rds"
"reps","ok","Lawlor","DIFS","DIFS","dip","mixed","SC3","true",NA,NA,1,0.9,1,100,100,1479,8,8,8,574,0,1200,1978,"1:3",FALSE,0.708215979268522,0.796788638813843,0.647161204037887,0.86411149825784,399.595,"Lawlor_DIFS_SC3_n0100_k-true_cs-hist_sub-1_seed-1.rds"
"reps","ok","Lawlor","DIFS","DIFS","dip","mixed","SC3","true",NA,NA,2,0.9,1,100,100,1489,8,8,8,574,0,1000,2099,"2:3",FALSE,0.540661574662096,0.671518786488945,0.483541370411334,0.82404181184669,393.866,"Lawlor_DIFS_SC3_n0100_k-true_cs-hist_sub-2_seed-1.rds"
"reps","ok","Lawlor","DIFS","DIFS","dip","mixed","SC3","true",NA,NA,3,0.9,1,100,100,1504,8,8,8,574,0,1100,2292,"3:2",FALSE,0.591825553215925,0.710098589818944,0.535198996305848,0.829268292682927,388.469,"Lawlor_DIFS_SC3_n0100_k-true_cs-hist_sub-3_seed-1.rds"
"reps","ok","Lawlor","DIFS","DIFS","dip","mixed","SC3","true",NA,NA,4,0.9,1,100,100,1463,8,8,8,574,0,1463,2226,"1:2",FALSE,0.677899937720831,0.775299557546137,0.613831370459515,0.89198606271777,357.418,"Lawlor_DIFS_SC3_n0100_k-true_cs-hist_sub-4_seed-1.rds"
"reps","ok","Lawlor","DIFS","DIFS","dip","mixed","SC3","true",NA,NA,5,0.9,1,100,100,1491,8,8,8,574,0,1100,2538,"1:3",FALSE,0.584723215262824,0.707224937792764,0.517504669132457,0.881533101045296,325.903,"Lawlor_DIFS_SC3_n0100_k-true_cs-hist_sub-5_seed-1.rds"
"reps","ok","Lawlor","DIFS","DIFS","dip","mixed","SC3","true",NA,101,0,1,101,300,300,1652,8,8,8,638,0,1000,2060,"1:3",FALSE,0.963245564064459,0.974958194406619,0.951137562151575,0.940438871473354,436.409,"Lawlor_DIFS_SC3_n0300_k-true_cs-101_sub-0_seed-101.rds"
"reps","ok","Lawlor","DIFS","DIFS","dip","mixed","SC3","true",NA,102,0,1,102,300,300,1652,8,8,8,638,0,1000,2391,"2:3",FALSE,0.938093908502291,0.957777574364503,0.918975912560516,0.924764890282132,387.173,"Lawlor_DIFS_SC3_n0300_k-true_cs-102_sub-0_seed-102.rds"
"reps","ok","Lawlor","DIFS","DIFS","dip","mixed","SC3","true",NA,103,0,1,103,300,300,1652,8,8,8,638,0,1000,1772,"1:3",FALSE,0.944615246674908,0.962363337872312,0.927422222222222,0.909090909090909,413.431,"Lawlor_DIFS_SC3_n0300_k-true_cs-103_sub-0_seed-103.rds"
"reps","ok","Lawlor","DIFS","DIFS","dip","mixed","SC3","true",NA,104,0,1,104,300,300,1652,8,8,8,638,0,1000,1786,"1:3",FALSE,0.964971436659987,0.976170222051264,0.953433437650457,0.935736677115988,471.31,"Lawlor_DIFS_SC3_n0300_k-true_cs-104_sub-0_seed-104.rds"
"reps","ok","Lawlor","DIFS","DIFS","dip","mixed","SC3","true",NA,105,0,1,105,300,300,1652,8,8,8,638,0,1000,1994,"1:3",FALSE,0.934288642196905,0.955580559575337,0.914767168494371,0.877742946708464,429.022,"Lawlor_DIFS_SC3_n0300_k-true_cs-105_sub-0_seed-105.rds"
"reps","ok","Lawlor","DIFS","DIFS","dip","mixed","SC3","true",NA,NA,1,0.9,1,300,300,1479,8,8,8,574,0,1200,1978,"1:1",FALSE,0.918288698829339,0.944335384448243,0.894540920508141,0.893728222996516,367.084,"Lawlor_DIFS_SC3_n0300_k-true_cs-hist_sub-1_seed-1.rds"
"reps","ok","Lawlor","DIFS","DIFS","dip","mixed","SC3","true",NA,NA,2,0.9,1,300,300,1489,8,8,8,574,0,1000,2099,"1:3",FALSE,0.915044600940649,0.9420095874127,0.890362078646597,0.881533101045296,383.958,"Lawlor_DIFS_SC3_n0300_k-true_cs-hist_sub-2_seed-1.rds"
"reps","ok","Lawlor","DIFS","DIFS","dip","mixed","SC3","true",NA,NA,3,0.9,1,300,300,1504,8,8,8,574,0,1100,2292,"3:2",FALSE,0.959699686431571,0.972715534665144,0.946789530798801,0.965156794425087,315.498,"Lawlor_DIFS_SC3_n0300_k-true_cs-hist_sub-3_seed-1.rds"
"reps","ok","Lawlor","DIFS","DIFS","dip","mixed","SC3","true",NA,NA,4,0.9,1,300,300,1463,8,8,8,574,0,1463,2226,"1:1",FALSE,0.967783754311046,0.978072422321863,0.95708162504659,0.939024390243902,314.025,"Lawlor_DIFS_SC3_n0300_k-true_cs-hist_sub-4_seed-1.rds"
"reps","ok","Lawlor","DIFS","DIFS","dip","mixed","SC3","true",NA,NA,5,0.9,1,300,300,1491,8,8,8,574,0,1100,2538,"1:1",FALSE,0.971567433710282,0.980781200997161,0.9621774805979,0.966898954703833,360.623,"Lawlor_DIFS_SC3_n0300_k-true_cs-hist_sub-5_seed-1.rds"
"reps","ok","Lawlor","FEAST","FEAST","dip","mixed","Refined Louvain","true",NA,101,0,1,101,100,100,1652,8,8,8,638,0,NA,NA,NA,FALSE,0.676184667668436,0.774085152230886,0.611456794544668,0.904388714733542,14.572,"Lawlor_FEAST_RefinedLouvain_n0100_k-true_cs-101_sub-0_seed-101.rds"
"reps","ok","Lawlor","FEAST","FEAST","dip","mixed","Refined Louvain","true",NA,102,0,1,102,100,100,1652,8,8,7,638,0,NA,NA,NA,FALSE,0.668502114988776,0.767843423965797,0.605255780325498,0.871473354231975,13.955,"Lawlor_FEAST_RefinedLouvain_n0100_k-true_cs-102_sub-0_seed-102.rds"
"reps","ok","Lawlor","FEAST","FEAST","dip","mixed","Refined Louvain","true",NA,103,0,1,103,100,100,1652,8,8,7,638,0,NA,NA,NA,FALSE,0.668502114988776,0.767843423965797,0.605255780325498,0.871473354231975,14.376,"Lawlor_FEAST_RefinedLouvain_n0100_k-true_cs-103_sub-0_seed-103.rds"
"reps","ok","Lawlor","FEAST","FEAST","dip","mixed","Refined Louvain","true",NA,104,0,1,104,100,100,1652,8,8,8,638,0,NA,NA,NA,FALSE,0.508959422979544,0.649991239334932,0.442710496647481,0.877742946708464,14.831,"Lawlor_FEAST_RefinedLouvain_n0100_k-true_cs-104_sub-0_seed-104.rds"
"reps","ok","Lawlor","FEAST","FEAST","dip","mixed","Refined Louvain","true",NA,105,0,1,105,100,100,1652,8,8,7,638,0,NA,NA,NA,FALSE,0.668502114988776,0.767843423965797,0.605255780325498,0.871473354231975,13.821,"Lawlor_FEAST_RefinedLouvain_n0100_k-true_cs-105_sub-0_seed-105.rds"
"reps","ok","Lawlor","FEAST","FEAST","dip","mixed","Refined Louvain","true",NA,NA,1,0.9,1,100,100,1479,8,8,8,574,0,NA,NA,NA,FALSE,0.369388647281473,0.53383720053632,0.335808566805757,0.803135888501742,13.017,"Lawlor_FEAST_RefinedLouvain_n0100_k-true_cs-hist_sub-1_seed-1.rds"
"reps","ok","Lawlor","FEAST","FEAST","dip","mixed","Refined Louvain","true",NA,NA,2,0.9,1,100,100,1489,8,8,8,574,0,NA,NA,NA,FALSE,0.342806512642802,0.511620544946876,0.317602040816327,0.815331010452962,13.502,"Lawlor_FEAST_RefinedLouvain_n0100_k-true_cs-hist_sub-2_seed-1.rds"
"reps","ok","Lawlor","FEAST","FEAST","dip","mixed","Refined Louvain","true",NA,NA,3,0.9,1,100,100,1504,8,8,8,574,0,NA,NA,NA,FALSE,0.37503771932073,0.539168171791318,0.345705870540197,0.797909407665505,12.258,"Lawlor_FEAST_RefinedLouvain_n0100_k-true_cs-hist_sub-3_seed-1.rds"
"reps","ok","Lawlor","FEAST","FEAST","dip","mixed","Refined Louvain","true",NA,NA,4,0.9,1,100,100,1463,8,8,8,574,0,NA,NA,NA,FALSE,0.18630218808737,0.395975535553209,0.23841522965468,0.644599303135889,12.895,"Lawlor_FEAST_RefinedLouvain_n0100_k-true_cs-hist_sub-4_seed-1.rds"
"reps","ok","Lawlor","FEAST","FEAST","dip","mixed","Refined Louvain","true",NA,NA,5,0.9,1,100,100,1491,8,8,8,574,0,NA,NA,NA,FALSE,0.498078042676317,0.641193909528847,0.433797021230108,0.860627177700348,12.597,"Lawlor_FEAST_RefinedLouvain_n0100_k-true_cs-hist_sub-5_seed-1.rds"
"reps","ok","Lawlor","FEAST","FEAST","dip","mixed","Refined Louvain","true",NA,101,0,1,101,300,300,1652,8,8,7,638,0,NA,NA,NA,FALSE,0.519484111405362,0.657341417643484,0.454514641083455,0.866771159874608,14.006,"Lawlor_FEAST_RefinedLouvain_n0300_k-true_cs-101_sub-0_seed-101.rds"
"reps","ok","Lawlor","FEAST","FEAST","dip","mixed","Refined Louvain","true",NA,102,0,1,102,300,300,1652,8,8,8,638,0,NA,NA,NA,FALSE,0.520674612905949,0.65924186358552,0.453398967891614,0.894984326018809,14.26,"Lawlor_FEAST_RefinedLouvain_n0300_k-true_cs-102_sub-0_seed-102.rds"
"reps","ok","Lawlor","FEAST","FEAST","dip","mixed","Refined Louvain","true",NA,103,0,1,103,300,300,1652,8,8,7,638,0,NA,NA,NA,FALSE,0.547019852772135,0.678504106319857,0.480724618408026,0.866771159874608,15.551,"Lawlor_FEAST_RefinedLouvain_n0300_k-true_cs-103_sub-0_seed-103.rds"
"reps","ok","Lawlor","FEAST","FEAST","dip","mixed","Refined Louvain","true",NA,104,0,1,104,300,300,1652,8,8,8,638,0,NA,NA,NA,FALSE,0.524768026999991,0.662599121826877,0.456872913686218,0.898119122257053,13.79,"Lawlor_FEAST_RefinedLouvain_n0300_k-true_cs-104_sub-0_seed-104.rds"
"reps","ok","Lawlor","FEAST","FEAST","dip","mixed","Refined Louvain","true",NA,105,0,1,105,300,300,1652,8,8,8,638,0,NA,NA,NA,FALSE,0.478417523391157,0.626150544925353,0.414046882172632,0.86833855799373,13.954,"Lawlor_FEAST_RefinedLouvain_n0300_k-true_cs-105_sub-0_seed-105.rds"
"reps","ok","Lawlor","FEAST","FEAST","dip","mixed","Refined Louvain","true",NA,NA,1,0.9,1,300,300,1479,8,8,8,574,0,NA,NA,NA,FALSE,0.367729668902291,0.532341493931889,0.331890480607372,0.797909407665505,12.212,"Lawlor_FEAST_RefinedLouvain_n0300_k-true_cs-hist_sub-1_seed-1.rds"
"reps","ok","Lawlor","FEAST","FEAST","dip","mixed","Refined Louvain","true",NA,NA,2,0.9,1,300,300,1489,8,8,8,574,0,NA,NA,NA,FALSE,0.171014063288739,0.372134444218698,0.215254108914641,0.686411149825784,12.03,"Lawlor_FEAST_RefinedLouvain_n0300_k-true_cs-hist_sub-2_seed-1.rds"
"reps","ok","Lawlor","FEAST","FEAST","dip","mixed","Refined Louvain","true",NA,NA,3,0.9,1,300,300,1504,8,8,8,574,0,NA,NA,NA,FALSE,0.386641580362989,0.548484984489685,0.343876963852901,0.832752613240418,11.902,"Lawlor_FEAST_RefinedLouvain_n0300_k-true_cs-hist_sub-3_seed-1.rds"
"reps","ok","Lawlor","FEAST","FEAST","dip","mixed","Refined Louvain","true",NA,NA,4,0.9,1,300,300,1463,8,8,8,574,0,NA,NA,NA,FALSE,0.0966715401995776,0.315735720277215,0.178362066476075,0.597560975609756,13.611,"Lawlor_FEAST_RefinedLouvain_n0300_k-true_cs-hist_sub-4_seed-1.rds"
"reps","ok","Lawlor","FEAST","FEAST","dip","mixed","Refined Louvain","true",NA,NA,5,0.9,1,300,300,1491,8,8,8,574,0,NA,NA,NA,FALSE,0.479797787262526,0.625496331418726,0.420597935187841,0.855400696864111,13.775,"Lawlor_FEAST_RefinedLouvain_n0300_k-true_cs-hist_sub-5_seed-1.rds"
"reps","ok","Lawlor","FEAST","FEAST","dip","mixed","SC3","true",NA,101,0,1,101,100,100,1652,8,8,8,638,0,NA,NA,NA,FALSE,0.710824735673615,0.797820718692784,0.659377792672029,0.885579937304075,162.437,"Lawlor_FEAST_SC3_n0100_k-true_cs-101_sub-0_seed-101.rds"
"reps","ok","Lawlor","FEAST","FEAST","dip","mixed","SC3","true",NA,102,0,1,102,100,100,1652,8,8,8,638,0,NA,NA,NA,FALSE,0.692923542842897,0.784672382063389,0.635167688424089,0.857366771159875,163.136,"Lawlor_FEAST_SC3_n0100_k-true_cs-102_sub-0_seed-102.rds"
"reps","ok","Lawlor","FEAST","FEAST","dip","mixed","SC3","true",NA,103,0,1,103,100,100,1652,8,8,8,638,0,NA,NA,NA,FALSE,0.727438978321492,0.80953500157304,0.674293366765443,0.887147335423197,164.804,"Lawlor_FEAST_SC3_n0100_k-true_cs-103_sub-0_seed-103.rds"
"reps","ok","Lawlor","FEAST","FEAST","dip","mixed","SC3","true",NA,104,0,1,104,100,100,1652,8,8,8,638,0,NA,NA,NA,FALSE,0.681363781544955,0.776255123077556,0.623233253691816,0.858934169278997,272.09,"Lawlor_FEAST_SC3_n0100_k-true_cs-104_sub-0_seed-104.rds"
"reps","ok","Lawlor","FEAST","FEAST","dip","mixed","SC3","true",NA,105,0,1,105,100,100,1652,8,8,8,638,0,NA,NA,NA,FALSE,0.707263792674904,0.795591029860848,0.657336093857833,0.857366771159875,164.82,"Lawlor_FEAST_SC3_n0100_k-true_cs-105_sub-0_seed-105.rds"
"reps","ok","Lawlor","FEAST","FEAST","dip","mixed","SC3","true",NA,NA,1,0.9,1,100,100,1479,8,8,8,574,0,NA,NA,NA,FALSE,0.24866818586085,0.447367370356198,0.279693146140631,0.641114982578397,162.642,"Lawlor_FEAST_SC3_n0100_k-true_cs-hist_sub-1_seed-1.rds"
"reps","ok","Lawlor","FEAST","FEAST","dip","mixed","SC3","true",NA,NA,2,0.9,1,100,100,1489,8,8,8,574,0,NA,NA,NA,FALSE,0.30816746839176,0.506335789563812,0.335895683862886,0.696864111498258,173.709,"Lawlor_FEAST_SC3_n0100_k-true_cs-hist_sub-2_seed-1.rds"
"reps","ok","Lawlor","FEAST","FEAST","dip","mixed","SC3","true",NA,NA,3,0.9,1,100,100,1504,8,8,8,574,0,NA,NA,NA,FALSE,0.297548260696289,0.51644189666137,0.347990792502466,0.649825783972125,149.793,"Lawlor_FEAST_SC3_n0100_k-true_cs-hist_sub-3_seed-1.rds"
"reps","ok","Lawlor","FEAST","FEAST","dip","mixed","SC3","true",NA,NA,4,0.9,1,100,100,1463,8,8,8,574,0,NA,NA,NA,FALSE,0.302264470740186,0.516866510291437,0.348188338176874,0.655052264808362,139.541,"Lawlor_FEAST_SC3_n0100_k-true_cs-hist_sub-4_seed-1.rds"
"reps","ok","Lawlor","FEAST","FEAST","dip","mixed","SC3","true",NA,NA,5,0.9,1,100,100,1491,8,8,8,574,0,NA,NA,NA,FALSE,0.735450344956056,0.815452210982296,0.680800100101889,0.885017421602787,134.175,"Lawlor_FEAST_SC3_n0100_k-true_cs-hist_sub-5_seed-1.rds"
"reps","ok","Lawlor","FEAST","FEAST","dip","mixed","SC3","true",NA,101,0,1,101,300,300,1652,8,8,8,638,0,NA,NA,NA,FALSE,0.931196315666039,0.953182740496563,0.910538476254948,0.923197492163009,149.308,"Lawlor_FEAST_SC3_n0300_k-true_cs-101_sub-0_seed-101.rds"
"reps","ok","Lawlor","FEAST","FEAST","dip","mixed","SC3","true",NA,102,0,1,102,300,300,1652,8,8,8,638,0,NA,NA,NA,FALSE,0.934197907486293,0.955276696430122,0.914350046356934,0.924764890282132,152.054,"Lawlor_FEAST_SC3_n0300_k-true_cs-102_sub-0_seed-102.rds"
"reps","ok","Lawlor","FEAST","FEAST","dip","mixed","SC3","true",NA,103,0,1,103,300,300,1652,8,8,8,638,0,NA,NA,NA,FALSE,0.934197907486293,0.955276696430122,0.914350046356934,0.924764890282132,148.98,"Lawlor_FEAST_SC3_n0300_k-true_cs-103_sub-0_seed-103.rds"
"reps","ok","Lawlor","FEAST","FEAST","dip","mixed","SC3","true",NA,104,0,1,104,300,300,1652,8,8,8,638,0,NA,NA,NA,FALSE,0.928745021270353,0.951541833831639,0.907540329091256,0.899686520376176,165.525,"Lawlor_FEAST_SC3_n0300_k-true_cs-104_sub-0_seed-104.rds"
"reps","ok","Lawlor","FEAST","FEAST","dip","mixed","SC3","true",NA,105,0,1,105,300,300,1652,8,8,8,638,0,NA,NA,NA,FALSE,0.932824117207176,0.954364050793516,0.912670427832628,0.920062695924765,164.536,"Lawlor_FEAST_SC3_n0300_k-true_cs-105_sub-0_seed-105.rds"
"reps","ok","Lawlor","FEAST","FEAST","dip","mixed","SC3","true",NA,NA,1,0.9,1,300,300,1479,8,8,8,574,0,NA,NA,NA,FALSE,0.846223621070894,0.894010774265369,0.807307602841448,0.872822299651568,181.345,"Lawlor_FEAST_SC3_n0300_k-true_cs-hist_sub-1_seed-1.rds"
"reps","ok","Lawlor","FEAST","FEAST","dip","mixed","SC3","true",NA,NA,2,0.9,1,300,300,1489,8,8,8,574,0,NA,NA,NA,FALSE,0.615787866727517,0.72872859439109,0.55347377857463,0.862369337979094,159.68,"Lawlor_FEAST_SC3_n0300_k-true_cs-hist_sub-2_seed-1.rds"
"reps","ok","Lawlor","FEAST","FEAST","dip","mixed","SC3","true",NA,NA,3,0.9,1,300,300,1504,8,8,8,574,0,NA,NA,NA,FALSE,0.846861441368,0.894449581344948,0.808010456205686,0.871080139372822,155.191,"Lawlor_FEAST_SC3_n0300_k-true_cs-hist_sub-3_seed-1.rds"
"reps","ok","Lawlor","FEAST","FEAST","dip","mixed","SC3","true",NA,NA,4,0.9,1,300,300,1463,8,8,8,574,0,NA,NA,NA,FALSE,0.706693075474388,0.794918997018422,0.648708831663255,0.872822299651568,158.694,"Lawlor_FEAST_SC3_n0300_k-true_cs-hist_sub-4_seed-1.rds"
"reps","ok","Lawlor","FEAST","FEAST","dip","mixed","SC3","true",NA,NA,5,0.9,1,300,300,1491,8,8,8,574,0,NA,NA,NA,FALSE,0.914456186185867,0.942041764208424,0.890344926087267,0.886759581881533,141.792,"Lawlor_FEAST_SC3_n0300_k-true_cs-hist_sub-5_seed-1.rds"
"reps","ok","Lawlor","Seurat","Seurat","dip","mixed","Refined Louvain","true",NA,101,0,1,101,100,100,1652,8,8,8,638,0,NA,NA,NA,FALSE,0.550296214478025,0.678579523168114,0.493741149815916,0.866771159874608,8.736,"Lawlor_Seurat_RefinedLouvain_n0100_k-true_cs-101_sub-0_seed-101.rds"
"reps","ok","Lawlor","Seurat","Seurat","dip","mixed","Refined Louvain","true",NA,102,0,1,102,100,100,1652,8,8,8,638,0,NA,NA,NA,FALSE,0.550296214478025,0.678579523168114,0.493741149815916,0.866771159874608,7.698,"Lawlor_Seurat_RefinedLouvain_n0100_k-true_cs-102_sub-0_seed-102.rds"
"reps","ok","Lawlor","Seurat","Seurat","dip","mixed","Refined Louvain","true",NA,103,0,1,103,100,100,1652,8,8,8,638,0,NA,NA,NA,FALSE,0.550296214478025,0.678579523168114,0.493741149815916,0.866771159874608,7.535,"Lawlor_Seurat_RefinedLouvain_n0100_k-true_cs-103_sub-0_seed-103.rds"
"reps","ok","Lawlor","Seurat","Seurat","dip","mixed","Refined Louvain","true",NA,104,0,1,104,100,100,1652,8,8,8,638,0,NA,NA,NA,FALSE,0.550296214478025,0.678579523168114,0.493741149815916,0.866771159874608,7.758,"Lawlor_Seurat_RefinedLouvain_n0100_k-true_cs-104_sub-0_seed-104.rds"
"reps","ok","Lawlor","Seurat","Seurat","dip","mixed","Refined Louvain","true",NA,105,0,1,105,100,100,1652,8,8,8,638,0,NA,NA,NA,FALSE,0.550296214478025,0.678579523168114,0.493741149815916,0.866771159874608,7.492,"Lawlor_Seurat_RefinedLouvain_n0100_k-true_cs-105_sub-0_seed-105.rds"
"reps","ok","Lawlor","Seurat","Seurat","dip","mixed","Refined Louvain","true",NA,NA,1,0.9,1,100,100,1479,8,8,7,574,0,NA,NA,NA,FALSE,0.485067005953811,0.628058867936504,0.436162348936755,0.857142857142857,7.284,"Lawlor_Seurat_RefinedLouvain_n0100_k-true_cs-hist_sub-1_seed-1.rds"
"reps","ok","Lawlor","Seurat","Seurat","dip","mixed","Refined Louvain","true",NA,NA,2,0.9,1,100,100,1489,8,8,8,574,0,NA,NA,NA,FALSE,0.506883457437655,0.645635474365716,0.4504140969163,0.876306620209059,6.465,"Lawlor_Seurat_RefinedLouvain_n0100_k-true_cs-hist_sub-2_seed-1.rds"
"reps","ok","Lawlor","Seurat","Seurat","dip","mixed","Refined Louvain","true",NA,NA,3,0.9,1,100,100,1504,8,8,8,574,0,NA,NA,NA,FALSE,0.425543376624403,0.580653845794653,0.378019829632733,0.862369337979094,6.918,"Lawlor_Seurat_RefinedLouvain_n0100_k-true_cs-hist_sub-3_seed-1.rds"
"reps","ok","Lawlor","Seurat","Seurat","dip","mixed","Refined Louvain","true",NA,NA,4,0.9,1,100,100,1463,8,8,8,574,0,NA,NA,NA,FALSE,0.44391401817815,0.596097251007185,0.390993667975521,0.850174216027875,7.03,"Lawlor_Seurat_RefinedLouvain_n0100_k-true_cs-hist_sub-4_seed-1.rds"
"reps","ok","Lawlor","Seurat","Seurat","dip","mixed","Refined Louvain","true",NA,NA,5,0.9,1,100,100,1491,8,8,8,574,0,NA,NA,NA,FALSE,0.47469401421072,0.620147863366107,0.422250979294908,0.855400696864111,7.381,"Lawlor_Seurat_RefinedLouvain_n0100_k-true_cs-hist_sub-5_seed-1.rds"
"reps","ok","Lawlor","Seurat","Seurat","dip","mixed","Refined Louvain","true",NA,101,0,1,101,300,300,1652,8,8,8,638,0,NA,NA,NA,FALSE,0.427519532728443,0.581861713850856,0.382076662086757,0.863636363636364,7.831,"Lawlor_Seurat_RefinedLouvain_n0300_k-true_cs-101_sub-0_seed-101.rds"
"reps","ok","Lawlor","Seurat","Seurat","dip","mixed","Refined Louvain","true",NA,102,0,1,102,300,300,1652,8,8,8,638,0,NA,NA,NA,FALSE,0.416444029652071,0.57279090639121,0.372665938803505,0.863636363636364,8.353,"Lawlor_Seurat_RefinedLouvain_n0300_k-true_cs-102_sub-0_seed-102.rds"
"reps","ok","Lawlor","Seurat","Seurat","dip","mixed","Refined Louvain","true",NA,103,0,1,103,300,300,1652,8,8,8,638,0,NA,NA,NA,FALSE,0.434075260267162,0.587277943070947,0.386633230959962,0.863636363636364,7.626,"Lawlor_Seurat_RefinedLouvain_n0300_k-true_cs-103_sub-0_seed-103.rds"
"reps","ok","Lawlor","Seurat","Seurat","dip","mixed","Refined Louvain","true",NA,104,0,1,104,300,300,1652,8,8,8,638,0,NA,NA,NA,FALSE,0.416833857021689,0.573104247223324,0.373174416652678,0.863636363636364,8.492,"Lawlor_Seurat_RefinedLouvain_n0300_k-true_cs-104_sub-0_seed-104.rds"
"reps","ok","Lawlor","Seurat","Seurat","dip","mixed","Refined Louvain","true",NA,105,0,1,105,300,300,1652,8,8,8,638,0,NA,NA,NA,FALSE,0.428475972900271,0.58269241504249,0.382094841649322,0.863636363636364,8.867,"Lawlor_Seurat_RefinedLouvain_n0300_k-true_cs-105_sub-0_seed-105.rds"
"reps","ok","Lawlor","Seurat","Seurat","dip","mixed","Refined Louvain","true",NA,NA,1,0.9,1,300,300,1479,8,8,8,574,0,NA,NA,NA,FALSE,0.423400201723086,0.579495935439566,0.372364138126238,0.850174216027875,6.603,"Lawlor_Seurat_RefinedLouvain_n0300_k-true_cs-hist_sub-1_seed-1.rds"
"reps","ok","Lawlor","Seurat","Seurat","dip","mixed","Refined Louvain","true",NA,NA,2,0.9,1,300,300,1489,8,8,8,574,0,NA,NA,NA,FALSE,0.437546522771274,0.59104834582827,0.384806135643056,0.86411149825784,7.184,"Lawlor_Seurat_RefinedLouvain_n0300_k-true_cs-hist_sub-2_seed-1.rds"
"reps","ok","Lawlor","Seurat","Seurat","dip","mixed","Refined Louvain","true",NA,NA,3,0.9,1,300,300,1504,8,8,8,574,0,NA,NA,NA,FALSE,0.51893034379416,0.656071150631689,0.457046835124546,0.897212543554007,12.581,"Lawlor_Seurat_RefinedLouvain_n0300_k-true_cs-hist_sub-3_seed-1.rds"
"reps","ok","Lawlor","Seurat","Seurat","dip","mixed","Refined Louvain","true",NA,NA,4,0.9,1,300,300,1463,8,8,8,574,0,NA,NA,NA,FALSE,0.347325459666461,0.515367951387401,0.306901408450704,0.834494773519164,7.536,"Lawlor_Seurat_RefinedLouvain_n0300_k-true_cs-hist_sub-4_seed-1.rds"
"reps","ok","Lawlor","Seurat","Seurat","dip","mixed","Refined Louvain","true",NA,NA,5,0.9,1,300,300,1491,8,8,8,574,0,NA,NA,NA,FALSE,0.438589101528186,0.592074961901053,0.384935157221531,0.848432055749129,7.792,"Lawlor_Seurat_RefinedLouvain_n0300_k-true_cs-hist_sub-5_seed-1.rds"
"reps","ok","Lawlor","Seurat","Seurat","dip","mixed","SC3","true",NA,101,0,1,101,100,100,1652,8,8,8,638,0,NA,NA,NA,FALSE,0.367343992083158,0.53186184923953,0.328616794064748,0.799373040752351,161.303,"Lawlor_Seurat_SC3_n0100_k-true_cs-101_sub-0_seed-101.rds"
"reps","ok","Lawlor","Seurat","Seurat","dip","mixed","SC3","true",NA,102,0,1,102,100,100,1652,8,8,8,638,0,NA,NA,NA,FALSE,0.436838894602677,0.589689014946154,0.387476259319103,0.835423197492163,164.368,"Lawlor_Seurat_SC3_n0100_k-true_cs-102_sub-0_seed-102.rds"
"reps","ok","Lawlor","Seurat","Seurat","dip","mixed","SC3","true",NA,103,0,1,103,100,100,1652,8,8,8,638,0,NA,NA,NA,FALSE,0.422220046413552,0.577593480002384,0.382720461887415,0.832288401253918,188.304,"Lawlor_Seurat_SC3_n0100_k-true_cs-103_sub-0_seed-103.rds"
"reps","ok","Lawlor","Seurat","Seurat","dip","mixed","SC3","true",NA,104,0,1,104,100,100,1652,8,8,8,638,0,NA,NA,NA,FALSE,0.433411485066327,0.586766849823231,0.385729598600886,0.835423197492163,198.844,"Lawlor_Seurat_SC3_n0100_k-true_cs-104_sub-0_seed-104.rds"
"reps","ok","Lawlor","Seurat","Seurat","dip","mixed","SC3","true",NA,105,0,1,105,100,100,1652,8,8,8,638,0,NA,NA,NA,FALSE,0.431894207534492,0.585671656006889,0.383104738154613,0.832288401253918,179.554,"Lawlor_Seurat_SC3_n0100_k-true_cs-105_sub-0_seed-105.rds"
"reps","ok","Lawlor","Seurat","Seurat","dip","mixed","SC3","true",NA,NA,1,0.9,1,100,100,1479,8,8,8,574,0,NA,NA,NA,FALSE,0.458386832945837,0.606919480846685,0.413564124886909,0.82404181184669,183.508,"Lawlor_Seurat_SC3_n0100_k-true_cs-hist_sub-1_seed-1.rds"
"reps","ok","Lawlor","Seurat","Seurat","dip","mixed","SC3","true",NA,NA,2,0.9,1,100,100,1489,8,8,8,574,0,NA,NA,NA,FALSE,0.471667084246071,0.617849896338439,0.418712732374605,0.825783972125436,153.215,"Lawlor_Seurat_SC3_n0100_k-true_cs-hist_sub-2_seed-1.rds"
"reps","ok","Lawlor","Seurat","Seurat","dip","mixed","SC3","true",NA,NA,3,0.9,1,100,100,1504,8,8,8,574,0,NA,NA,NA,FALSE,0.425780927115593,0.580700085074377,0.379852494577006,0.829268292682927,143.925,"Lawlor_Seurat_SC3_n0100_k-true_cs-hist_sub-3_seed-1.rds"
"reps","ok","Lawlor","Seurat","Seurat","dip","mixed","SC3","true",NA,NA,4,0.9,1,100,100,1463,8,8,8,574,0,NA,NA,NA,FALSE,0.449607373036709,0.599990512582744,0.401024928341874,0.846689895470383,142.137,"Lawlor_Seurat_SC3_n0100_k-true_cs-hist_sub-4_seed-1.rds"
"reps","ok","Lawlor","Seurat","Seurat","dip","mixed","SC3","true",NA,NA,5,0.9,1,100,100,1491,8,8,8,574,0,NA,NA,NA,FALSE,0.347824861498523,0.516163177633414,0.323158914728682,0.79616724738676,146.026,"Lawlor_Seurat_SC3_n0100_k-true_cs-hist_sub-5_seed-1.rds"
"reps","ok","Lawlor","Seurat","Seurat","dip","mixed","SC3","true",NA,101,0,1,101,300,300,1652,8,8,8,638,0,NA,NA,NA,FALSE,0.680940119471561,0.77611805815706,0.62149580148797,0.882445141065831,235.61,"Lawlor_Seurat_SC3_n0300_k-true_cs-101_sub-0_seed-101.rds"
"reps","ok","Lawlor","Seurat","Seurat","dip","mixed","SC3","true",NA,102,0,1,102,300,300,1652,8,8,8,638,0,NA,NA,NA,FALSE,0.719764822970117,0.804059825621877,0.663780267437658,0.893416927899687,194.849,"Lawlor_Seurat_SC3_n0300_k-true_cs-102_sub-0_seed-102.rds"
"reps","ok","Lawlor","Seurat","Seurat","dip","mixed","SC3","true",NA,103,0,1,103,300,300,1652,8,8,8,638,0,NA,NA,NA,FALSE,0.721262292187829,0.805133973663871,0.665433258654333,0.899686520376176,212.684,"Lawlor_Seurat_SC3_n0300_k-true_cs-103_sub-0_seed-103.rds"
"reps","ok","Lawlor","Seurat","Seurat","dip","mixed","SC3","true",NA,104,0,1,104,300,300,1652,8,8,8,638,0,NA,NA,NA,FALSE,0.686150464740848,0.779796868143564,0.62770137524558,0.899686520376176,190.884,"Lawlor_Seurat_SC3_n0300_k-true_cs-104_sub-0_seed-104.rds"
"reps","ok","Lawlor","Seurat","Seurat","dip","mixed","SC3","true",NA,105,0,1,105,300,300,1652,8,8,8,638,0,NA,NA,NA,FALSE,0.743795967034101,0.821285981478466,0.690206788919235,0.873040752351097,201.244,"Lawlor_Seurat_SC3_n0300_k-true_cs-105_sub-0_seed-105.rds"
"reps","ok","Lawlor","Seurat","Seurat","dip","mixed","SC3","true",NA,NA,1,0.9,1,300,300,1479,8,8,8,574,0,NA,NA,NA,FALSE,0.617835284677513,0.730038088532154,0.556499393247198,0.89198606271777,146.565,"Lawlor_Seurat_SC3_n0300_k-true_cs-hist_sub-1_seed-1.rds"
"reps","ok","Lawlor","Seurat","Seurat","dip","mixed","SC3","true",NA,NA,2,0.9,1,300,300,1489,8,8,8,574,0,NA,NA,NA,FALSE,0.677096602245697,0.7735367780216,0.617186519111079,0.867595818815331,149.811,"Lawlor_Seurat_SC3_n0300_k-true_cs-hist_sub-2_seed-1.rds"
"reps","ok","Lawlor","Seurat","Seurat","dip","mixed","SC3","true",NA,NA,3,0.9,1,300,300,1504,8,8,8,574,0,NA,NA,NA,FALSE,0.856482421151904,0.90120903195738,0.819421302517244,0.876306620209059,163.635,"Lawlor_Seurat_SC3_n0300_k-true_cs-hist_sub-3_seed-1.rds"
"reps","ok","Lawlor","Seurat","Seurat","dip","mixed","SC3","true",NA,NA,4,0.9,1,300,300,1463,8,8,8,574,0,NA,NA,NA,FALSE,0.72711152576556,0.809406735357476,0.672910943730616,0.900696864111498,179.039,"Lawlor_Seurat_SC3_n0300_k-true_cs-hist_sub-4_seed-1.rds"
"reps","ok","Lawlor","Seurat","Seurat","dip","mixed","SC3","true",NA,NA,5,0.9,1,300,300,1491,8,8,8,574,0,NA,NA,NA,FALSE,0.60333355024361,0.720617180802026,0.537257905678958,0.878048780487805,156.835,"Lawlor_Seurat_SC3_n0300_k-true_cs-hist_sub-5_seed-1.rds"
"reps","ok","Muraro","DIFS","DIFS","dip","mixed","Refined Louvain","true",NA,101,0,1,101,100,100,1125,10,10,10,2126,0,1125,1533,"3:2",FALSE,0.717593075801625,0.783372781007796,0.625168942580345,0.95343367826905,354.552,"Muraro_DIFS_RefinedLouvain_n0100_k-true_cs-101_sub-0_seed-101.rds"
"reps","ok","Muraro","DIFS","DIFS","dip","mixed","Refined Louvain","true",NA,102,0,1,102,100,100,1125,10,10,10,2126,0,1125,1548,"3:2",FALSE,0.710254721396339,0.777674677096871,0.616895811118422,0.952963311382879,331.721,"Muraro_DIFS_RefinedLouvain_n0100_k-true_cs-102_sub-0_seed-102.rds"
"reps","ok","Muraro","DIFS","DIFS","dip","mixed","Refined Louvain","true",NA,103,0,1,103,100,100,1125,10,10,10,2126,0,1125,1733,"2:1",FALSE,0.708597910461163,0.776359593484605,0.615063227991141,0.95343367826905,343.336,"Muraro_DIFS_RefinedLouvain_n0100_k-true_cs-103_sub-0_seed-103.rds"
"reps","ok","Muraro","DIFS","DIFS","dip","mixed","Refined Louvain","true",NA,104,0,1,104,100,100,1125,10,10,10,2126,0,1125,1423,"3:2",FALSE,0.720323321554041,0.785645280597335,0.628116946288679,0.953904045155221,359.742,"Muraro_DIFS_RefinedLouvain_n0100_k-true_cs-104_sub-0_seed-104.rds"
"reps","ok","Muraro","DIFS","DIFS","dip","mixed","Refined Louvain","true",NA,105,0,1,105,100,100,1125,10,10,10,2126,0,1125,1969,"2:1",FALSE,0.706770768326988,0.774968209210223,0.612988927100261,0.952022577610536,347.8,"Muraro_DIFS_RefinedLouvain_n0100_k-true_cs-105_sub-0_seed-105.rds"
"reps","ok","Muraro","DIFS","DIFS","dip","mixed","Refined Louvain","true",NA,NA,1,0.9,1,100,100,1129,10,10,10,1914,0,800,2014,"3:2",FALSE,0.704597820856974,0.773304514188997,0.610437408688427,0.94932079414838,1657.525,"Muraro_DIFS_RefinedLouvain_n0100_k-true_cs-hist_sub-1_seed-1.rds"
"reps","ok","Muraro","DIFS","DIFS","dip","mixed","Refined Louvain","true",NA,NA,2,0.9,1,100,100,1128,10,10,10,1914,0,500,2061,"3:1",FALSE,0.660824909694297,0.740378833922591,0.561489070558928,0.954545454545455,1915.347,"Muraro_DIFS_RefinedLouvain_n0100_k-true_cs-hist_sub-2_seed-1.rds"
"reps","ok","Muraro","DIFS","DIFS","dip","mixed","Refined Louvain","true",NA,NA,3,0.9,1,100,100,1124,10,10,10,1914,0,900,1547,"2:1",FALSE,0.708566577288164,0.776352866382515,0.614913923116791,0.952978056426332,1885.413,"Muraro_DIFS_RefinedLouvain_n0100_k-true_cs-hist_sub-3_seed-1.rds"
"reps","ok","Muraro","DIFS","DIFS","dip","mixed","Refined Louvain","true",NA,NA,4,0.9,1,100,100,1125,10,10,10,1914,0,500,1667,"1:1",FALSE,0.7108586609963,0.778067537075894,0.61755067362544,0.952455590386625,1533.648,"Muraro_DIFS_RefinedLouvain_n0100_k-true_cs-hist_sub-4_seed-1.rds"
"reps","ok","Muraro","DIFS","DIFS","dip","mixed","Refined Louvain","true",NA,NA,5,0.9,1,100,100,1128,10,10,10,1914,0,500,1647,"1:1",FALSE,0.900503589558005,0.922795793312527,0.855382092857043,0.955067920585162,1543.716,"Muraro_DIFS_RefinedLouvain_n0100_k-true_cs-hist_sub-5_seed-1.rds"
"reps","ok","Muraro","DIFS","DIFS","dip","mixed","Refined Louvain","true",NA,101,0,1,101,300,300,1125,10,10,10,2126,0,1125,1533,"1:1",FALSE,0.665260791206478,0.744065720649101,0.566157017107676,0.953904045155221,317.696,"Muraro_DIFS_RefinedLouvain_n0300_k-true_cs-101_sub-0_seed-101.rds"
"reps","ok","Muraro","DIFS","DIFS","dip","mixed","Refined Louvain","true",NA,102,0,1,102,300,300,1125,10,10,10,2126,0,1125,1548,"1:2",FALSE,0.710288965001262,0.777737000406297,0.61690007659502,0.951552210724365,320.223,"Muraro_DIFS_RefinedLouvain_n0300_k-true_cs-102_sub-0_seed-102.rds"
"reps","ok","Muraro","DIFS","DIFS","dip","mixed","Refined Louvain","true",NA,103,0,1,103,300,300,1125,10,10,10,2126,0,1125,1733,"1:2",FALSE,0.711128200697902,0.778268337467942,0.617959100382241,0.951552210724365,317.287,"Muraro_DIFS_RefinedLouvain_n0300_k-true_cs-103_sub-0_seed-103.rds"
"reps","ok","Muraro","DIFS","DIFS","dip","mixed","Refined Louvain","true",NA,104,0,1,104,300,300,1125,10,10,10,2126,0,1125,1423,"1:3",FALSE,0.67157390546227,0.748638066340224,0.573274334606165,0.952963311382879,325.536,"Muraro_DIFS_RefinedLouvain_n0300_k-true_cs-104_sub-0_seed-104.rds"
"reps","ok","Muraro","DIFS","DIFS","dip","mixed","Refined Louvain","true",NA,105,0,1,105,300,300,1125,10,10,10,2126,0,1125,1969,"1:3",FALSE,0.667890704362476,0.745642522441023,0.569403549937554,0.951552210724365,313.883,"Muraro_DIFS_RefinedLouvain_n0300_k-true_cs-105_sub-0_seed-105.rds"
"reps","ok","Muraro","DIFS","DIFS","dip","mixed","Refined Louvain","true",NA,NA,1,0.9,1,300,300,1129,10,10,10,1914,0,800,2014,"1:3",FALSE,0.667459458774263,0.745426947267437,0.568733040142229,0.954022988505747,1369.639,"Muraro_DIFS_RefinedLouvain_n0300_k-true_cs-hist_sub-1_seed-1.rds"
"reps","ok","Muraro","DIFS","DIFS","dip","mixed","Refined Louvain","true",NA,NA,2,0.9,1,300,300,1128,10,10,10,1914,0,500,2061,"1:3",FALSE,0.707187258399487,0.775406052635014,0.613249495877057,0.95350052246604,1542.569,"Muraro_DIFS_RefinedLouvain_n0300_k-true_cs-hist_sub-2_seed-1.rds"
"reps","ok","Muraro","DIFS","DIFS","dip","mixed","Refined Louvain","true",NA,NA,3,0.9,1,300,300,1124,10,10,10,1914,0,900,1547,"3:2",FALSE,0.699140966663662,0.769411338229363,0.604030392819474,0.95350052246604,1520.577,"Muraro_DIFS_RefinedLouvain_n0300_k-true_cs-hist_sub-3_seed-1.rds"
"reps","ok","Muraro","DIFS","DIFS","dip","mixed","Refined Louvain","true",NA,NA,4,0.9,1,300,300,1125,10,10,10,1914,0,500,1667,"2:3",FALSE,0.704871207475153,0.773604787470492,0.610659672020872,0.95350052246604,1769.19,"Muraro_DIFS_RefinedLouvain_n0300_k-true_cs-hist_sub-4_seed-1.rds"
"reps","ok","Muraro","DIFS","DIFS","dip","mixed","Refined Louvain","true",NA,NA,5,0.9,1,300,300,1128,10,10,10,1914,0,500,1647,"3:2",FALSE,0.673970119661264,0.750200783215347,0.576042691289547,0.94932079414838,1678.636,"Muraro_DIFS_RefinedLouvain_n0300_k-true_cs-hist_sub-5_seed-1.rds"
"reps","ok","Muraro","DIFS","DIFS","dip","mixed","SC3","true",NA,101,0,1,101,100,100,1125,10,10,10,2126,0,1125,1533,"3:2",FALSE,0.726742577575971,0.789838631495319,0.636197468144525,0.946848541862653,475.019,"Muraro_DIFS_SC3_n0100_k-true_cs-101_sub-0_seed-101.rds"
"reps","ok","Muraro","DIFS","DIFS","dip","mixed","SC3","true",NA,102,0,1,102,100,100,1125,10,10,10,2126,0,1125,1548,"3:2",FALSE,0.735504421474558,0.796883583417974,0.645989840993577,0.956255879586077,589.571,"Muraro_DIFS_SC3_n0100_k-true_cs-102_sub-0_seed-102.rds"
"reps","ok","Muraro","DIFS","DIFS","dip","mixed","SC3","true",NA,103,0,1,103,100,100,1125,10,10,10,2126,0,1125,1733,"2:1",FALSE,0.727189804352083,0.789825666353677,0.637089900002629,0.945437441204139,588.82,"Muraro_DIFS_SC3_n0100_k-true_cs-103_sub-0_seed-103.rds"
"reps","ok","Muraro","DIFS","DIFS","dip","mixed","SC3","true",NA,104,0,1,104,100,100,1125,10,10,10,2126,0,1125,1423,"3:2",FALSE,0.695863348433061,0.763392744100124,0.604561849698327,0.901693320790216,542.78,"Muraro_DIFS_SC3_n0100_k-true_cs-104_sub-0_seed-104.rds"
"reps","ok","Muraro","DIFS","DIFS","dip","mixed","SC3","true",NA,105,0,1,105,100,100,1125,10,10,10,2126,0,1125,1969,"2:1",FALSE,0.728628673245568,0.791588849310408,0.638061464827284,0.956255879586077,508.247,"Muraro_DIFS_SC3_n0100_k-true_cs-105_sub-0_seed-105.rds"
"reps","ok","Muraro","DIFS","DIFS","dip","mixed","SC3","true",NA,NA,1,0.9,1,100,100,1129,10,10,10,1914,0,800,2014,"3:2",FALSE,0.729652311328003,0.792108911760838,0.639413412961095,0.949843260188088,3170.493,"Muraro_DIFS_SC3_n0100_k-true_cs-hist_sub-1_seed-1.rds"
"reps","ok","Muraro","DIFS","DIFS","dip","mixed","SC3","true",NA,NA,2,0.9,1,100,100,1128,10,10,10,1914,0,500,2061,"3:1",FALSE,0.73002930239641,0.792727208811432,0.639518526134749,0.958725182863114,3225.522,"Muraro_DIFS_SC3_n0100_k-true_cs-hist_sub-2_seed-1.rds"
"reps","ok","Muraro","DIFS","DIFS","dip","mixed","SC3","true",NA,NA,3,0.9,1,100,100,1124,10,10,10,1914,0,900,1547,"2:1",FALSE,0.697165826052191,0.76454884013892,0.605656520020331,0.909613375130616,3610.176,"Muraro_DIFS_SC3_n0100_k-true_cs-hist_sub-3_seed-1.rds"
"reps","ok","Muraro","DIFS","DIFS","dip","mixed","SC3","true",NA,NA,4,0.9,1,100,100,1125,10,10,10,1914,0,500,1667,"1:1",FALSE,0.725510216493032,0.788743567662412,0.63483774104107,0.950365726227795,3605.886,"Muraro_DIFS_SC3_n0100_k-true_cs-hist_sub-4_seed-1.rds"
"reps","ok","Muraro","DIFS","DIFS","dip","mixed","SC3","true",NA,NA,5,0.9,1,100,100,1128,10,10,10,1914,0,500,1647,"1:1",FALSE,0.73386336610265,0.795289766765791,0.644332921916117,0.954545454545455,3276.608,"Muraro_DIFS_SC3_n0100_k-true_cs-hist_sub-5_seed-1.rds"
"reps","ok","Muraro","DIFS","DIFS","dip","mixed","SC3","true",NA,101,0,1,101,300,300,1125,10,10,10,2126,0,1125,1533,"1:1",FALSE,0.930571019914546,0.946123987355509,0.897597653083156,0.951081843838194,476.024,"Muraro_DIFS_SC3_n0300_k-true_cs-101_sub-0_seed-101.rds"
"reps","ok","Muraro","DIFS","DIFS","dip","mixed","SC3","true",NA,102,0,1,102,300,300,1125,10,10,10,2126,0,1125,1548,"1:2",FALSE,0.733291958442876,0.79525641693754,0.643357093375831,0.957666980244591,500.848,"Muraro_DIFS_SC3_n0300_k-true_cs-102_sub-0_seed-102.rds"
"reps","ok","Muraro","DIFS","DIFS","dip","mixed","SC3","true",NA,103,0,1,103,300,300,1125,10,10,10,2126,0,1125,1733,"1:2",FALSE,0.727594545755522,0.790840869086115,0.636825544499786,0.956255879586077,509.416,"Muraro_DIFS_SC3_n0300_k-true_cs-103_sub-0_seed-103.rds"
"reps","ok","Muraro","DIFS","DIFS","dip","mixed","SC3","true",NA,104,0,1,104,300,300,1125,10,10,10,2126,0,1125,1423,"1:3",FALSE,0.730422724503912,0.793261920228003,0.639840285453729,0.959078080903104,547.16,"Muraro_DIFS_SC3_n0300_k-true_cs-104_sub-0_seed-104.rds"
"reps","ok","Muraro","DIFS","DIFS","dip","mixed","SC3","true",NA,105,0,1,105,300,300,1125,10,10,10,2126,0,1125,1969,"1:3",FALSE,0.728728459117008,0.791481257931236,0.638361866448792,0.955785512699906,472.094,"Muraro_DIFS_SC3_n0300_k-true_cs-105_sub-0_seed-105.rds"
"reps","ok","Muraro","DIFS","DIFS","dip","mixed","SC3","true",NA,NA,1,0.9,1,300,300,1129,10,10,10,1914,0,800,2014,"1:3",FALSE,0.936694935918534,0.9508721030734,0.906143052904042,0.960292580982236,3073.929,"Muraro_DIFS_SC3_n0300_k-true_cs-hist_sub-1_seed-1.rds"
"reps","ok","Muraro","DIFS","DIFS","dip","mixed","SC3","true",NA,NA,2,0.9,1,300,300,1128,10,10,10,1914,0,500,2061,"1:3",FALSE,0.730307996649051,0.792823445762214,0.639956397113059,0.958725182863114,3392.081,"Muraro_DIFS_SC3_n0300_k-true_cs-hist_sub-2_seed-1.rds"
"reps","ok","Muraro","DIFS","DIFS","dip","mixed","SC3","true",NA,NA,3,0.9,1,300,300,1124,10,10,10,1914,0,900,1547,"3:2",FALSE,0.925528410455873,0.942191542694623,0.890287424869618,0.964472309299895,3159.115,"Muraro_DIFS_SC3_n0300_k-true_cs-hist_sub-3_seed-1.rds"
"reps","ok","Muraro","DIFS","DIFS","dip","mixed","SC3","true",NA,NA,4,0.9,1,300,300,1125,10,10,10,1914,0,500,1667,"2:3",FALSE,0.729010903272315,0.791453475761808,0.638842771507364,0.956112852664577,3115.787,"Muraro_DIFS_SC3_n0300_k-true_cs-hist_sub-4_seed-1.rds"
"reps","ok","Muraro","DIFS","DIFS","dip","mixed","SC3","true",NA,NA,5,0.9,1,300,300,1128,10,10,10,1914,0,500,1647,"3:2",FALSE,0.918437227023965,0.936670745272528,0.880698779146604,0.946185997910136,2904.546,"Muraro_DIFS_SC3_n0300_k-true_cs-hist_sub-5_seed-1.rds"
"reps","ok","Muraro","FEAST","FEAST","dip","mixed","Refined Louvain","true",NA,101,0,1,101,100,100,1125,10,10,10,2126,0,NA,NA,NA,FALSE,0.732554932203754,0.795227072589888,0.641993038251574,0.951081843838194,57.534,"Muraro_FEAST_RefinedLouvain_n0100_k-true_cs-101_sub-0_seed-101.rds"
"reps","ok","Muraro","FEAST","FEAST","dip","mixed","Refined Louvain","true",NA,102,0,1,102,100,100,1125,10,10,10,2126,0,NA,NA,NA,FALSE,0.679127423842001,0.755310993135436,0.580812869770273,0.950611476952023,55.793,"Muraro_FEAST_RefinedLouvain_n0100_k-true_cs-102_sub-0_seed-102.rds"
"reps","ok","Muraro","FEAST","FEAST","dip","mixed","Refined Louvain","true",NA,103,0,1,103,100,100,1125,10,10,10,2126,0,NA,NA,NA,FALSE,0.650914579943808,0.733075802914824,0.550643114258513,0.946378174976482,56.41,"Muraro_FEAST_RefinedLouvain_n0100_k-true_cs-103_sub-0_seed-103.rds"
"reps","ok","Muraro","FEAST","FEAST","dip","mixed","Refined Louvain","true",NA,104,0,1,104,100,100,1125,10,10,10,2126,0,NA,NA,NA,FALSE,0.889494142391263,0.91451864626559,0.83996392672473,0.952963311382879,55.572,"Muraro_FEAST_RefinedLouvain_n0100_k-true_cs-104_sub-0_seed-104.rds"
"reps","ok","Muraro","FEAST","FEAST","dip","mixed","Refined Louvain","true",NA,105,0,1,105,100,100,1125,10,10,10,2126,0,NA,NA,NA,FALSE,0.71742192000246,0.78378452690627,0.624469388065606,0.94967074317968,59.206,"Muraro_FEAST_RefinedLouvain_n0100_k-true_cs-105_sub-0_seed-105.rds"
"reps","ok","Muraro","FEAST","FEAST","dip","mixed","Refined Louvain","true",NA,NA,1,0.9,1,100,100,1129,10,10,10,1914,0,NA,NA,NA,FALSE,0.689152398145635,0.761787391435756,0.592848693960943,0.943573667711599,48.711,"Muraro_FEAST_RefinedLouvain_n0100_k-true_cs-hist_sub-1_seed-1.rds"
"reps","ok","Muraro","FEAST","FEAST","dip","mixed","Refined Louvain","true",NA,NA,2,0.9,1,100,100,1128,10,10,10,1914,0,NA,NA,NA,FALSE,0.662042285267663,0.742087457079836,0.562155793949028,0.95141065830721,49.46,"Muraro_FEAST_RefinedLouvain_n0100_k-true_cs-hist_sub-2_seed-1.rds"
"reps","ok","Muraro","FEAST","FEAST","dip","mixed","Refined Louvain","true",NA,NA,3,0.9,1,100,100,1124,10,10,10,1914,0,NA,NA,NA,FALSE,0.682898357506982,0.756445230756711,0.586426560573277,0.946708463949843,49.007,"Muraro_FEAST_RefinedLouvain_n0100_k-true_cs-hist_sub-3_seed-1.rds"
"reps","ok","Muraro","FEAST","FEAST","dip","mixed","Refined Louvain","true",NA,NA,4,0.9,1,100,100,1125,10,10,10,1914,0,NA,NA,NA,FALSE,0.688648816908001,0.76154539826815,0.592158964326166,0.947230929989551,42.285,"Muraro_FEAST_RefinedLouvain_n0100_k-true_cs-hist_sub-4_seed-1.rds"
"reps","ok","Muraro","FEAST","FEAST","dip","mixed","Refined Louvain","true",NA,NA,5,0.9,1,100,100,1128,10,10,10,1914,0,NA,NA,NA,FALSE,0.686900927017503,0.760346424336927,0.59009339270614,0.945663531870428,48.005,"Muraro_FEAST_RefinedLouvain_n0100_k-true_cs-hist_sub-5_seed-1.rds"
"reps","ok","Muraro","FEAST","FEAST","dip","mixed","Refined Louvain","true",NA,101,0,1,101,300,300,1125,10,10,10,2126,0,NA,NA,NA,FALSE,0.902837345095425,0.924598411466932,0.858685858385516,0.962370649106303,56.577,"Muraro_FEAST_RefinedLouvain_n0300_k-true_cs-101_sub-0_seed-101.rds"
"reps","ok","Muraro","FEAST","FEAST","dip","mixed","Refined Louvain","true",NA,102,0,1,102,300,300,1125,10,10,10,2126,0,NA,NA,NA,FALSE,0.668005516280158,0.746028529580581,0.56926755819863,0.954844778927563,54.164,"Muraro_FEAST_RefinedLouvain_n0300_k-true_cs-102_sub-0_seed-102.rds"
"reps","ok","Muraro","FEAST","FEAST","dip","mixed","Refined Louvain","true",NA,103,0,1,103,300,300,1125,10,10,10,2126,0,NA,NA,NA,FALSE,0.713711014278573,0.780438461647063,0.620708977120855,0.955315145813735,53.527,"Muraro_FEAST_RefinedLouvain_n0300_k-true_cs-103_sub-0_seed-103.rds"
"reps","ok","Muraro","FEAST","FEAST","dip","mixed","Refined Louvain","true",NA,104,0,1,104,300,300,1125,10,10,10,2126,0,NA,NA,NA,FALSE,0.712776016503702,0.780014006110473,0.619373656214952,0.955315145813735,51.344,"Muraro_FEAST_RefinedLouvain_n0300_k-true_cs-104_sub-0_seed-104.rds"
"reps","ok","Muraro","FEAST","FEAST","dip","mixed","Refined Louvain","true",NA,105,0,1,105,300,300,1125,10,10,10,2126,0,NA,NA,NA,FALSE,0.696208893840507,0.767349020202219,0.600674098942408,0.953904045155221,54.016,"Muraro_FEAST_RefinedLouvain_n0300_k-true_cs-105_sub-0_seed-105.rds"
"reps","ok","Muraro","FEAST","FEAST","dip","mixed","Refined Louvain","true",NA,NA,1,0.9,1,300,300,1129,10,10,10,1914,0,NA,NA,NA,FALSE,0.626044616983349,0.713441239856497,0.524579803025745,0.938349007314525,49.471,"Muraro_FEAST_RefinedLouvain_n0300_k-true_cs-hist_sub-1_seed-1.rds"
"reps","ok","Muraro","FEAST","FEAST","dip","mixed","Refined Louvain","true",NA,NA,2,0.9,1,300,300,1128,10,10,9,1914,0,NA,NA,NA,FALSE,0.710838768014028,0.777746524936479,0.617827248773312,0.948275862068966,48.903,"Muraro_FEAST_RefinedLouvain_n0300_k-true_cs-hist_sub-2_seed-1.rds"
"reps","ok","Muraro","FEAST","FEAST","dip","mixed","Refined Louvain","true",NA,NA,3,0.9,1,300,300,1124,10,10,10,1914,0,NA,NA,NA,FALSE,0.70870034793681,0.776692162686197,0.614842055766491,0.955067920585162,49.558,"Muraro_FEAST_RefinedLouvain_n0300_k-true_cs-hist_sub-3_seed-1.rds"
"reps","ok","Muraro","FEAST","FEAST","dip","mixed","Refined Louvain","true",NA,NA,4,0.9,1,300,300,1125,10,10,10,1914,0,NA,NA,NA,FALSE,0.635753784639722,0.721082445858576,0.534672103962593,0.942528735632184,49.841,"Muraro_FEAST_RefinedLouvain_n0300_k-true_cs-hist_sub-4_seed-1.rds"
"reps","ok","Muraro","FEAST","FEAST","dip","mixed","Refined Louvain","true",NA,NA,5,0.9,1,300,300,1128,10,10,10,1914,0,NA,NA,NA,FALSE,0.713326760533797,0.779750828178292,0.62055587400562,0.952978056426332,43.735,"Muraro_FEAST_RefinedLouvain_n0300_k-true_cs-hist_sub-5_seed-1.rds"
"reps","ok","Muraro","FEAST","FEAST","dip","mixed","SC3","true",NA,101,0,1,101,100,100,1125,10,10,10,2126,0,NA,NA,NA,FALSE,0.937041086132286,0.951180124878748,0.906465266034185,0.96142991533396,236.209,"Muraro_FEAST_SC3_n0100_k-true_cs-101_sub-0_seed-101.rds"
"reps","ok","Muraro","FEAST","FEAST","dip","mixed","SC3","true",NA,102,0,1,102,100,100,1125,10,10,10,2126,0,NA,NA,NA,FALSE,0.934354535786811,0.949091981614121,0.902645476389968,0.959078080903104,209.983,"Muraro_FEAST_SC3_n0100_k-true_cs-102_sub-0_seed-102.rds"
"reps","ok","Muraro","FEAST","FEAST","dip","mixed","SC3","true",NA,103,0,1,103,100,100,1125,10,10,10,2126,0,NA,NA,NA,FALSE,0.937243453009046,0.951309939180625,0.906947139965358,0.955785512699906,222.847,"Muraro_FEAST_SC3_n0100_k-true_cs-103_sub-0_seed-103.rds"
"reps","ok","Muraro","FEAST","FEAST","dip","mixed","SC3","true",NA,104,0,1,104,100,100,1125,10,10,10,2126,0,NA,NA,NA,FALSE,0.92668460079303,0.943097231846192,0.892007047045836,0.95343367826905,206.949,"Muraro_FEAST_SC3_n0100_k-true_cs-104_sub-0_seed-104.rds"
"reps","ok","Muraro","FEAST","FEAST","dip","mixed","SC3","true",NA,105,0,1,105,100,100,1125,10,10,10,2126,0,NA,NA,NA,FALSE,0.924442454191152,0.941356036827535,0.888821016360641,0.950141110065851,199.248,"Muraro_FEAST_SC3_n0100_k-true_cs-105_sub-0_seed-105.rds"
"reps","ok","Muraro","FEAST","FEAST","dip","mixed","SC3","true",NA,NA,1,0.9,1,100,100,1129,10,10,10,1914,0,NA,NA,NA,FALSE,0.903409871224499,0.925213832260434,0.860835128813002,0.905956112852665,1783.222,"Muraro_FEAST_SC3_n0100_k-true_cs-hist_sub-1_seed-1.rds"
"reps","ok","Muraro","FEAST","FEAST","dip","mixed","SC3","true",NA,NA,2,0.9,1,100,100,1128,10,10,10,1914,0,NA,NA,NA,FALSE,0.925235193667363,0.941954499446922,0.889992405075087,0.954022988505747,1729.27,"Muraro_FEAST_SC3_n0100_k-true_cs-hist_sub-2_seed-1.rds"
"reps","ok","Muraro","FEAST","FEAST","dip","mixed","SC3","true",NA,NA,3,0.9,1,100,100,1124,10,10,10,1914,0,NA,NA,NA,FALSE,0.939759936068733,0.953270768993122,0.910370962531157,0.961337513061651,1495.905,"Muraro_FEAST_SC3_n0100_k-true_cs-hist_sub-3_seed-1.rds"
"reps","ok","Muraro","FEAST","FEAST","dip","mixed","SC3","true",NA,NA,4,0.9,1,100,100,1125,10,10,10,1914,0,NA,NA,NA,FALSE,0.900888385027116,0.923230240520003,0.857406478066257,0.907523510971787,1548.119,"Muraro_FEAST_SC3_n0100_k-true_cs-hist_sub-4_seed-1.rds"
"reps","ok","Muraro","FEAST","FEAST","dip","mixed","SC3","true",NA,NA,5,0.9,1,100,100,1128,10,10,10,1914,0,NA,NA,NA,FALSE,0.663087381805582,0.742888157177765,0.563290022929038,0.950365726227795,1527.767,"Muraro_FEAST_SC3_n0100_k-true_cs-hist_sub-5_seed-1.rds"
"reps","ok","Muraro","FEAST","FEAST","dip","mixed","SC3","true",NA,101,0,1,101,300,300,1125,10,10,10,2126,0,NA,NA,NA,FALSE,0.928393391156493,0.944426425227221,0.89441564655311,0.954844778927563,193.954,"Muraro_FEAST_SC3_n0300_k-true_cs-101_sub-0_seed-101.rds"
"reps","ok","Muraro","FEAST","FEAST","dip","mixed","SC3","true",NA,102,0,1,102,300,300,1125,10,10,10,2126,0,NA,NA,NA,FALSE,0.73211966808678,0.794640392213118,0.641726837136487,0.954374412041392,203.15,"Muraro_FEAST_SC3_n0300_k-true_cs-102_sub-0_seed-102.rds"
"reps","ok","Muraro","FEAST","FEAST","dip","mixed","SC3","true",NA,103,0,1,103,300,300,1125,10,10,10,2126,0,NA,NA,NA,FALSE,0.731448981062484,0.79369884859776,0.64136909261331,0.951081843838194,198.934,"Muraro_FEAST_SC3_n0300_k-true_cs-103_sub-0_seed-103.rds"
"reps","ok","Muraro","FEAST","FEAST","dip","mixed","SC3","true",NA,104,0,1,104,300,300,1125,10,10,10,2126,0,NA,NA,NA,FALSE,0.724783698311774,0.788774210048433,0.633506397181532,0.952492944496707,202.404,"Muraro_FEAST_SC3_n0300_k-true_cs-104_sub-0_seed-104.rds"
"reps","ok","Muraro","FEAST","FEAST","dip","mixed","SC3","true",NA,105,0,1,105,300,300,1125,10,10,10,2126,0,NA,NA,NA,FALSE,0.928228539186804,0.944297596697612,0.894246500893529,0.952492944496707,209.809,"Muraro_FEAST_SC3_n0300_k-true_cs-105_sub-0_seed-105.rds"
"reps","ok","Muraro","FEAST","FEAST","dip","mixed","SC3","true",NA,NA,1,0.9,1,300,300,1129,10,10,10,1914,0,NA,NA,NA,FALSE,0.922680299548361,0.939965243257349,0.886457095966582,0.95350052246604,1715.753,"Muraro_FEAST_SC3_n0300_k-true_cs-hist_sub-1_seed-1.rds"
"reps","ok","Muraro","FEAST","FEAST","dip","mixed","SC3","true",NA,NA,2,0.9,1,300,300,1128,10,10,10,1914,0,NA,NA,NA,FALSE,0.925489966344881,0.942161970948319,0.890497170948892,0.951933124346917,1261.058,"Muraro_FEAST_SC3_n0300_k-true_cs-hist_sub-2_seed-1.rds"
"reps","ok","Muraro","FEAST","FEAST","dip","mixed","SC3","true",NA,NA,3,0.9,1,300,300,1124,10,10,10,1914,0,NA,NA,NA,FALSE,0.928461306743419,0.944467150725584,0.894578888304238,0.951933124346917,1514.064,"Muraro_FEAST_SC3_n0300_k-true_cs-hist_sub-3_seed-1.rds"
"reps","ok","Muraro","FEAST","FEAST","dip","mixed","SC3","true",NA,NA,4,0.9,1,300,300,1125,10,10,10,1914,0,NA,NA,NA,FALSE,0.927776463282083,0.94393268417308,0.893577797769149,0.951933124346917,1367.149,"Muraro_FEAST_SC3_n0300_k-true_cs-hist_sub-4_seed-1.rds"
"reps","ok","Muraro","FEAST","FEAST","dip","mixed","SC3","true",NA,NA,5,0.9,1,300,300,1128,10,10,10,1914,0,NA,NA,NA,FALSE,0.929371187595036,0.945176462864618,0.895737789263205,0.959770114942529,1384.142,"Muraro_FEAST_SC3_n0300_k-true_cs-hist_sub-5_seed-1.rds"
"reps","ok","Muraro","Seurat","Seurat","dip","mixed","Refined Louvain","true",NA,101,0,1,101,100,100,1125,10,10,10,2126,0,NA,NA,NA,FALSE,0.328308719711394,0.458306579510385,0.288650064167573,0.722013170272813,17.885,"Muraro_Seurat_RefinedLouvain_n0100_k-true_cs-101_sub-0_seed-101.rds"
"reps","ok","Muraro","Seurat","Seurat","dip","mixed","Refined Louvain","true",NA,102,0,1,102,100,100,1125,10,10,10,2126,0,NA,NA,NA,FALSE,0.328308719711394,0.458306579510385,0.288650064167573,0.722013170272813,18.186,"Muraro_Seurat_RefinedLouvain_n0100_k-true_cs-102_sub-0_seed-102.rds"
"reps","ok","Muraro","Seurat","Seurat","dip","mixed","Refined Louvain","true",NA,103,0,1,103,100,100,1125,10,10,10,2126,0,NA,NA,NA,FALSE,0.328308719711394,0.458306579510385,0.288650064167573,0.722013170272813,18.701,"Muraro_Seurat_RefinedLouvain_n0100_k-true_cs-103_sub-0_seed-103.rds"
"reps","ok","Muraro","Seurat","Seurat","dip","mixed","Refined Louvain","true",NA,104,0,1,104,100,100,1125,10,10,10,2126,0,NA,NA,NA,FALSE,0.328649386413167,0.458601589424764,0.288902656356363,0.722013170272813,18.542,"Muraro_Seurat_RefinedLouvain_n0100_k-true_cs-104_sub-0_seed-104.rds"
"reps","ok","Muraro","Seurat","Seurat","dip","mixed","Refined Louvain","true",NA,105,0,1,105,100,100,1125,10,10,10,2126,0,NA,NA,NA,FALSE,0.328649386413167,0.458601589424764,0.288902656356363,0.722013170272813,18.899,"Muraro_Seurat_RefinedLouvain_n0100_k-true_cs-105_sub-0_seed-105.rds"
"reps","ok","Muraro","Seurat","Seurat","dip","mixed","Refined Louvain","true",NA,NA,1,0.9,1,100,100,1129,10,10,10,1914,0,NA,NA,NA,FALSE,0.257955424099566,0.403110313166573,0.248020205972606,0.649947753396029,17.616,"Muraro_Seurat_RefinedLouvain_n0100_k-true_cs-hist_sub-1_seed-1.rds"
"reps","ok","Muraro","Seurat","Seurat","dip","mixed","Refined Louvain","true",NA,NA,2,0.9,1,100,100,1128,10,10,10,1914,0,NA,NA,NA,FALSE,0.31402370898107,0.444412954260671,0.274549737354796,0.717868338557994,15.383,"Muraro_Seurat_RefinedLouvain_n0100_k-true_cs-hist_sub-2_seed-1.rds"
"reps","ok","Muraro","Seurat","Seurat","dip","mixed","Refined Louvain","true",NA,NA,3,0.9,1,100,100,1124,10,10,10,1914,0,NA,NA,NA,FALSE,0.255602888089998,0.391248712963621,0.229523566504672,0.699582027168234,19.458,"Muraro_Seurat_RefinedLouvain_n0100_k-true_cs-hist_sub-3_seed-1.rds"
"reps","ok","Muraro","Seurat","Seurat","dip","mixed","Refined Louvain","true",NA,NA,4,0.9,1,100,100,1125,10,10,10,1914,0,NA,NA,NA,FALSE,0.345965411580566,0.474088056419789,0.303241901820552,0.723615464994775,16.898,"Muraro_Seurat_RefinedLouvain_n0100_k-true_cs-hist_sub-4_seed-1.rds"
"reps","ok","Muraro","Seurat","Seurat","dip","mixed","Refined Louvain","true",NA,NA,5,0.9,1,100,100,1128,10,10,10,1914,0,NA,NA,NA,FALSE,0.227868145807512,0.368244838477333,0.214946584466774,0.630094043887147,16.458,"Muraro_Seurat_RefinedLouvain_n0100_k-true_cs-hist_sub-5_seed-1.rds"
"reps","ok","Muraro","Seurat","Seurat","dip","mixed","Refined Louvain","true",NA,101,0,1,101,300,300,1125,10,10,10,2126,0,NA,NA,NA,FALSE,0.7888632797838,0.835324967817685,0.716298314063911,0.907337723424271,18.976,"Muraro_Seurat_RefinedLouvain_n0300_k-true_cs-101_sub-0_seed-101.rds"
"reps","ok","Muraro","Seurat","Seurat","dip","mixed","Refined Louvain","true",NA,102,0,1,102,300,300,1125,10,10,10,2126,0,NA,NA,NA,FALSE,0.7888632797838,0.835324967817685,0.716298314063911,0.907337723424271,21.532,"Muraro_Seurat_RefinedLouvain_n0300_k-true_cs-102_sub-0_seed-102.rds"
"reps","ok","Muraro","Seurat","Seurat","dip","mixed","Refined Louvain","true",NA,103,0,1,103,300,300,1125,10,10,10,2126,0,NA,NA,NA,FALSE,0.7888632797838,0.835324967817685,0.716298314063911,0.907337723424271,19.722,"Muraro_Seurat_RefinedLouvain_n0300_k-true_cs-103_sub-0_seed-103.rds"
"reps","ok","Muraro","Seurat","Seurat","dip","mixed","Refined Louvain","true",NA,104,0,1,104,300,300,1125,10,10,10,2126,0,NA,NA,NA,FALSE,0.7888632797838,0.835324967817685,0.716298314063911,0.907337723424271,17.975,"Muraro_Seurat_RefinedLouvain_n0300_k-true_cs-104_sub-0_seed-104.rds"
"reps","ok","Muraro","Seurat","Seurat","dip","mixed","Refined Louvain","true",NA,105,0,1,105,300,300,1125,10,10,10,2126,0,NA,NA,NA,FALSE,0.7888632797838,0.835324967817685,0.716298314063911,0.907337723424271,17.061,"Muraro_Seurat_RefinedLouvain_n0300_k-true_cs-105_sub-0_seed-105.rds"
"reps","ok","Muraro","Seurat","Seurat","dip","mixed","Refined Louvain","true",NA,NA,1,0.9,1,300,300,1129,10,10,10,1914,0,NA,NA,NA,FALSE,0.556209548339831,0.651584872792405,0.461936429413939,0.896551724137931,17.94,"Muraro_Seurat_RefinedLouvain_n0300_k-true_cs-hist_sub-1_seed-1.rds"
"reps","ok","Muraro","Seurat","Seurat","dip","mixed","Refined Louvain","true",NA,NA,2,0.9,1,300,300,1128,10,10,10,1914,0,NA,NA,NA,FALSE,0.654567565443033,0.731398961736673,0.559163586640131,0.931034482758621,17.153,"Muraro_Seurat_RefinedLouvain_n0300_k-true_cs-hist_sub-2_seed-1.rds"
"reps","ok","Muraro","Seurat","Seurat","dip","mixed","Refined Louvain","true",NA,NA,3,0.9,1,300,300,1124,10,10,10,1914,0,NA,NA,NA,FALSE,0.777583450996535,0.826256791710922,0.702074015419154,0.90073145245559,16.396,"Muraro_Seurat_RefinedLouvain_n0300_k-true_cs-hist_sub-3_seed-1.rds"
"reps","ok","Muraro","Seurat","Seurat","dip","mixed","Refined Louvain","true",NA,NA,4,0.9,1,300,300,1125,10,10,10,1914,0,NA,NA,NA,FALSE,0.766582375869145,0.817557774222988,0.688888162696208,0.903343782654128,17.634,"Muraro_Seurat_RefinedLouvain_n0300_k-true_cs-hist_sub-4_seed-1.rds"
"reps","ok","Muraro","Seurat","Seurat","dip","mixed","Refined Louvain","true",NA,NA,5,0.9,1,300,300,1128,10,10,10,1914,0,NA,NA,NA,FALSE,0.764919592052293,0.81631253795348,0.688073512788664,0.899686520376176,17.203,"Muraro_Seurat_RefinedLouvain_n0300_k-true_cs-hist_sub-5_seed-1.rds"
"reps","ok","Muraro","Seurat","Seurat","dip","mixed","SC3","true",NA,101,0,1,101,100,100,1125,10,10,10,2126,0,NA,NA,NA,FALSE,0.269352346385854,0.411061283550392,0.253201689736277,0.646284101599247,200.117,"Muraro_Seurat_SC3_n0100_k-true_cs-101_sub-0_seed-101.rds"
"reps","ok","Muraro","Seurat","Seurat","dip","mixed","SC3","true",NA,102,0,1,102,100,100,1125,10,10,10,2126,0,NA,NA,NA,FALSE,0.334019669510117,0.477639894293531,0.313257908166709,0.653339604891816,165.702,"Muraro_Seurat_SC3_n0100_k-true_cs-102_sub-0_seed-102.rds"
"reps","ok","Muraro","Seurat","Seurat","dip","mixed","SC3","true",NA,103,0,1,103,100,100,1125,10,10,10,2126,0,NA,NA,NA,FALSE,0.268845979647923,0.411417962779232,0.253975749803595,0.668391345249294,203.65,"Muraro_Seurat_SC3_n0100_k-true_cs-103_sub-0_seed-103.rds"
"reps","ok","Muraro","Seurat","Seurat","dip","mixed","SC3","true",NA,104,0,1,104,100,100,1125,10,10,10,2126,0,NA,NA,NA,FALSE,0.250505221952399,0.399418918860405,0.246250951251175,0.640169332079022,184.012,"Muraro_Seurat_SC3_n0100_k-true_cs-104_sub-0_seed-104.rds"
"reps","ok","Muraro","Seurat","Seurat","dip","mixed","SC3","true",NA,105,0,1,105,100,100,1125,10,10,10,2126,0,NA,NA,NA,FALSE,0.309280525307848,0.447189347920925,0.283968830928865,0.664628410159925,169.876,"Muraro_Seurat_SC3_n0100_k-true_cs-105_sub-0_seed-105.rds"
"reps","ok","Muraro","Seurat","Seurat","dip","mixed","SC3","true",NA,NA,1,0.9,1,100,100,1129,10,10,10,1914,0,NA,NA,NA,FALSE,0.297090389584373,0.431270232890786,0.266258495759142,0.696969696969697,1713.553,"Muraro_Seurat_SC3_n0100_k-true_cs-hist_sub-1_seed-1.rds"
"reps","ok","Muraro","Seurat","Seurat","dip","mixed","SC3","true",NA,NA,2,0.9,1,100,100,1128,10,10,10,1914,0,NA,NA,NA,FALSE,0.283937094472767,0.422075857238402,0.260985382016158,0.656739811912226,1794.418,"Muraro_Seurat_SC3_n0100_k-true_cs-hist_sub-2_seed-1.rds"
"reps","ok","Muraro","Seurat","Seurat","dip","mixed","SC3","true",NA,NA,3,0.9,1,100,100,1124,10,10,10,1914,0,NA,NA,NA,FALSE,0.238557990148296,0.381449446411449,0.228214648792628,0.654127481713689,1781.68,"Muraro_Seurat_SC3_n0100_k-true_cs-hist_sub-3_seed-1.rds"
"reps","ok","Muraro","Seurat","Seurat","dip","mixed","SC3","true",NA,NA,4,0.9,1,100,100,1125,10,10,10,1914,0,NA,NA,NA,FALSE,0.322514086082733,0.461464539230576,0.297615688241831,0.670323928944619,1822.591,"Muraro_Seurat_SC3_n0100_k-true_cs-hist_sub-4_seed-1.rds"
"reps","ok","Muraro","Seurat","Seurat","dip","mixed","SC3","true",NA,NA,5,0.9,1,100,100,1128,10,10,10,1914,0,NA,NA,NA,FALSE,0.301446242558761,0.43962717331854,0.277184592099018,0.694879832810867,1836.47,"Muraro_Seurat_SC3_n0100_k-true_cs-hist_sub-5_seed-1.rds"
"reps","ok","Muraro","Seurat","Seurat","dip","mixed","SC3","true",NA,101,0,1,101,300,300,1125,10,10,10,2126,0,NA,NA,NA,FALSE,0.664729600101818,0.737615945738685,0.573213732383079,0.897930385700847,189.127,"Muraro_Seurat_SC3_n0300_k-true_cs-101_sub-0_seed-101.rds"
"reps","ok","Muraro","Seurat","Seurat","dip","mixed","SC3","true",NA,102,0,1,102,300,300,1125,10,10,10,2126,0,NA,NA,NA,FALSE,0.670787140438795,0.742324663412464,0.579887234761574,0.897930385700847,217.673,"Muraro_Seurat_SC3_n0300_k-true_cs-102_sub-0_seed-102.rds"
"reps","ok","Muraro","Seurat","Seurat","dip","mixed","SC3","true",NA,103,0,1,103,300,300,1125,10,10,10,2126,0,NA,NA,NA,FALSE,0.584075580454257,0.6742008011917,0.488982150332199,0.889934148635936,195.975,"Muraro_Seurat_SC3_n0300_k-true_cs-103_sub-0_seed-103.rds"
"reps","ok","Muraro","Seurat","Seurat","dip","mixed","SC3","true",NA,104,0,1,104,300,300,1125,10,10,10,2126,0,NA,NA,NA,FALSE,0.661394186590354,0.73495195732621,0.569720761056026,0.897930385700847,176.588,"Muraro_Seurat_SC3_n0300_k-true_cs-104_sub-0_seed-104.rds"
"reps","ok","Muraro","Seurat","Seurat","dip","mixed","SC3","true",NA,105,0,1,105,300,300,1125,10,10,10,2126,0,NA,NA,NA,FALSE,0.695364218589748,0.76472342373321,0.601728231821441,0.937441204139229,232.85,"Muraro_Seurat_SC3_n0300_k-true_cs-105_sub-0_seed-105.rds"
"reps","ok","Muraro","Seurat","Seurat","dip","mixed","SC3","true",NA,NA,1,0.9,1,300,300,1129,10,10,10,1914,0,NA,NA,NA,FALSE,0.645298810347645,0.721916166216437,0.553212689062042,0.88871473354232,1987.498,"Muraro_Seurat_SC3_n0300_k-true_cs-hist_sub-1_seed-1.rds"
"reps","ok","Muraro","Seurat","Seurat","dip","mixed","SC3","true",NA,NA,2,0.9,1,300,300,1128,10,10,10,1914,0,NA,NA,NA,FALSE,0.660143546350394,0.733704703925391,0.568826668241873,0.890282131661442,1678.722,"Muraro_Seurat_SC3_n0300_k-true_cs-hist_sub-2_seed-1.rds"
"reps","ok","Muraro","Seurat","Seurat","dip","mixed","SC3","true",NA,NA,3,0.9,1,300,300,1124,10,10,10,1914,0,NA,NA,NA,FALSE,0.685982221557642,0.757257741768115,0.591462267397839,0.931556948798328,1799.987,"Muraro_Seurat_SC3_n0300_k-true_cs-hist_sub-3_seed-1.rds"
"reps","ok","Muraro","Seurat","Seurat","dip","mixed","SC3","true",NA,NA,4,0.9,1,300,300,1125,10,10,10,1914,0,NA,NA,NA,FALSE,0.695031752568055,0.763940655956124,0.601866045566655,0.938871473354232,1736.46,"Muraro_Seurat_SC3_n0300_k-true_cs-hist_sub-4_seed-1.rds"
"reps","ok","Muraro","Seurat","Seurat","dip","mixed","SC3","true",NA,NA,5,0.9,1,300,300,1128,10,10,10,1914,0,NA,NA,NA,FALSE,0.600478283795235,0.686934657112496,0.50582311049041,0.887669801462905,1953.255,"Muraro_Seurat_SC3_n0300_k-true_cs-hist_sub-5_seed-1.rds"
"reps","ok","Romanov","DIFS","DIFS","dip","mixed","Refined Louvain","true",NA,101,0,1,101,100,100,2332,7,7,7,2881,0,500,3208,"1:3",FALSE,0.45129736064792,0.573524452882103,0.394694902046778,0.7709128774731,714.422,"Romanov_DIFS_RefinedLouvain_n0100_k-true_cs-101_sub-0_seed-101.rds"
"reps","ok","Romanov","DIFS","DIFS","dip","mixed","Refined Louvain","true",NA,102,0,1,102,100,100,2332,7,7,8,2881,0,500,2458,"1:3",FALSE,0.481196422140491,0.596783871960575,0.413915967977233,0.819854217285665,756.511,"Romanov_DIFS_RefinedLouvain_n0100_k-true_cs-102_sub-0_seed-102.rds"
"reps","ok","Romanov","DIFS","DIFS","dip","mixed","Refined Louvain","true",NA,103,0,1,103,100,100,2332,7,7,8,2881,0,500,3125,"2:1",FALSE,0.496531277542988,0.609256395863716,0.424696550985166,0.82089552238806,731.25,"Romanov_DIFS_RefinedLouvain_n0100_k-true_cs-103_sub-0_seed-103.rds"
"reps","ok","Romanov","DIFS","DIFS","dip","mixed","Refined Louvain","true",NA,104,0,1,104,100,100,2332,7,7,8,2881,0,1100,3228,"2:1",FALSE,0.498786142473761,0.61109804895977,0.427701244278574,0.823672335994446,750.173,"Romanov_DIFS_RefinedLouvain_n0100_k-true_cs-104_sub-0_seed-104.rds"
"reps","ok","Romanov","DIFS","DIFS","dip","mixed","Refined Louvain","true",NA,105,0,1,105,100,100,2332,7,7,7,2881,0,500,3421,"2:1",FALSE,0.502482125191675,0.617013719777063,0.442716864536073,0.81048247136411,746.818,"Romanov_DIFS_RefinedLouvain_n0100_k-true_cs-105_sub-0_seed-105.rds"
"reps","ok","Romanov","DIFS","DIFS","dip","mixed","Refined Louvain","true",NA,NA,1,0.9,1,100,100,2345,7,7,8,2592,0,700,3031,"3:2",FALSE,0.48685139281732,0.601365381477598,0.417569082447687,0.820216049382716,650.148,"Romanov_DIFS_RefinedLouvain_n0100_k-true_cs-hist_sub-1_seed-1.rds"
"reps","ok","Romanov","DIFS","DIFS","dip","mixed","Refined Louvain","true",NA,NA,2,0.9,1,100,100,2352,7,7,8,2592,0,700,3319,"2:3",FALSE,0.489286930305542,0.603345674627073,0.419004889800835,0.824845679012346,663.636,"Romanov_DIFS_RefinedLouvain_n0100_k-true_cs-hist_sub-2_seed-1.rds"
"reps","ok","Romanov","DIFS","DIFS","dip","mixed","Refined Louvain","true",NA,NA,3,0.9,1,100,100,2343,7,7,7,2592,0,800,2776,"1:2",FALSE,0.526475136660732,0.636173475361351,0.463329353654905,0.821373456790123,611.867,"Romanov_DIFS_RefinedLouvain_n0100_k-true_cs-hist_sub-3_seed-1.rds"
"reps","ok","Romanov","DIFS","DIFS","dip","mixed","Refined Louvain","true",NA,NA,4,0.9,1,100,100,2350,7,7,7,2592,0,1300,2794,"1:3",FALSE,0.504048763715869,0.617332273479704,0.441815272833883,0.798611111111111,724.471,"Romanov_DIFS_RefinedLouvain_n0100_k-true_cs-hist_sub-4_seed-1.rds"
"reps","ok","Romanov","DIFS","DIFS","dip","mixed","Refined Louvain","true",NA,NA,5,0.9,1,100,100,2342,7,7,8,2592,0,500,3271,"1:1",FALSE,0.462354757969662,0.582068513786368,0.402023721522115,0.809027777777778,608.674,"Romanov_DIFS_RefinedLouvain_n0100_k-true_cs-hist_sub-5_seed-1.rds"
"reps","ok","Romanov","DIFS","DIFS","dip","mixed","Refined Louvain","true",NA,101,0,1,101,300,300,2332,7,7,7,2881,0,500,3208,"2:3",FALSE,0.539561918347577,0.646684331895271,0.4750390506365,0.826796251301631,1100.154,"Romanov_DIFS_RefinedLouvain_n0300_k-true_cs-101_sub-0_seed-101.rds"
"reps","ok","Romanov","DIFS","DIFS","dip","mixed","Refined Louvain","true",NA,102,0,1,102,300,300,2332,7,7,7,2881,0,500,2458,"1:3",FALSE,0.568002447795961,0.670463523547531,0.502930906375,0.822631030892051,1062.782,"Romanov_DIFS_RefinedLouvain_n0300_k-true_cs-102_sub-0_seed-102.rds"
"reps","ok","Romanov","DIFS","DIFS","dip","mixed","Refined Louvain","true",NA,103,0,1,103,300,300,2332,7,7,7,2881,0,500,3125,"2:3",FALSE,0.584271007258895,0.682435802222625,0.516127769513818,0.819507115584866,767.318,"Romanov_DIFS_RefinedLouvain_n0300_k-true_cs-103_sub-0_seed-103.rds"
"reps","ok","Romanov","DIFS","DIFS","dip","mixed","Refined Louvain","true",NA,104,0,1,104,300,300,2332,7,7,7,2881,0,1100,3228,"1:2",FALSE,0.569128524689511,0.672258233267929,0.505484049138177,0.824366539396043,754.638,"Romanov_DIFS_RefinedLouvain_n0300_k-true_cs-104_sub-0_seed-104.rds"
"reps","ok","Romanov","DIFS","DIFS","dip","mixed","Refined Louvain","true",NA,105,0,1,105,300,300,2332,7,7,7,2881,0,500,3421,"1:3",FALSE,0.579326163210222,0.679284717071665,0.513037800570312,0.828184658104825,756.368,"Romanov_DIFS_RefinedLouvain_n0300_k-true_cs-105_sub-0_seed-105.rds"
"reps","ok","Romanov","DIFS","DIFS","dip","mixed","Refined Louvain","true",NA,NA,1,0.9,1,300,300,2345,7,7,7,2592,0,700,3031,"2:3",FALSE,0.625060602075448,0.713561091455814,0.552266953584985,0.835648148148148,632.234,"Romanov_DIFS_RefinedLouvain_n0300_k-true_cs-hist_sub-1_seed-1.rds"
"reps","ok","Romanov","DIFS","DIFS","dip","mixed","Refined Louvain","true",NA,NA,2,0.9,1,300,300,2352,7,7,7,2592,0,700,3319,"1:2",FALSE,0.583112986780585,0.682164890697167,0.516303373941241,0.833719135802469,657.767,"Romanov_DIFS_RefinedLouvain_n0300_k-true_cs-hist_sub-2_seed-1.rds"
"reps","ok","Romanov","DIFS","DIFS","dip","mixed","Refined Louvain","true",NA,NA,3,0.9,1,300,300,2343,7,7,7,2592,0,800,2776,"2:3",FALSE,0.609543105642004,0.706606581660549,0.546315781673755,0.829861111111111,681.18,"Romanov_DIFS_RefinedLouvain_n0300_k-true_cs-hist_sub-3_seed-1.rds"
"reps","ok","Romanov","DIFS","DIFS","dip","mixed","Refined Louvain","true",NA,NA,4,0.9,1,300,300,2350,7,7,7,2592,0,1300,2794,"3:2",FALSE,0.54375057431752,0.651126146835327,0.480943748964669,0.823688271604938,592.751,"Romanov_DIFS_RefinedLouvain_n0300_k-true_cs-hist_sub-4_seed-1.rds"
"reps","ok","Romanov","DIFS","DIFS","dip","mixed","Refined Louvain","true",NA,NA,5,0.9,1,300,300,2342,7,7,7,2592,0,500,3271,"1:3",FALSE,0.567350075440213,0.670547949304077,0.503361357232961,0.822145061728395,696.789,"Romanov_DIFS_RefinedLouvain_n0300_k-true_cs-hist_sub-5_seed-1.rds"
"reps","ok","Romanov","DIFS","DIFS","dip","mixed","SC3","true",NA,101,0,1,101,100,100,2332,7,7,7,2881,0,500,3208,"1:3",FALSE,0.515146551943198,0.62890084235059,0.456918409099838,0.765012148559528,1121.799,"Romanov_DIFS_SC3_n0100_k-true_cs-101_sub-0_seed-101.rds"
"reps","ok","Romanov","DIFS","DIFS","dip","mixed","SC3","true",NA,102,0,1,102,100,100,2332,7,7,7,2881,0,500,2458,"1:3",FALSE,0.458144788656787,0.588665737021343,0.41670039350343,0.71468240194377,1159.61,"Romanov_DIFS_SC3_n0100_k-true_cs-102_sub-0_seed-102.rds"
"reps","ok","Romanov","DIFS","DIFS","dip","mixed","SC3","true",NA,103,0,1,103,100,100,2332,7,7,7,2881,0,500,3125,"2:1",FALSE,0.511097307289969,0.637064955461607,0.467091671580614,0.715029503644568,1134.115,"Romanov_DIFS_SC3_n0100_k-true_cs-103_sub-0_seed-103.rds"
"reps","ok","Romanov","DIFS","DIFS","dip","mixed","SC3","true",NA,104,0,1,104,100,100,2332,7,7,7,2881,0,1100,3228,"2:1",FALSE,0.576684599107369,0.680567316160209,0.515696516875608,0.762235334953141,997.907,"Romanov_DIFS_SC3_n0100_k-true_cs-104_sub-0_seed-104.rds"
"reps","ok","Romanov","DIFS","DIFS","dip","mixed","SC3","true",NA,105,0,1,105,100,100,2332,7,7,7,2881,0,500,3421,"2:1",FALSE,0.540077946471784,0.651650530210957,0.482986098555097,0.7709128774731,1048.124,"Romanov_DIFS_SC3_n0100_k-true_cs-105_sub-0_seed-105.rds"
"reps","ok","Romanov","DIFS","DIFS","dip","mixed","SC3","true",NA,NA,1,0.9,1,100,100,2345,7,7,7,2592,0,700,3031,"3:2",FALSE,0.526436597822515,0.646720324772794,0.477780069931888,0.716435185185185,829.487,"Romanov_DIFS_SC3_n0100_k-true_cs-hist_sub-1_seed-1.rds"
"reps","ok","Romanov","DIFS","DIFS","dip","mixed","SC3","true",NA,NA,2,0.9,1,100,100,2352,7,7,7,2592,0,700,3319,"2:3",FALSE,0.481642234471804,0.607375038784062,0.435868177176963,0.710262345679012,1249.742,"Romanov_DIFS_SC3_n0100_k-true_cs-hist_sub-2_seed-1.rds"
"reps","ok","Romanov","DIFS","DIFS","dip","mixed","SC3","true",NA,NA,3,0.9,1,100,100,2343,7,7,7,2592,0,800,2776,"1:2",FALSE,0.467936531282957,0.597760548124942,0.426133968725071,0.710262345679012,1024.04,"Romanov_DIFS_SC3_n0100_k-true_cs-hist_sub-3_seed-1.rds"
"reps","ok","Romanov","DIFS","DIFS","dip","mixed","SC3","true",NA,NA,4,0.9,1,100,100,2350,7,7,7,2592,0,1300,2794,"1:3",FALSE,0.4994748154514,0.613770727663266,0.438201879915743,0.766975308641975,944.073,"Romanov_DIFS_SC3_n0100_k-true_cs-hist_sub-4_seed-1.rds"
"reps","ok","Romanov","DIFS","DIFS","dip","mixed","SC3","true",NA,NA,5,0.9,1,100,100,2342,7,7,7,2592,0,500,3271,"1:1",FALSE,0.549339276025179,0.658411742401834,0.490383926225004,0.798996913580247,893.798,"Romanov_DIFS_SC3_n0100_k-true_cs-hist_sub-5_seed-1.rds"
"reps","ok","Romanov","DIFS","DIFS","dip","mixed","SC3","true",NA,101,0,1,101,300,300,2332,7,7,7,2881,0,500,3208,"2:3",FALSE,0.601221874672599,0.704976132232286,0.543752682199382,0.779937521693856,1097.528,"Romanov_DIFS_SC3_n0300_k-true_cs-101_sub-0_seed-101.rds"
"reps","ok","Romanov","DIFS","DIFS","dip","mixed","SC3","true",NA,102,0,1,102,300,300,2332,7,7,7,2881,0,500,2458,"1:3",FALSE,0.521993450295029,0.636688855179921,0.466403664396493,0.759458521346755,1055.943,"Romanov_DIFS_SC3_n0300_k-true_cs-102_sub-0_seed-102.rds"
"reps","ok","Romanov","DIFS","DIFS","dip","mixed","SC3","true",NA,103,0,1,103,300,300,2332,7,7,7,2881,0,500,3125,"2:3",FALSE,0.562977907552685,0.668651085426266,0.501812148825818,0.780631725095453,1141.572,"Romanov_DIFS_SC3_n0300_k-true_cs-103_sub-0_seed-103.rds"
"reps","ok","Romanov","DIFS","DIFS","dip","mixed","SC3","true",NA,104,0,1,104,300,300,2332,7,7,7,2881,0,1100,3228,"1:2",FALSE,0.534236521424205,0.644117625105799,0.473544449378836,0.778549114890663,1138.303,"Romanov_DIFS_SC3_n0300_k-true_cs-104_sub-0_seed-104.rds"
"reps","ok","Romanov","DIFS","DIFS","dip","mixed","SC3","true",NA,105,0,1,105,300,300,2332,7,7,7,2881,0,500,3421,"1:3",FALSE,0.528689426628745,0.6399478682147,0.469096987033722,0.77716070808747,1147.024,"Romanov_DIFS_SC3_n0300_k-true_cs-105_sub-0_seed-105.rds"
"reps","ok","Romanov","DIFS","DIFS","dip","mixed","SC3","true",NA,NA,1,0.9,1,300,300,2345,7,7,7,2592,0,700,3031,"2:3",FALSE,0.567357742792686,0.671494092020234,0.504853180771875,0.785493827160494,821.109,"Romanov_DIFS_SC3_n0300_k-true_cs-hist_sub-1_seed-1.rds"
"reps","ok","Romanov","DIFS","DIFS","dip","mixed","SC3","true",NA,NA,2,0.9,1,300,300,2352,7,7,7,2592,0,700,3319,"1:2",FALSE,0.54654754048195,0.657752264259998,0.489927296952844,0.765432098765432,835.197,"Romanov_DIFS_SC3_n0300_k-true_cs-hist_sub-2_seed-1.rds"
"reps","ok","Romanov","DIFS","DIFS","dip","mixed","SC3","true",NA,NA,3,0.9,1,300,300,2343,7,7,7,2592,0,800,2776,"2:3",FALSE,0.49070836516047,0.615346237164585,0.444282370650165,0.712191358024691,940.357,"Romanov_DIFS_SC3_n0300_k-true_cs-hist_sub-3_seed-1.rds"
"reps","ok","Romanov","DIFS","DIFS","dip","mixed","SC3","true",NA,NA,4,0.9,1,300,300,2350,7,7,7,2592,0,1300,2794,"3:2",FALSE,0.536659729859775,0.646741860086103,0.476806384623264,0.777777777777778,911.653,"Romanov_DIFS_SC3_n0300_k-true_cs-hist_sub-4_seed-1.rds"
"reps","ok","Romanov","DIFS","DIFS","dip","mixed","SC3","true",NA,NA,5,0.9,1,300,300,2342,7,7,7,2592,0,500,3271,"1:3",FALSE,0.55497084566285,0.662587777742234,0.495006685127276,0.781635802469136,866.63,"Romanov_DIFS_SC3_n0300_k-true_cs-hist_sub-5_seed-1.rds"
"reps","ok","Romanov","FEAST","FEAST","dip","mixed","Refined Louvain","true",NA,101,0,1,101,100,100,2332,7,7,6,2881,0,NA,NA,NA,FALSE,0.576967061546149,0.67753296150518,0.511075907835354,0.786879555709823,69.074,"Romanov_FEAST_RefinedLouvain_n0100_k-true_cs-101_sub-0_seed-101.rds"
"reps","ok","Romanov","FEAST","FEAST","dip","mixed","Refined Louvain","true",NA,102,0,1,102,100,100,2332,7,7,7,2881,0,NA,NA,NA,FALSE,0.496052734521655,0.60962374297149,0.431016677812875,0.807358556056925,67.01,"Romanov_FEAST_RefinedLouvain_n0100_k-true_cs-102_sub-0_seed-102.rds"
"reps","ok","Romanov","FEAST","FEAST","dip","mixed","Refined Louvain","true",NA,103,0,1,103,100,100,2332,7,7,7,2881,0,NA,NA,NA,FALSE,0.397856866329274,0.5297218937544,0.352525636799936,0.752516487330788,66.675,"Romanov_FEAST_RefinedLouvain_n0100_k-true_cs-103_sub-0_seed-103.rds"
"reps","ok","Romanov","FEAST","FEAST","dip","mixed","Refined Louvain","true",NA,104,0,1,104,100,100,2332,7,7,7,2881,0,NA,NA,NA,FALSE,0.399120871167652,0.529675973435495,0.350451281633574,0.770218674071503,65.13,"Romanov_FEAST_RefinedLouvain_n0100_k-true_cs-104_sub-0_seed-104.rds"
"reps","ok","Romanov","FEAST","FEAST","dip","mixed","Refined Louvain","true",NA,105,0,1,105,100,100,2332,7,7,7,2881,0,NA,NA,NA,FALSE,0.413089869708751,0.542154759177004,0.364038724737239,0.749392572023603,57.111,"Romanov_FEAST_RefinedLouvain_n0100_k-true_cs-105_sub-0_seed-105.rds"
"reps","ok","Romanov","FEAST","FEAST","dip","mixed","Refined Louvain","true",NA,NA,1,0.9,1,100,100,2345,7,7,7,2592,0,NA,NA,NA,FALSE,0.381551116598431,0.515230060244336,0.337428319343625,0.761188271604938,58.292,"Romanov_FEAST_RefinedLouvain_n0100_k-true_cs-hist_sub-1_seed-1.rds"
"reps","ok","Romanov","FEAST","FEAST","dip","mixed","Refined Louvain","true",NA,NA,2,0.9,1,100,100,2352,7,7,7,2592,0,NA,NA,NA,FALSE,0.441441433338539,0.569047860946186,0.394456689137472,0.762345679012346,54.642,"Romanov_FEAST_RefinedLouvain_n0100_k-true_cs-hist_sub-2_seed-1.rds"
"reps","ok","Romanov","FEAST","FEAST","dip","mixed","Refined Louvain","true",NA,NA,3,0.9,1,100,100,2343,7,7,7,2592,0,NA,NA,NA,FALSE,0.346056866427256,0.489478842844442,0.318655319009211,0.703703703703704,65.859,"Romanov_FEAST_RefinedLouvain_n0100_k-true_cs-hist_sub-3_seed-1.rds"
"reps","ok","Romanov","FEAST","FEAST","dip","mixed","Refined Louvain","true",NA,NA,4,0.9,1,100,100,2350,7,7,7,2592,0,NA,NA,NA,FALSE,0.370915333160593,0.511890673785364,0.340178651240022,0.703317901234568,63.054,"Romanov_FEAST_RefinedLouvain_n0100_k-true_cs-hist_sub-4_seed-1.rds"
"reps","ok","Romanov","FEAST","FEAST","dip","mixed","Refined Louvain","true",NA,NA,5,0.9,1,100,100,2342,7,7,7,2592,0,NA,NA,NA,FALSE,0.399372772045176,0.530718749042889,0.352991197386638,0.760802469135803,61.588,"Romanov_FEAST_RefinedLouvain_n0100_k-true_cs-hist_sub-5_seed-1.rds"
"reps","ok","Romanov","FEAST","FEAST","dip","mixed","Refined Louvain","true",NA,101,0,1,101,300,300,2332,7,7,7,2881,0,NA,NA,NA,FALSE,0.602061537783334,0.695431046773381,0.530256766079027,0.84796945505033,65.025,"Romanov_FEAST_RefinedLouvain_n0300_k-true_cs-101_sub-0_seed-101.rds"
"reps","ok","Romanov","FEAST","FEAST","dip","mixed","Refined Louvain","true",NA,102,0,1,102,300,300,2332,7,7,7,2881,0,NA,NA,NA,FALSE,0.559432993895156,0.660206062536472,0.482069397583086,0.842762929538355,63.922,"Romanov_FEAST_RefinedLouvain_n0300_k-true_cs-102_sub-0_seed-102.rds"
"reps","ok","Romanov","FEAST","FEAST","dip","mixed","Refined Louvain","true",NA,103,0,1,103,300,300,2332,7,7,6,2881,0,NA,NA,NA,FALSE,0.526670196937391,0.641524101647719,0.471946977235269,0.768483165567511,70.467,"Romanov_FEAST_RefinedLouvain_n0300_k-true_cs-103_sub-0_seed-103.rds"
"reps","ok","Romanov","FEAST","FEAST","dip","mixed","Refined Louvain","true",NA,104,0,1,104,300,300,2332,7,7,7,2881,0,NA,NA,NA,FALSE,0.570865330325954,0.676929758273866,0.511605413008797,0.813259284970496,67.183,"Romanov_FEAST_RefinedLouvain_n0300_k-true_cs-104_sub-0_seed-104.rds"
"reps","ok","Romanov","FEAST","FEAST","dip","mixed","Refined Louvain","true",NA,105,0,1,105,300,300,2332,7,7,7,2881,0,NA,NA,NA,FALSE,0.592772770868561,0.692981349637265,0.530125531482588,0.832002776813606,86.16,"Romanov_FEAST_RefinedLouvain_n0300_k-true_cs-105_sub-0_seed-105.rds"
"reps","ok","Romanov","FEAST","FEAST","dip","mixed","Refined Louvain","true",NA,NA,1,0.9,1,300,300,2345,7,7,7,2592,0,NA,NA,NA,FALSE,0.505102143104262,0.619253388218612,0.44522129692055,0.813657407407407,55.34,"Romanov_FEAST_RefinedLouvain_n0300_k-true_cs-hist_sub-1_seed-1.rds"
"reps","ok","Romanov","FEAST","FEAST","dip","mixed","Refined Louvain","true",NA,NA,2,0.9,1,300,300,2352,7,7,7,2592,0,NA,NA,NA,FALSE,0.578856469458403,0.682921156893832,0.518477571479954,0.817901234567901,66.102,"Romanov_FEAST_RefinedLouvain_n0300_k-true_cs-hist_sub-2_seed-1.rds"
"reps","ok","Romanov","FEAST","FEAST","dip","mixed","Refined Louvain","true",NA,NA,3,0.9,1,300,300,2343,7,7,7,2592,0,NA,NA,NA,FALSE,0.573909731886549,0.679268086238031,0.514282847905295,0.815586419753086,63.34,"Romanov_FEAST_RefinedLouvain_n0300_k-true_cs-hist_sub-3_seed-1.rds"
"reps","ok","Romanov","FEAST","FEAST","dip","mixed","Refined Louvain","true",NA,NA,4,0.9,1,300,300,2350,7,7,7,2592,0,NA,NA,NA,FALSE,0.579641047379148,0.683566634716051,0.519226035063251,0.818672839506173,63.485,"Romanov_FEAST_RefinedLouvain_n0300_k-true_cs-hist_sub-4_seed-1.rds"
"reps","ok","Romanov","FEAST","FEAST","dip","mixed","Refined Louvain","true",NA,NA,5,0.9,1,300,300,2342,7,7,7,2592,0,NA,NA,NA,FALSE,0.573836058039485,0.679406498166854,0.514453019379637,0.813657407407407,64.977,"Romanov_FEAST_RefinedLouvain_n0300_k-true_cs-hist_sub-5_seed-1.rds"
"reps","ok","Romanov","FEAST","FEAST","dip","mixed","SC3","true",NA,101,0,1,101,100,100,2332,7,7,7,2881,0,NA,NA,NA,FALSE,0.553856520040905,0.665227870469268,0.498382436559827,0.7709128774731,388.545,"Romanov_FEAST_SC3_n0100_k-true_cs-101_sub-0_seed-101.rds"
"reps","ok","Romanov","FEAST","FEAST","dip","mixed","SC3","true",NA,102,0,1,102,100,100,2332,7,7,7,2881,0,NA,NA,NA,FALSE,0.506860172423178,0.630220569270221,0.460085204090247,0.717112113849358,357.197,"Romanov_FEAST_SC3_n0100_k-true_cs-102_sub-0_seed-102.rds"
"reps","ok","Romanov","FEAST","FEAST","dip","mixed","SC3","true",NA,103,0,1,103,100,100,2332,7,7,7,2881,0,NA,NA,NA,FALSE,0.509162672136689,0.628693357590069,0.458258502536421,0.726830961471711,426.879,"Romanov_FEAST_SC3_n0100_k-true_cs-103_sub-0_seed-103.rds"
"reps","ok","Romanov","FEAST","FEAST","dip","mixed","SC3","true",NA,104,0,1,104,100,100,2332,7,7,7,2881,0,NA,NA,NA,FALSE,0.511981080156424,0.628903340281126,0.458040000029435,0.763970843457133,368.952,"Romanov_FEAST_SC3_n0100_k-true_cs-104_sub-0_seed-104.rds"
"reps","ok","Romanov","FEAST","FEAST","dip","mixed","SC3","true",NA,105,0,1,105,100,100,2332,7,7,7,2881,0,NA,NA,NA,FALSE,0.49257633962024,0.618416441827122,0.447605177993528,0.715723707046165,402.825,"Romanov_FEAST_SC3_n0100_k-true_cs-105_sub-0_seed-105.rds"
"reps","ok","Romanov","FEAST","FEAST","dip","mixed","SC3","true",NA,NA,1,0.9,1,100,100,2345,7,7,7,2592,0,NA,NA,NA,FALSE,0.488179214251724,0.613347967602294,0.442192052351715,0.718364197530864,319.465,"Romanov_FEAST_SC3_n0100_k-true_cs-hist_sub-1_seed-1.rds"
"reps","ok","Romanov","FEAST","FEAST","dip","mixed","SC3","true",NA,NA,2,0.9,1,100,100,2352,7,7,7,2592,0,NA,NA,NA,FALSE,0.499804960659922,0.625189978603239,0.454737533432135,0.716049382716049,316.914,"Romanov_FEAST_SC3_n0100_k-true_cs-hist_sub-2_seed-1.rds"
"reps","ok","Romanov","FEAST","FEAST","dip","mixed","SC3","true",NA,NA,3,0.9,1,100,100,2343,7,7,7,2592,0,NA,NA,NA,FALSE,0.565440195311203,0.680513846899849,0.514640226987965,0.72337962962963,355.443,"Romanov_FEAST_SC3_n0100_k-true_cs-hist_sub-3_seed-1.rds"
"reps","ok","Romanov","FEAST","FEAST","dip","mixed","SC3","true",NA,NA,4,0.9,1,100,100,2350,7,7,7,2592,0,NA,NA,NA,FALSE,0.503116586350709,0.624175239846191,0.453476130776139,0.72337962962963,317.135,"Romanov_FEAST_SC3_n0100_k-true_cs-hist_sub-4_seed-1.rds"
"reps","ok","Romanov","FEAST","FEAST","dip","mixed","SC3","true",NA,NA,5,0.9,1,100,100,2342,7,7,7,2592,0,NA,NA,NA,FALSE,0.570056953885821,0.684429775385881,0.518987515082021,0.722608024691358,305.774,"Romanov_FEAST_SC3_n0100_k-true_cs-hist_sub-5_seed-1.rds"
"reps","ok","Romanov","FEAST","FEAST","dip","mixed","SC3","true",NA,101,0,1,101,300,300,2332,7,7,7,2881,0,NA,NA,NA,FALSE,0.520715684999754,0.645308900502317,0.475824455444118,0.708434571329399,366.613,"Romanov_FEAST_SC3_n0300_k-true_cs-101_sub-0_seed-101.rds"
"reps","ok","Romanov","FEAST","FEAST","dip","mixed","SC3","true",NA,102,0,1,102,300,300,2332,7,7,7,2881,0,NA,NA,NA,FALSE,0.523758638578902,0.637350549617827,0.466872762578701,0.771607080874696,341.112,"Romanov_FEAST_SC3_n0300_k-true_cs-102_sub-0_seed-102.rds"
"reps","ok","Romanov","FEAST","FEAST","dip","mixed","SC3","true",NA,103,0,1,103,300,300,2332,7,7,7,2881,0,NA,NA,NA,FALSE,0.482394180121596,0.608378883318,0.436974017899682,0.712599791738979,368.042,"Romanov_FEAST_SC3_n0300_k-true_cs-103_sub-0_seed-103.rds"
"reps","ok","Romanov","FEAST","FEAST","dip","mixed","SC3","true",NA,104,0,1,104,300,300,2332,7,7,7,2881,0,NA,NA,NA,FALSE,0.584801388563378,0.693471096997814,0.530004259034176,0.764317945157931,332.605,"Romanov_FEAST_SC3_n0300_k-true_cs-104_sub-0_seed-104.rds"
"reps","ok","Romanov","FEAST","FEAST","dip","mixed","SC3","true",NA,105,0,1,105,300,300,2332,7,7,7,2881,0,NA,NA,NA,FALSE,0.589842229564478,0.695591897537579,0.532870816867465,0.766400555362721,418.022,"Romanov_FEAST_SC3_n0300_k-true_cs-105_sub-0_seed-105.rds"
"reps","ok","Romanov","FEAST","FEAST","dip","mixed","SC3","true",NA,NA,1,0.9,1,300,300,2345,7,7,7,2592,0,NA,NA,NA,FALSE,0.553546478508787,0.673290316294683,0.505950275405528,0.714506172839506,269.408,"Romanov_FEAST_SC3_n0300_k-true_cs-hist_sub-1_seed-1.rds"
"reps","ok","Romanov","FEAST","FEAST","dip","mixed","SC3","true",NA,NA,2,0.9,1,300,300,2352,7,7,7,2592,0,NA,NA,NA,FALSE,0.475200701838454,0.602098924049515,0.430385329905983,0.717206790123457,291.497,"Romanov_FEAST_SC3_n0300_k-true_cs-hist_sub-2_seed-1.rds"
"reps","ok","Romanov","FEAST","FEAST","dip","mixed","SC3","true",NA,NA,3,0.9,1,300,300,2343,7,7,7,2592,0,NA,NA,NA,FALSE,0.493416737056249,0.618786563581234,0.447982992663844,0.712191358024691,325.591,"Romanov_FEAST_SC3_n0300_k-true_cs-hist_sub-3_seed-1.rds"
"reps","ok","Romanov","FEAST","FEAST","dip","mixed","SC3","true",NA,NA,4,0.9,1,300,300,2350,7,7,7,2592,0,NA,NA,NA,FALSE,0.490471019682558,0.615610810695968,0.444601468766373,0.715663580246914,278.044,"Romanov_FEAST_SC3_n0300_k-true_cs-hist_sub-4_seed-1.rds"
"reps","ok","Romanov","FEAST","FEAST","dip","mixed","SC3","true",NA,NA,5,0.9,1,300,300,2342,7,7,7,2592,0,NA,NA,NA,FALSE,0.585101582363108,0.692325686228165,0.528997499134587,0.777777777777778,264.247,"Romanov_FEAST_SC3_n0300_k-true_cs-hist_sub-5_seed-1.rds"
"reps","ok","Romanov","Seurat","Seurat","dip","mixed","Refined Louvain","true",NA,101,0,1,101,100,100,2332,7,7,7,2881,0,NA,NA,NA,FALSE,0.680890057840551,0.758380876252401,0.61034813005026,0.851440472058313,22.896,"Romanov_Seurat_RefinedLouvain_n0100_k-true_cs-101_sub-0_seed-101.rds"
"reps","ok","Romanov","Seurat","Seurat","dip","mixed","Refined Louvain","true",NA,102,0,1,102,100,100,2332,7,7,7,2881,0,NA,NA,NA,FALSE,0.680890057840551,0.758380876252401,0.61034813005026,0.851440472058313,23.388,"Romanov_Seurat_RefinedLouvain_n0100_k-true_cs-102_sub-0_seed-102.rds"
"reps","ok","Romanov","Seurat","Seurat","dip","mixed","Refined Louvain","true",NA,103,0,1,103,100,100,2332,7,7,7,2881,0,NA,NA,NA,FALSE,0.678392275063648,0.75726695089482,0.609202227637719,0.849010760152725,22.996,"Romanov_Seurat_RefinedLouvain_n0100_k-true_cs-103_sub-0_seed-103.rds"
"reps","ok","Romanov","Seurat","Seurat","dip","mixed","Refined Louvain","true",NA,104,0,1,104,100,100,2332,7,7,7,2881,0,NA,NA,NA,FALSE,0.678392275063648,0.75726695089482,0.609202227637719,0.849010760152725,23.001,"Romanov_Seurat_RefinedLouvain_n0100_k-true_cs-104_sub-0_seed-104.rds"
"reps","ok","Romanov","Seurat","Seurat","dip","mixed","Refined Louvain","true",NA,105,0,1,105,100,100,2332,7,7,7,2881,0,NA,NA,NA,FALSE,0.680890057840551,0.758380876252401,0.61034813005026,0.851440472058313,24.359,"Romanov_Seurat_RefinedLouvain_n0100_k-true_cs-105_sub-0_seed-105.rds"
"reps","ok","Romanov","Seurat","Seurat","dip","mixed","Refined Louvain","true",NA,NA,1,0.9,1,100,100,2345,7,7,6,2592,0,NA,NA,NA,FALSE,0.665873708013202,0.748561642629002,0.598131659078275,0.837962962962963,20.543,"Romanov_Seurat_RefinedLouvain_n0100_k-true_cs-hist_sub-1_seed-1.rds"
"reps","ok","Romanov","Seurat","Seurat","dip","mixed","Refined Louvain","true",NA,NA,2,0.9,1,100,100,2352,7,7,7,2592,0,NA,NA,NA,FALSE,0.655133409376891,0.7386940029979,0.585152411449803,0.841049382716049,20.347,"Romanov_Seurat_RefinedLouvain_n0100_k-true_cs-hist_sub-2_seed-1.rds"
"reps","ok","Romanov","Seurat","Seurat","dip","mixed","Refined Louvain","true",NA,NA,3,0.9,1,100,100,2343,7,7,7,2592,0,NA,NA,NA,FALSE,0.641065304457568,0.728639749191588,0.572861132267073,0.837577160493827,17.584,"Romanov_Seurat_RefinedLouvain_n0100_k-true_cs-hist_sub-3_seed-1.rds"
"reps","ok","Romanov","Seurat","Seurat","dip","mixed","Refined Louvain","true",NA,NA,4,0.9,1,100,100,2350,7,7,7,2592,0,NA,NA,NA,FALSE,0.655390776114517,0.739889110266051,0.587009375910528,0.837191358024691,20.681,"Romanov_Seurat_RefinedLouvain_n0100_k-true_cs-hist_sub-4_seed-1.rds"
"reps","ok","Romanov","Seurat","Seurat","dip","mixed","Refined Louvain","true",NA,NA,5,0.9,1,100,100,2342,7,7,7,2592,0,NA,NA,NA,FALSE,0.661323615601008,0.745638218731427,0.594435050958469,0.849151234567901,20.79,"Romanov_Seurat_RefinedLouvain_n0100_k-true_cs-hist_sub-5_seed-1.rds"
"reps","ok","Romanov","Seurat","Seurat","dip","mixed","Refined Louvain","true",NA,101,0,1,101,300,300,2332,7,7,7,2881,0,NA,NA,NA,FALSE,0.641871137451365,0.725840255305869,0.565068116439612,0.86254772648386,22.975,"Romanov_Seurat_RefinedLouvain_n0300_k-true_cs-101_sub-0_seed-101.rds"
"reps","ok","Romanov","Seurat","Seurat","dip","mixed","Refined Louvain","true",NA,102,0,1,102,300,300,2332,7,7,7,2881,0,NA,NA,NA,FALSE,0.641108899315038,0.725233161997927,0.564254499111055,0.862200624783061,24.215,"Romanov_Seurat_RefinedLouvain_n0300_k-true_cs-102_sub-0_seed-102.rds"
"reps","ok","Romanov","Seurat","Seurat","dip","mixed","Refined Louvain","true",NA,103,0,1,103,300,300,2332,7,7,7,2881,0,NA,NA,NA,FALSE,0.641871137451365,0.725840255305869,0.565068116439612,0.86254772648386,23.753,"Romanov_Seurat_RefinedLouvain_n0300_k-true_cs-103_sub-0_seed-103.rds"
"reps","ok","Romanov","Seurat","Seurat","dip","mixed","Refined Louvain","true",NA,104,0,1,104,300,300,2332,7,7,7,2881,0,NA,NA,NA,FALSE,0.641108899315038,0.725233161997927,0.564254499111055,0.862200624783061,24.011,"Romanov_Seurat_RefinedLouvain_n0300_k-true_cs-104_sub-0_seed-104.rds"
"reps","ok","Romanov","Seurat","Seurat","dip","mixed","Refined Louvain","true",NA,105,0,1,105,300,300,2332,7,7,7,2881,0,NA,NA,NA,FALSE,0.641108899315038,0.725233161997927,0.564254499111055,0.862200624783061,25.096,"Romanov_Seurat_RefinedLouvain_n0300_k-true_cs-105_sub-0_seed-105.rds"
"reps","ok","Romanov","Seurat","Seurat","dip","mixed","Refined Louvain","true",NA,NA,1,0.9,1,300,300,2345,7,7,6,2592,0,NA,NA,NA,FALSE,0.754051745591644,0.814108206028085,0.686136561335586,0.877700617283951,21.118,"Romanov_Seurat_RefinedLouvain_n0300_k-true_cs-hist_sub-1_seed-1.rds"
"reps","ok","Romanov","Seurat","Seurat","dip","mixed","Refined Louvain","true",NA,NA,2,0.9,1,300,300,2352,7,7,7,2592,0,NA,NA,NA,FALSE,0.595357565587923,0.689248211522759,0.520621445494035,0.856481481481482,19.537,"Romanov_Seurat_RefinedLouvain_n0300_k-true_cs-hist_sub-2_seed-1.rds"
"reps","ok","Romanov","Seurat","Seurat","dip","mixed","Refined Louvain","true",NA,NA,3,0.9,1,300,300,2343,7,7,7,2592,0,NA,NA,NA,FALSE,0.618727405876264,0.707525342061276,0.541517051728947,0.86304012345679,23.161,"Romanov_Seurat_RefinedLouvain_n0300_k-true_cs-hist_sub-3_seed-1.rds"
"reps","ok","Romanov","Seurat","Seurat","dip","mixed","Refined Louvain","true",NA,NA,4,0.9,1,300,300,2350,7,7,7,2592,0,NA,NA,NA,FALSE,0.656422614884872,0.737328981389412,0.579965421361433,0.868827160493827,22.379,"Romanov_Seurat_RefinedLouvain_n0300_k-true_cs-hist_sub-4_seed-1.rds"
"reps","ok","Romanov","Seurat","Seurat","dip","mixed","Refined Louvain","true",NA,NA,5,0.9,1,300,300,2342,7,7,7,2592,0,NA,NA,NA,FALSE,0.64824067283257,0.731059227933613,0.572555196985696,0.880015432098765,22.118,"Romanov_Seurat_RefinedLouvain_n0300_k-true_cs-hist_sub-5_seed-1.rds"
"reps","ok","Romanov","Seurat","Seurat","dip","mixed","SC3","true",NA,101,0,1,101,100,100,2332,7,7,7,2881,0,NA,NA,NA,FALSE,0.207776569601909,0.412993233862441,0.260002262882455,0.609510586601874,321.427,"Romanov_Seurat_SC3_n0100_k-true_cs-101_sub-0_seed-101.rds"
"reps","ok","Romanov","Seurat","Seurat","dip","mixed","SC3","true",NA,102,0,1,102,100,100,2332,7,7,7,2881,0,NA,NA,NA,FALSE,0.450164593550511,0.575610876301253,0.400640251949745,0.738632419298855,290.914,"Romanov_Seurat_SC3_n0100_k-true_cs-102_sub-0_seed-102.rds"
"reps","ok","Romanov","Seurat","Seurat","dip","mixed","SC3","true",NA,103,0,1,103,100,100,2332,7,7,7,2881,0,NA,NA,NA,FALSE,0.257837652448744,0.44733254637182,0.288003176355849,0.587296077750781,266.14,"Romanov_Seurat_SC3_n0100_k-true_cs-103_sub-0_seed-103.rds"
"reps","ok","Romanov","Seurat","Seurat","dip","mixed","SC3","true",NA,104,0,1,104,100,100,2332,7,7,7,2881,0,NA,NA,NA,FALSE,0.325756966317383,0.533049323800663,0.35524632392401,0.608469281499479,290.861,"Romanov_Seurat_SC3_n0100_k-true_cs-104_sub-0_seed-104.rds"
"reps","ok","Romanov","Seurat","Seurat","dip","mixed","SC3","true",NA,105,0,1,105,100,100,2332,7,7,7,2881,0,NA,NA,NA,FALSE,0.281832209684578,0.500039121072166,0.326508425247771,0.591808399861159,297.558,"Romanov_Seurat_SC3_n0100_k-true_cs-105_sub-0_seed-105.rds"
"reps","ok","Romanov","Seurat","Seurat","dip","mixed","SC3","true",NA,NA,1,0.9,1,100,100,2345,7,7,7,2592,0,NA,NA,NA,FALSE,0.43913417572623,0.57388921892235,0.401970273554326,0.705632716049383,220.056,"Romanov_Seurat_SC3_n0100_k-true_cs-hist_sub-1_seed-1.rds"
"reps","ok","Romanov","Seurat","Seurat","dip","mixed","SC3","true",NA,NA,2,0.9,1,100,100,2352,7,7,7,2592,0,NA,NA,NA,FALSE,0.277877776654933,0.455052828709984,0.29449130070985,0.581018518518518,217.966,"Romanov_Seurat_SC3_n0100_k-true_cs-hist_sub-2_seed-1.rds"
"reps","ok","Romanov","Seurat","Seurat","dip","mixed","SC3","true",NA,NA,3,0.9,1,100,100,2343,7,7,7,2592,0,NA,NA,NA,FALSE,0.338966345329021,0.484792859479255,0.315349271498588,0.678240740740741,214.849,"Romanov_Seurat_SC3_n0100_k-true_cs-hist_sub-3_seed-1.rds"
"reps","ok","Romanov","Seurat","Seurat","dip","mixed","SC3","true",NA,NA,4,0.9,1,100,100,2350,7,7,7,2592,0,NA,NA,NA,FALSE,0.420477259323953,0.553336514687276,0.379861727768616,0.717206790123457,217.378,"Romanov_Seurat_SC3_n0100_k-true_cs-hist_sub-4_seed-1.rds"
"reps","ok","Romanov","Seurat","Seurat","dip","mixed","SC3","true",NA,NA,5,0.9,1,100,100,2342,7,7,7,2592,0,NA,NA,NA,FALSE,0.340770920210662,0.501469751030311,0.33452030421463,0.69212962962963,233.401,"Romanov_Seurat_SC3_n0100_k-true_cs-hist_sub-5_seed-1.rds"
"reps","ok","Romanov","Seurat","Seurat","dip","mixed","SC3","true",NA,101,0,1,101,300,300,2332,7,7,7,2881,0,NA,NA,NA,FALSE,0.745988935550652,0.807171643068346,0.675305514170639,0.869142658799028,299.351,"Romanov_Seurat_SC3_n0300_k-true_cs-101_sub-0_seed-101.rds"
"reps","ok","Romanov","Seurat","Seurat","dip","mixed","SC3","true",NA,102,0,1,102,300,300,2332,7,7,7,2881,0,NA,NA,NA,FALSE,0.593546606966395,0.687497367669029,0.513889630245309,0.86254772648386,331.13,"Romanov_Seurat_SC3_n0300_k-true_cs-102_sub-0_seed-102.rds"
"reps","ok","Romanov","Seurat","Seurat","dip","mixed","SC3","true",NA,103,0,1,103,300,300,2332,7,7,7,2881,0,NA,NA,NA,FALSE,0.654977144263587,0.735981803233894,0.576149328837674,0.884415133634155,311.591,"Romanov_Seurat_SC3_n0300_k-true_cs-103_sub-0_seed-103.rds"
"reps","ok","Romanov","Seurat","Seurat","dip","mixed","SC3","true",NA,104,0,1,104,300,300,2332,7,7,7,2881,0,NA,NA,NA,FALSE,0.637552595655541,0.72262220742364,0.555169552863662,0.870183963901423,282.837,"Romanov_Seurat_SC3_n0300_k-true_cs-104_sub-0_seed-104.rds"
"reps","ok","Romanov","Seurat","Seurat","dip","mixed","SC3","true",NA,105,0,1,105,300,300,2332,7,7,7,2881,0,NA,NA,NA,FALSE,0.604390178422407,0.696260664670305,0.523090433963072,0.867754251995835,333.713,"Romanov_Seurat_SC3_n0300_k-true_cs-105_sub-0_seed-105.rds"
"reps","ok","Romanov","Seurat","Seurat","dip","mixed","SC3","true",NA,NA,1,0.9,1,300,300,2345,7,7,7,2592,0,NA,NA,NA,FALSE,0.641315064562546,0.726108793416597,0.557126108764405,0.880401234567901,259.016,"Romanov_Seurat_SC3_n0300_k-true_cs-hist_sub-1_seed-1.rds"
"reps","ok","Romanov","Seurat","Seurat","dip","mixed","SC3","true",NA,NA,2,0.9,1,300,300,2352,7,7,7,2592,0,NA,NA,NA,FALSE,0.632492983987384,0.718364266499346,0.552140591798882,0.878086419753086,251.919,"Romanov_Seurat_SC3_n0300_k-true_cs-hist_sub-2_seed-1.rds"
"reps","ok","Romanov","Seurat","Seurat","dip","mixed","SC3","true",NA,NA,3,0.9,1,300,300,2343,7,7,7,2592,0,NA,NA,NA,FALSE,0.665086986793069,0.743942142390909,0.585763254282633,0.882716049382716,246.624,"Romanov_Seurat_SC3_n0300_k-true_cs-hist_sub-3_seed-1.rds"
"reps","ok","Romanov","Seurat","Seurat","dip","mixed","SC3","true",NA,NA,4,0.9,1,300,300,2350,7,7,7,2592,0,NA,NA,NA,FALSE,0.629239186851538,0.715896290704091,0.547975330157089,0.866898148148148,257.342,"Romanov_Seurat_SC3_n0300_k-true_cs-hist_sub-4_seed-1.rds"
"reps","ok","Romanov","Seurat","Seurat","dip","mixed","SC3","true",NA,NA,5,0.9,1,300,300,2342,7,7,7,2592,0,NA,NA,NA,FALSE,0.621654547113773,0.710498032414644,0.537701344601718,0.860339506172839,254.922,"Romanov_Seurat_SC3_n0300_k-true_cs-hist_sub-5_seed-1.rds"
"reps","ok","SimKumar4easy","DIFS","DIFS","dip","mixed","Refined Louvain","true",NA,101,0,1,101,100,100,326,4,4,4,500,0,326,29,"1:1",FALSE,1,1,1,1,117.922,"SimKumar4easy_DIFS_RefinedLouvain_n0100_k-true_cs-101_sub-0_seed-101.rds"
"reps","ok","SimKumar4easy","DIFS","DIFS","dip","mixed","Refined Louvain","true",NA,102,0,1,102,100,100,326,4,4,4,500,0,326,29,"1:1",FALSE,1,1,1,1,114.936,"SimKumar4easy_DIFS_RefinedLouvain_n0100_k-true_cs-102_sub-0_seed-102.rds"
"reps","ok","SimKumar4easy","DIFS","DIFS","dip","mixed","Refined Louvain","true",NA,103,0,1,103,100,100,326,4,4,4,500,0,326,29,"1:1",FALSE,1,1,1,1,118.872,"SimKumar4easy_DIFS_RefinedLouvain_n0100_k-true_cs-103_sub-0_seed-103.rds"
"reps","ok","SimKumar4easy","DIFS","DIFS","dip","mixed","Refined Louvain","true",NA,104,0,1,104,100,100,326,4,4,4,500,0,326,29,"1:1",FALSE,1,1,1,1,141.984,"SimKumar4easy_DIFS_RefinedLouvain_n0100_k-true_cs-104_sub-0_seed-104.rds"
"reps","ok","SimKumar4easy","DIFS","DIFS","dip","mixed","Refined Louvain","true",NA,105,0,1,105,100,100,326,4,4,4,500,0,326,29,"1:1",FALSE,1,1,1,1,108.059,"SimKumar4easy_DIFS_RefinedLouvain_n0100_k-true_cs-105_sub-0_seed-105.rds"
"reps","ok","SimKumar4easy","DIFS","DIFS","dip","mixed","Refined Louvain","true",NA,NA,1,0.9,1,100,100,324,4,4,4,450,0,324,26,"1:1",FALSE,1,1,1,1,91.575,"SimKumar4easy_DIFS_RefinedLouvain_n0100_k-true_cs-hist_sub-1_seed-1.rds"
"reps","ok","SimKumar4easy","DIFS","DIFS","dip","mixed","Refined Louvain","true",NA,NA,2,0.9,1,100,100,324,4,4,4,450,0,324,24,"1:1",FALSE,1,1,1,1,93.152,"SimKumar4easy_DIFS_RefinedLouvain_n0100_k-true_cs-hist_sub-2_seed-1.rds"
"reps","ok","SimKumar4easy","DIFS","DIFS","dip","mixed","Refined Louvain","true",NA,NA,3,0.9,1,100,100,324,4,4,4,450,0,324,27,"1:1",FALSE,1,1,1,1,100.013,"SimKumar4easy_DIFS_RefinedLouvain_n0100_k-true_cs-hist_sub-3_seed-1.rds"
"reps","ok","SimKumar4easy","DIFS","DIFS","dip","mixed","Refined Louvain","true",NA,NA,4,0.9,1,100,100,324,4,4,4,450,0,324,30,"1:1",FALSE,1,1,1,1,102.567,"SimKumar4easy_DIFS_RefinedLouvain_n0100_k-true_cs-hist_sub-4_seed-1.rds"
"reps","ok","SimKumar4easy","DIFS","DIFS","dip","mixed","Refined Louvain","true",NA,NA,5,0.9,1,100,100,324,4,4,4,450,0,324,26,"1:1",FALSE,1,1,1,1,91.614,"SimKumar4easy_DIFS_RefinedLouvain_n0100_k-true_cs-hist_sub-5_seed-1.rds"
"reps","ok","SimKumar4easy","DIFS","DIFS","dip","mixed","Refined Louvain","true",NA,101,0,1,101,300,300,326,4,4,4,500,0,326,29,"1:1",FALSE,1,1,1,1,132.73,"SimKumar4easy_DIFS_RefinedLouvain_n0300_k-true_cs-101_sub-0_seed-101.rds"
"reps","ok","SimKumar4easy","DIFS","DIFS","dip","mixed","Refined Louvain","true",NA,102,0,1,102,300,300,326,4,4,4,500,0,326,29,"1:1",FALSE,1,1,1,1,171.27,"SimKumar4easy_DIFS_RefinedLouvain_n0300_k-true_cs-102_sub-0_seed-102.rds"
"reps","ok","SimKumar4easy","DIFS","DIFS","dip","mixed","Refined Louvain","true",NA,103,0,1,103,300,300,326,4,4,4,500,0,326,29,"1:1",FALSE,1,1,1,1,131.577,"SimKumar4easy_DIFS_RefinedLouvain_n0300_k-true_cs-103_sub-0_seed-103.rds"
"reps","ok","SimKumar4easy","DIFS","DIFS","dip","mixed","Refined Louvain","true",NA,104,0,1,104,300,300,326,4,4,4,500,0,326,29,"1:1",FALSE,1,1,1,1,121.155,"SimKumar4easy_DIFS_RefinedLouvain_n0300_k-true_cs-104_sub-0_seed-104.rds"
"reps","ok","SimKumar4easy","DIFS","DIFS","dip","mixed","Refined Louvain","true",NA,105,0,1,105,300,300,326,4,4,4,500,0,326,29,"1:1",FALSE,1,1,1,1,107.693,"SimKumar4easy_DIFS_RefinedLouvain_n0300_k-true_cs-105_sub-0_seed-105.rds"
"reps","ok","SimKumar4easy","DIFS","DIFS","dip","mixed","Refined Louvain","true",NA,NA,1,0.9,1,300,300,324,4,4,4,450,0,324,26,"1:1",FALSE,1,1,1,1,106.235,"SimKumar4easy_DIFS_RefinedLouvain_n0300_k-true_cs-hist_sub-1_seed-1.rds"
"reps","ok","SimKumar4easy","DIFS","DIFS","dip","mixed","Refined Louvain","true",NA,NA,2,0.9,1,300,300,324,4,4,4,450,0,324,24,"1:1",FALSE,1,1,1,1,105.642,"SimKumar4easy_DIFS_RefinedLouvain_n0300_k-true_cs-hist_sub-2_seed-1.rds"
"reps","ok","SimKumar4easy","DIFS","DIFS","dip","mixed","Refined Louvain","true",NA,NA,3,0.9,1,300,300,324,4,4,4,450,0,324,27,"1:1",FALSE,1,1,1,1,110.996,"SimKumar4easy_DIFS_RefinedLouvain_n0300_k-true_cs-hist_sub-3_seed-1.rds"
"reps","ok","SimKumar4easy","DIFS","DIFS","dip","mixed","Refined Louvain","true",NA,NA,4,0.9,1,300,300,324,4,4,4,450,0,324,30,"1:1",FALSE,1,1,1,1,97.917,"SimKumar4easy_DIFS_RefinedLouvain_n0300_k-true_cs-hist_sub-4_seed-1.rds"
"reps","ok","SimKumar4easy","DIFS","DIFS","dip","mixed","Refined Louvain","true",NA,NA,5,0.9,1,300,300,324,4,4,4,450,0,324,26,"1:1",FALSE,1,1,1,1,100.636,"SimKumar4easy_DIFS_RefinedLouvain_n0300_k-true_cs-hist_sub-5_seed-1.rds"
"reps","ok","SimKumar4easy","DIFS","DIFS","dip","mixed","SC3","true",NA,101,0,1,101,100,100,326,4,4,4,500,0,326,29,"1:1",FALSE,1,1,1,1,202.435,"SimKumar4easy_DIFS_SC3_n0100_k-true_cs-101_sub-0_seed-101.rds"
"reps","ok","SimKumar4easy","DIFS","DIFS","dip","mixed","SC3","true",NA,102,0,1,102,100,100,326,4,4,4,500,0,326,29,"1:1",FALSE,1,1,1,1,200.781,"SimKumar4easy_DIFS_SC3_n0100_k-true_cs-102_sub-0_seed-102.rds"
"reps","ok","SimKumar4easy","DIFS","DIFS","dip","mixed","SC3","true",NA,103,0,1,103,100,100,326,4,4,4,500,0,326,29,"1:1",FALSE,1,1,1,1,232.197,"SimKumar4easy_DIFS_SC3_n0100_k-true_cs-103_sub-0_seed-103.rds"
"reps","ok","SimKumar4easy","DIFS","DIFS","dip","mixed","SC3","true",NA,104,0,1,104,100,100,326,4,4,4,500,0,326,29,"1:1",FALSE,1,1,1,1,202.135,"SimKumar4easy_DIFS_SC3_n0100_k-true_cs-104_sub-0_seed-104.rds"
"reps","ok","SimKumar4easy","DIFS","DIFS","dip","mixed","SC3","true",NA,105,0,1,105,100,100,326,4,4,4,500,0,326,29,"1:1",FALSE,1,1,1,1,188.425,"SimKumar4easy_DIFS_SC3_n0100_k-true_cs-105_sub-0_seed-105.rds"
"reps","ok","SimKumar4easy","DIFS","DIFS","dip","mixed","SC3","true",NA,NA,1,0.9,1,100,100,324,4,4,4,450,0,324,26,"1:1",FALSE,1,1,1,1,158.763,"SimKumar4easy_DIFS_SC3_n0100_k-true_cs-hist_sub-1_seed-1.rds"
"reps","ok","SimKumar4easy","DIFS","DIFS","dip","mixed","SC3","true",NA,NA,2,0.9,1,100,100,324,4,4,4,450,0,324,24,"1:1",FALSE,1,1,1,1,184.715,"SimKumar4easy_DIFS_SC3_n0100_k-true_cs-hist_sub-2_seed-1.rds"
"reps","ok","SimKumar4easy","DIFS","DIFS","dip","mixed","SC3","true",NA,NA,3,0.9,1,100,100,324,4,4,4,450,0,324,27,"1:1",FALSE,1,1,1,1,173.781,"SimKumar4easy_DIFS_SC3_n0100_k-true_cs-hist_sub-3_seed-1.rds"
"reps","ok","SimKumar4easy","DIFS","DIFS","dip","mixed","SC3","true",NA,NA,4,0.9,1,100,100,324,4,4,4,450,0,324,30,"1:1",FALSE,1,1,1,1,178.575,"SimKumar4easy_DIFS_SC3_n0100_k-true_cs-hist_sub-4_seed-1.rds"
"reps","ok","SimKumar4easy","DIFS","DIFS","dip","mixed","SC3","true",NA,NA,5,0.9,1,100,100,324,4,4,4,450,0,324,26,"1:1",FALSE,1,1,1,1,158.574,"SimKumar4easy_DIFS_SC3_n0100_k-true_cs-hist_sub-5_seed-1.rds"
"reps","ok","SimKumar4easy","DIFS","DIFS","dip","mixed","SC3","true",NA,101,0,1,101,300,300,326,4,4,4,500,0,326,29,"1:1",FALSE,1,1,1,1,185.161,"SimKumar4easy_DIFS_SC3_n0300_k-true_cs-101_sub-0_seed-101.rds"
"reps","ok","SimKumar4easy","DIFS","DIFS","dip","mixed","SC3","true",NA,102,0,1,102,300,300,326,4,4,4,500,0,326,29,"1:1",FALSE,1,1,1,1,184.127,"SimKumar4easy_DIFS_SC3_n0300_k-true_cs-102_sub-0_seed-102.rds"
"reps","ok","SimKumar4easy","DIFS","DIFS","dip","mixed","SC3","true",NA,103,0,1,103,300,300,326,4,4,4,500,0,326,29,"1:1",FALSE,1,1,1,1,213.562,"SimKumar4easy_DIFS_SC3_n0300_k-true_cs-103_sub-0_seed-103.rds"
"reps","ok","SimKumar4easy","DIFS","DIFS","dip","mixed","SC3","true",NA,104,0,1,104,300,300,326,4,4,4,500,0,326,29,"1:1",FALSE,1,1,1,1,193.957,"SimKumar4easy_DIFS_SC3_n0300_k-true_cs-104_sub-0_seed-104.rds"
"reps","ok","SimKumar4easy","DIFS","DIFS","dip","mixed","SC3","true",NA,105,0,1,105,300,300,326,4,4,4,500,0,326,29,"1:1",FALSE,1,1,1,1,221.387,"SimKumar4easy_DIFS_SC3_n0300_k-true_cs-105_sub-0_seed-105.rds"
"reps","ok","SimKumar4easy","DIFS","DIFS","dip","mixed","SC3","true",NA,NA,1,0.9,1,300,300,324,4,4,4,450,0,324,26,"1:1",FALSE,1,1,1,1,167.004,"SimKumar4easy_DIFS_SC3_n0300_k-true_cs-hist_sub-1_seed-1.rds"
"reps","ok","SimKumar4easy","DIFS","DIFS","dip","mixed","SC3","true",NA,NA,2,0.9,1,300,300,324,4,4,4,450,0,324,24,"1:1",FALSE,1,1,1,1,182.575,"SimKumar4easy_DIFS_SC3_n0300_k-true_cs-hist_sub-2_seed-1.rds"
"reps","ok","SimKumar4easy","DIFS","DIFS","dip","mixed","SC3","true",NA,NA,3,0.9,1,300,300,324,4,4,4,450,0,324,27,"1:1",FALSE,1,1,1,1,182.703,"SimKumar4easy_DIFS_SC3_n0300_k-true_cs-hist_sub-3_seed-1.rds"
"reps","ok","SimKumar4easy","DIFS","DIFS","dip","mixed","SC3","true",NA,NA,4,0.9,1,300,300,324,4,4,4,450,0,324,30,"1:1",FALSE,1,1,1,1,179.064,"SimKumar4easy_DIFS_SC3_n0300_k-true_cs-hist_sub-4_seed-1.rds"
"reps","ok","SimKumar4easy","DIFS","DIFS","dip","mixed","SC3","true",NA,NA,5,0.9,1,300,300,324,4,4,4,450,0,324,26,"1:1",FALSE,1,1,1,1,158.065,"SimKumar4easy_DIFS_SC3_n0300_k-true_cs-hist_sub-5_seed-1.rds"
"reps","ok","SimKumar4easy","FEAST","FEAST","dip","mixed","Refined Louvain","true",NA,101,0,1,101,100,100,326,4,4,4,500,0,NA,NA,NA,FALSE,0.636629187043368,0.757273394492412,0.593700787401575,0.922,14.789,"SimKumar4easy_FEAST_RefinedLouvain_n0100_k-true_cs-101_sub-0_seed-101.rds"
"reps","ok","SimKumar4easy","FEAST","FEAST","dip","mixed","Refined Louvain","true",NA,102,0,1,102,100,100,326,4,4,4,500,0,NA,NA,NA,FALSE,0.636629187043368,0.757273394492412,0.593700787401575,0.922,13.991,"SimKumar4easy_FEAST_RefinedLouvain_n0100_k-true_cs-102_sub-0_seed-102.rds"
"reps","ok","SimKumar4easy","FEAST","FEAST","dip","mixed","Refined Louvain","true",NA,103,0,1,103,100,100,326,4,4,4,500,0,NA,NA,NA,FALSE,0.636629187043368,0.757273394492412,0.593700787401575,0.922,13.928,"SimKumar4easy_FEAST_RefinedLouvain_n0100_k-true_cs-103_sub-0_seed-103.rds"
"reps","ok","SimKumar4easy","FEAST","FEAST","dip","mixed","Refined Louvain","true",NA,104,0,1,104,100,100,326,4,4,4,500,0,NA,NA,NA,FALSE,0.636629187043368,0.757273394492412,0.593700787401575,0.922,15.054,"SimKumar4easy_FEAST_RefinedLouvain_n0100_k-true_cs-104_sub-0_seed-104.rds"
"reps","ok","SimKumar4easy","FEAST","FEAST","dip","mixed","Refined Louvain","true",NA,105,0,1,105,100,100,326,4,4,4,500,0,NA,NA,NA,FALSE,0.63189176921389,0.753913477525073,0.588854578989907,0.922,12.707,"SimKumar4easy_FEAST_RefinedLouvain_n0100_k-true_cs-105_sub-0_seed-105.rds"
"reps","ok","SimKumar4easy","FEAST","FEAST","dip","mixed","Refined Louvain","true",NA,NA,1,0.9,1,100,100,324,4,4,4,450,0,NA,NA,NA,FALSE,0.689628689955859,0.794439751577211,0.648026652998462,0.922222222222222,12.334,"SimKumar4easy_FEAST_RefinedLouvain_n0100_k-true_cs-hist_sub-1_seed-1.rds"
"reps","ok","SimKumar4easy","FEAST","FEAST","dip","mixed","Refined Louvain","true",NA,NA,2,0.9,1,100,100,324,4,4,4,450,0,NA,NA,NA,FALSE,0.627997807454455,0.75113130519444,0.584856396866841,0.922222222222222,12.742,"SimKumar4easy_FEAST_RefinedLouvain_n0100_k-true_cs-hist_sub-2_seed-1.rds"
"reps","ok","SimKumar4easy","FEAST","FEAST","dip","mixed","Refined Louvain","true",NA,NA,3,0.9,1,100,100,324,4,4,4,450,0,NA,NA,NA,FALSE,0.633282955733741,0.754907549033814,0.589750166726517,0.924444444444444,12.481,"SimKumar4easy_FEAST_RefinedLouvain_n0100_k-true_cs-hist_sub-3_seed-1.rds"
"reps","ok","SimKumar4easy","FEAST","FEAST","dip","mixed","Refined Louvain","true",NA,NA,4,0.9,1,100,100,324,4,4,4,450,0,NA,NA,NA,FALSE,0.639629958858789,0.759404476875932,0.596214025547632,0.924444444444444,12.756,"SimKumar4easy_FEAST_RefinedLouvain_n0100_k-true_cs-hist_sub-4_seed-1.rds"
"reps","ok","SimKumar4easy","FEAST","FEAST","dip","mixed","Refined Louvain","true",NA,NA,5,0.9,1,100,100,324,4,4,4,450,0,NA,NA,NA,FALSE,0.718472045018219,0.814369915565351,0.678243472015595,0.924444444444444,13.056,"SimKumar4easy_FEAST_RefinedLouvain_n0100_k-true_cs-hist_sub-5_seed-1.rds"
"reps","ok","SimKumar4easy","FEAST","FEAST","dip","mixed","Refined Louvain","true",NA,101,0,1,101,300,300,326,4,4,4,500,0,NA,NA,NA,FALSE,0.98897459128478,0.992976627884698,0.986049266270372,0.988,14.522,"SimKumar4easy_FEAST_RefinedLouvain_n0300_k-true_cs-101_sub-0_seed-101.rds"
"reps","ok","SimKumar4easy","FEAST","FEAST","dip","mixed","Refined Louvain","true",NA,102,0,1,102,300,300,326,4,4,4,500,0,NA,NA,NA,FALSE,0.98897459128478,0.992976627884698,0.986049266270372,0.988,13.615,"SimKumar4easy_FEAST_RefinedLouvain_n0300_k-true_cs-102_sub-0_seed-102.rds"
"reps","ok","SimKumar4easy","FEAST","FEAST","dip","mixed","Refined Louvain","true",NA,103,0,1,103,300,300,326,4,4,4,500,0,NA,NA,NA,FALSE,0.98897459128478,0.992976627884698,0.986049266270372,0.988,14.898,"SimKumar4easy_FEAST_RefinedLouvain_n0300_k-true_cs-103_sub-0_seed-103.rds"
"reps","ok","SimKumar4easy","FEAST","FEAST","dip","mixed","Refined Louvain","true",NA,104,0,1,104,300,300,326,4,4,4,500,0,NA,NA,NA,FALSE,0.98897459128478,0.992976627884698,0.986049266270372,0.988,12.781,"SimKumar4easy_FEAST_RefinedLouvain_n0300_k-true_cs-104_sub-0_seed-104.rds"
"reps","ok","SimKumar4easy","FEAST","FEAST","dip","mixed","Refined Louvain","true",NA,105,0,1,105,300,300,326,4,4,4,500,0,NA,NA,NA,FALSE,0.98897459128478,0.992976627884698,0.986049266270372,0.988,13.029,"SimKumar4easy_FEAST_RefinedLouvain_n0300_k-true_cs-105_sub-0_seed-105.rds"
"reps","ok","SimKumar4easy","FEAST","FEAST","dip","mixed","Refined Louvain","true",NA,NA,1,0.9,1,300,300,324,4,4,4,450,0,NA,NA,NA,FALSE,0.99169873865047,0.994715048490792,0.989485664733619,0.991111111111111,12.474,"SimKumar4easy_FEAST_RefinedLouvain_n0300_k-true_cs-hist_sub-1_seed-1.rds"
"reps","ok","SimKumar4easy","FEAST","FEAST","dip","mixed","Refined Louvain","true",NA,NA,2,0.9,1,300,300,324,4,4,4,450,0,NA,NA,NA,FALSE,0.689547342271514,0.794384815603179,0.647770994716052,0.924444444444444,12.027,"SimKumar4easy_FEAST_RefinedLouvain_n0300_k-true_cs-hist_sub-2_seed-1.rds"
"reps","ok","SimKumar4easy","FEAST","FEAST","dip","mixed","Refined Louvain","true",NA,NA,3,0.9,1,300,300,324,4,4,4,450,0,NA,NA,NA,FALSE,0.631314342855902,0.753510352414605,0.587749448519982,0.924444444444444,12.498,"SimKumar4easy_FEAST_RefinedLouvain_n0300_k-true_cs-hist_sub-3_seed-1.rds"
"reps","ok","SimKumar4easy","FEAST","FEAST","dip","mixed","Refined Louvain","true",NA,NA,4,0.9,1,300,300,324,4,4,4,450,0,NA,NA,NA,FALSE,0.980517332643746,0.987586502698948,0.975475003368818,0.977777777777778,13.496,"SimKumar4easy_FEAST_RefinedLouvain_n0300_k-true_cs-hist_sub-4_seed-1.rds"
"reps","ok","SimKumar4easy","FEAST","FEAST","dip","mixed","Refined Louvain","true",NA,NA,5,0.9,1,300,300,324,4,4,4,450,0,NA,NA,NA,FALSE,0.985907090648031,0.991018162614017,0.982190223569534,0.984444444444444,11.282,"SimKumar4easy_FEAST_RefinedLouvain_n0300_k-true_cs-hist_sub-5_seed-1.rds"
"reps","ok","SimKumar4easy","FEAST","FEAST","dip","mixed","SC3","true",NA,101,0,1,101,100,100,326,4,4,4,500,0,NA,NA,NA,FALSE,0.903666362237472,0.938698804001982,0.884478783724843,0.924,113.97,"SimKumar4easy_FEAST_SC3_n0100_k-true_cs-101_sub-0_seed-101.rds"
"reps","ok","SimKumar4easy","FEAST","FEAST","dip","mixed","SC3","true",NA,102,0,1,102,100,100,326,4,4,4,500,0,NA,NA,NA,FALSE,0.903666362237472,0.938698804001982,0.884478783724843,0.924,106.352,"SimKumar4easy_FEAST_SC3_n0100_k-true_cs-102_sub-0_seed-102.rds"
"reps","ok","SimKumar4easy","FEAST","FEAST","dip","mixed","SC3","true",NA,103,0,1,103,100,100,326,4,4,4,500,0,NA,NA,NA,FALSE,0.903666362237472,0.938698804001982,0.884478783724843,0.924,111.346,"SimKumar4easy_FEAST_SC3_n0100_k-true_cs-103_sub-0_seed-103.rds"
"reps","ok","SimKumar4easy","FEAST","FEAST","dip","mixed","SC3","true",NA,104,0,1,104,100,100,326,4,4,4,500,0,NA,NA,NA,FALSE,0.903666362237472,0.938698804001982,0.884478783724843,0.924,109.845,"SimKumar4easy_FEAST_SC3_n0100_k-true_cs-104_sub-0_seed-104.rds"
"reps","ok","SimKumar4easy","FEAST","FEAST","dip","mixed","SC3","true",NA,105,0,1,105,100,100,326,4,4,4,500,0,NA,NA,NA,FALSE,0.903666362237472,0.938698804001982,0.884478783724843,0.924,100.356,"SimKumar4easy_FEAST_SC3_n0100_k-true_cs-105_sub-0_seed-105.rds"
"reps","ok","SimKumar4easy","FEAST","FEAST","dip","mixed","SC3","true",NA,NA,1,0.9,1,100,100,324,4,4,4,450,0,NA,NA,NA,FALSE,0.929863567360901,0.956022094779485,0.915419448921636,0.922222222222222,90.013,"SimKumar4easy_FEAST_SC3_n0100_k-true_cs-hist_sub-1_seed-1.rds"
"reps","ok","SimKumar4easy","FEAST","FEAST","dip","mixed","SC3","true",NA,NA,2,0.9,1,100,100,324,4,4,4,450,0,NA,NA,NA,FALSE,0.932031297414937,0.957332320079707,0.917867952598369,0.924444444444444,98.467,"SimKumar4easy_FEAST_SC3_n0100_k-true_cs-hist_sub-2_seed-1.rds"
"reps","ok","SimKumar4easy","FEAST","FEAST","dip","mixed","SC3","true",NA,NA,3,0.9,1,100,100,324,4,4,4,450,0,NA,NA,NA,FALSE,0.936954429737976,0.960559334603912,0.923716205817473,0.924444444444444,96.948,"SimKumar4easy_FEAST_SC3_n0100_k-true_cs-hist_sub-3_seed-1.rds"
"reps","ok","SimKumar4easy","FEAST","FEAST","dip","mixed","SC3","true",NA,NA,4,0.9,1,100,100,324,4,4,4,450,0,NA,NA,NA,FALSE,0.989724991299139,0.993454639163436,0.986992927404276,0.988888888888889,97.744,"SimKumar4easy_FEAST_SC3_n0100_k-true_cs-hist_sub-4_seed-1.rds"
"reps","ok","SimKumar4easy","FEAST","FEAST","dip","mixed","SC3","true",NA,NA,5,0.9,1,100,100,324,4,4,4,450,0,NA,NA,NA,FALSE,0.941907587395591,0.963803846651566,0.929615759503411,0.924444444444444,85.302,"SimKumar4easy_FEAST_SC3_n0100_k-true_cs-hist_sub-5_seed-1.rds"
"reps","ok","SimKumar4easy","FEAST","FEAST","dip","mixed","SC3","true",NA,101,0,1,101,300,300,326,4,4,4,500,0,NA,NA,NA,FALSE,0.994332054139068,0.996390168060669,0.992805122224911,0.994,89.817,"SimKumar4easy_FEAST_SC3_n0300_k-true_cs-101_sub-0_seed-101.rds"
"reps","ok","SimKumar4easy","FEAST","FEAST","dip","mixed","SC3","true",NA,102,0,1,102,300,300,326,4,4,4,500,0,NA,NA,NA,FALSE,0.994332054139068,0.996390168060669,0.992805122224911,0.994,108.672,"SimKumar4easy_FEAST_SC3_n0300_k-true_cs-102_sub-0_seed-102.rds"
"reps","ok","SimKumar4easy","FEAST","FEAST","dip","mixed","SC3","true",NA,103,0,1,103,300,300,326,4,4,4,500,0,NA,NA,NA,FALSE,0.994332054139068,0.996390168060669,0.992805122224911,0.994,97.339,"SimKumar4easy_FEAST_SC3_n0300_k-true_cs-103_sub-0_seed-103.rds"
"reps","ok","SimKumar4easy","FEAST","FEAST","dip","mixed","SC3","true",NA,104,0,1,104,300,300,326,4,4,4,500,0,NA,NA,NA,FALSE,0.994332054139068,0.996390168060669,0.992805122224911,0.994,105.392,"SimKumar4easy_FEAST_SC3_n0300_k-true_cs-104_sub-0_seed-104.rds"
"reps","ok","SimKumar4easy","FEAST","FEAST","dip","mixed","SC3","true",NA,105,0,1,105,300,300,326,4,4,4,500,0,NA,NA,NA,FALSE,0.994332054139068,0.996390168060669,0.992805122224911,0.994,103.556,"SimKumar4easy_FEAST_SC3_n0300_k-true_cs-105_sub-0_seed-105.rds"
"reps","ok","SimKumar4easy","FEAST","FEAST","dip","mixed","SC3","true",NA,NA,1,0.9,1,300,300,324,4,4,4,450,0,NA,NA,NA,FALSE,0.993711119197468,0.99599738376857,0.992026469950098,0.993333333333333,86.007,"SimKumar4easy_FEAST_SC3_n0300_k-true_cs-hist_sub-1_seed-1.rds"
"reps","ok","SimKumar4easy","FEAST","FEAST","dip","mixed","SC3","true",NA,NA,2,0.9,1,300,300,324,4,4,4,450,0,NA,NA,NA,FALSE,0.997860924897098,0.998638636604306,0.997280761386812,0.997777777777778,89.942,"SimKumar4easy_FEAST_SC3_n0300_k-true_cs-hist_sub-2_seed-1.rds"
"reps","ok","SimKumar4easy","FEAST","FEAST","dip","mixed","SC3","true",NA,NA,3,0.9,1,300,300,324,4,4,4,450,0,NA,NA,NA,FALSE,0.985907090648031,0.991018162614017,0.982190223569534,0.984444444444444,84.451,"SimKumar4easy_FEAST_SC3_n0300_k-true_cs-hist_sub-3_seed-1.rds"
"reps","ok","SimKumar4easy","FEAST","FEAST","dip","mixed","SC3","true",NA,NA,4,0.9,1,300,300,324,4,4,4,450,0,NA,NA,NA,FALSE,0.99169873865047,0.994715048490792,0.989485664733619,0.991111111111111,92.763,"SimKumar4easy_FEAST_SC3_n0300_k-true_cs-hist_sub-4_seed-1.rds"
"reps","ok","SimKumar4easy","FEAST","FEAST","dip","mixed","SC3","true",NA,NA,5,0.9,1,300,300,324,4,4,4,450,0,NA,NA,NA,FALSE,0.993708691845556,0.995993771790126,0.992019327343305,0.993333333333333,84.326,"SimKumar4easy_FEAST_SC3_n0300_k-true_cs-hist_sub-5_seed-1.rds"
"reps","ok","SimKumar4easy","Seurat","Seurat","dip","mixed","Refined Louvain","true",NA,101,0,1,101,100,100,326,4,4,4,500,0,NA,NA,NA,FALSE,1,1,1,1,13.983,"SimKumar4easy_Seurat_RefinedLouvain_n0100_k-true_cs-101_sub-0_seed-101.rds"
"reps","ok","SimKumar4easy","Seurat","Seurat","dip","mixed","Refined Louvain","true",NA,102,0,1,102,100,100,326,4,4,4,500,0,NA,NA,NA,FALSE,1,1,1,1,15.068,"SimKumar4easy_Seurat_RefinedLouvain_n0100_k-true_cs-102_sub-0_seed-102.rds"
"reps","ok","SimKumar4easy","Seurat","Seurat","dip","mixed","Refined Louvain","true",NA,103,0,1,103,100,100,326,4,4,4,500,0,NA,NA,NA,FALSE,1,1,1,1,11.929,"SimKumar4easy_Seurat_RefinedLouvain_n0100_k-true_cs-103_sub-0_seed-103.rds"
"reps","ok","SimKumar4easy","Seurat","Seurat","dip","mixed","Refined Louvain","true",NA,104,0,1,104,100,100,326,4,4,4,500,0,NA,NA,NA,FALSE,1,1,1,1,13.766,"SimKumar4easy_Seurat_RefinedLouvain_n0100_k-true_cs-104_sub-0_seed-104.rds"
"reps","ok","SimKumar4easy","Seurat","Seurat","dip","mixed","Refined Louvain","true",NA,105,0,1,105,100,100,326,4,4,4,500,0,NA,NA,NA,FALSE,1,1,1,1,12.278,"SimKumar4easy_Seurat_RefinedLouvain_n0100_k-true_cs-105_sub-0_seed-105.rds"
"reps","ok","SimKumar4easy","Seurat","Seurat","dip","mixed","Refined Louvain","true",NA,NA,1,0.9,1,100,100,324,4,4,4,450,0,NA,NA,NA,FALSE,1,1,1,1,13.17,"SimKumar4easy_Seurat_RefinedLouvain_n0100_k-true_cs-hist_sub-1_seed-1.rds"
"reps","ok","SimKumar4easy","Seurat","Seurat","dip","mixed","Refined Louvain","true",NA,NA,2,0.9,1,100,100,324,4,4,4,450,0,NA,NA,NA,FALSE,1,1,1,1,11.44,"SimKumar4easy_Seurat_RefinedLouvain_n0100_k-true_cs-hist_sub-2_seed-1.rds"
"reps","ok","SimKumar4easy","Seurat","Seurat","dip","mixed","Refined Louvain","true",NA,NA,3,0.9,1,100,100,324,4,4,4,450,0,NA,NA,NA,FALSE,1,1,1,1,12.17,"SimKumar4easy_Seurat_RefinedLouvain_n0100_k-true_cs-hist_sub-3_seed-1.rds"
"reps","ok","SimKumar4easy","Seurat","Seurat","dip","mixed","Refined Louvain","true",NA,NA,4,0.9,1,100,100,324,4,4,4,450,0,NA,NA,NA,FALSE,1,1,1,1,9.11,"SimKumar4easy_Seurat_RefinedLouvain_n0100_k-true_cs-hist_sub-4_seed-1.rds"
"reps","ok","SimKumar4easy","Seurat","Seurat","dip","mixed","Refined Louvain","true",NA,NA,5,0.9,1,100,100,324,4,4,4,450,0,NA,NA,NA,FALSE,1,1,1,1,10.137,"SimKumar4easy_Seurat_RefinedLouvain_n0100_k-true_cs-hist_sub-5_seed-1.rds"
"reps","ok","SimKumar4easy","Seurat","Seurat","dip","mixed","Refined Louvain","true",NA,101,0,1,101,300,300,326,4,4,4,500,0,NA,NA,NA,FALSE,1,1,1,1,12.559,"SimKumar4easy_Seurat_RefinedLouvain_n0300_k-true_cs-101_sub-0_seed-101.rds"
"reps","ok","SimKumar4easy","Seurat","Seurat","dip","mixed","Refined Louvain","true",NA,102,0,1,102,300,300,326,4,4,4,500,0,NA,NA,NA,FALSE,1,1,1,1,12.368,"SimKumar4easy_Seurat_RefinedLouvain_n0300_k-true_cs-102_sub-0_seed-102.rds"
"reps","ok","SimKumar4easy","Seurat","Seurat","dip","mixed","Refined Louvain","true",NA,103,0,1,103,300,300,326,4,4,4,500,0,NA,NA,NA,FALSE,1,1,1,1,15.503,"SimKumar4easy_Seurat_RefinedLouvain_n0300_k-true_cs-103_sub-0_seed-103.rds"
"reps","ok","SimKumar4easy","Seurat","Seurat","dip","mixed","Refined Louvain","true",NA,104,0,1,104,300,300,326,4,4,4,500,0,NA,NA,NA,FALSE,1,1,1,1,11.832,"SimKumar4easy_Seurat_RefinedLouvain_n0300_k-true_cs-104_sub-0_seed-104.rds"
"reps","ok","SimKumar4easy","Seurat","Seurat","dip","mixed","Refined Louvain","true",NA,105,0,1,105,300,300,326,4,4,4,500,0,NA,NA,NA,FALSE,1,1,1,1,14.502,"SimKumar4easy_Seurat_RefinedLouvain_n0300_k-true_cs-105_sub-0_seed-105.rds"
"reps","ok","SimKumar4easy","Seurat","Seurat","dip","mixed","Refined Louvain","true",NA,NA,1,0.9,1,300,300,324,4,4,4,450,0,NA,NA,NA,FALSE,1,1,1,1,10.602,"SimKumar4easy_Seurat_RefinedLouvain_n0300_k-true_cs-hist_sub-1_seed-1.rds"
"reps","ok","SimKumar4easy","Seurat","Seurat","dip","mixed","Refined Louvain","true",NA,NA,2,0.9,1,300,300,324,4,4,4,450,0,NA,NA,NA,FALSE,1,1,1,1,10.407,"SimKumar4easy_Seurat_RefinedLouvain_n0300_k-true_cs-hist_sub-2_seed-1.rds"
"reps","ok","SimKumar4easy","Seurat","Seurat","dip","mixed","Refined Louvain","true",NA,NA,3,0.9,1,300,300,324,4,4,4,450,0,NA,NA,NA,FALSE,1,1,1,1,7.902,"SimKumar4easy_Seurat_RefinedLouvain_n0300_k-true_cs-hist_sub-3_seed-1.rds"
"reps","ok","SimKumar4easy","Seurat","Seurat","dip","mixed","Refined Louvain","true",NA,NA,4,0.9,1,300,300,324,4,4,4,450,0,NA,NA,NA,FALSE,1,1,1,1,8.736,"SimKumar4easy_Seurat_RefinedLouvain_n0300_k-true_cs-hist_sub-4_seed-1.rds"
"reps","ok","SimKumar4easy","Seurat","Seurat","dip","mixed","Refined Louvain","true",NA,NA,5,0.9,1,300,300,324,4,4,4,450,0,NA,NA,NA,FALSE,1,1,1,1,9.903,"SimKumar4easy_Seurat_RefinedLouvain_n0300_k-true_cs-hist_sub-5_seed-1.rds"
"reps","ok","SimKumar4easy","Seurat","Seurat","dip","mixed","SC3","true",NA,101,0,1,101,100,100,326,4,4,4,500,0,NA,NA,NA,FALSE,0.622632345991778,0.747327482976263,0.582687787429739,0.922,119.265,"SimKumar4easy_Seurat_SC3_n0100_k-true_cs-101_sub-0_seed-101.rds"
"reps","ok","SimKumar4easy","Seurat","Seurat","dip","mixed","SC3","true",NA,102,0,1,102,100,100,326,4,4,4,500,0,NA,NA,NA,FALSE,0.61860246630545,0.744425079950477,0.578084661721919,0.922,105.45,"SimKumar4easy_Seurat_SC3_n0100_k-true_cs-102_sub-0_seed-102.rds"
"reps","ok","SimKumar4easy","Seurat","Seurat","dip","mixed","SC3","true",NA,103,0,1,103,100,100,326,4,4,4,500,0,NA,NA,NA,FALSE,0.642526716630408,0.76145657933111,0.602038096409752,0.922,123.12,"SimKumar4easy_Seurat_SC3_n0100_k-true_cs-103_sub-0_seed-103.rds"
"reps","ok","SimKumar4easy","Seurat","Seurat","dip","mixed","SC3","true",NA,104,0,1,104,100,100,326,4,4,4,500,0,NA,NA,NA,FALSE,0.608755629698476,0.737431057632121,0.569870373008282,0.922,100.28,"SimKumar4easy_Seurat_SC3_n0100_k-true_cs-104_sub-0_seed-104.rds"
"reps","ok","SimKumar4easy","Seurat","Seurat","dip","mixed","SC3","true",NA,105,0,1,105,100,100,326,4,4,4,500,0,NA,NA,NA,FALSE,0.604706034596395,0.734543639061246,0.566289533017814,0.922,102.843,"SimKumar4easy_Seurat_SC3_n0100_k-true_cs-105_sub-0_seed-105.rds"
"reps","ok","SimKumar4easy","Seurat","Seurat","dip","mixed","SC3","true",NA,NA,1,0.9,1,100,100,324,4,4,4,450,0,NA,NA,NA,FALSE,0.667947241235047,0.779332425353802,0.627214273006837,0.922222222222222,101.153,"SimKumar4easy_Seurat_SC3_n0100_k-true_cs-hist_sub-1_seed-1.rds"
"reps","ok","SimKumar4easy","Seurat","Seurat","dip","mixed","SC3","true",NA,NA,2,0.9,1,100,100,324,4,4,4,450,0,NA,NA,NA,FALSE,0.617103467538696,0.743324022740175,0.575880621256725,0.924444444444444,97.885,"SimKumar4easy_Seurat_SC3_n0100_k-true_cs-hist_sub-2_seed-1.rds"
"reps","ok","SimKumar4easy","Seurat","Seurat","dip","mixed","SC3","true",NA,NA,3,0.9,1,100,100,324,4,4,4,450,0,NA,NA,NA,FALSE,0.693734628803054,0.79763646161747,0.656821026282854,0.922222222222222,96.327,"SimKumar4easy_Seurat_SC3_n0100_k-true_cs-hist_sub-3_seed-1.rds"
"reps","ok","SimKumar4easy","Seurat","Seurat","dip","mixed","SC3","true",NA,NA,4,0.9,1,100,100,324,4,4,4,450,0,NA,NA,NA,FALSE,0.620710079097023,0.745907462614293,0.578510079771644,0.922222222222222,86.515,"SimKumar4easy_Seurat_SC3_n0100_k-true_cs-hist_sub-4_seed-1.rds"
"reps","ok","SimKumar4easy","Seurat","Seurat","dip","mixed","SC3","true",NA,NA,5,0.9,1,100,100,324,4,4,4,450,0,NA,NA,NA,FALSE,0.621774645202794,0.7467053768052,0.581969073985319,0.922222222222222,106.158,"SimKumar4easy_Seurat_SC3_n0100_k-true_cs-hist_sub-5_seed-1.rds"
"reps","ok","SimKumar4easy","Seurat","Seurat","dip","mixed","SC3","true",NA,101,0,1,101,300,300,326,4,4,4,500,0,NA,NA,NA,FALSE,0.952529843393628,0.970686074650945,0.942275289663637,0.926,113.066,"SimKumar4easy_Seurat_SC3_n0300_k-true_cs-101_sub-0_seed-101.rds"
"reps","ok","SimKumar4easy","Seurat","Seurat","dip","mixed","SC3","true",NA,102,0,1,102,300,300,326,4,4,4,500,0,NA,NA,NA,FALSE,0.952529843393628,0.970686074650945,0.942275289663637,0.926,118.937,"SimKumar4easy_Seurat_SC3_n0300_k-true_cs-102_sub-0_seed-102.rds"
"reps","ok","SimKumar4easy","Seurat","Seurat","dip","mixed","SC3","true",NA,103,0,1,103,300,300,326,4,4,4,500,0,NA,NA,NA,FALSE,0.952529843393628,0.970686074650945,0.942275289663637,0.926,109.891,"SimKumar4easy_Seurat_SC3_n0300_k-true_cs-103_sub-0_seed-103.rds"
"reps","ok","SimKumar4easy","Seurat","Seurat","dip","mixed","SC3","true",NA,104,0,1,104,300,300,326,4,4,4,500,0,NA,NA,NA,FALSE,0.990726755242817,0.994093625853357,0.988255438719733,0.99,105.269,"SimKumar4easy_Seurat_SC3_n0300_k-true_cs-104_sub-0_seed-104.rds"
"reps","ok","SimKumar4easy","Seurat","Seurat","dip","mixed","SC3","true",NA,105,0,1,105,300,300,326,4,4,4,500,0,NA,NA,NA,FALSE,0.985573271043053,0.990807574094433,0.981778760868137,0.984,98.195,"SimKumar4easy_Seurat_SC3_n0300_k-true_cs-105_sub-0_seed-105.rds"
"reps","ok","SimKumar4easy","Seurat","Seurat","dip","mixed","SC3","true",NA,NA,1,0.9,1,300,300,324,4,4,4,450,0,NA,NA,NA,FALSE,0.995763789311322,0.997303040209219,0.994620588475018,0.995555555555556,83.597,"SimKumar4easy_Seurat_SC3_n0300_k-true_cs-hist_sub-1_seed-1.rds"
"reps","ok","SimKumar4easy","Seurat","Seurat","dip","mixed","SC3","true",NA,NA,2,0.9,1,300,300,324,4,4,4,450,0,NA,NA,NA,FALSE,0.989724991299139,0.993454639163436,0.986992927404276,0.988888888888889,101.026,"SimKumar4easy_Seurat_SC3_n0300_k-true_cs-hist_sub-2_seed-1.rds"
"reps","ok","SimKumar4easy","Seurat","Seurat","dip","mixed","SC3","true",NA,NA,3,0.9,1,300,300,324,4,4,4,450,0,NA,NA,NA,FALSE,0.953327454041116,0.971122059598169,0.943168948831463,0.928888888888889,93.049,"SimKumar4easy_Seurat_SC3_n0300_k-true_cs-hist_sub-3_seed-1.rds"
"reps","ok","SimKumar4easy","Seurat","Seurat","dip","mixed","SC3","true",NA,NA,4,0.9,1,300,300,324,4,4,4,450,0,NA,NA,NA,FALSE,0.952593326596185,0.970718094480446,0.942341786787944,0.926666666666667,104.04,"SimKumar4easy_Seurat_SC3_n0300_k-true_cs-hist_sub-4_seed-1.rds"
"reps","ok","SimKumar4easy","Seurat","Seurat","dip","mixed","SC3","true",NA,NA,5,0.9,1,300,300,324,4,4,4,450,0,NA,NA,NA,FALSE,0.953327454041116,0.971122059598169,0.943168948831463,0.928888888888889,91.051,"SimKumar4easy_Seurat_SC3_n0300_k-true_cs-hist_sub-5_seed-1.rds"
"reps","ok","SimKumar4hard","DIFS","DIFS","dip","mixed","Refined Louvain","true",NA,101,0,1,101,100,100,325,4,4,4,499,0,325,18,"1:1",FALSE,1,1,1,1,123.333,"SimKumar4hard_DIFS_RefinedLouvain_n0100_k-true_cs-101_sub-0_seed-101.rds"
"reps","ok","SimKumar4hard","DIFS","DIFS","dip","mixed","Refined Louvain","true",NA,102,0,1,102,100,100,325,4,4,4,499,0,325,18,"1:1",FALSE,1,1,1,1,117.886,"SimKumar4hard_DIFS_RefinedLouvain_n0100_k-true_cs-102_sub-0_seed-102.rds"
"reps","ok","SimKumar4hard","DIFS","DIFS","dip","mixed","Refined Louvain","true",NA,103,0,1,103,100,100,325,4,4,4,499,0,325,18,"1:1",FALSE,1,1,1,1,113.904,"SimKumar4hard_DIFS_RefinedLouvain_n0100_k-true_cs-103_sub-0_seed-103.rds"
"reps","ok","SimKumar4hard","DIFS","DIFS","dip","mixed","Refined Louvain","true",NA,104,0,1,104,100,100,325,4,4,4,499,0,325,18,"1:1",FALSE,1,1,1,1,130.146,"SimKumar4hard_DIFS_RefinedLouvain_n0100_k-true_cs-104_sub-0_seed-104.rds"
"reps","ok","SimKumar4hard","DIFS","DIFS","dip","mixed","Refined Louvain","true",NA,105,0,1,105,100,100,325,4,4,4,499,0,325,18,"1:1",FALSE,1,1,1,1,139.362,"SimKumar4hard_DIFS_RefinedLouvain_n0100_k-true_cs-105_sub-0_seed-105.rds"
"reps","ok","SimKumar4hard","DIFS","DIFS","dip","mixed","Refined Louvain","true",NA,NA,1,0.9,1,100,100,325,4,4,4,449,0,325,17,"1:1",FALSE,0.993272993684098,0.995265776894489,0.990573606097072,0.997772828507795,95.691,"SimKumar4hard_DIFS_RefinedLouvain_n0100_k-true_cs-hist_sub-1_seed-1.rds"
"reps","ok","SimKumar4hard","DIFS","DIFS","dip","mixed","Refined Louvain","true",NA,NA,2,0.9,1,100,100,325,4,4,4,449,0,325,20,"1:1",FALSE,1,1,1,1,96.407,"SimKumar4hard_DIFS_RefinedLouvain_n0100_k-true_cs-hist_sub-2_seed-1.rds"
"reps","ok","SimKumar4hard","DIFS","DIFS","dip","mixed","Refined Louvain","true",NA,NA,3,0.9,1,100,100,324,4,4,4,449,0,324,16,"1:1",FALSE,1,1,1,1,104.379,"SimKumar4hard_DIFS_RefinedLouvain_n0100_k-true_cs-hist_sub-3_seed-1.rds"
"reps","ok","SimKumar4hard","DIFS","DIFS","dip","mixed","Refined Louvain","true",NA,NA,4,0.9,1,100,100,325,4,4,4,449,0,325,16,"1:1",FALSE,1,1,1,1,106.618,"SimKumar4hard_DIFS_RefinedLouvain_n0100_k-true_cs-hist_sub-4_seed-1.rds"
"reps","ok","SimKumar4hard","DIFS","DIFS","dip","mixed","Refined Louvain","true",NA,NA,5,0.9,1,100,100,324,4,4,4,449,0,324,16,"1:1",FALSE,1,1,1,1,96.057,"SimKumar4hard_DIFS_RefinedLouvain_n0100_k-true_cs-hist_sub-5_seed-1.rds"
"reps","ok","SimKumar4hard","DIFS","DIFS","dip","mixed","Refined Louvain","true",NA,101,0,1,101,300,300,325,4,4,4,499,0,325,18,"1:1",FALSE,1,1,1,1,130.581,"SimKumar4hard_DIFS_RefinedLouvain_n0300_k-true_cs-101_sub-0_seed-101.rds"
"reps","ok","SimKumar4hard","DIFS","DIFS","dip","mixed","Refined Louvain","true",NA,102,0,1,102,300,300,325,4,4,4,499,0,325,18,"1:1",FALSE,1,1,1,1,132.88,"SimKumar4hard_DIFS_RefinedLouvain_n0300_k-true_cs-102_sub-0_seed-102.rds"
"reps","ok","SimKumar4hard","DIFS","DIFS","dip","mixed","Refined Louvain","true",NA,103,0,1,103,300,300,325,4,4,4,499,0,325,18,"1:1",FALSE,1,1,1,1,127.841,"SimKumar4hard_DIFS_RefinedLouvain_n0300_k-true_cs-103_sub-0_seed-103.rds"
"reps","ok","SimKumar4hard","DIFS","DIFS","dip","mixed","Refined Louvain","true",NA,104,0,1,104,300,300,325,4,4,4,499,0,325,18,"1:1",FALSE,1,1,1,1,125.336,"SimKumar4hard_DIFS_RefinedLouvain_n0300_k-true_cs-104_sub-0_seed-104.rds"
"reps","ok","SimKumar4hard","DIFS","DIFS","dip","mixed","Refined Louvain","true",NA,105,0,1,105,300,300,325,4,4,4,499,0,325,18,"1:1",FALSE,1,1,1,1,124.145,"SimKumar4hard_DIFS_RefinedLouvain_n0300_k-true_cs-105_sub-0_seed-105.rds"
"reps","ok","SimKumar4hard","DIFS","DIFS","dip","mixed","Refined Louvain","true",NA,NA,1,0.9,1,300,300,325,4,4,4,449,0,325,17,"1:1",FALSE,0.996467585059917,0.997512579643123,0.995037054424734,0.997772828507795,111.661,"SimKumar4hard_DIFS_RefinedLouvain_n0300_k-true_cs-hist_sub-1_seed-1.rds"
"reps","ok","SimKumar4hard","DIFS","DIFS","dip","mixed","Refined Louvain","true",NA,NA,2,0.9,1,300,300,325,4,4,4,449,0,325,20,"1:1",FALSE,1,1,1,1,118.368,"SimKumar4hard_DIFS_RefinedLouvain_n0300_k-true_cs-hist_sub-2_seed-1.rds"
"reps","ok","SimKumar4hard","DIFS","DIFS","dip","mixed","Refined Louvain","true",NA,NA,3,0.9,1,300,300,324,4,4,4,449,0,324,16,"1:1",FALSE,0.996464894226066,0.997509292469101,0.995030555369015,0.997772828507795,107.576,"SimKumar4hard_DIFS_RefinedLouvain_n0300_k-true_cs-hist_sub-3_seed-1.rds"
"reps","ok","SimKumar4hard","DIFS","DIFS","dip","mixed","Refined Louvain","true",NA,NA,4,0.9,1,300,300,325,4,4,4,449,0,325,16,"1:1",FALSE,1,1,1,1,99.145,"SimKumar4hard_DIFS_RefinedLouvain_n0300_k-true_cs-hist_sub-4_seed-1.rds"
"reps","ok","SimKumar4hard","DIFS","DIFS","dip","mixed","Refined Louvain","true",NA,NA,5,0.9,1,300,300,324,4,4,4,449,0,324,16,"1:1",FALSE,1,1,1,1,102.284,"SimKumar4hard_DIFS_RefinedLouvain_n0300_k-true_cs-hist_sub-5_seed-1.rds"
"reps","ok","SimKumar4hard","DIFS","DIFS","dip","mixed","SC3","true",NA,101,0,1,101,100,100,325,4,4,4,499,0,325,18,"1:1",FALSE,1,1,1,1,203.2,"SimKumar4hard_DIFS_SC3_n0100_k-true_cs-101_sub-0_seed-101.rds"
"reps","ok","SimKumar4hard","DIFS","DIFS","dip","mixed","SC3","true",NA,102,0,1,102,100,100,325,4,4,4,499,0,325,18,"1:1",FALSE,1,1,1,1,197.312,"SimKumar4hard_DIFS_SC3_n0100_k-true_cs-102_sub-0_seed-102.rds"
"reps","ok","SimKumar4hard","DIFS","DIFS","dip","mixed","SC3","true",NA,103,0,1,103,100,100,325,4,4,4,499,0,325,18,"1:1",FALSE,1,1,1,1,235.252,"SimKumar4hard_DIFS_SC3_n0100_k-true_cs-103_sub-0_seed-103.rds"
"reps","ok","SimKumar4hard","DIFS","DIFS","dip","mixed","SC3","true",NA,104,0,1,104,100,100,325,4,4,4,499,0,325,18,"1:1",FALSE,1,1,1,1,217.71,"SimKumar4hard_DIFS_SC3_n0100_k-true_cs-104_sub-0_seed-104.rds"
"reps","ok","SimKumar4hard","DIFS","DIFS","dip","mixed","SC3","true",NA,105,0,1,105,100,100,325,4,4,4,499,0,325,18,"1:1",FALSE,1,1,1,1,236.699,"SimKumar4hard_DIFS_SC3_n0100_k-true_cs-105_sub-0_seed-105.rds"
"reps","ok","SimKumar4hard","DIFS","DIFS","dip","mixed","SC3","true",NA,NA,1,0.9,1,100,100,325,4,4,4,449,0,325,17,"1:1",FALSE,1,1,1,1,188.212,"SimKumar4hard_DIFS_SC3_n0100_k-true_cs-hist_sub-1_seed-1.rds"
"reps","ok","SimKumar4hard","DIFS","DIFS","dip","mixed","SC3","true",NA,NA,2,0.9,1,100,100,325,4,4,4,449,0,325,20,"1:1",FALSE,1,1,1,1,219.322,"SimKumar4hard_DIFS_SC3_n0100_k-true_cs-hist_sub-2_seed-1.rds"
"reps","ok","SimKumar4hard","DIFS","DIFS","dip","mixed","SC3","true",NA,NA,3,0.9,1,100,100,324,4,4,4,449,0,324,16,"1:1",FALSE,1,1,1,1,168.175,"SimKumar4hard_DIFS_SC3_n0100_k-true_cs-hist_sub-3_seed-1.rds"
"reps","ok","SimKumar4hard","DIFS","DIFS","dip","mixed","SC3","true",NA,NA,4,0.9,1,100,100,325,4,4,4,449,0,325,16,"1:1",FALSE,1,1,1,1,169.622,"SimKumar4hard_DIFS_SC3_n0100_k-true_cs-hist_sub-4_seed-1.rds"
"reps","ok","SimKumar4hard","DIFS","DIFS","dip","mixed","SC3","true",NA,NA,5,0.9,1,100,100,324,4,4,4,449,0,324,16,"1:1",FALSE,1,1,1,1,184.765,"SimKumar4hard_DIFS_SC3_n0100_k-true_cs-hist_sub-5_seed-1.rds"
"reps","ok","SimKumar4hard","DIFS","DIFS","dip","mixed","SC3","true",NA,101,0,1,101,300,300,325,4,4,4,499,0,325,18,"1:1",FALSE,1,1,1,1,224.969,"SimKumar4hard_DIFS_SC3_n0300_k-true_cs-101_sub-0_seed-101.rds"
"reps","ok","SimKumar4hard","DIFS","DIFS","dip","mixed","SC3","true",NA,102,0,1,102,300,300,325,4,4,4,499,0,325,18,"1:1",FALSE,1,1,1,1,214.235,"SimKumar4hard_DIFS_SC3_n0300_k-true_cs-102_sub-0_seed-102.rds"
"reps","ok","SimKumar4hard","DIFS","DIFS","dip","mixed","SC3","true",NA,103,0,1,103,300,300,325,4,4,4,499,0,325,18,"1:1",FALSE,1,1,1,1,214.829,"SimKumar4hard_DIFS_SC3_n0300_k-true_cs-103_sub-0_seed-103.rds"
"reps","ok","SimKumar4hard","DIFS","DIFS","dip","mixed","SC3","true",NA,104,0,1,104,300,300,325,4,4,4,499,0,325,18,"1:1",FALSE,1,1,1,1,207.815,"SimKumar4hard_DIFS_SC3_n0300_k-true_cs-104_sub-0_seed-104.rds"
"reps","ok","SimKumar4hard","DIFS","DIFS","dip","mixed","SC3","true",NA,105,0,1,105,300,300,325,4,4,4,499,0,325,18,"1:1",FALSE,1,1,1,1,222.859,"SimKumar4hard_DIFS_SC3_n0300_k-true_cs-105_sub-0_seed-105.rds"
"reps","ok","SimKumar4hard","DIFS","DIFS","dip","mixed","SC3","true",NA,NA,1,0.9,1,300,300,325,4,4,4,449,0,325,17,"1:1",FALSE,1,1,1,1,187.102,"SimKumar4hard_DIFS_SC3_n0300_k-true_cs-hist_sub-1_seed-1.rds"
"reps","ok","SimKumar4hard","DIFS","DIFS","dip","mixed","SC3","true",NA,NA,2,0.9,1,300,300,325,4,4,4,449,0,325,20,"1:1",FALSE,1,1,1,1,176.533,"SimKumar4hard_DIFS_SC3_n0300_k-true_cs-hist_sub-2_seed-1.rds"
"reps","ok","SimKumar4hard","DIFS","DIFS","dip","mixed","SC3","true",NA,NA,3,0.9,1,300,300,324,4,4,4,449,0,324,16,"1:1",FALSE,1,1,1,1,194.418,"SimKumar4hard_DIFS_SC3_n0300_k-true_cs-hist_sub-3_seed-1.rds"
"reps","ok","SimKumar4hard","DIFS","DIFS","dip","mixed","SC3","true",NA,NA,4,0.9,1,300,300,325,4,4,4,449,0,325,16,"1:1",FALSE,1,1,1,1,201.802,"SimKumar4hard_DIFS_SC3_n0300_k-true_cs-hist_sub-4_seed-1.rds"
"reps","ok","SimKumar4hard","DIFS","DIFS","dip","mixed","SC3","true",NA,NA,5,0.9,1,300,300,324,4,4,4,449,0,324,16,"1:1",FALSE,1,1,1,1,178.453,"SimKumar4hard_DIFS_SC3_n0300_k-true_cs-hist_sub-5_seed-1.rds"
"reps","ok","SimKumar4hard","FEAST","FEAST","dip","mixed","Refined Louvain","true",NA,101,0,1,101,100,100,325,4,4,4,499,0,NA,NA,NA,FALSE,-0.0107856407746975,0.283842172906415,0.165374344454812,0.420841683366733,14.744,"SimKumar4hard_FEAST_RefinedLouvain_n0100_k-true_cs-101_sub-0_seed-101.rds"
"reps","ok","SimKumar4hard","FEAST","FEAST","dip","mixed","Refined Louvain","true",NA,102,0,1,102,100,100,325,4,4,4,499,0,NA,NA,NA,FALSE,-0.0107856407746975,0.283842172906415,0.165374344454812,0.420841683366733,14.215,"SimKumar4hard_FEAST_RefinedLouvain_n0100_k-true_cs-102_sub-0_seed-102.rds"
"reps","ok","SimKumar4hard","FEAST","FEAST","dip","mixed","Refined Louvain","true",NA,103,0,1,103,100,100,325,4,4,4,499,0,NA,NA,NA,FALSE,-0.0107856407746975,0.283842172906415,0.165374344454812,0.420841683366733,15.952,"SimKumar4hard_FEAST_RefinedLouvain_n0100_k-true_cs-103_sub-0_seed-103.rds"
"reps","ok","SimKumar4hard","FEAST","FEAST","dip","mixed","Refined Louvain","true",NA,104,0,1,104,100,100,325,4,4,4,499,0,NA,NA,NA,FALSE,-0.0107856407746975,0.283842172906415,0.165374344454812,0.420841683366733,13.542,"SimKumar4hard_FEAST_RefinedLouvain_n0100_k-true_cs-104_sub-0_seed-104.rds"
"reps","ok","SimKumar4hard","FEAST","FEAST","dip","mixed","Refined Louvain","true",NA,105,0,1,105,100,100,325,4,4,4,499,0,NA,NA,NA,FALSE,-0.0107856407746975,0.283842172906415,0.165374344454812,0.420841683366733,14.202,"SimKumar4hard_FEAST_RefinedLouvain_n0100_k-true_cs-105_sub-0_seed-105.rds"
"reps","ok","SimKumar4hard","FEAST","FEAST","dip","mixed","Refined Louvain","true",NA,NA,1,0.9,1,100,100,325,4,4,3,449,0,NA,NA,NA,FALSE,0.349481865673732,0.571980990095823,0.395693575025998,0.66815144766147,13.029,"SimKumar4hard_FEAST_RefinedLouvain_n0100_k-true_cs-hist_sub-1_seed-1.rds"
"reps","ok","SimKumar4hard","FEAST","FEAST","dip","mixed","Refined Louvain","true",NA,NA,2,0.9,1,100,100,325,4,4,4,449,0,NA,NA,NA,FALSE,0.709316991604853,0.799408331708674,0.664920762825678,0.832962138084632,13.009,"SimKumar4hard_FEAST_RefinedLouvain_n0100_k-true_cs-hist_sub-2_seed-1.rds"
"reps","ok","SimKumar4hard","FEAST","FEAST","dip","mixed","Refined Louvain","true",NA,NA,3,0.9,1,100,100,324,4,4,4,449,0,NA,NA,NA,FALSE,0.669961649367168,0.766290248403089,0.621039255228045,0.850779510022272,16.049,"SimKumar4hard_FEAST_RefinedLouvain_n0100_k-true_cs-hist_sub-3_seed-1.rds"
"reps","ok","SimKumar4hard","FEAST","FEAST","dip","mixed","Refined Louvain","true",NA,NA,4,0.9,1,100,100,325,4,4,4,449,0,NA,NA,NA,FALSE,0.00289319541083216,0.287925825916234,0.168064155923257,0.420935412026726,13.365,"SimKumar4hard_FEAST_RefinedLouvain_n0100_k-true_cs-hist_sub-4_seed-1.rds"
"reps","ok","SimKumar4hard","FEAST","FEAST","dip","mixed","Refined Louvain","true",NA,NA,5,0.9,1,100,100,324,4,4,3,449,0,NA,NA,NA,FALSE,0.367811795080107,0.570967921110937,0.397849462365591,0.66815144766147,12.765,"SimKumar4hard_FEAST_RefinedLouvain_n0100_k-true_cs-hist_sub-5_seed-1.rds"
"reps","ok","SimKumar4hard","FEAST","FEAST","dip","mixed","Refined Louvain","true",NA,101,0,1,101,300,300,325,4,4,4,499,0,NA,NA,NA,FALSE,-0.00753068225954441,0.28476709722464,0.165987516574496,0.420841683366733,15.037,"SimKumar4hard_FEAST_RefinedLouvain_n0300_k-true_cs-101_sub-0_seed-101.rds"
"reps","ok","SimKumar4hard","FEAST","FEAST","dip","mixed","Refined Louvain","true",NA,102,0,1,102,300,300,325,4,4,4,499,0,NA,NA,NA,FALSE,-0.00753068225954441,0.28476709722464,0.165987516574496,0.420841683366733,14.914,"SimKumar4hard_FEAST_RefinedLouvain_n0300_k-true_cs-102_sub-0_seed-102.rds"
"reps","ok","SimKumar4hard","FEAST","FEAST","dip","mixed","Refined Louvain","true",NA,103,0,1,103,300,300,325,4,4,4,499,0,NA,NA,NA,FALSE,-0.00753068225954441,0.28476709722464,0.165987516574496,0.420841683366733,13.965,"SimKumar4hard_FEAST_RefinedLouvain_n0300_k-true_cs-103_sub-0_seed-103.rds"
"reps","ok","SimKumar4hard","FEAST","FEAST","dip","mixed","Refined Louvain","true",NA,104,0,1,104,300,300,325,4,4,4,499,0,NA,NA,NA,FALSE,-0.00753068225954441,0.28476709722464,0.165987516574496,0.420841683366733,15.202,"SimKumar4hard_FEAST_RefinedLouvain_n0300_k-true_cs-104_sub-0_seed-104.rds"
"reps","ok","SimKumar4hard","FEAST","FEAST","dip","mixed","Refined Louvain","true",NA,105,0,1,105,300,300,325,4,4,4,499,0,NA,NA,NA,FALSE,-0.00753068225954441,0.28476709722464,0.165987516574496,0.420841683366733,14.409,"SimKumar4hard_FEAST_RefinedLouvain_n0300_k-true_cs-105_sub-0_seed-105.rds"
"reps","ok","SimKumar4hard","FEAST","FEAST","dip","mixed","Refined Louvain","true",NA,NA,1,0.9,1,300,300,325,4,4,4,449,0,NA,NA,NA,FALSE,0.957875955373845,0.970378951061818,0.942449790045897,0.971046770601336,11.479,"SimKumar4hard_FEAST_RefinedLouvain_n0300_k-true_cs-hist_sub-1_seed-1.rds"
"reps","ok","SimKumar4hard","FEAST","FEAST","dip","mixed","Refined Louvain","true",NA,NA,2,0.9,1,300,300,325,4,4,4,449,0,NA,NA,NA,FALSE,0.696205255043376,0.783212551580558,0.642949250651919,0.87750556792873,11.456,"SimKumar4hard_FEAST_RefinedLouvain_n0300_k-true_cs-hist_sub-2_seed-1.rds"
"reps","ok","SimKumar4hard","FEAST","FEAST","dip","mixed","Refined Louvain","true",NA,NA,3,0.9,1,300,300,324,4,4,4,449,0,NA,NA,NA,FALSE,0.777390725644486,0.844302865068391,0.730406625211336,0.87750556792873,11.572,"SimKumar4hard_FEAST_RefinedLouvain_n0300_k-true_cs-hist_sub-3_seed-1.rds"
"reps","ok","SimKumar4hard","FEAST","FEAST","dip","mixed","Refined Louvain","true",NA,NA,4,0.9,1,300,300,325,4,4,4,449,0,NA,NA,NA,FALSE,0.000916155853287375,0.289012925294668,0.168855761482675,0.420935412026726,12.074,"SimKumar4hard_FEAST_RefinedLouvain_n0300_k-true_cs-hist_sub-4_seed-1.rds"
"reps","ok","SimKumar4hard","FEAST","FEAST","dip","mixed","Refined Louvain","true",NA,NA,5,0.9,1,300,300,324,4,4,4,449,0,NA,NA,NA,FALSE,0.586107511946779,0.707490364876307,0.547350472193075,0.775055679287305,11.703,"SimKumar4hard_FEAST_RefinedLouvain_n0300_k-true_cs-hist_sub-5_seed-1.rds"
"reps","ok","SimKumar4hard","FEAST","FEAST","dip","mixed","SC3","true",NA,101,0,1,101,100,100,325,4,4,4,499,0,NA,NA,NA,FALSE,-0.00193535523065698,0.270781163036698,0.155973771608618,0.420841683366733,152.462,"SimKumar4hard_FEAST_SC3_n0100_k-true_cs-101_sub-0_seed-101.rds"
"reps","ok","SimKumar4hard","FEAST","FEAST","dip","mixed","SC3","true",NA,102,0,1,102,100,100,325,4,4,4,499,0,NA,NA,NA,FALSE,-0.00555040360804611,0.277646721788456,0.160980863225913,0.420841683366733,105.83,"SimKumar4hard_FEAST_SC3_n0100_k-true_cs-102_sub-0_seed-102.rds"
"reps","ok","SimKumar4hard","FEAST","FEAST","dip","mixed","SC3","true",NA,103,0,1,103,100,100,325,4,4,4,499,0,NA,NA,NA,FALSE,0.00205780518016906,0.301597160197268,0.177553275453828,0.420841683366733,97.709,"SimKumar4hard_FEAST_SC3_n0100_k-true_cs-103_sub-0_seed-103.rds"
"reps","ok","SimKumar4hard","FEAST","FEAST","dip","mixed","SC3","true",NA,104,0,1,104,100,100,325,4,4,4,499,0,NA,NA,NA,FALSE,-0.000556379664013573,0.271299134131341,0.156291594143545,0.420841683366733,96.683,"SimKumar4hard_FEAST_SC3_n0100_k-true_cs-104_sub-0_seed-104.rds"
"reps","ok","SimKumar4hard","FEAST","FEAST","dip","mixed","SC3","true",NA,105,0,1,105,100,100,325,4,4,4,499,0,NA,NA,NA,FALSE,-0.00659339294552592,0.314131744043239,0.185715565643292,0.420841683366733,98.133,"SimKumar4hard_FEAST_SC3_n0100_k-true_cs-105_sub-0_seed-105.rds"
"reps","ok","SimKumar4hard","FEAST","FEAST","dip","mixed","SC3","true",NA,NA,1,0.9,1,100,100,325,4,4,4,449,0,NA,NA,NA,FALSE,0.365326347208202,0.571130127064243,0.397644732883483,0.66815144766147,85.13,"SimKumar4hard_FEAST_SC3_n0100_k-true_cs-hist_sub-1_seed-1.rds"
"reps","ok","SimKumar4hard","FEAST","FEAST","dip","mixed","SC3","true",NA,NA,2,0.9,1,100,100,325,4,4,4,449,0,NA,NA,NA,FALSE,0.7655106838136,0.833765962171334,0.714746597841389,0.835189309576837,85.248,"SimKumar4hard_FEAST_SC3_n0100_k-true_cs-hist_sub-2_seed-1.rds"
"reps","ok","SimKumar4hard","FEAST","FEAST","dip","mixed","SC3","true",NA,NA,3,0.9,1,100,100,324,4,4,4,449,0,NA,NA,NA,FALSE,0.328108968897486,0.514398741442034,0.345180853891319,0.665924276169265,104.695,"SimKumar4hard_FEAST_SC3_n0100_k-true_cs-hist_sub-3_seed-1.rds"
"reps","ok","SimKumar4hard","FEAST","FEAST","dip","mixed","SC3","true",NA,NA,4,0.9,1,100,100,325,4,4,4,449,0,NA,NA,NA,FALSE,-0.0073963245473442,0.274197401921009,0.158595292955892,0.420935412026726,93.717,"SimKumar4hard_FEAST_SC3_n0100_k-true_cs-hist_sub-4_seed-1.rds"
"reps","ok","SimKumar4hard","FEAST","FEAST","dip","mixed","SC3","true",NA,NA,5,0.9,1,100,100,324,4,4,4,449,0,NA,NA,NA,FALSE,0.340171223531791,0.529946681351401,0.36030293764847,0.66815144766147,92.761,"SimKumar4hard_FEAST_SC3_n0100_k-true_cs-hist_sub-5_seed-1.rds"
"reps","ok","SimKumar4hard","FEAST","FEAST","dip","mixed","SC3","true",NA,101,0,1,101,300,300,325,4,4,4,499,0,NA,NA,NA,FALSE,-0.00523414636742652,0.271467075760491,0.156587290879655,0.420841683366733,116.794,"SimKumar4hard_FEAST_SC3_n0300_k-true_cs-101_sub-0_seed-101.rds"
"reps","ok","SimKumar4hard","FEAST","FEAST","dip","mixed","SC3","true",NA,102,0,1,102,300,300,325,4,4,4,499,0,NA,NA,NA,FALSE,-0.00668608669749743,0.273065651336753,0.157770564219262,0.420841683366733,103.398,"SimKumar4hard_FEAST_SC3_n0300_k-true_cs-102_sub-0_seed-102.rds"
"reps","ok","SimKumar4hard","FEAST","FEAST","dip","mixed","SC3","true",NA,103,0,1,103,300,300,325,4,4,4,499,0,NA,NA,NA,FALSE,-0.00565652493125475,0.271551389247718,0.156661613609567,0.420841683366733,104.231,"SimKumar4hard_FEAST_SC3_n0300_k-true_cs-103_sub-0_seed-103.rds"
"reps","ok","SimKumar4hard","FEAST","FEAST","dip","mixed","SC3","true",NA,104,0,1,104,300,300,325,4,4,4,499,0,NA,NA,NA,FALSE,-0.00626137114324799,0.271997777481097,0.156999109677636,0.420841683366733,109.404,"SimKumar4hard_FEAST_SC3_n0300_k-true_cs-104_sub-0_seed-104.rds"
"reps","ok","SimKumar4hard","FEAST","FEAST","dip","mixed","SC3","true",NA,105,0,1,105,300,300,325,4,4,4,499,0,NA,NA,NA,FALSE,-0.00647289148034457,0.271479714115857,0.156637242538882,0.420841683366733,98.912,"SimKumar4hard_FEAST_SC3_n0300_k-true_cs-105_sub-0_seed-105.rds"
"reps","ok","SimKumar4hard","FEAST","FEAST","dip","mixed","SC3","true",NA,NA,1,0.9,1,300,300,325,4,4,4,449,0,NA,NA,NA,FALSE,0.856061005274549,0.903189149247291,0.820385706507723,0.87750556792873,96.095,"SimKumar4hard_FEAST_SC3_n0300_k-true_cs-hist_sub-1_seed-1.rds"
"reps","ok","SimKumar4hard","FEAST","FEAST","dip","mixed","SC3","true",NA,NA,2,0.9,1,300,300,325,4,4,4,449,0,NA,NA,NA,FALSE,0.86912517913157,0.912960897747875,0.835859816030031,0.87750556792873,96.331,"SimKumar4hard_FEAST_SC3_n0300_k-true_cs-hist_sub-2_seed-1.rds"
"reps","ok","SimKumar4hard","FEAST","FEAST","dip","mixed","SC3","true",NA,NA,3,0.9,1,300,300,324,4,4,4,449,0,NA,NA,NA,FALSE,0.71935318318953,0.801000220246429,0.667893625520744,0.875278396436526,87.241,"SimKumar4hard_FEAST_SC3_n0300_k-true_cs-hist_sub-3_seed-1.rds"
"reps","ok","SimKumar4hard","FEAST","FEAST","dip","mixed","SC3","true",NA,NA,4,0.9,1,300,300,325,4,4,4,449,0,NA,NA,NA,FALSE,0.00338223389503873,0.279587584785564,0.162121117560174,0.420935412026726,134.31,"SimKumar4hard_FEAST_SC3_n0300_k-true_cs-hist_sub-4_seed-1.rds"
"reps","ok","SimKumar4hard","FEAST","FEAST","dip","mixed","SC3","true",NA,NA,5,0.9,1,300,300,324,4,4,4,449,0,NA,NA,NA,FALSE,0.716992187085519,0.800753234137546,0.667712476889462,0.830734966592428,82.279,"SimKumar4hard_FEAST_SC3_n0300_k-true_cs-hist_sub-5_seed-1.rds"
"reps","ok","SimKumar4hard","Seurat","Seurat","dip","mixed","Refined Louvain","true",NA,101,0,1,101,100,100,325,4,4,4,499,0,NA,NA,NA,FALSE,0.528251007306277,0.661747450369662,0.493616386384466,0.771543086172345,11.824,"SimKumar4hard_Seurat_RefinedLouvain_n0100_k-true_cs-101_sub-0_seed-101.rds"
"reps","ok","SimKumar4hard","Seurat","Seurat","dip","mixed","Refined Louvain","true",NA,102,0,1,102,100,100,325,4,4,4,499,0,NA,NA,NA,FALSE,0.528251007306277,0.661747450369662,0.493616386384466,0.771543086172345,11.29,"SimKumar4hard_Seurat_RefinedLouvain_n0100_k-true_cs-102_sub-0_seed-102.rds"
"reps","ok","SimKumar4hard","Seurat","Seurat","dip","mixed","Refined Louvain","true",NA,103,0,1,103,100,100,325,4,4,4,499,0,NA,NA,NA,FALSE,0.528251007306277,0.661747450369662,0.493616386384466,0.771543086172345,13.274,"SimKumar4hard_Seurat_RefinedLouvain_n0100_k-true_cs-103_sub-0_seed-103.rds"
"reps","ok","SimKumar4hard","Seurat","Seurat","dip","mixed","Refined Louvain","true",NA,104,0,1,104,100,100,325,4,4,4,499,0,NA,NA,NA,FALSE,0.532697372080791,0.66517131608304,0.497515408731259,0.773547094188377,12.013,"SimKumar4hard_Seurat_RefinedLouvain_n0100_k-true_cs-104_sub-0_seed-104.rds"
"reps","ok","SimKumar4hard","Seurat","Seurat","dip","mixed","Refined Louvain","true",NA,105,0,1,105,100,100,325,4,4,4,499,0,NA,NA,NA,FALSE,0.532697372080791,0.66517131608304,0.497515408731259,0.773547094188377,11.883,"SimKumar4hard_Seurat_RefinedLouvain_n0100_k-true_cs-105_sub-0_seed-105.rds"
"reps","ok","SimKumar4hard","Seurat","Seurat","dip","mixed","Refined Louvain","true",NA,NA,1,0.9,1,100,100,325,4,4,4,449,0,NA,NA,NA,FALSE,0.473351976148208,0.627403945473469,0.457055822477587,0.708240534521158,12.595,"SimKumar4hard_Seurat_RefinedLouvain_n0100_k-true_cs-hist_sub-1_seed-1.rds"
"reps","ok","SimKumar4hard","Seurat","Seurat","dip","mixed","Refined Louvain","true",NA,NA,2,0.9,1,100,100,325,4,4,4,449,0,NA,NA,NA,FALSE,0.494968729329677,0.638592799910449,0.468474262341471,0.750556792873051,10.816,"SimKumar4hard_Seurat_RefinedLouvain_n0100_k-true_cs-hist_sub-2_seed-1.rds"
"reps","ok","SimKumar4hard","Seurat","Seurat","dip","mixed","Refined Louvain","true",NA,NA,3,0.9,1,100,100,324,4,4,4,449,0,NA,NA,NA,FALSE,0.630140533525225,0.734131111253816,0.578214808971036,0.817371937639198,9.848,"SimKumar4hard_Seurat_RefinedLouvain_n0100_k-true_cs-hist_sub-3_seed-1.rds"
"reps","ok","SimKumar4hard","Seurat","Seurat","dip","mixed","Refined Louvain","true",NA,NA,4,0.9,1,100,100,325,4,4,4,449,0,NA,NA,NA,FALSE,0.671616595419909,0.763489123791308,0.614534611786717,0.846325167037862,9.035,"SimKumar4hard_Seurat_RefinedLouvain_n0100_k-true_cs-hist_sub-4_seed-1.rds"
"reps","ok","SimKumar4hard","Seurat","Seurat","dip","mixed","Refined Louvain","true",NA,NA,5,0.9,1,100,100,324,4,4,4,449,0,NA,NA,NA,FALSE,0.473955522788731,0.629395359120525,0.459209977168389,0.743875278396437,8.46100000000001,"SimKumar4hard_Seurat_RefinedLouvain_n0100_k-true_cs-hist_sub-5_seed-1.rds"
"reps","ok","SimKumar4hard","Seurat","Seurat","dip","mixed","Refined Louvain","true",NA,101,0,1,101,300,300,325,4,4,4,499,0,NA,NA,NA,FALSE,1,1,1,1,12.378,"SimKumar4hard_Seurat_RefinedLouvain_n0300_k-true_cs-101_sub-0_seed-101.rds"
"reps","ok","SimKumar4hard","Seurat","Seurat","dip","mixed","Refined Louvain","true",NA,102,0,1,102,300,300,325,4,4,4,499,0,NA,NA,NA,FALSE,1,1,1,1,11.323,"SimKumar4hard_Seurat_RefinedLouvain_n0300_k-true_cs-102_sub-0_seed-102.rds"
"reps","ok","SimKumar4hard","Seurat","Seurat","dip","mixed","Refined Louvain","true",NA,103,0,1,103,300,300,325,4,4,4,499,0,NA,NA,NA,FALSE,1,1,1,1,10.417,"SimKumar4hard_Seurat_RefinedLouvain_n0300_k-true_cs-103_sub-0_seed-103.rds"
"reps","ok","SimKumar4hard","Seurat","Seurat","dip","mixed","Refined Louvain","true",NA,104,0,1,104,300,300,325,4,4,4,499,0,NA,NA,NA,FALSE,1,1,1,1,13.654,"SimKumar4hard_Seurat_RefinedLouvain_n0300_k-true_cs-104_sub-0_seed-104.rds"
"reps","ok","SimKumar4hard","Seurat","Seurat","dip","mixed","Refined Louvain","true",NA,105,0,1,105,300,300,325,4,4,4,499,0,NA,NA,NA,FALSE,1,1,1,1,12.853,"SimKumar4hard_Seurat_RefinedLouvain_n0300_k-true_cs-105_sub-0_seed-105.rds"
"reps","ok","SimKumar4hard","Seurat","Seurat","dip","mixed","Refined Louvain","true",NA,NA,1,0.9,1,300,300,325,4,4,4,449,0,NA,NA,NA,FALSE,1,1,1,1,16.368,"SimKumar4hard_Seurat_RefinedLouvain_n0300_k-true_cs-hist_sub-1_seed-1.rds"
"reps","ok","SimKumar4hard","Seurat","Seurat","dip","mixed","Refined Louvain","true",NA,NA,2,0.9,1,300,300,325,4,4,4,449,0,NA,NA,NA,FALSE,0.996467585059917,0.997512579643123,0.995037054424734,0.997772828507795,9.076,"SimKumar4hard_Seurat_RefinedLouvain_n0300_k-true_cs-hist_sub-2_seed-1.rds"
"reps","ok","SimKumar4hard","Seurat","Seurat","dip","mixed","Refined Louvain","true",NA,NA,3,0.9,1,300,300,324,4,4,4,449,0,NA,NA,NA,FALSE,1,1,1,1,10.412,"SimKumar4hard_Seurat_RefinedLouvain_n0300_k-true_cs-hist_sub-3_seed-1.rds"
"reps","ok","SimKumar4hard","Seurat","Seurat","dip","mixed","Refined Louvain","true",NA,NA,4,0.9,1,300,300,325,4,4,4,449,0,NA,NA,NA,FALSE,1,1,1,1,10.793,"SimKumar4hard_Seurat_RefinedLouvain_n0300_k-true_cs-hist_sub-4_seed-1.rds"
"reps","ok","SimKumar4hard","Seurat","Seurat","dip","mixed","Refined Louvain","true",NA,NA,5,0.9,1,300,300,324,4,4,4,449,0,NA,NA,NA,FALSE,0.996467585059917,0.997512579643123,0.995037054424734,0.997772828507795,10.651,"SimKumar4hard_Seurat_RefinedLouvain_n0300_k-true_cs-hist_sub-5_seed-1.rds"
"reps","ok","SimKumar4hard","Seurat","Seurat","dip","mixed","SC3","true",NA,101,0,1,101,100,100,325,4,4,4,499,0,NA,NA,NA,FALSE,0.264042942650933,0.508051970208634,0.337876917078243,0.64128256513026,107.092,"SimKumar4hard_Seurat_SC3_n0100_k-true_cs-101_sub-0_seed-101.rds"
"reps","ok","SimKumar4hard","Seurat","Seurat","dip","mixed","SC3","true",NA,102,0,1,102,100,100,325,4,4,4,499,0,NA,NA,NA,FALSE,0.290539775072862,0.508153771088802,0.340327488260021,0.643286573146293,98.874,"SimKumar4hard_Seurat_SC3_n0100_k-true_cs-102_sub-0_seed-102.rds"
"reps","ok","SimKumar4hard","Seurat","Seurat","dip","mixed","SC3","true",NA,103,0,1,103,100,100,325,4,4,4,499,0,NA,NA,NA,FALSE,0.284538295902261,0.533667412136007,0.358400956155249,0.643286573146293,104.526,"SimKumar4hard_Seurat_SC3_n0100_k-true_cs-103_sub-0_seed-103.rds"
"reps","ok","SimKumar4hard","Seurat","Seurat","dip","mixed","SC3","true",NA,104,0,1,104,100,100,325,4,4,4,499,0,NA,NA,NA,FALSE,0.281551960456475,0.512305546639006,0.342924973060345,0.639278557114228,110.84,"SimKumar4hard_Seurat_SC3_n0100_k-true_cs-104_sub-0_seed-104.rds"
"reps","ok","SimKumar4hard","Seurat","Seurat","dip","mixed","SC3","true",NA,105,0,1,105,100,100,325,4,4,4,499,0,NA,NA,NA,FALSE,0.276204314835015,0.511146844563616,0.341510501614353,0.643286573146293,109.177,"SimKumar4hard_Seurat_SC3_n0100_k-true_cs-105_sub-0_seed-105.rds"
"reps","ok","SimKumar4hard","Seurat","Seurat","dip","mixed","SC3","true",NA,NA,1,0.9,1,100,100,325,4,4,4,449,0,NA,NA,NA,FALSE,0.256197002752421,0.495097455461256,0.327605697490391,0.630289532293987,97.613,"SimKumar4hard_Seurat_SC3_n0100_k-true_cs-hist_sub-1_seed-1.rds"
"reps","ok","SimKumar4hard","Seurat","Seurat","dip","mixed","SC3","true",NA,NA,2,0.9,1,100,100,325,4,4,4,449,0,NA,NA,NA,FALSE,0.280732148468285,0.531659880713837,0.356415518042435,0.645879732739421,96.618,"SimKumar4hard_Seurat_SC3_n0100_k-true_cs-hist_sub-2_seed-1.rds"
"reps","ok","SimKumar4hard","Seurat","Seurat","dip","mixed","SC3","true",NA,NA,3,0.9,1,100,100,324,4,4,4,449,0,NA,NA,NA,FALSE,0.276899659054199,0.495766767131826,0.329460834625379,0.639198218262806,96.653,"SimKumar4hard_Seurat_SC3_n0100_k-true_cs-hist_sub-3_seed-1.rds"
"reps","ok","SimKumar4hard","Seurat","Seurat","dip","mixed","SC3","true",NA,NA,4,0.9,1,100,100,325,4,4,4,449,0,NA,NA,NA,FALSE,0.260860749151771,0.4633198454112,0.300248021731428,0.639198218262806,84.771,"SimKumar4hard_Seurat_SC3_n0100_k-true_cs-hist_sub-4_seed-1.rds"
"reps","ok","SimKumar4hard","Seurat","Seurat","dip","mixed","SC3","true",NA,NA,5,0.9,1,100,100,324,4,4,4,449,0,NA,NA,NA,FALSE,0.269139266425688,0.515043461225415,0.343424711958681,0.639198218262806,98.541,"SimKumar4hard_Seurat_SC3_n0100_k-true_cs-hist_sub-5_seed-1.rds"
"reps","ok","SimKumar4hard","Seurat","Seurat","dip","mixed","SC3","true",NA,101,0,1,101,300,300,325,4,4,4,499,0,NA,NA,NA,FALSE,0.59498540484786,0.707299032767571,0.544300918766488,0.849699398797595,113.611,"SimKumar4hard_Seurat_SC3_n0300_k-true_cs-101_sub-0_seed-101.rds"
"reps","ok","SimKumar4hard","Seurat","Seurat","dip","mixed","SC3","true",NA,102,0,1,102,300,300,325,4,4,4,499,0,NA,NA,NA,FALSE,0.595222483536257,0.707423407256459,0.544393108314177,0.849699398797595,101.218,"SimKumar4hard_Seurat_SC3_n0300_k-true_cs-102_sub-0_seed-102.rds"
"reps","ok","SimKumar4hard","Seurat","Seurat","dip","mixed","SC3","true",NA,103,0,1,103,300,300,325,4,4,4,499,0,NA,NA,NA,FALSE,0.602323259823188,0.712768822904409,0.550952000912097,0.853707414829659,101.652,"SimKumar4hard_Seurat_SC3_n0300_k-true_cs-103_sub-0_seed-103.rds"
"reps","ok","SimKumar4hard","Seurat","Seurat","dip","mixed","SC3","true",NA,104,0,1,104,300,300,325,4,4,4,499,0,NA,NA,NA,FALSE,0.59540841110082,0.707661487970922,0.544791216784488,0.849699398797595,110.345,"SimKumar4hard_Seurat_SC3_n0300_k-true_cs-104_sub-0_seed-104.rds"
"reps","ok","SimKumar4hard","Seurat","Seurat","dip","mixed","SC3","true",NA,105,0,1,105,300,300,325,4,4,4,499,0,NA,NA,NA,FALSE,0.591543164987264,0.704902062680089,0.541585459819607,0.849699398797595,100.354,"SimKumar4hard_Seurat_SC3_n0300_k-true_cs-105_sub-0_seed-105.rds"
"reps","ok","SimKumar4hard","Seurat","Seurat","dip","mixed","SC3","true",NA,NA,1,0.9,1,300,300,325,4,4,4,449,0,NA,NA,NA,FALSE,0.576821807830881,0.694203130220573,0.529104933133566,0.839643652561247,102.49,"SimKumar4hard_Seurat_SC3_n0300_k-true_cs-hist_sub-1_seed-1.rds"
"reps","ok","SimKumar4hard","Seurat","Seurat","dip","mixed","SC3","true",NA,NA,2,0.9,1,300,300,325,4,4,4,449,0,NA,NA,NA,FALSE,0.614285397169553,0.721611854569935,0.561802842421154,0.864142538975501,96.759,"SimKumar4hard_Seurat_SC3_n0300_k-true_cs-hist_sub-2_seed-1.rds"
"reps","ok","SimKumar4hard","Seurat","Seurat","dip","mixed","SC3","true",NA,NA,3,0.9,1,300,300,324,4,4,4,449,0,NA,NA,NA,FALSE,0.57227579023963,0.690857836808376,0.5251924035214,0.826280623608018,102.063,"SimKumar4hard_Seurat_SC3_n0300_k-true_cs-hist_sub-3_seed-1.rds"
"reps","ok","SimKumar4hard","Seurat","Seurat","dip","mixed","SC3","true",NA,NA,4,0.9,1,300,300,325,4,4,4,449,0,NA,NA,NA,FALSE,0.586196399491027,0.700779298752857,0.536534855735595,0.850779510022272,100.953,"SimKumar4hard_Seurat_SC3_n0300_k-true_cs-hist_sub-4_seed-1.rds"
"reps","ok","SimKumar4hard","Seurat","Seurat","dip","mixed","SC3","true",NA,NA,5,0.9,1,300,300,324,4,4,4,449,0,NA,NA,NA,FALSE,0.597274608142533,0.708863295980666,0.54608191087826,0.857461024498886,102.071,"SimKumar4hard_Seurat_SC3_n0300_k-true_cs-hist_sub-5_seed-1.rds"
"reps","ok","Trapnell","DIFS","DIFS","dip","mixed","Refined Louvain","true",NA,101,0,1,101,100,100,775,3,3,3,222,0,775,867,"1:3",FALSE,0.421155504048502,0.612770661870432,0.441722148246782,0.671171171171171,50.935,"Trapnell_DIFS_RefinedLouvain_n0100_k-true_cs-101_sub-0_seed-101.rds"
"reps","ok","Trapnell","DIFS","DIFS","dip","mixed","Refined Louvain","true",NA,102,0,1,102,100,100,775,3,3,3,222,0,775,867,"1:3",FALSE,0.421155504048502,0.612770661870432,0.441722148246782,0.671171171171171,50.376,"Trapnell_DIFS_RefinedLouvain_n0100_k-true_cs-102_sub-0_seed-102.rds"
"reps","ok","Trapnell","DIFS","DIFS","dip","mixed","Refined Louvain","true",NA,103,0,1,103,100,100,775,3,3,3,222,0,775,867,"1:3",FALSE,0.421155504048502,0.612770661870432,0.441722148246782,0.671171171171171,54.85,"Trapnell_DIFS_RefinedLouvain_n0100_k-true_cs-103_sub-0_seed-103.rds"
"reps","ok","Trapnell","DIFS","DIFS","dip","mixed","Refined Louvain","true",NA,104,0,1,104,100,100,775,3,3,3,222,0,775,867,"1:3",FALSE,0.421155504048502,0.612770661870432,0.441722148246782,0.671171171171171,53.022,"Trapnell_DIFS_RefinedLouvain_n0100_k-true_cs-104_sub-0_seed-104.rds"
"reps","ok","Trapnell","DIFS","DIFS","dip","mixed","Refined Louvain","true",NA,105,0,1,105,100,100,775,3,3,3,222,0,775,867,"1:3",FALSE,0.421155504048502,0.612770661870432,0.441722148246782,0.671171171171171,53.463,"Trapnell_DIFS_RefinedLouvain_n0100_k-true_cs-105_sub-0_seed-105.rds"
"reps","ok","Trapnell","DIFS","DIFS","dip","mixed","Refined Louvain","true",NA,NA,1,0.9,1,100,100,712,3,3,3,200,0,700,737,"1:1",FALSE,0.19041700183008,0.466184086118143,0.30375,0.555,57.071,"Trapnell_DIFS_RefinedLouvain_n0100_k-true_cs-hist_sub-1_seed-1.rds"
"reps","ok","Trapnell","DIFS","DIFS","dip","mixed","Refined Louvain","true",NA,NA,2,0.9,1,100,100,710,3,3,3,200,0,600,854,"2:3",FALSE,0.438266455781879,0.624147196470992,0.45364238410596,0.685,52.406,"Trapnell_DIFS_RefinedLouvain_n0100_k-true_cs-hist_sub-2_seed-1.rds"
"reps","ok","Trapnell","DIFS","DIFS","dip","mixed","Refined Louvain","true",NA,NA,3,0.9,1,100,100,712,3,3,3,200,0,500,807,"1:1",FALSE,0.415298121320826,0.608749667798927,0.437554585152838,0.685,56.505,"Trapnell_DIFS_RefinedLouvain_n0100_k-true_cs-hist_sub-3_seed-1.rds"
"reps","ok","Trapnell","DIFS","DIFS","dip","mixed","Refined Louvain","true",NA,NA,4,0.9,1,100,100,709,3,3,3,200,0,600,806,"1:1",FALSE,0.436296403696899,0.622431897732461,0.451833848873177,0.69,55.253,"Trapnell_DIFS_RefinedLouvain_n0100_k-true_cs-hist_sub-4_seed-1.rds"
"reps","ok","Trapnell","DIFS","DIFS","dip","mixed","Refined Louvain","true",NA,NA,5,0.9,1,100,100,721,3,3,3,200,0,500,804,"3:1",FALSE,0.42202054437137,0.61311700985548,0.442082191780822,0.67,59.775,"Trapnell_DIFS_RefinedLouvain_n0100_k-true_cs-hist_sub-5_seed-1.rds"
"reps","ok","Trapnell","DIFS","DIFS","dip","mixed","Refined Louvain","true",NA,101,0,1,101,300,300,775,3,3,3,222,0,775,867,"1:1",FALSE,0.421605112878002,0.612823674475956,0.441777777777778,0.666666666666667,61.111,"Trapnell_DIFS_RefinedLouvain_n0300_k-true_cs-101_sub-0_seed-101.rds"
"reps","ok","Trapnell","DIFS","DIFS","dip","mixed","Refined Louvain","true",NA,102,0,1,102,300,300,775,3,3,3,222,0,775,867,"1:1",FALSE,0.421605112878002,0.612823674475956,0.441777777777778,0.666666666666667,59.367,"Trapnell_DIFS_RefinedLouvain_n0300_k-true_cs-102_sub-0_seed-102.rds"
"reps","ok","Trapnell","DIFS","DIFS","dip","mixed","Refined Louvain","true",NA,103,0,1,103,300,300,775,3,3,3,222,0,775,867,"1:1",FALSE,0.421605112878002,0.612823674475956,0.441777777777778,0.666666666666667,50.134,"Trapnell_DIFS_RefinedLouvain_n0300_k-true_cs-103_sub-0_seed-103.rds"
"reps","ok","Trapnell","DIFS","DIFS","dip","mixed","Refined Louvain","true",NA,104,0,1,104,300,300,775,3,3,3,222,0,775,867,"1:1",FALSE,0.421605112878002,0.612823674475956,0.441777777777778,0.666666666666667,62.486,"Trapnell_DIFS_RefinedLouvain_n0300_k-true_cs-104_sub-0_seed-104.rds"
"reps","ok","Trapnell","DIFS","DIFS","dip","mixed","Refined Louvain","true",NA,105,0,1,105,300,300,775,3,3,3,222,0,775,867,"1:1",FALSE,0.421605112878002,0.612823674475956,0.441777777777778,0.666666666666667,57.7,"Trapnell_DIFS_RefinedLouvain_n0300_k-true_cs-105_sub-0_seed-105.rds"
"reps","ok","Trapnell","DIFS","DIFS","dip","mixed","Refined Louvain","true",NA,NA,1,0.9,1,300,300,712,3,3,3,200,0,700,737,"2:3",FALSE,0.419025509055726,0.611009908977999,0.439894898182614,0.655,55.013,"Trapnell_DIFS_RefinedLouvain_n0300_k-true_cs-hist_sub-1_seed-1.rds"
"reps","ok","Trapnell","DIFS","DIFS","dip","mixed","Refined Louvain","true",NA,NA,2,0.9,1,300,300,710,3,3,3,200,0,600,854,"3:2",FALSE,0.430616198171878,0.618627301780551,0.447835187837391,0.675,55.432,"Trapnell_DIFS_RefinedLouvain_n0300_k-true_cs-hist_sub-2_seed-1.rds"
"reps","ok","Trapnell","DIFS","DIFS","dip","mixed","Refined Louvain","true",NA,NA,3,0.9,1,300,300,712,3,3,3,200,0,500,807,"2:1",FALSE,0.406305837209607,0.602418846335451,0.431043866332862,0.675,52.867,"Trapnell_DIFS_RefinedLouvain_n0300_k-true_cs-hist_sub-3_seed-1.rds"
"reps","ok","Trapnell","DIFS","DIFS","dip","mixed","Refined Louvain","true",NA,NA,4,0.9,1,300,300,709,3,3,3,200,0,600,806,"3:1",FALSE,0.413575581596815,0.607213513924821,0.43597027972028,0.68,55.927,"Trapnell_DIFS_RefinedLouvain_n0300_k-true_cs-hist_sub-4_seed-1.rds"
"reps","ok","Trapnell","DIFS","DIFS","dip","mixed","Refined Louvain","true",NA,NA,5,0.9,1,300,300,721,3,3,3,200,0,500,804,"3:2",FALSE,0.42924944174063,0.617783569436431,0.446951353731015,0.67,54.382,"Trapnell_DIFS_RefinedLouvain_n0300_k-true_cs-hist_sub-5_seed-1.rds"
"reps","ok","Trapnell","DIFS","DIFS","dip","mixed","SC3","true",NA,101,0,1,101,100,100,775,3,3,3,222,0,775,867,"1:3",FALSE,0.209565871365121,0.478785796090898,0.314559899315661,0.572072072072072,88.945,"Trapnell_DIFS_SC3_n0100_k-true_cs-101_sub-0_seed-101.rds"
"reps","ok","Trapnell","DIFS","DIFS","dip","mixed","SC3","true",NA,102,0,1,102,100,100,775,3,3,3,222,0,775,867,"1:3",FALSE,0.209565871365121,0.478785796090898,0.314559899315661,0.572072072072072,103.543,"Trapnell_DIFS_SC3_n0100_k-true_cs-102_sub-0_seed-102.rds"
"reps","ok","Trapnell","DIFS","DIFS","dip","mixed","SC3","true",NA,103,0,1,103,100,100,775,3,3,3,222,0,775,867,"1:3",FALSE,0.209565871365121,0.478785796090898,0.314559899315661,0.572072072072072,83.721,"Trapnell_DIFS_SC3_n0100_k-true_cs-103_sub-0_seed-103.rds"
"reps","ok","Trapnell","DIFS","DIFS","dip","mixed","SC3","true",NA,104,0,1,104,100,100,775,3,3,3,222,0,775,867,"1:3",FALSE,0.209565871365121,0.478785796090898,0.314559899315661,0.572072072072072,88.711,"Trapnell_DIFS_SC3_n0100_k-true_cs-104_sub-0_seed-104.rds"
"reps","ok","Trapnell","DIFS","DIFS","dip","mixed","SC3","true",NA,105,0,1,105,100,100,775,3,3,3,222,0,775,867,"1:3",FALSE,0.209565871365121,0.478785796090898,0.314559899315661,0.572072072072072,83.631,"Trapnell_DIFS_SC3_n0100_k-true_cs-105_sub-0_seed-105.rds"
"reps","ok","Trapnell","DIFS","DIFS","dip","mixed","SC3","true",NA,NA,1,0.9,1,100,100,712,3,3,3,200,0,700,737,"1:1",FALSE,0.202978712795932,0.474573586833403,0.310911375277858,0.57,85.708,"Trapnell_DIFS_SC3_n0100_k-true_cs-hist_sub-1_seed-1.rds"
"reps","ok","Trapnell","DIFS","DIFS","dip","mixed","SC3","true",NA,NA,2,0.9,1,100,100,710,3,3,3,200,0,600,854,"2:3",FALSE,0.214423050279647,0.478471825172403,0.31440361564158,0.575,91.566,"Trapnell_DIFS_SC3_n0100_k-true_cs-hist_sub-2_seed-1.rds"
"reps","ok","Trapnell","DIFS","DIFS","dip","mixed","SC3","true",NA,NA,3,0.9,1,100,100,712,3,3,3,200,0,500,807,"1:1",FALSE,0.199205808357014,0.475031378825328,0.31114935934213,0.585,85.253,"Trapnell_DIFS_SC3_n0100_k-true_cs-hist_sub-3_seed-1.rds"
"reps","ok","Trapnell","DIFS","DIFS","dip","mixed","SC3","true",NA,NA,4,0.9,1,100,100,709,3,3,3,200,0,600,806,"1:1",FALSE,0.238047622619744,0.497102741920095,0.330580137659784,0.605,90.015,"Trapnell_DIFS_SC3_n0100_k-true_cs-hist_sub-4_seed-1.rds"
"reps","ok","Trapnell","DIFS","DIFS","dip","mixed","SC3","true",NA,NA,5,0.9,1,100,100,721,3,3,3,200,0,500,804,"3:1",FALSE,0.227846474652569,0.490132429747819,0.324451410658307,0.585,79.574,"Trapnell_DIFS_SC3_n0100_k-true_cs-hist_sub-5_seed-1.rds"
"reps","ok","Trapnell","DIFS","DIFS","dip","mixed","SC3","true",NA,101,0,1,101,300,300,775,3,3,3,222,0,775,867,"1:1",FALSE,0.455784407123095,0.635769795715455,0.466028189374774,0.689189189189189,92.848,"Trapnell_DIFS_SC3_n0300_k-true_cs-101_sub-0_seed-101.rds"
"reps","ok","Trapnell","DIFS","DIFS","dip","mixed","SC3","true",NA,102,0,1,102,300,300,775,3,3,3,222,0,775,867,"1:1",FALSE,0.455784407123095,0.635769795715455,0.466028189374774,0.689189189189189,96.972,"Trapnell_DIFS_SC3_n0300_k-true_cs-102_sub-0_seed-102.rds"
"reps","ok","Trapnell","DIFS","DIFS","dip","mixed","SC3","true",NA,103,0,1,103,300,300,775,3,3,3,222,0,775,867,"1:1",FALSE,0.455784407123095,0.635769795715455,0.466028189374774,0.689189189189189,90.14,"Trapnell_DIFS_SC3_n0300_k-true_cs-103_sub-0_seed-103.rds"
"reps","ok","Trapnell","DIFS","DIFS","dip","mixed","SC3","true",NA,104,0,1,104,300,300,775,3,3,3,222,0,775,867,"1:1",FALSE,0.455784407123095,0.635769795715455,0.466028189374774,0.689189189189189,93.557,"Trapnell_DIFS_SC3_n0300_k-true_cs-104_sub-0_seed-104.rds"
"reps","ok","Trapnell","DIFS","DIFS","dip","mixed","SC3","true",NA,105,0,1,105,300,300,775,3,3,3,222,0,775,867,"1:1",FALSE,0.455784407123095,0.635769795715455,0.466028189374774,0.689189189189189,94.133,"Trapnell_DIFS_SC3_n0300_k-true_cs-105_sub-0_seed-105.rds"
"reps","ok","Trapnell","DIFS","DIFS","dip","mixed","SC3","true",NA,NA,1,0.9,1,300,300,712,3,3,3,200,0,700,737,"2:3",FALSE,0.206300871827497,0.478505704183838,0.314208702348864,0.57,92.007,"Trapnell_DIFS_SC3_n0300_k-true_cs-hist_sub-1_seed-1.rds"
"reps","ok","Trapnell","DIFS","DIFS","dip","mixed","SC3","true",NA,NA,2,0.9,1,300,300,710,3,3,3,200,0,600,854,"3:2",FALSE,0.46741306115857,0.643340732614299,0.474209464005382,0.695,85.177,"Trapnell_DIFS_SC3_n0300_k-true_cs-hist_sub-2_seed-1.rds"
"reps","ok","Trapnell","DIFS","DIFS","dip","mixed","SC3","true",NA,NA,3,0.9,1,300,300,712,3,3,3,200,0,500,807,"2:1",FALSE,0.461992798504205,0.639805648628086,0.470377822490499,0.71,84.767,"Trapnell_DIFS_SC3_n0300_k-true_cs-hist_sub-3_seed-1.rds"
"reps","ok","Trapnell","DIFS","DIFS","dip","mixed","SC3","true",NA,NA,4,0.9,1,300,300,709,3,3,3,200,0,600,806,"3:1",FALSE,0.459165591970242,0.637994517761062,0.468422227181433,0.705,93.646,"Trapnell_DIFS_SC3_n0300_k-true_cs-hist_sub-4_seed-1.rds"
"reps","ok","Trapnell","DIFS","DIFS","dip","mixed","SC3","true",NA,NA,5,0.9,1,300,300,721,3,3,3,200,0,500,804,"3:2",FALSE,0.231137192029421,0.492114502679273,0.326200058898596,0.59,79.486,"Trapnell_DIFS_SC3_n0300_k-true_cs-hist_sub-5_seed-1.rds"
"reps","ok","Trapnell","FEAST","FEAST","dip","mixed","Refined Louvain","true",NA,101,0,1,101,100,100,775,3,3,3,222,0,NA,NA,NA,FALSE,0.110483834712464,0.44721486037644,0.284780964170277,0.509009009009009,6.942,"Trapnell_FEAST_RefinedLouvain_n0100_k-true_cs-101_sub-0_seed-101.rds"
"reps","ok","Trapnell","FEAST","FEAST","dip","mixed","Refined Louvain","true",NA,102,0,1,102,100,100,775,3,3,3,222,0,NA,NA,NA,FALSE,0.110483834712464,0.44721486037644,0.284780964170277,0.509009009009009,6.998,"Trapnell_FEAST_RefinedLouvain_n0100_k-true_cs-102_sub-0_seed-102.rds"
"reps","ok","Trapnell","FEAST","FEAST","dip","mixed","Refined Louvain","true",NA,103,0,1,103,100,100,775,3,3,3,222,0,NA,NA,NA,FALSE,0.110483834712464,0.44721486037644,0.284780964170277,0.509009009009009,6.912,"Trapnell_FEAST_RefinedLouvain_n0100_k-true_cs-103_sub-0_seed-103.rds"
"reps","ok","Trapnell","FEAST","FEAST","dip","mixed","Refined Louvain","true",NA,104,0,1,104,100,100,775,3,3,3,222,0,NA,NA,NA,FALSE,0.110483834712464,0.44721486037644,0.284780964170277,0.509009009009009,6.962,"Trapnell_FEAST_RefinedLouvain_n0100_k-true_cs-104_sub-0_seed-104.rds"
"reps","ok","Trapnell","FEAST","FEAST","dip","mixed","Refined Louvain","true",NA,105,0,1,105,100,100,775,3,3,3,222,0,NA,NA,NA,FALSE,0.110483834712464,0.44721486037644,0.284780964170277,0.509009009009009,7.038,"Trapnell_FEAST_RefinedLouvain_n0100_k-true_cs-105_sub-0_seed-105.rds"
"reps","ok","Trapnell","FEAST","FEAST","dip","mixed","Refined Louvain","true",NA,NA,1,0.9,1,100,100,712,3,3,3,200,0,NA,NA,NA,FALSE,0.102530445056936,0.443468526163182,0.281492084877063,0.495,6.054,"Trapnell_FEAST_RefinedLouvain_n0100_k-true_cs-hist_sub-1_seed-1.rds"
"reps","ok","Trapnell","FEAST","FEAST","dip","mixed","Refined Louvain","true",NA,NA,2,0.9,1,100,100,710,3,3,3,200,0,NA,NA,NA,FALSE,0.197146270202243,0.469244375699273,0.306411001355801,0.56,6.783,"Trapnell_FEAST_RefinedLouvain_n0100_k-true_cs-hist_sub-2_seed-1.rds"
"reps","ok","Trapnell","FEAST","FEAST","dip","mixed","Refined Louvain","true",NA,NA,3,0.9,1,100,100,712,3,3,3,200,0,NA,NA,NA,FALSE,0.413521338885972,0.608552991724808,0.4373370981755,0.685,6.334,"Trapnell_FEAST_RefinedLouvain_n0100_k-true_cs-hist_sub-3_seed-1.rds"
"reps","ok","Trapnell","FEAST","FEAST","dip","mixed","Refined Louvain","true",NA,NA,4,0.9,1,100,100,709,3,3,3,200,0,NA,NA,NA,FALSE,0.162168364085716,0.441552225259938,0.283310771610907,0.56,6.126,"Trapnell_FEAST_RefinedLouvain_n0100_k-true_cs-hist_sub-4_seed-1.rds"
"reps","ok","Trapnell","FEAST","FEAST","dip","mixed","Refined Louvain","true",NA,NA,5,0.9,1,100,100,721,3,3,3,200,0,NA,NA,NA,FALSE,0.373027068068054,0.580874603829631,0.409314249092074,0.65,5.696,"Trapnell_FEAST_RefinedLouvain_n0100_k-true_cs-hist_sub-5_seed-1.rds"
"reps","ok","Trapnell","FEAST","FEAST","dip","mixed","Refined Louvain","true",NA,101,0,1,101,300,300,775,3,3,3,222,0,NA,NA,NA,FALSE,0.108350869700101,0.443171657122936,0.281838316722038,0.504504504504504,6.475,"Trapnell_FEAST_RefinedLouvain_n0300_k-true_cs-101_sub-0_seed-101.rds"
"reps","ok","Trapnell","FEAST","FEAST","dip","mixed","Refined Louvain","true",NA,102,0,1,102,300,300,775,3,3,3,222,0,NA,NA,NA,FALSE,0.108350869700101,0.443171657122936,0.281838316722038,0.504504504504504,7.866,"Trapnell_FEAST_RefinedLouvain_n0300_k-true_cs-102_sub-0_seed-102.rds"
"reps","ok","Trapnell","FEAST","FEAST","dip","mixed","Refined Louvain","true",NA,103,0,1,103,300,300,775,3,3,3,222,0,NA,NA,NA,FALSE,0.108350869700101,0.443171657122936,0.281838316722038,0.504504504504504,7.002,"Trapnell_FEAST_RefinedLouvain_n0300_k-true_cs-103_sub-0_seed-103.rds"
"reps","ok","Trapnell","FEAST","FEAST","dip","mixed","Refined Louvain","true",NA,104,0,1,104,300,300,775,3,3,3,222,0,NA,NA,NA,FALSE,0.108350869700101,0.443171657122936,0.281838316722038,0.504504504504504,6.61,"Trapnell_FEAST_RefinedLouvain_n0300_k-true_cs-104_sub-0_seed-104.rds"
"reps","ok","Trapnell","FEAST","FEAST","dip","mixed","Refined Louvain","true",NA,105,0,1,105,300,300,775,3,3,3,222,0,NA,NA,NA,FALSE,0.108350869700101,0.443171657122936,0.281838316722038,0.504504504504504,6.998,"Trapnell_FEAST_RefinedLouvain_n0300_k-true_cs-105_sub-0_seed-105.rds"
"reps","ok","Trapnell","FEAST","FEAST","dip","mixed","Refined Louvain","true",NA,NA,1,0.9,1,300,300,712,3,3,3,200,0,NA,NA,NA,FALSE,0.0995280310510836,0.439992818225284,0.278885135135135,0.495,6.611,"Trapnell_FEAST_RefinedLouvain_n0300_k-true_cs-hist_sub-1_seed-1.rds"
"reps","ok","Trapnell","FEAST","FEAST","dip","mixed","Refined Louvain","true",NA,NA,2,0.9,1,300,300,710,3,3,2,200,0,NA,NA,NA,FALSE,-0.000256793029085848,0.409725690695026,0.25026209375468,0.375,6.683,"Trapnell_FEAST_RefinedLouvain_n0300_k-true_cs-hist_sub-2_seed-1.rds"
"reps","ok","Trapnell","FEAST","FEAST","dip","mixed","Refined Louvain","true",NA,NA,3,0.9,1,300,300,712,3,3,3,200,0,NA,NA,NA,FALSE,0.127732705201977,0.452290901046199,0.289679098005204,0.525,6.488,"Trapnell_FEAST_RefinedLouvain_n0300_k-true_cs-hist_sub-3_seed-1.rds"
"reps","ok","Trapnell","FEAST","FEAST","dip","mixed","Refined Louvain","true",NA,NA,4,0.9,1,300,300,709,3,3,3,200,0,NA,NA,NA,FALSE,0.115153673699655,0.452240381778728,0.288549231548725,0.525,6.696,"Trapnell_FEAST_RefinedLouvain_n0300_k-true_cs-hist_sub-4_seed-1.rds"
"reps","ok","Trapnell","FEAST","FEAST","dip","mixed","Refined Louvain","true",NA,NA,5,0.9,1,300,300,721,3,3,3,200,0,NA,NA,NA,FALSE,0.376960143458152,0.582813796064961,0.411247048722902,0.635,6.178,"Trapnell_FEAST_RefinedLouvain_n0300_k-true_cs-hist_sub-5_seed-1.rds"
"reps","ok","Trapnell","FEAST","FEAST","dip","mixed","SC3","true",NA,101,0,1,101,100,100,775,3,3,3,222,0,NA,NA,NA,FALSE,0.209313209690326,0.478811115030631,0.31457318031756,0.576576576576577,42.645,"Trapnell_FEAST_SC3_n0100_k-true_cs-101_sub-0_seed-101.rds"
"reps","ok","Trapnell","FEAST","FEAST","dip","mixed","SC3","true",NA,102,0,1,102,100,100,775,3,3,3,222,0,NA,NA,NA,FALSE,0.209313209690326,0.478811115030631,0.31457318031756,0.576576576576577,42.816,"Trapnell_FEAST_SC3_n0100_k-true_cs-102_sub-0_seed-102.rds"
"reps","ok","Trapnell","FEAST","FEAST","dip","mixed","SC3","true",NA,103,0,1,103,100,100,775,3,3,3,222,0,NA,NA,NA,FALSE,0.209313209690326,0.478811115030631,0.31457318031756,0.576576576576577,40.608,"Trapnell_FEAST_SC3_n0100_k-true_cs-103_sub-0_seed-103.rds"
"reps","ok","Trapnell","FEAST","FEAST","dip","mixed","SC3","true",NA,104,0,1,104,100,100,775,3,3,3,222,0,NA,NA,NA,FALSE,0.209313209690326,0.478811115030631,0.31457318031756,0.576576576576577,58.894,"Trapnell_FEAST_SC3_n0100_k-true_cs-104_sub-0_seed-104.rds"
"reps","ok","Trapnell","FEAST","FEAST","dip","mixed","SC3","true",NA,105,0,1,105,100,100,775,3,3,3,222,0,NA,NA,NA,FALSE,0.209313209690326,0.478811115030631,0.31457318031756,0.576576576576577,42.041,"Trapnell_FEAST_SC3_n0100_k-true_cs-105_sub-0_seed-105.rds"
"reps","ok","Trapnell","FEAST","FEAST","dip","mixed","SC3","true",NA,NA,1,0.9,1,100,100,712,3,3,3,200,0,NA,NA,NA,FALSE,0.185726213910307,0.462359096459294,0.300538565108675,0.55,40.312,"Trapnell_FEAST_SC3_n0100_k-true_cs-hist_sub-1_seed-1.rds"
"reps","ok","Trapnell","FEAST","FEAST","dip","mixed","SC3","true",NA,NA,2,0.9,1,100,100,710,3,3,3,200,0,NA,NA,NA,FALSE,0.211202578917771,0.477320073783089,0.313380281690141,0.575,40.442,"Trapnell_FEAST_SC3_n0100_k-true_cs-hist_sub-2_seed-1.rds"
"reps","ok","Trapnell","FEAST","FEAST","dip","mixed","SC3","true",NA,NA,3,0.9,1,100,100,712,3,3,3,200,0,NA,NA,NA,FALSE,0.194491199229759,0.470735850531343,0.307537592184657,0.59,40.829,"Trapnell_FEAST_SC3_n0100_k-true_cs-hist_sub-3_seed-1.rds"
"reps","ok","Trapnell","FEAST","FEAST","dip","mixed","SC3","true",NA,NA,4,0.9,1,100,100,709,3,3,3,200,0,NA,NA,NA,FALSE,0.211652036137761,0.477618026388446,0.31363725298376,0.59,38.014,"Trapnell_FEAST_SC3_n0100_k-true_cs-hist_sub-4_seed-1.rds"
"reps","ok","Trapnell","FEAST","FEAST","dip","mixed","SC3","true",NA,NA,5,0.9,1,100,100,721,3,3,3,200,0,NA,NA,NA,FALSE,0.202238946692509,0.470879410594764,0.307864949258392,0.56,35.365,"Trapnell_FEAST_SC3_n0100_k-true_cs-hist_sub-5_seed-1.rds"
"reps","ok","Trapnell","FEAST","FEAST","dip","mixed","SC3","true",NA,101,0,1,101,300,300,775,3,3,3,222,0,NA,NA,NA,FALSE,0.173149441389365,0.451446139744631,0.291467897082975,0.554054054054054,37.622,"Trapnell_FEAST_SC3_n0300_k-true_cs-101_sub-0_seed-101.rds"
"reps","ok","Trapnell","FEAST","FEAST","dip","mixed","SC3","true",NA,102,0,1,102,300,300,775,3,3,3,222,0,NA,NA,NA,FALSE,0.173149441389365,0.451446139744631,0.291467897082975,0.554054054054054,37.338,"Trapnell_FEAST_SC3_n0300_k-true_cs-102_sub-0_seed-102.rds"
"reps","ok","Trapnell","FEAST","FEAST","dip","mixed","SC3","true",NA,103,0,1,103,300,300,775,3,3,3,222,0,NA,NA,NA,FALSE,0.173149441389365,0.451446139744631,0.291467897082975,0.554054054054054,39.534,"Trapnell_FEAST_SC3_n0300_k-true_cs-103_sub-0_seed-103.rds"
"reps","ok","Trapnell","FEAST","FEAST","dip","mixed","SC3","true",NA,104,0,1,104,300,300,775,3,3,3,222,0,NA,NA,NA,FALSE,0.173149441389365,0.451446139744631,0.291467897082975,0.554054054054054,50.524,"Trapnell_FEAST_SC3_n0300_k-true_cs-104_sub-0_seed-104.rds"
"reps","ok","Trapnell","FEAST","FEAST","dip","mixed","SC3","true",NA,105,0,1,105,300,300,775,3,3,3,222,0,NA,NA,NA,FALSE,0.173149441389365,0.451446139744631,0.291467897082975,0.554054054054054,41.55,"Trapnell_FEAST_SC3_n0300_k-true_cs-105_sub-0_seed-105.rds"
"reps","ok","Trapnell","FEAST","FEAST","dip","mixed","SC3","true",NA,NA,1,0.9,1,300,300,712,3,3,3,200,0,NA,NA,NA,FALSE,0.15610020233188,0.438266739006735,0.280600461893764,0.535,34.837,"Trapnell_FEAST_SC3_n0300_k-true_cs-hist_sub-1_seed-1.rds"
"reps","ok","Trapnell","FEAST","FEAST","dip","mixed","SC3","true",NA,NA,2,0.9,1,300,300,710,3,3,3,200,0,NA,NA,NA,FALSE,0.233043984793198,0.494335219289746,0.328109696376102,0.585,40.027,"Trapnell_FEAST_SC3_n0300_k-true_cs-hist_sub-2_seed-1.rds"
"reps","ok","Trapnell","FEAST","FEAST","dip","mixed","SC3","true",NA,NA,3,0.9,1,300,300,712,3,3,3,200,0,NA,NA,NA,FALSE,0.186748034089771,0.45789620804128,0.296911649726349,0.575,40.452,"Trapnell_FEAST_SC3_n0300_k-true_cs-hist_sub-3_seed-1.rds"
"reps","ok","Trapnell","FEAST","FEAST","dip","mixed","SC3","true",NA,NA,4,0.9,1,300,300,709,3,3,3,200,0,NA,NA,NA,FALSE,0.235684459973671,0.495311969313391,0.329008158851863,0.615,34.873,"Trapnell_FEAST_SC3_n0300_k-true_cs-hist_sub-4_seed-1.rds"
"reps","ok","Trapnell","FEAST","FEAST","dip","mixed","SC3","true",NA,NA,5,0.9,1,300,300,721,3,3,3,200,0,NA,NA,NA,FALSE,0.203350136633859,0.472711692726967,0.309398715703444,0.575,40.566,"Trapnell_FEAST_SC3_n0300_k-true_cs-hist_sub-5_seed-1.rds"
"reps","ok","Trapnell","Seurat","Seurat","dip","mixed","Refined Louvain","true",NA,101,0,1,101,100,100,775,3,3,3,222,0,NA,NA,NA,FALSE,0.0951549344152329,0.420037508898074,0.264737482988325,0.490990990990991,6.161,"Trapnell_Seurat_RefinedLouvain_n0100_k-true_cs-101_sub-0_seed-101.rds"
"reps","ok","Trapnell","Seurat","Seurat","dip","mixed","Refined Louvain","true",NA,102,0,1,102,100,100,775,3,3,3,222,0,NA,NA,NA,FALSE,0.0951549344152329,0.420037508898074,0.264737482988325,0.490990990990991,6.198,"Trapnell_Seurat_RefinedLouvain_n0100_k-true_cs-102_sub-0_seed-102.rds"
"reps","ok","Trapnell","Seurat","Seurat","dip","mixed","Refined Louvain","true",NA,103,0,1,103,100,100,775,3,3,3,222,0,NA,NA,NA,FALSE,0.0951549344152329,0.420037508898074,0.264737482988325,0.490990990990991,5.819,"Trapnell_Seurat_RefinedLouvain_n0100_k-true_cs-103_sub-0_seed-103.rds"
"reps","ok","Trapnell","Seurat","Seurat","dip","mixed","Refined Louvain","true",NA,104,0,1,104,100,100,775,3,3,3,222,0,NA,NA,NA,FALSE,0.0951549344152329,0.420037508898074,0.264737482988325,0.490990990990991,5.877,"Trapnell_Seurat_RefinedLouvain_n0100_k-true_cs-104_sub-0_seed-104.rds"
"reps","ok","Trapnell","Seurat","Seurat","dip","mixed","Refined Louvain","true",NA,105,0,1,105,100,100,775,3,3,3,222,0,NA,NA,NA,FALSE,0.0951549344152329,0.420037508898074,0.264737482988325,0.490990990990991,5.346,"Trapnell_Seurat_RefinedLouvain_n0100_k-true_cs-105_sub-0_seed-105.rds"
"reps","ok","Trapnell","Seurat","Seurat","dip","mixed","Refined Louvain","true",NA,NA,1,0.9,1,100,100,712,3,3,3,200,0,NA,NA,NA,FALSE,0.233409339588751,0.488098093746575,0.322829131652661,0.59,5.225,"Trapnell_Seurat_RefinedLouvain_n0100_k-true_cs-hist_sub-1_seed-1.rds"
"reps","ok","Trapnell","Seurat","Seurat","dip","mixed","Refined Louvain","true",NA,NA,2,0.9,1,100,100,710,3,3,3,200,0,NA,NA,NA,FALSE,0.256817072073541,0.503262599698816,0.336235699098917,0.61,6.087,"Trapnell_Seurat_RefinedLouvain_n0100_k-true_cs-hist_sub-2_seed-1.rds"
"reps","ok","Trapnell","Seurat","Seurat","dip","mixed","Refined Louvain","true",NA,NA,3,0.9,1,100,100,712,3,3,3,200,0,NA,NA,NA,FALSE,0.265995508625929,0.510209383092074,0.342457420924574,0.63,5.079,"Trapnell_Seurat_RefinedLouvain_n0100_k-true_cs-hist_sub-3_seed-1.rds"
"reps","ok","Trapnell","Seurat","Seurat","dip","mixed","Refined Louvain","true",NA,NA,4,0.9,1,100,100,709,3,3,3,200,0,NA,NA,NA,FALSE,0.293029080864365,0.528463111624444,0.359105824446267,0.645,5.494,"Trapnell_Seurat_RefinedLouvain_n0100_k-true_cs-hist_sub-4_seed-1.rds"
"reps","ok","Trapnell","Seurat","Seurat","dip","mixed","Refined Louvain","true",NA,NA,5,0.9,1,100,100,721,3,3,3,200,0,NA,NA,NA,FALSE,0.297007526067438,0.529277664484881,0.359875904860393,0.625,6.479,"Trapnell_Seurat_RefinedLouvain_n0100_k-true_cs-hist_sub-5_seed-1.rds"
"reps","ok","Trapnell","Seurat","Seurat","dip","mixed","Refined Louvain","true",NA,101,0,1,101,300,300,775,3,3,3,222,0,NA,NA,NA,FALSE,0.291506965548094,0.526545264595451,0.357351346843466,0.621621621621622,5.832,"Trapnell_Seurat_RefinedLouvain_n0300_k-true_cs-101_sub-0_seed-101.rds"
"reps","ok","Trapnell","Seurat","Seurat","dip","mixed","Refined Louvain","true",NA,102,0,1,102,300,300,775,3,3,3,222,0,NA,NA,NA,FALSE,0.291506965548094,0.526545264595451,0.357351346843466,0.621621621621622,6.112,"Trapnell_Seurat_RefinedLouvain_n0300_k-true_cs-102_sub-0_seed-102.rds"
"reps","ok","Trapnell","Seurat","Seurat","dip","mixed","Refined Louvain","true",NA,103,0,1,103,300,300,775,3,3,3,222,0,NA,NA,NA,FALSE,0.291506965548094,0.526545264595451,0.357351346843466,0.621621621621622,6.256,"Trapnell_Seurat_RefinedLouvain_n0300_k-true_cs-103_sub-0_seed-103.rds"
"reps","ok","Trapnell","Seurat","Seurat","dip","mixed","Refined Louvain","true",NA,104,0,1,104,300,300,775,3,3,3,222,0,NA,NA,NA,FALSE,0.291506965548094,0.526545264595451,0.357351346843466,0.621621621621622,5.908,"Trapnell_Seurat_RefinedLouvain_n0300_k-true_cs-104_sub-0_seed-104.rds"
"reps","ok","Trapnell","Seurat","Seurat","dip","mixed","Refined Louvain","true",NA,105,0,1,105,300,300,775,3,3,3,222,0,NA,NA,NA,FALSE,0.291506965548094,0.526545264595451,0.357351346843466,0.621621621621622,6.051,"Trapnell_Seurat_RefinedLouvain_n0300_k-true_cs-105_sub-0_seed-105.rds"
"reps","ok","Trapnell","Seurat","Seurat","dip","mixed","Refined Louvain","true",NA,NA,1,0.9,1,300,300,712,3,3,3,200,0,NA,NA,NA,FALSE,0.261919121427499,0.506895436554287,0.339484891502738,0.605,5.235,"Trapnell_Seurat_RefinedLouvain_n0300_k-true_cs-hist_sub-1_seed-1.rds"
"reps","ok","Trapnell","Seurat","Seurat","dip","mixed","Refined Louvain","true",NA,NA,2,0.9,1,300,300,710,3,3,3,200,0,NA,NA,NA,FALSE,0.280355641705153,0.518525486987898,0.350005124525981,0.615,5.247,"Trapnell_Seurat_RefinedLouvain_n0300_k-true_cs-hist_sub-2_seed-1.rds"
"reps","ok","Trapnell","Seurat","Seurat","dip","mixed","Refined Louvain","true",NA,NA,3,0.9,1,300,300,712,3,3,3,200,0,NA,NA,NA,FALSE,0.278850408226261,0.518461268309506,0.349938750510412,0.635,5.697,"Trapnell_Seurat_RefinedLouvain_n0300_k-true_cs-hist_sub-3_seed-1.rds"
"reps","ok","Trapnell","Seurat","Seurat","dip","mixed","Refined Louvain","true",NA,NA,4,0.9,1,300,300,709,3,3,3,200,0,NA,NA,NA,FALSE,0.325028473813841,0.548464718568145,0.377849822212926,0.66,5.373,"Trapnell_Seurat_RefinedLouvain_n0300_k-true_cs-hist_sub-4_seed-1.rds"
"reps","ok","Trapnell","Seurat","Seurat","dip","mixed","Refined Louvain","true",NA,NA,5,0.9,1,300,300,721,3,3,3,200,0,NA,NA,NA,FALSE,0.321292745087398,0.546119276022042,0.375626043405676,0.635,6.489,"Trapnell_Seurat_RefinedLouvain_n0300_k-true_cs-hist_sub-5_seed-1.rds"
"reps","ok","Trapnell","Seurat","Seurat","dip","mixed","SC3","true",NA,101,0,1,101,100,100,775,3,3,3,222,0,NA,NA,NA,FALSE,0.406465494639818,0.602907132341668,0.431543683328925,0.675675675675676,44.226,"Trapnell_Seurat_SC3_n0100_k-true_cs-101_sub-0_seed-101.rds"
"reps","ok","Trapnell","Seurat","Seurat","dip","mixed","SC3","true",NA,102,0,1,102,100,100,775,3,3,3,222,0,NA,NA,NA,FALSE,0.406465494639818,0.602907132341668,0.431543683328925,0.675675675675676,42.957,"Trapnell_Seurat_SC3_n0100_k-true_cs-102_sub-0_seed-102.rds"
"reps","ok","Trapnell","Seurat","Seurat","dip","mixed","SC3","true",NA,103,0,1,103,100,100,775,3,3,3,222,0,NA,NA,NA,FALSE,0.406465494639818,0.602907132341668,0.431543683328925,0.675675675675676,43.425,"Trapnell_Seurat_SC3_n0100_k-true_cs-103_sub-0_seed-103.rds"
"reps","ok","Trapnell","Seurat","Seurat","dip","mixed","SC3","true",NA,104,0,1,104,100,100,775,3,3,3,222,0,NA,NA,NA,FALSE,0.406465494639818,0.602907132341668,0.431543683328925,0.675675675675676,40.119,"Trapnell_Seurat_SC3_n0100_k-true_cs-104_sub-0_seed-104.rds"
"reps","ok","Trapnell","Seurat","Seurat","dip","mixed","SC3","true",NA,105,0,1,105,100,100,775,3,3,3,222,0,NA,NA,NA,FALSE,0.406465494639818,0.602907132341668,0.431543683328925,0.675675675675676,42.532,"Trapnell_Seurat_SC3_n0100_k-true_cs-105_sub-0_seed-105.rds"
"reps","ok","Trapnell","Seurat","Seurat","dip","mixed","SC3","true",NA,NA,1,0.9,1,100,100,712,3,3,3,200,0,NA,NA,NA,FALSE,0.171368068799182,0.44925937862473,0.289661835748792,0.55,42.858,"Trapnell_Seurat_SC3_n0100_k-true_cs-hist_sub-1_seed-1.rds"
"reps","ok","Trapnell","Seurat","Seurat","dip","mixed","SC3","true",NA,NA,2,0.9,1,100,100,710,3,3,3,200,0,NA,NA,NA,FALSE,0.155389657689276,0.437624866449891,0.280076997112608,0.56,41.875,"Trapnell_Seurat_SC3_n0100_k-true_cs-hist_sub-2_seed-1.rds"
"reps","ok","Trapnell","Seurat","Seurat","dip","mixed","SC3","true",NA,NA,3,0.9,1,100,100,712,3,3,3,200,0,NA,NA,NA,FALSE,0.196449282915026,0.464202384462395,0.302238805970149,0.6,35.173,"Trapnell_Seurat_SC3_n0100_k-true_cs-hist_sub-3_seed-1.rds"
"reps","ok","Trapnell","Seurat","Seurat","dip","mixed","SC3","true",NA,NA,4,0.9,1,100,100,709,3,3,3,200,0,NA,NA,NA,FALSE,0.160998898822241,0.442366139326285,0.283955367449019,0.57,42.433,"Trapnell_Seurat_SC3_n0100_k-true_cs-hist_sub-4_seed-1.rds"
"reps","ok","Trapnell","Seurat","Seurat","dip","mixed","SC3","true",NA,NA,5,0.9,1,100,100,721,3,3,3,200,0,NA,NA,NA,FALSE,0.23643827652858,0.492171982019254,0.32636815920398,0.595,38.642,"Trapnell_Seurat_SC3_n0100_k-true_cs-hist_sub-5_seed-1.rds"
"reps","ok","Trapnell","Seurat","Seurat","dip","mixed","SC3","true",NA,101,0,1,101,300,300,775,3,3,3,222,0,NA,NA,NA,FALSE,0.208159136789382,0.474775628429666,0.311215175807604,0.576576576576577,47.457,"Trapnell_Seurat_SC3_n0300_k-true_cs-101_sub-0_seed-101.rds"
"reps","ok","Trapnell","Seurat","Seurat","dip","mixed","SC3","true",NA,102,0,1,102,300,300,775,3,3,3,222,0,NA,NA,NA,FALSE,0.208159136789382,0.474775628429666,0.311215175807604,0.576576576576577,37.115,"Trapnell_Seurat_SC3_n0300_k-true_cs-102_sub-0_seed-102.rds"
"reps","ok","Trapnell","Seurat","Seurat","dip","mixed","SC3","true",NA,103,0,1,103,300,300,775,3,3,3,222,0,NA,NA,NA,FALSE,0.208159136789382,0.474775628429666,0.311215175807604,0.576576576576577,43.697,"Trapnell_Seurat_SC3_n0300_k-true_cs-103_sub-0_seed-103.rds"
"reps","ok","Trapnell","Seurat","Seurat","dip","mixed","SC3","true",NA,104,0,1,104,300,300,775,3,3,3,222,0,NA,NA,NA,FALSE,0.208159136789382,0.474775628429666,0.311215175807604,0.576576576576577,40.646,"Trapnell_Seurat_SC3_n0300_k-true_cs-104_sub-0_seed-104.rds"
"reps","ok","Trapnell","Seurat","Seurat","dip","mixed","SC3","true",NA,105,0,1,105,300,300,775,3,3,3,222,0,NA,NA,NA,FALSE,0.208159136789382,0.474775628429666,0.311215175807604,0.576576576576577,45.189,"Trapnell_Seurat_SC3_n0300_k-true_cs-105_sub-0_seed-105.rds"
"reps","ok","Trapnell","Seurat","Seurat","dip","mixed","SC3","true",NA,NA,1,0.9,1,300,300,712,3,3,3,200,0,NA,NA,NA,FALSE,0.159492692488767,0.447190199716256,0.287752787752788,0.545,37.021,"Trapnell_Seurat_SC3_n0300_k-true_cs-hist_sub-1_seed-1.rds"
"reps","ok","Trapnell","Seurat","Seurat","dip","mixed","SC3","true",NA,NA,2,0.9,1,300,300,710,3,3,3,200,0,NA,NA,NA,FALSE,0.390995730809518,0.592181382013525,0.420637493246894,0.665,40.504,"Trapnell_Seurat_SC3_n0300_k-true_cs-hist_sub-2_seed-1.rds"
"reps","ok","Trapnell","Seurat","Seurat","dip","mixed","SC3","true",NA,NA,3,0.9,1,300,300,712,3,3,3,200,0,NA,NA,NA,FALSE,0.307135217321297,0.536442326655416,0.366531797904347,0.65,38.471,"Trapnell_Seurat_SC3_n0300_k-true_cs-hist_sub-3_seed-1.rds"
"reps","ok","Trapnell","Seurat","Seurat","dip","mixed","SC3","true",NA,NA,4,0.9,1,300,300,709,3,3,3,200,0,NA,NA,NA,FALSE,0.212329954169502,0.482040533222275,0.317290035759157,0.605,39.632,"Trapnell_Seurat_SC3_n0300_k-true_cs-hist_sub-4_seed-1.rds"
"reps","ok","Trapnell","Seurat","Seurat","dip","mixed","SC3","true",NA,NA,5,0.9,1,300,300,721,3,3,3,200,0,NA,NA,NA,FALSE,0.313624544259025,0.541613058203097,0.371369294605809,0.63,35.934,"Trapnell_Seurat_SC3_n0300_k-true_cs-hist_sub-5_seed-1.rds"
"reps","ok","Zhengmix4eq","DIFS","DIFS","dip","mixed","Refined Louvain","true",NA,101,0,1,101,100,100,1935,4,4,4,3994,0,1900,1535,"2:3",FALSE,0.932724156417917,0.949531067860253,0.903911612981843,0.973710565848773,1217.866,"Zhengmix4eq_DIFS_RefinedLouvain_n0100_k-true_cs-101_sub-0_seed-101.rds"
"reps","ok","Zhengmix4eq","DIFS","DIFS","dip","mixed","Refined Louvain","true",NA,102,0,1,102,100,100,1935,4,4,4,3994,0,1900,1534,"2:3",FALSE,0.932724156417917,0.949531067860253,0.903911612981843,0.973710565848773,1313.909,"Zhengmix4eq_DIFS_RefinedLouvain_n0100_k-true_cs-102_sub-0_seed-102.rds"
"reps","ok","Zhengmix4eq","DIFS","DIFS","dip","mixed","Refined Louvain","true",NA,103,0,1,103,100,100,1935,4,4,4,3994,0,1900,1533,"2:3",FALSE,0.932724156417917,0.949531067860253,0.903911612981843,0.973710565848773,1490.427,"Zhengmix4eq_DIFS_RefinedLouvain_n0100_k-true_cs-103_sub-0_seed-103.rds"
"reps","ok","Zhengmix4eq","DIFS","DIFS","dip","mixed","Refined Louvain","true",NA,104,0,1,104,100,100,1935,4,4,4,3994,0,1900,1536,"2:3",FALSE,0.932724156417917,0.949531067860253,0.903911612981843,0.973710565848773,1365.745,"Zhengmix4eq_DIFS_RefinedLouvain_n0100_k-true_cs-104_sub-0_seed-104.rds"
"reps","ok","Zhengmix4eq","DIFS","DIFS","dip","mixed","Refined Louvain","true",NA,105,0,1,105,100,100,1935,4,4,4,3994,0,1900,1527,"2:3",FALSE,0.932724156417917,0.949531067860253,0.903911612981843,0.973710565848773,1339.842,"Zhengmix4eq_DIFS_RefinedLouvain_n0100_k-true_cs-105_sub-0_seed-105.rds"
"reps","ok","Zhengmix4eq","DIFS","DIFS","dip","mixed","Refined Louvain","true",NA,NA,1,0.9,1,100,100,1938,4,4,4,3594,0,1000,1516,"2:3",FALSE,0.941198325879863,0.955886894023701,0.915501288003221,0.977184195882026,1125.195,"Zhengmix4eq_DIFS_RefinedLouvain_n0100_k-true_cs-hist_sub-1_seed-1.rds"
"reps","ok","Zhengmix4eq","DIFS","DIFS","dip","mixed","Refined Louvain","true",NA,NA,2,0.9,1,100,100,1937,4,4,4,3594,0,1937,1518,"1:3",FALSE,0.926224964093256,0.944660340240175,0.895124337670362,0.971062882582081,1142.984,"Zhengmix4eq_DIFS_RefinedLouvain_n0100_k-true_cs-hist_sub-2_seed-1.rds"
"reps","ok","Zhengmix4eq","DIFS","DIFS","dip","mixed","Refined Louvain","true",NA,NA,3,0.9,1,100,100,1938,4,4,4,3594,0,1900,1521,"1:2",FALSE,0.930975440902771,0.948218806798429,0.901536179892377,0.973010573177518,1176.377,"Zhengmix4eq_DIFS_RefinedLouvain_n0100_k-true_cs-hist_sub-3_seed-1.rds"
"reps","ok","Zhengmix4eq","DIFS","DIFS","dip","mixed","Refined Louvain","true",NA,NA,4,0.9,1,100,100,1929,4,4,4,3594,0,1900,1528,"3:2",FALSE,0.927256948879778,0.945448887893772,0.896540444097812,0.971619365609349,1031.258,"Zhengmix4eq_DIFS_RefinedLouvain_n0100_k-true_cs-hist_sub-4_seed-1.rds"
"reps","ok","Zhengmix4eq","DIFS","DIFS","dip","mixed","Refined Louvain","true",NA,NA,5,0.9,1,100,100,1935,4,4,4,3594,0,1900,1533,"2:3",FALSE,0.939673648082944,0.954744693394753,0.913408112814527,0.976627712854758,1018.245,"Zhengmix4eq_DIFS_RefinedLouvain_n0100_k-true_cs-hist_sub-5_seed-1.rds"
"reps","ok","Zhengmix4eq","DIFS","DIFS","dip","mixed","Refined Louvain","true",NA,101,0,1,101,300,300,1935,4,4,4,3994,0,1900,1535,"1:3",FALSE,0.974839439710135,0.98112524856043,0.962949806698714,0.990485728592889,1235.26,"Zhengmix4eq_DIFS_RefinedLouvain_n0300_k-true_cs-101_sub-0_seed-101.rds"
"reps","ok","Zhengmix4eq","DIFS","DIFS","dip","mixed","Refined Louvain","true",NA,102,0,1,102,300,300,1935,4,4,4,3994,0,1900,1534,"1:3",FALSE,0.976158095054666,0.98211437969422,0.964857306164076,0.990986479719579,1334.573,"Zhengmix4eq_DIFS_RefinedLouvain_n0300_k-true_cs-102_sub-0_seed-102.rds"
"reps","ok","Zhengmix4eq","DIFS","DIFS","dip","mixed","Refined Louvain","true",NA,103,0,1,103,300,300,1935,4,4,4,3994,0,1900,1533,"1:2",FALSE,0.975490551633489,0.98161370705183,0.963891315106143,0.990736104156234,1175.981,"Zhengmix4eq_DIFS_RefinedLouvain_n0300_k-true_cs-103_sub-0_seed-103.rds"
"reps","ok","Zhengmix4eq","DIFS","DIFS","dip","mixed","Refined Louvain","true",NA,104,0,1,104,300,300,1935,4,4,4,3994,0,1900,1536,"1:3",FALSE,0.976158095054666,0.98211437969422,0.964857306164076,0.990986479719579,1448.41,"Zhengmix4eq_DIFS_RefinedLouvain_n0300_k-true_cs-104_sub-0_seed-104.rds"
"reps","ok","Zhengmix4eq","DIFS","DIFS","dip","mixed","Refined Louvain","true",NA,105,0,1,105,300,300,1935,4,4,4,3994,0,1900,1527,"1:2",FALSE,0.975490551633489,0.98161370705183,0.963891315106143,0.990736104156234,1452.024,"Zhengmix4eq_DIFS_RefinedLouvain_n0300_k-true_cs-105_sub-0_seed-105.rds"
"reps","ok","Zhengmix4eq","DIFS","DIFS","dip","mixed","Refined Louvain","true",NA,NA,1,0.9,1,300,300,1938,4,4,4,3594,0,1000,1516,"1:3",FALSE,0.976423802731364,0.982313292161121,0.965241347042493,0.991096271563717,1121.116,"Zhengmix4eq_DIFS_RefinedLouvain_n0300_k-true_cs-hist_sub-1_seed-1.rds"
"reps","ok","Zhengmix4eq","DIFS","DIFS","dip","mixed","Refined Louvain","true",NA,NA,2,0.9,1,300,300,1937,4,4,4,3594,0,1937,1518,"1:3",FALSE,0.976450744513241,0.98233337869999,0.96528013861625,0.991096271563717,1042.766,"Zhengmix4eq_DIFS_RefinedLouvain_n0300_k-true_cs-hist_sub-2_seed-1.rds"
"reps","ok","Zhengmix4eq","DIFS","DIFS","dip","mixed","Refined Louvain","true",NA,NA,3,0.9,1,300,300,1938,4,4,4,3594,0,1900,1521,"1:3",FALSE,0.973522824678256,0.980136947712574,0.961047606252177,0.989983305509182,1079.36,"Zhengmix4eq_DIFS_RefinedLouvain_n0300_k-true_cs-hist_sub-3_seed-1.rds"
"reps","ok","Zhengmix4eq","DIFS","DIFS","dip","mixed","Refined Louvain","true",NA,NA,4,0.9,1,300,300,1929,4,4,4,3594,0,1900,1528,"1:2",FALSE,0.962052952505613,0.971532184928045,0.944640337016944,0.985531441291041,1132.71,"Zhengmix4eq_DIFS_RefinedLouvain_n0300_k-true_cs-hist_sub-4_seed-1.rds"
"reps","ok","Zhengmix4eq","DIFS","DIFS","dip","mixed","Refined Louvain","true",NA,NA,5,0.9,1,300,300,1935,4,4,4,3594,0,1900,1533,"1:3",FALSE,0.971359953428567,0.978514358372776,0.957932560263908,0.989148580968281,1218.276,"Zhengmix4eq_DIFS_RefinedLouvain_n0300_k-true_cs-hist_sub-5_seed-1.rds"
"reps","ok","Zhengmix4eq","DIFS","DIFS","dip","mixed","SC3","true",NA,101,0,1,101,100,100,1935,4,4,4,3994,0,1900,1535,"2:3",FALSE,0.706400713252361,0.811072427804568,0.659059138980096,0.747871807711567,1935.045,"Zhengmix4eq_DIFS_SC3_n0100_k-true_cs-101_sub-0_seed-101.rds"
"reps","ok","Zhengmix4eq","DIFS","DIFS","dip","mixed","SC3","true",NA,102,0,1,102,100,100,1935,4,4,4,3994,0,1900,1534,"2:3",FALSE,0.703976883114792,0.809187653783422,0.656664223154192,0.747621432148222,1662.162,"Zhengmix4eq_DIFS_SC3_n0100_k-true_cs-102_sub-0_seed-102.rds"
"reps","ok","Zhengmix4eq","DIFS","DIFS","dip","mixed","SC3","true",NA,103,0,1,103,100,100,1935,4,4,4,3994,0,1900,1533,"2:3",FALSE,0.706400713252361,0.811072427804568,0.659059138980096,0.747871807711567,1707.235,"Zhengmix4eq_DIFS_SC3_n0100_k-true_cs-103_sub-0_seed-103.rds"
"reps","ok","Zhengmix4eq","DIFS","DIFS","dip","mixed","SC3","true",NA,104,0,1,104,100,100,1935,4,4,4,3994,0,1900,1536,"2:3",FALSE,0.706076374270982,0.81080195481043,0.658730792389811,0.747871807711567,1838.612,"Zhengmix4eq_DIFS_SC3_n0100_k-true_cs-104_sub-0_seed-104.rds"
"reps","ok","Zhengmix4eq","DIFS","DIFS","dip","mixed","SC3","true",NA,105,0,1,105,100,100,1935,4,4,4,3994,0,1900,1527,"2:3",FALSE,0.706400713252361,0.811072427804568,0.659059138980096,0.747871807711567,1937.631,"Zhengmix4eq_DIFS_SC3_n0100_k-true_cs-105_sub-0_seed-105.rds"
"reps","ok","Zhengmix4eq","DIFS","DIFS","dip","mixed","SC3","true",NA,NA,1,0.9,1,100,100,1938,4,4,4,3594,0,1000,1516,"2:3",FALSE,0.705979147696278,0.810621254564787,0.658584209323395,0.74819143016138,1526.476,"Zhengmix4eq_DIFS_SC3_n0100_k-true_cs-hist_sub-1_seed-1.rds"
"reps","ok","Zhengmix4eq","DIFS","DIFS","dip","mixed","SC3","true",NA,NA,2,0.9,1,100,100,1937,4,4,4,3594,0,1937,1518,"1:3",FALSE,0.706606218265972,0.811068507706142,0.659187919959865,0.74819143016138,1696.18,"Zhengmix4eq_DIFS_SC3_n0100_k-true_cs-hist_sub-2_seed-1.rds"
"reps","ok","Zhengmix4eq","DIFS","DIFS","dip","mixed","SC3","true",NA,NA,3,0.9,1,100,100,1938,4,4,4,3594,0,1900,1521,"1:2",FALSE,0.702837482832119,0.808380485263195,0.655566200893251,0.747356705620479,1623.037,"Zhengmix4eq_DIFS_SC3_n0100_k-true_cs-hist_sub-3_seed-1.rds"
"reps","ok","Zhengmix4eq","DIFS","DIFS","dip","mixed","SC3","true",NA,NA,4,0.9,1,100,100,1929,4,4,4,3594,0,1900,1528,"3:2",FALSE,0.700036538136324,0.806118971735076,0.652774359731588,0.747078464106845,1406.182,"Zhengmix4eq_DIFS_SC3_n0100_k-true_cs-hist_sub-4_seed-1.rds"
"reps","ok","Zhengmix4eq","DIFS","DIFS","dip","mixed","SC3","true",NA,NA,5,0.9,1,100,100,1935,4,4,4,3594,0,1900,1533,"2:3",FALSE,0.706159524415398,0.810923272497789,0.65882937196623,0.747913188647746,1603.627,"Zhengmix4eq_DIFS_SC3_n0100_k-true_cs-hist_sub-5_seed-1.rds"
"reps","ok","Zhengmix4eq","DIFS","DIFS","dip","mixed","SC3","true",NA,101,0,1,101,300,300,1935,4,4,4,3994,0,1900,1535,"1:3",FALSE,0.704539311653033,0.809588551296144,0.657204314377701,0.747621432148222,1823.949,"Zhengmix4eq_DIFS_SC3_n0300_k-true_cs-101_sub-0_seed-101.rds"
"reps","ok","Zhengmix4eq","DIFS","DIFS","dip","mixed","SC3","true",NA,102,0,1,102,300,300,1935,4,4,4,3994,0,1900,1534,"1:3",FALSE,0.694221889608334,0.800990292276079,0.646822431491645,0.747621432148222,2070.462,"Zhengmix4eq_DIFS_SC3_n0300_k-true_cs-102_sub-0_seed-102.rds"
"reps","ok","Zhengmix4eq","DIFS","DIFS","dip","mixed","SC3","true",NA,103,0,1,103,300,300,1935,4,4,4,3994,0,1900,1533,"1:2",FALSE,0.692413823866006,0.799484423899161,0.645012635647391,0.747621432148222,1907.947,"Zhengmix4eq_DIFS_SC3_n0300_k-true_cs-103_sub-0_seed-103.rds"
"reps","ok","Zhengmix4eq","DIFS","DIFS","dip","mixed","SC3","true",NA,104,0,1,104,300,300,1935,4,4,4,3994,0,1900,1536,"1:3",FALSE,0.704539311653033,0.809588551296144,0.657204314377701,0.747621432148222,2091.162,"Zhengmix4eq_DIFS_SC3_n0300_k-true_cs-104_sub-0_seed-104.rds"
"reps","ok","Zhengmix4eq","DIFS","DIFS","dip","mixed","SC3","true",NA,105,0,1,105,300,300,1935,4,4,4,3994,0,1900,1527,"1:2",FALSE,0.694477838738811,0.801135727857688,0.647049704421535,0.747871807711567,1768.602,"Zhengmix4eq_DIFS_SC3_n0300_k-true_cs-105_sub-0_seed-105.rds"
"reps","ok","Zhengmix4eq","DIFS","DIFS","dip","mixed","SC3","true",NA,NA,1,0.9,1,300,300,1938,4,4,4,3594,0,1000,1516,"1:3",FALSE,0.974202631190227,0.980647739975482,0.962030251005134,0.990261547022816,1430.958,"Zhengmix4eq_DIFS_SC3_n0300_k-true_cs-hist_sub-1_seed-1.rds"
"reps","ok","Zhengmix4eq","DIFS","DIFS","dip","mixed","SC3","true",NA,NA,2,0.9,1,300,300,1937,4,4,4,3594,0,1937,1518,"1:3",FALSE,0.705257202712913,0.810019534373119,0.657853748891654,0.747913188647746,1717.331,"Zhengmix4eq_DIFS_SC3_n0300_k-true_cs-hist_sub-2_seed-1.rds"
"reps","ok","Zhengmix4eq","DIFS","DIFS","dip","mixed","SC3","true",NA,NA,3,0.9,1,300,300,1938,4,4,4,3594,0,1900,1521,"1:3",FALSE,0.693168515267777,0.800397623808915,0.645883398610457,0.746800222593211,1656.688,"Zhengmix4eq_DIFS_SC3_n0300_k-true_cs-hist_sub-3_seed-1.rds"
"reps","ok","Zhengmix4eq","DIFS","DIFS","dip","mixed","SC3","true",NA,NA,4,0.9,1,300,300,1929,4,4,4,3594,0,1900,1528,"1:2",FALSE,0.693059954230657,0.800156486847727,0.645709894925396,0.747356705620479,1698.587,"Zhengmix4eq_DIFS_SC3_n0300_k-true_cs-hist_sub-4_seed-1.rds"
"reps","ok","Zhengmix4eq","DIFS","DIFS","dip","mixed","SC3","true",NA,NA,5,0.9,1,300,300,1935,4,4,4,3594,0,1900,1533,"1:3",FALSE,0.703818974437765,0.809123279754576,0.656525613550885,0.747356705620479,1450.257,"Zhengmix4eq_DIFS_SC3_n0300_k-true_cs-hist_sub-5_seed-1.rds"
"reps","ok","Zhengmix4eq","FEAST","FEAST","dip","mixed","Refined Louvain","true",NA,101,0,1,101,100,100,1935,4,4,4,3994,0,NA,NA,NA,FALSE,0.973639865824144,0.980225060694834,0.961217051600003,0.989984977466199,39.903,"Zhengmix4eq_FEAST_RefinedLouvain_n0100_k-true_cs-101_sub-0_seed-101.rds"
"reps","ok","Zhengmix4eq","FEAST","FEAST","dip","mixed","Refined Louvain","true",NA,102,0,1,102,100,100,1935,4,4,4,3994,0,NA,NA,NA,FALSE,0.972988766996877,0.979736617055421,0.960278133267598,0.989734601902854,38.308,"Zhengmix4eq_FEAST_RefinedLouvain_n0100_k-true_cs-102_sub-0_seed-102.rds"
"reps","ok","Zhengmix4eq","FEAST","FEAST","dip","mixed","Refined Louvain","true",NA,103,0,1,103,100,100,1935,4,4,4,3994,0,NA,NA,NA,FALSE,0.970932443162853,0.978194510500652,0.957319679193878,0.988983475212819,42.496,"Zhengmix4eq_FEAST_RefinedLouvain_n0100_k-true_cs-103_sub-0_seed-103.rds"
"reps","ok","Zhengmix4eq","FEAST","FEAST","dip","mixed","Refined Louvain","true",NA,104,0,1,104,100,100,1935,4,4,4,3994,0,NA,NA,NA,FALSE,0.970294669421659,0.977715914443517,0.956403336652702,0.988733099649474,40.104,"Zhengmix4eq_FEAST_RefinedLouvain_n0100_k-true_cs-104_sub-0_seed-104.rds"
"reps","ok","Zhengmix4eq","FEAST","FEAST","dip","mixed","Refined Louvain","true",NA,105,0,1,105,100,100,1935,4,4,4,3994,0,NA,NA,NA,FALSE,0.970294669421659,0.977715914443517,0.956403336652702,0.988733099649474,37.016,"Zhengmix4eq_FEAST_RefinedLouvain_n0100_k-true_cs-105_sub-0_seed-105.rds"
"reps","ok","Zhengmix4eq","FEAST","FEAST","dip","mixed","Refined Louvain","true",NA,NA,1,0.9,1,100,100,1938,4,4,4,3594,0,NA,NA,NA,FALSE,0.969958095710131,0.9774626203874,0.955918715809719,0.988592097941013,33.823,"Zhengmix4eq_FEAST_RefinedLouvain_n0100_k-true_cs-hist_sub-1_seed-1.rds"
"reps","ok","Zhengmix4eq","FEAST","FEAST","dip","mixed","Refined Louvain","true",NA,NA,2,0.9,1,100,100,1937,4,4,4,3594,0,NA,NA,NA,FALSE,0.966334473764165,0.974744498313274,0.95073324742346,0.987200890372844,36.707,"Zhengmix4eq_FEAST_RefinedLouvain_n0100_k-true_cs-hist_sub-2_seed-1.rds"
"reps","ok","Zhengmix4eq","FEAST","FEAST","dip","mixed","Refined Louvain","true",NA,NA,3,0.9,1,100,100,1938,4,4,4,3594,0,NA,NA,NA,FALSE,0.972167572423081,0.979119983938111,0.959094083850083,0.989426822481914,36.464,"Zhengmix4eq_FEAST_RefinedLouvain_n0100_k-true_cs-hist_sub-3_seed-1.rds"
"reps","ok","Zhengmix4eq","FEAST","FEAST","dip","mixed","Refined Louvain","true",NA,NA,4,0.9,1,100,100,1929,4,4,4,3594,0,NA,NA,NA,FALSE,0.970667285275146,0.977994685055058,0.956936983392735,0.988870339454647,36.153,"Zhengmix4eq_FEAST_RefinedLouvain_n0100_k-true_cs-hist_sub-4_seed-1.rds"
"reps","ok","Zhengmix4eq","FEAST","FEAST","dip","mixed","Refined Louvain","true",NA,NA,5,0.9,1,100,100,1935,4,4,4,3594,0,NA,NA,NA,FALSE,0.965624809857802,0.974212054582123,0.949720704156739,0.98692264885921,34.185,"Zhengmix4eq_FEAST_RefinedLouvain_n0100_k-true_cs-hist_sub-5_seed-1.rds"
"reps","ok","Zhengmix4eq","FEAST","FEAST","dip","mixed","Refined Louvain","true",NA,101,0,1,101,300,300,1935,4,4,4,3994,0,NA,NA,NA,FALSE,0.980724419855385,0.985540191271467,0.971492584430223,0.992739108662995,37.766,"Zhengmix4eq_FEAST_RefinedLouvain_n0300_k-true_cs-101_sub-0_seed-101.rds"
"reps","ok","Zhengmix4eq","FEAST","FEAST","dip","mixed","Refined Louvain","true",NA,102,0,1,102,300,300,1935,4,4,4,3994,0,NA,NA,NA,FALSE,0.978094745471786,0.983567508648992,0.967666330197121,0.991737606409614,39.207,"Zhengmix4eq_FEAST_RefinedLouvain_n0300_k-true_cs-102_sub-0_seed-102.rds"
"reps","ok","Zhengmix4eq","FEAST","FEAST","dip","mixed","Refined Louvain","true",NA,103,0,1,103,300,300,1935,4,4,4,3994,0,NA,NA,NA,FALSE,0.981378595682581,0.986030968705558,0.972446817094765,0.992989484226339,42.754,"Zhengmix4eq_FEAST_RefinedLouvain_n0300_k-true_cs-103_sub-0_seed-103.rds"
"reps","ok","Zhengmix4eq","FEAST","FEAST","dip","mixed","Refined Louvain","true",NA,104,0,1,104,300,300,1935,4,4,4,3994,0,NA,NA,NA,FALSE,0.980724419855385,0.985540191271467,0.971492584430223,0.992739108662995,43.371,"Zhengmix4eq_FEAST_RefinedLouvain_n0300_k-true_cs-104_sub-0_seed-104.rds"
"reps","ok","Zhengmix4eq","FEAST","FEAST","dip","mixed","Refined Louvain","true",NA,105,0,1,105,300,300,1935,4,4,4,3994,0,NA,NA,NA,FALSE,0.978746259327824,0.984056294616658,0.968613002725803,0.991987981972959,41.63,"Zhengmix4eq_FEAST_RefinedLouvain_n0300_k-true_cs-105_sub-0_seed-105.rds"
"reps","ok","Zhengmix4eq","FEAST","FEAST","dip","mixed","Refined Louvain","true",NA,NA,1,0.9,1,300,300,1938,4,4,4,3594,0,NA,NA,NA,FALSE,0.980784175623897,0.985584577187748,0.971578848938187,0.99276572064552,35.38,"Zhengmix4eq_FEAST_RefinedLouvain_n0300_k-true_cs-hist_sub-1_seed-1.rds"
"reps","ok","Zhengmix4eq","FEAST","FEAST","dip","mixed","Refined Louvain","true",NA,NA,2,0.9,1,300,300,1937,4,4,4,3594,0,NA,NA,NA,FALSE,0.979354052468829,0.984511570688287,0.969495602587467,0.992209237618253,51.373,"Zhengmix4eq_FEAST_RefinedLouvain_n0300_k-true_cs-hist_sub-2_seed-1.rds"
"reps","ok","Zhengmix4eq","FEAST","FEAST","dip","mixed","Refined Louvain","true",NA,NA,3,0.9,1,300,300,1938,4,4,4,3594,0,NA,NA,NA,FALSE,0.980792217540764,0.985590525394461,0.971590412505279,0.99276572064552,50.613,"Zhengmix4eq_FEAST_RefinedLouvain_n0300_k-true_cs-hist_sub-3_seed-1.rds"
"reps","ok","Zhengmix4eq","FEAST","FEAST","dip","mixed","Refined Louvain","true",NA,NA,4,0.9,1,300,300,1929,4,4,4,3594,0,NA,NA,NA,FALSE,0.977892215996053,0.983414813650601,0.967370786790963,0.991652754590985,37.532,"Zhengmix4eq_FEAST_RefinedLouvain_n0300_k-true_cs-hist_sub-4_seed-1.rds"
"reps","ok","Zhengmix4eq","FEAST","FEAST","dip","mixed","Refined Louvain","true",NA,NA,5,0.9,1,300,300,1935,4,4,4,3594,0,NA,NA,NA,FALSE,0.978598835305514,0.983945229636468,0.968397814597095,0.991930996104619,34.931,"Zhengmix4eq_FEAST_RefinedLouvain_n0300_k-true_cs-hist_sub-5_seed-1.rds"
"reps","ok","Zhengmix4eq","FEAST","FEAST","dip","mixed","SC3","true",NA,101,0,1,101,100,100,1935,4,4,4,3994,0,NA,NA,NA,FALSE,0.704784680503954,0.809724877762834,0.657424059455018,0.747871807711567,587.924,"Zhengmix4eq_FEAST_SC3_n0100_k-true_cs-101_sub-0_seed-101.rds"
"reps","ok","Zhengmix4eq","FEAST","FEAST","dip","mixed","SC3","true",NA,102,0,1,102,100,100,1935,4,4,4,3994,0,NA,NA,NA,FALSE,0.698950951635752,0.805678027329389,0.651884022530668,0.746369554331497,595.823,"Zhengmix4eq_FEAST_SC3_n0100_k-true_cs-102_sub-0_seed-102.rds"
"reps","ok","Zhengmix4eq","FEAST","FEAST","dip","mixed","SC3","true",NA,103,0,1,103,100,100,1935,4,4,4,3994,0,NA,NA,NA,FALSE,0.704784680503954,0.809724877762834,0.657424059455018,0.747871807711567,658.293,"Zhengmix4eq_FEAST_SC3_n0100_k-true_cs-103_sub-0_seed-103.rds"
"reps","ok","Zhengmix4eq","FEAST","FEAST","dip","mixed","SC3","true",NA,104,0,1,104,100,100,1935,4,4,4,3994,0,NA,NA,NA,FALSE,0.705093173111488,0.809981758703305,0.65773586851477,0.747871807711567,631.358,"Zhengmix4eq_FEAST_SC3_n0100_k-true_cs-104_sub-0_seed-104.rds"
"reps","ok","Zhengmix4eq","FEAST","FEAST","dip","mixed","SC3","true",NA,105,0,1,105,100,100,1935,4,4,4,3994,0,NA,NA,NA,FALSE,0.704784680503954,0.809724877762834,0.657424059455018,0.747871807711567,635,"Zhengmix4eq_FEAST_SC3_n0100_k-true_cs-105_sub-0_seed-105.rds"
"reps","ok","Zhengmix4eq","FEAST","FEAST","dip","mixed","SC3","true",NA,NA,1,0.9,1,100,100,1938,4,4,4,3594,0,NA,NA,NA,FALSE,0.697262034180446,0.804184882763789,0.650145176979991,0.746521981079577,459.718,"Zhengmix4eq_FEAST_SC3_n0100_k-true_cs-hist_sub-1_seed-1.rds"
"reps","ok","Zhengmix4eq","FEAST","FEAST","dip","mixed","SC3","true",NA,NA,2,0.9,1,100,100,1937,4,4,4,3594,0,NA,NA,NA,FALSE,0.705804231745059,0.810323975573356,0.658344443845667,0.748469671675014,457.832,"Zhengmix4eq_FEAST_SC3_n0100_k-true_cs-hist_sub-2_seed-1.rds"
"reps","ok","Zhengmix4eq","FEAST","FEAST","dip","mixed","SC3","true",NA,NA,3,0.9,1,100,100,1938,4,4,4,3594,0,NA,NA,NA,FALSE,0.699591278905504,0.806279417796145,0.65254874526457,0.746243739565943,503.042,"Zhengmix4eq_FEAST_SC3_n0100_k-true_cs-hist_sub-3_seed-1.rds"
"reps","ok","Zhengmix4eq","FEAST","FEAST","dip","mixed","SC3","true",NA,NA,4,0.9,1,100,100,1929,4,4,4,3594,0,NA,NA,NA,FALSE,0.698510151977868,0.805377541735252,0.651462134722013,0.746243739565943,512.905,"Zhengmix4eq_FEAST_SC3_n0100_k-true_cs-hist_sub-4_seed-1.rds"
"reps","ok","Zhengmix4eq","FEAST","FEAST","dip","mixed","SC3","true",NA,NA,5,0.9,1,100,100,1935,4,4,4,3594,0,NA,NA,NA,FALSE,0.697078481389376,0.804183396966888,0.650024771583904,0.746243739565943,414.003,"Zhengmix4eq_FEAST_SC3_n0100_k-true_cs-hist_sub-5_seed-1.rds"
"reps","ok","Zhengmix4eq","FEAST","FEAST","dip","mixed","SC3","true",NA,101,0,1,101,300,300,1935,4,4,4,3994,0,NA,NA,NA,FALSE,0.694477838738811,0.801135727857688,0.647049704421535,0.747871807711567,646.518,"Zhengmix4eq_FEAST_SC3_n0300_k-true_cs-101_sub-0_seed-101.rds"
"reps","ok","Zhengmix4eq","FEAST","FEAST","dip","mixed","SC3","true",NA,102,0,1,102,300,300,1935,4,4,4,3994,0,NA,NA,NA,FALSE,0.68844833848954,0.796520406351872,0.641201222856581,0.746369554331497,655.308,"Zhengmix4eq_FEAST_SC3_n0300_k-true_cs-102_sub-0_seed-102.rds"
"reps","ok","Zhengmix4eq","FEAST","FEAST","dip","mixed","SC3","true",NA,103,0,1,103,300,300,1935,4,4,4,3994,0,NA,NA,NA,FALSE,0.704784680503954,0.809724877762834,0.657424059455018,0.747871807711567,723.756,"Zhengmix4eq_FEAST_SC3_n0300_k-true_cs-103_sub-0_seed-103.rds"
"reps","ok","Zhengmix4eq","FEAST","FEAST","dip","mixed","SC3","true",NA,104,0,1,104,300,300,1935,4,4,4,3994,0,NA,NA,NA,FALSE,0.704784680503954,0.809724877762834,0.657424059455018,0.747871807711567,704.832,"Zhengmix4eq_FEAST_SC3_n0300_k-true_cs-104_sub-0_seed-104.rds"
"reps","ok","Zhengmix4eq","FEAST","FEAST","dip","mixed","SC3","true",NA,105,0,1,105,300,300,1935,4,4,4,3994,0,NA,NA,NA,FALSE,0.704784680503954,0.809724877762834,0.657424059455018,0.747871807711567,768.027,"Zhengmix4eq_FEAST_SC3_n0300_k-true_cs-105_sub-0_seed-105.rds"
"reps","ok","Zhengmix4eq","FEAST","FEAST","dip","mixed","SC3","true",NA,NA,1,0.9,1,300,300,1938,4,4,4,3594,0,NA,NA,NA,FALSE,0.985204476056323,0.988900508898494,0.978044706508529,0.994435169727323,570.236,"Zhengmix4eq_FEAST_SC3_n0300_k-true_cs-hist_sub-1_seed-1.rds"
"reps","ok","Zhengmix4eq","FEAST","FEAST","dip","mixed","SC3","true",NA,NA,2,0.9,1,300,300,1937,4,4,4,3594,0,NA,NA,NA,FALSE,0.705530267528318,0.810171374211846,0.658098594445221,0.74819143016138,553.297,"Zhengmix4eq_FEAST_SC3_n0300_k-true_cs-hist_sub-2_seed-1.rds"
"reps","ok","Zhengmix4eq","FEAST","FEAST","dip","mixed","SC3","true",NA,NA,3,0.9,1,300,300,1938,4,4,4,3594,0,NA,NA,NA,FALSE,0.704091273420776,0.809274445999592,0.656769197288297,0.747634947134112,472.776,"Zhengmix4eq_FEAST_SC3_n0300_k-true_cs-hist_sub-3_seed-1.rds"
"reps","ok","Zhengmix4eq","FEAST","FEAST","dip","mixed","SC3","true",NA,NA,4,0.9,1,300,300,1929,4,4,4,3594,0,NA,NA,NA,FALSE,0.704091273420776,0.809274445999592,0.656769197288297,0.747634947134112,531.305,"Zhengmix4eq_FEAST_SC3_n0300_k-true_cs-hist_sub-4_seed-1.rds"
"reps","ok","Zhengmix4eq","FEAST","FEAST","dip","mixed","SC3","true",NA,NA,5,0.9,1,300,300,1935,4,4,4,3594,0,NA,NA,NA,FALSE,0.986701849749767,0.990023769018662,0.980244620233349,0.994991652754591,562.989,"Zhengmix4eq_FEAST_SC3_n0300_k-true_cs-hist_sub-5_seed-1.rds"
"reps","ok","Zhengmix4eq","Seurat","Seurat","dip","mixed","Refined Louvain","true",NA,101,0,1,101,100,100,1935,4,4,4,3994,0,NA,NA,NA,FALSE,0.69466934632195,0.794871289372878,0.644320594333863,0.751377065598398,29.058,"Zhengmix4eq_Seurat_RefinedLouvain_n0100_k-true_cs-101_sub-0_seed-101.rds"
"reps","ok","Zhengmix4eq","Seurat","Seurat","dip","mixed","Refined Louvain","true",NA,102,0,1,102,100,100,1935,4,4,4,3994,0,NA,NA,NA,FALSE,0.69466934632195,0.794871289372878,0.644320594333863,0.751377065598398,30.399,"Zhengmix4eq_Seurat_RefinedLouvain_n0100_k-true_cs-102_sub-0_seed-102.rds"
"reps","ok","Zhengmix4eq","Seurat","Seurat","dip","mixed","Refined Louvain","true",NA,103,0,1,103,100,100,1935,4,4,4,3994,0,NA,NA,NA,FALSE,0.69466934632195,0.794871289372878,0.644320594333863,0.751377065598398,29.335,"Zhengmix4eq_Seurat_RefinedLouvain_n0100_k-true_cs-103_sub-0_seed-103.rds"
"reps","ok","Zhengmix4eq","Seurat","Seurat","dip","mixed","Refined Louvain","true",NA,104,0,1,104,100,100,1935,4,4,4,3994,0,NA,NA,NA,FALSE,0.69466934632195,0.794871289372878,0.644320594333863,0.751377065598398,31.129,"Zhengmix4eq_Seurat_RefinedLouvain_n0100_k-true_cs-104_sub-0_seed-104.rds"
"reps","ok","Zhengmix4eq","Seurat","Seurat","dip","mixed","Refined Louvain","true",NA,105,0,1,105,100,100,1935,4,4,4,3994,0,NA,NA,NA,FALSE,0.69466934632195,0.794871289372878,0.644320594333863,0.751377065598398,31.777,"Zhengmix4eq_Seurat_RefinedLouvain_n0100_k-true_cs-105_sub-0_seed-105.rds"
"reps","ok","Zhengmix4eq","Seurat","Seurat","dip","mixed","Refined Louvain","true",NA,NA,1,0.9,1,100,100,1938,4,4,4,3594,0,NA,NA,NA,FALSE,0.694761239696954,0.794898099406976,0.644383301957584,0.753199777406789,28.091,"Zhengmix4eq_Seurat_RefinedLouvain_n0100_k-true_cs-hist_sub-1_seed-1.rds"
"reps","ok","Zhengmix4eq","Seurat","Seurat","dip","mixed","Refined Louvain","true",NA,NA,2,0.9,1,100,100,1937,4,4,4,3594,0,NA,NA,NA,FALSE,0.694692231559481,0.794849017148182,0.644317446405186,0.752086811352254,26.458,"Zhengmix4eq_Seurat_RefinedLouvain_n0100_k-true_cs-hist_sub-2_seed-1.rds"
"reps","ok","Zhengmix4eq","Seurat","Seurat","dip","mixed","Refined Louvain","true",NA,NA,3,0.9,1,100,100,1938,4,4,4,3594,0,NA,NA,NA,FALSE,0.693808555122394,0.794066797817896,0.64340032256434,0.750695603784085,26.581,"Zhengmix4eq_Seurat_RefinedLouvain_n0100_k-true_cs-hist_sub-3_seed-1.rds"
"reps","ok","Zhengmix4eq","Seurat","Seurat","dip","mixed","Refined Louvain","true",NA,NA,4,0.9,1,100,100,1929,4,4,4,3594,0,NA,NA,NA,FALSE,0.694149301523649,0.795056000092856,0.644084013478922,0.751530328324986,26.058,"Zhengmix4eq_Seurat_RefinedLouvain_n0100_k-true_cs-hist_sub-4_seed-1.rds"
"reps","ok","Zhengmix4eq","Seurat","Seurat","dip","mixed","Refined Louvain","true",NA,NA,5,0.9,1,100,100,1935,4,4,4,3594,0,NA,NA,NA,FALSE,0.693973905853805,0.794332331160912,0.643629468676341,0.749026154702282,29.58,"Zhengmix4eq_Seurat_RefinedLouvain_n0100_k-true_cs-hist_sub-5_seed-1.rds"
"reps","ok","Zhengmix4eq","Seurat","Seurat","dip","mixed","Refined Louvain","true",NA,101,0,1,101,300,300,1935,4,4,4,3994,0,NA,NA,NA,FALSE,0.690437386363027,0.798447760947399,0.643301943628507,0.745618427641462,37.011,"Zhengmix4eq_Seurat_RefinedLouvain_n0300_k-true_cs-101_sub-0_seed-101.rds"
"reps","ok","Zhengmix4eq","Seurat","Seurat","dip","mixed","Refined Louvain","true",NA,102,0,1,102,300,300,1935,4,4,4,3994,0,NA,NA,NA,FALSE,0.690437386363027,0.798447760947399,0.643301943628507,0.745618427641462,32.987,"Zhengmix4eq_Seurat_RefinedLouvain_n0300_k-true_cs-102_sub-0_seed-102.rds"
"reps","ok","Zhengmix4eq","Seurat","Seurat","dip","mixed","Refined Louvain","true",NA,103,0,1,103,300,300,1935,4,4,4,3994,0,NA,NA,NA,FALSE,0.690437386363027,0.798447760947399,0.643301943628507,0.745618427641462,34.836,"Zhengmix4eq_Seurat_RefinedLouvain_n0300_k-true_cs-103_sub-0_seed-103.rds"
"reps","ok","Zhengmix4eq","Seurat","Seurat","dip","mixed","Refined Louvain","true",NA,104,0,1,104,300,300,1935,4,4,4,3994,0,NA,NA,NA,FALSE,0.690437386363027,0.798447760947399,0.643301943628507,0.745618427641462,32.719,"Zhengmix4eq_Seurat_RefinedLouvain_n0300_k-true_cs-104_sub-0_seed-104.rds"
"reps","ok","Zhengmix4eq","Seurat","Seurat","dip","mixed","Refined Louvain","true",NA,105,0,1,105,300,300,1935,4,4,4,3994,0,NA,NA,NA,FALSE,0.690437386363027,0.798447760947399,0.643301943628507,0.745618427641462,31.197,"Zhengmix4eq_Seurat_RefinedLouvain_n0300_k-true_cs-105_sub-0_seed-105.rds"
"reps","ok","Zhengmix4eq","Seurat","Seurat","dip","mixed","Refined Louvain","true",NA,NA,1,0.9,1,300,300,1938,4,4,4,3594,0,NA,NA,NA,FALSE,0.69069625557684,0.798639584124052,0.643542945934799,0.745687256538676,28.345,"Zhengmix4eq_Seurat_RefinedLouvain_n0300_k-true_cs-hist_sub-1_seed-1.rds"
"reps","ok","Zhengmix4eq","Seurat","Seurat","dip","mixed","Refined Louvain","true",NA,NA,2,0.9,1,300,300,1937,4,4,4,3594,0,NA,NA,NA,FALSE,0.691245037809343,0.798946252282721,0.644025824347875,0.745965498052309,32.086,"Zhengmix4eq_Seurat_RefinedLouvain_n0300_k-true_cs-hist_sub-2_seed-1.rds"
"reps","ok","Zhengmix4eq","Seurat","Seurat","dip","mixed","Refined Louvain","true",NA,NA,3,0.9,1,300,300,1938,4,4,4,3594,0,NA,NA,NA,FALSE,0.690080271137795,0.798201807674359,0.642960956569373,0.745409015025042,30.261,"Zhengmix4eq_Seurat_RefinedLouvain_n0300_k-true_cs-hist_sub-3_seed-1.rds"
"reps","ok","Zhengmix4eq","Seurat","Seurat","dip","mixed","Refined Louvain","true",NA,NA,4,0.9,1,300,300,1929,4,4,4,3594,0,NA,NA,NA,FALSE,0.689408512840158,0.797642184878201,0.642291168044046,0.745409015025042,33.733,"Zhengmix4eq_Seurat_RefinedLouvain_n0300_k-true_cs-hist_sub-4_seed-1.rds"
"reps","ok","Zhengmix4eq","Seurat","Seurat","dip","mixed","Refined Louvain","true",NA,NA,5,0.9,1,300,300,1935,4,4,4,3594,0,NA,NA,NA,FALSE,0.691033542976607,0.798920581563013,0.64387960173046,0.745687256538676,30.39,"Zhengmix4eq_Seurat_RefinedLouvain_n0300_k-true_cs-hist_sub-5_seed-1.rds"
"reps","ok","Zhengmix4eq","Seurat","Seurat","dip","mixed","SC3","true",NA,101,0,1,101,100,100,1935,4,4,4,3994,0,NA,NA,NA,FALSE,0.699081833011474,0.805036987203417,0.651700153145978,0.747871807711567,519.645,"Zhengmix4eq_Seurat_SC3_n0100_k-true_cs-101_sub-0_seed-101.rds"
"reps","ok","Zhengmix4eq","Seurat","Seurat","dip","mixed","SC3","true",NA,102,0,1,102,100,100,1935,4,4,4,3994,0,NA,NA,NA,FALSE,0.70258659869033,0.80795893900148,0.655231587131927,0.747871807711567,490.732,"Zhengmix4eq_Seurat_SC3_n0100_k-true_cs-102_sub-0_seed-102.rds"
"reps","ok","Zhengmix4eq","Seurat","Seurat","dip","mixed","SC3","true",NA,103,0,1,103,100,100,1935,4,4,4,3994,0,NA,NA,NA,FALSE,0.698138022759238,0.804250303514839,0.650750998027225,0.747871807711567,519.101,"Zhengmix4eq_Seurat_SC3_n0100_k-true_cs-103_sub-0_seed-103.rds"
"reps","ok","Zhengmix4eq","Seurat","Seurat","dip","mixed","SC3","true",NA,104,0,1,104,100,100,1935,4,4,4,3994,0,NA,NA,NA,FALSE,0.70461694249682,0.809449062697173,0.657198003048623,0.747871807711567,1015.093,"Zhengmix4eq_Seurat_SC3_n0100_k-true_cs-104_sub-0_seed-104.rds"
"reps","ok","Zhengmix4eq","Seurat","Seurat","dip","mixed","SC3","true",NA,105,0,1,105,100,100,1935,4,4,4,3994,0,NA,NA,NA,FALSE,0.696412663299861,0.802673754736545,0.64895861239282,0.748122183274912,693.138,"Zhengmix4eq_Seurat_SC3_n0100_k-true_cs-105_sub-0_seed-105.rds"
"reps","ok","Zhengmix4eq","Seurat","Seurat","dip","mixed","SC3","true",NA,NA,1,0.9,1,100,100,1938,4,4,4,3594,0,NA,NA,NA,FALSE,0.691920466410631,0.798689263279361,0.644345078267325,0.74819143016138,383.734,"Zhengmix4eq_Seurat_SC3_n0100_k-true_cs-hist_sub-1_seed-1.rds"
"reps","ok","Zhengmix4eq","Seurat","Seurat","dip","mixed","SC3","true",NA,NA,2,0.9,1,100,100,1937,4,4,4,3594,0,NA,NA,NA,FALSE,0.670898810047406,0.785909798206632,0.625633530695422,0.739844184752365,430.038,"Zhengmix4eq_Seurat_SC3_n0100_k-true_cs-hist_sub-2_seed-1.rds"
"reps","ok","Zhengmix4eq","Seurat","Seurat","dip","mixed","SC3","true",NA,NA,3,0.9,1,100,100,1938,4,4,4,3594,0,NA,NA,NA,FALSE,0.689008725408519,0.796632499828364,0.641597702334511,0.747913188647746,377.004,"Zhengmix4eq_Seurat_SC3_n0100_k-true_cs-hist_sub-3_seed-1.rds"
"reps","ok","Zhengmix4eq","Seurat","Seurat","dip","mixed","SC3","true",NA,NA,4,0.9,1,100,100,1929,4,4,4,3594,0,NA,NA,NA,FALSE,0.676036959334995,0.790808598703682,0.63092396131798,0.73873121869783,378.868,"Zhengmix4eq_Seurat_SC3_n0100_k-true_cs-hist_sub-4_seed-1.rds"
"reps","ok","Zhengmix4eq","Seurat","Seurat","dip","mixed","SC3","true",NA,NA,5,0.9,1,100,100,1935,4,4,4,3594,0,NA,NA,NA,FALSE,0.704709421306273,0.809110260092273,0.657111075863973,0.74819143016138,365.378,"Zhengmix4eq_Seurat_SC3_n0100_k-true_cs-hist_sub-5_seed-1.rds"
"reps","ok","Zhengmix4eq","Seurat","Seurat","dip","mixed","SC3","true",NA,101,0,1,101,300,300,1935,4,4,4,3994,0,NA,NA,NA,FALSE,0.693075049684459,0.80010261565853,0.645703324340543,0.747621432148222,916.84,"Zhengmix4eq_Seurat_SC3_n0300_k-true_cs-101_sub-0_seed-101.rds"
"reps","ok","Zhengmix4eq","Seurat","Seurat","dip","mixed","SC3","true",NA,102,0,1,102,300,300,1935,4,4,4,3994,0,NA,NA,NA,FALSE,0.693332232432388,0.800249094137743,0.645931480435762,0.747871807711567,459.739,"Zhengmix4eq_Seurat_SC3_n0300_k-true_cs-102_sub-0_seed-102.rds"
"reps","ok","Zhengmix4eq","Seurat","Seurat","dip","mixed","SC3","true",NA,103,0,1,103,300,300,1935,4,4,4,3994,0,NA,NA,NA,FALSE,0.694070180200437,0.800661010187496,0.646582944265515,0.748122183274912,475.528,"Zhengmix4eq_Seurat_SC3_n0300_k-true_cs-103_sub-0_seed-103.rds"
"reps","ok","Zhengmix4eq","Seurat","Seurat","dip","mixed","SC3","true",NA,104,0,1,104,300,300,1935,4,4,4,3994,0,NA,NA,NA,FALSE,0.706321201885592,0.810937802032336,0.658950452433651,0.748122183274912,458.059,"Zhengmix4eq_Seurat_SC3_n0300_k-true_cs-104_sub-0_seed-104.rds"
"reps","ok","Zhengmix4eq","Seurat","Seurat","dip","mixed","SC3","true",NA,105,0,1,105,300,300,1935,4,4,4,3994,0,NA,NA,NA,FALSE,0.693572141968616,0.800381399495128,0.646142509738953,0.747871807711567,419.056,"Zhengmix4eq_Seurat_SC3_n0300_k-true_cs-105_sub-0_seed-105.rds"
"reps","ok","Zhengmix4eq","Seurat","Seurat","dip","mixed","SC3","true",NA,NA,1,0.9,1,300,300,1938,4,4,4,3594,0,NA,NA,NA,FALSE,0.706333412942761,0.810916834419686,0.658942942715805,0.747913188647746,367.674,"Zhengmix4eq_Seurat_SC3_n0300_k-true_cs-hist_sub-1_seed-1.rds"
"reps","ok","Zhengmix4eq","Seurat","Seurat","dip","mixed","SC3","true",NA,NA,2,0.9,1,300,300,1937,4,4,4,3594,0,NA,NA,NA,FALSE,0.693561807093052,0.800348915231538,0.646114872153108,0.747913188647746,370.777,"Zhengmix4eq_Seurat_SC3_n0300_k-true_cs-hist_sub-2_seed-1.rds"
"reps","ok","Zhengmix4eq","Seurat","Seurat","dip","mixed","SC3","true",NA,NA,3,0.9,1,300,300,1938,4,4,4,3594,0,NA,NA,NA,FALSE,0.693009317927125,0.800039016245111,0.64562674254836,0.747634947134112,357.685,"Zhengmix4eq_Seurat_SC3_n0300_k-true_cs-hist_sub-3_seed-1.rds"
"reps","ok","Zhengmix4eq","Seurat","Seurat","dip","mixed","SC3","true",NA,NA,4,0.9,1,300,300,1929,4,4,4,3594,0,NA,NA,NA,FALSE,0.69163746831054,0.798976875374123,0.644289712686823,0.747078464106845,505.391,"Zhengmix4eq_Seurat_SC3_n0300_k-true_cs-hist_sub-4_seed-1.rds"
"reps","ok","Zhengmix4eq","Seurat","Seurat","dip","mixed","SC3","true",NA,NA,5,0.9,1,300,300,1935,4,4,4,3594,0,NA,NA,NA,FALSE,0.692817453398618,0.800105416406898,0.645532326799477,0.746521981079577,371.723,"Zhengmix4eq_Seurat_SC3_n0300_k-true_cs-hist_sub-5_seed-1.rds"
"reps","ok","Zhengmix8eq","DIFS","DIFS","dip","mixed","Refined Louvain","true",NA,101,0,1,101,100,100,2134,8,8,8,3994,0,1400,1765,"2:3",FALSE,0.589336243999226,0.649082156832863,0.477522690940886,0.709313970956435,1789.188,"Zhengmix8eq_DIFS_RefinedLouvain_n0100_k-true_cs-101_sub-0_seed-101.rds"
"reps","ok","Zhengmix8eq","DIFS","DIFS","dip","mixed","Refined Louvain","true",NA,102,0,1,102,100,100,2134,8,8,8,3994,0,1400,1763,"1:2",FALSE,0.592112815561015,0.652500822770213,0.480640537255283,0.71206810215323,1398.409,"Zhengmix8eq_DIFS_RefinedLouvain_n0100_k-true_cs-102_sub-0_seed-102.rds"
"reps","ok","Zhengmix8eq","DIFS","DIFS","dip","mixed","Refined Louvain","true",NA,103,0,1,103,100,100,2134,8,8,8,3994,0,1400,1755,"1:2",FALSE,0.591377352604062,0.651400153225084,0.479720652907944,0.711316975463195,1683.062,"Zhengmix8eq_DIFS_RefinedLouvain_n0100_k-true_cs-103_sub-0_seed-103.rds"
"reps","ok","Zhengmix8eq","DIFS","DIFS","dip","mixed","Refined Louvain","true",NA,104,0,1,104,100,100,2134,8,8,8,3994,0,1700,1846,"1:2",FALSE,0.592260016601853,0.652409564933606,0.48067341962972,0.712318477716575,1410.764,"Zhengmix8eq_DIFS_RefinedLouvain_n0100_k-true_cs-104_sub-0_seed-104.rds"
"reps","ok","Zhengmix8eq","DIFS","DIFS","dip","mixed","Refined Louvain","true",NA,105,0,1,105,100,100,2134,8,8,8,3994,0,1400,1848,"1:2",FALSE,0.594813835537809,0.654733365568059,0.483141874906223,0.7135703555333,1439.803,"Zhengmix8eq_DIFS_RefinedLouvain_n0100_k-true_cs-105_sub-0_seed-105.rds"
"reps","ok","Zhengmix8eq","DIFS","DIFS","dip","mixed","Refined Louvain","true",NA,NA,1,0.9,1,100,100,2140,8,8,8,3594,0,1700,1660,"1:3",FALSE,0.597717913702427,0.660298315515105,0.487262598808939,0.741235392320534,1218.972,"Zhengmix8eq_DIFS_RefinedLouvain_n0100_k-true_cs-hist_sub-1_seed-1.rds"
"reps","ok","Zhengmix8eq","DIFS","DIFS","dip","mixed","Refined Louvain","true",NA,NA,2,0.9,1,100,100,2139,8,8,8,3594,0,1400,1786,"1:3",FALSE,0.654856086221321,0.705180905118149,0.541507559569269,0.786867000556483,1321.035,"Zhengmix8eq_DIFS_RefinedLouvain_n0100_k-true_cs-hist_sub-2_seed-1.rds"
"reps","ok","Zhengmix8eq","DIFS","DIFS","dip","mixed","Refined Louvain","true",NA,NA,3,0.9,1,100,100,2132,8,8,8,3594,0,2100,1851,"1:3",FALSE,0.607664333759987,0.669434166372493,0.496975350677358,0.763772954924875,1349.159,"Zhengmix8eq_DIFS_RefinedLouvain_n0100_k-true_cs-hist_sub-3_seed-1.rds"
"reps","ok","Zhengmix8eq","DIFS","DIFS","dip","mixed","Refined Louvain","true",NA,NA,4,0.9,1,100,100,2134,8,8,8,3594,0,1600,1766,"1:2",FALSE,0.621580941290015,0.676928777447648,0.508441699836397,0.768224819143016,1330.599,"Zhengmix8eq_DIFS_RefinedLouvain_n0100_k-true_cs-hist_sub-4_seed-1.rds"
"reps","ok","Zhengmix8eq","DIFS","DIFS","dip","mixed","Refined Louvain","true",NA,NA,5,0.9,1,100,100,2129,8,8,8,3594,0,2129,1762,"1:3",FALSE,0.647302497037076,0.697581382101752,0.533259403427048,0.778241513633834,1204.656,"Zhengmix8eq_DIFS_RefinedLouvain_n0100_k-true_cs-hist_sub-5_seed-1.rds"
"reps","ok","Zhengmix8eq","DIFS","DIFS","dip","mixed","Refined Louvain","true",NA,101,0,1,101,300,300,2134,8,8,8,3994,0,1400,1765,"2:3",FALSE,0.718381988405796,0.760166342548535,0.60943807822841,0.822233350025038,1535.275,"Zhengmix8eq_DIFS_RefinedLouvain_n0300_k-true_cs-101_sub-0_seed-101.rds"
"reps","ok","Zhengmix8eq","DIFS","DIFS","dip","mixed","Refined Louvain","true",NA,102,0,1,102,300,300,2134,8,8,8,3994,0,1400,1763,"1:2",FALSE,0.719212426825162,0.760761174890225,0.610309067399245,0.823985978968453,1489.473,"Zhengmix8eq_DIFS_RefinedLouvain_n0300_k-true_cs-102_sub-0_seed-102.rds"
"reps","ok","Zhengmix8eq","DIFS","DIFS","dip","mixed","Refined Louvain","true",NA,103,0,1,103,300,300,2134,8,8,8,3994,0,1400,1755,"1:3",FALSE,0.711318951155268,0.754384585055964,0.601742749438286,0.820230345518277,1443.276,"Zhengmix8eq_DIFS_RefinedLouvain_n0300_k-true_cs-103_sub-0_seed-103.rds"
"reps","ok","Zhengmix8eq","DIFS","DIFS","dip","mixed","Refined Louvain","true",NA,104,0,1,104,300,300,2134,8,8,8,3994,0,1700,1846,"2:3",FALSE,0.714704407656135,0.757751500816824,0.605685281662074,0.820731096644967,1799.549,"Zhengmix8eq_DIFS_RefinedLouvain_n0300_k-true_cs-104_sub-0_seed-104.rds"
"reps","ok","Zhengmix8eq","DIFS","DIFS","dip","mixed","Refined Louvain","true",NA,105,0,1,105,300,300,2134,8,8,8,3994,0,1400,1848,"2:3",FALSE,0.709574820530661,0.75337221366392,0.600037692962267,0.818227341011517,1710.259,"Zhengmix8eq_DIFS_RefinedLouvain_n0300_k-true_cs-105_sub-0_seed-105.rds"
"reps","ok","Zhengmix8eq","DIFS","DIFS","dip","mixed","Refined Louvain","true",NA,NA,1,0.9,1,300,300,2140,8,8,8,3594,0,1700,1660,"2:3",FALSE,0.687565098709877,0.73488695413164,0.576385282750529,0.807735114079021,1251.791,"Zhengmix8eq_DIFS_RefinedLouvain_n0300_k-true_cs-hist_sub-1_seed-1.rds"
"reps","ok","Zhengmix8eq","DIFS","DIFS","dip","mixed","Refined Louvain","true",NA,NA,2,0.9,1,300,300,2139,8,8,8,3594,0,1400,1786,"1:2",FALSE,0.686096923213291,0.732899275011663,0.574497212482377,0.804952698942682,1168.4,"Zhengmix8eq_DIFS_RefinedLouvain_n0300_k-true_cs-hist_sub-2_seed-1.rds"
"reps","ok","Zhengmix8eq","DIFS","DIFS","dip","mixed","Refined Louvain","true",NA,NA,3,0.9,1,300,300,2132,8,8,8,3594,0,2100,1851,"1:2",FALSE,0.687922514169755,0.735483366544209,0.576891418662038,0.808013355592654,1197.594,"Zhengmix8eq_DIFS_RefinedLouvain_n0300_k-true_cs-hist_sub-3_seed-1.rds"
"reps","ok","Zhengmix8eq","DIFS","DIFS","dip","mixed","Refined Louvain","true",NA,NA,4,0.9,1,300,300,2134,8,8,8,3594,0,1600,1766,"1:3",FALSE,0.680239939428625,0.72789030086457,0.568297079033192,0.801613800779076,1119.513,"Zhengmix8eq_DIFS_RefinedLouvain_n0300_k-true_cs-hist_sub-4_seed-1.rds"
"reps","ok","Zhengmix8eq","DIFS","DIFS","dip","mixed","Refined Louvain","true",NA,NA,5,0.9,1,300,300,2129,8,8,8,3594,0,2129,1762,"1:2",FALSE,0.695238344903072,0.740458710528813,0.584156191335439,0.812465219810796,1107.674,"Zhengmix8eq_DIFS_RefinedLouvain_n0300_k-true_cs-hist_sub-5_seed-1.rds"
"reps","ok","Zhengmix8eq","DIFS","DIFS","dip","mixed","SC3","true",NA,101,0,1,101,100,100,2134,8,8,8,3994,0,1400,1765,"2:3",FALSE,0.560902045288136,0.643010551554479,0.458344412424532,0.701051577366049,2282.457,"Zhengmix8eq_DIFS_SC3_n0100_k-true_cs-101_sub-0_seed-101.rds"
"reps","ok","Zhengmix8eq","DIFS","DIFS","dip","mixed","SC3","true",NA,102,0,1,102,100,100,2134,8,8,8,3994,0,1400,1763,"1:2",FALSE,0.546692662288973,0.632803893443941,0.446297822281042,0.693540310465699,2495.135,"Zhengmix8eq_DIFS_SC3_n0100_k-true_cs-102_sub-0_seed-102.rds"
"reps","ok","Zhengmix8eq","DIFS","DIFS","dip","mixed","SC3","true",NA,103,0,1,103,100,100,2134,8,8,8,3994,0,1400,1755,"1:2",FALSE,0.502346183136703,0.608169556829096,0.411980159786751,0.667000500751127,2539.151,"Zhengmix8eq_DIFS_SC3_n0100_k-true_cs-103_sub-0_seed-103.rds"
"reps","ok","Zhengmix8eq","DIFS","DIFS","dip","mixed","SC3","true",NA,104,0,1,104,100,100,2134,8,8,8,3994,0,1700,1846,"1:2",FALSE,0.591920823473038,0.666834336356315,0.485899436260174,0.717325988983475,2222.869,"Zhengmix8eq_DIFS_SC3_n0100_k-true_cs-104_sub-0_seed-104.rds"
"reps","ok","Zhengmix8eq","DIFS","DIFS","dip","mixed","SC3","true",NA,105,0,1,105,100,100,2134,8,8,8,3994,0,1400,1848,"1:2",FALSE,0.568563751131358,0.646884659584648,0.464430648109617,0.708813219829745,2265.244,"Zhengmix8eq_DIFS_SC3_n0100_k-true_cs-105_sub-0_seed-105.rds"
"reps","ok","Zhengmix8eq","DIFS","DIFS","dip","mixed","SC3","true",NA,NA,1,0.9,1,100,100,2140,8,8,8,3594,0,1700,1660,"1:3",FALSE,0.544296054855013,0.631435446328413,0.444381673313289,0.691430161380078,1818.692,"Zhengmix8eq_DIFS_SC3_n0100_k-true_cs-hist_sub-1_seed-1.rds"
"reps","ok","Zhengmix8eq","DIFS","DIFS","dip","mixed","SC3","true",NA,NA,2,0.9,1,100,100,2139,8,8,8,3594,0,1400,1786,"1:3",FALSE,0.550232583633089,0.635732797160147,0.449383108134119,0.695325542570952,1777.529,"Zhengmix8eq_DIFS_SC3_n0100_k-true_cs-hist_sub-2_seed-1.rds"
"reps","ok","Zhengmix8eq","DIFS","DIFS","dip","mixed","SC3","true",NA,NA,3,0.9,1,100,100,2132,8,8,8,3594,0,2100,1851,"1:3",FALSE,0.597483638152913,0.67182134271637,0.491170141317117,0.719532554257095,1800.911,"Zhengmix8eq_DIFS_SC3_n0100_k-true_cs-hist_sub-3_seed-1.rds"
"reps","ok","Zhengmix8eq","DIFS","DIFS","dip","mixed","SC3","true",NA,NA,4,0.9,1,100,100,2134,8,8,8,3594,0,1600,1766,"1:2",FALSE,0.58505533976563,0.661342149857907,0.479628726727703,0.711463550361714,1778.629,"Zhengmix8eq_DIFS_SC3_n0100_k-true_cs-hist_sub-4_seed-1.rds"
"reps","ok","Zhengmix8eq","DIFS","DIFS","dip","mixed","SC3","true",NA,NA,5,0.9,1,100,100,2129,8,8,8,3594,0,2129,1762,"1:3",FALSE,0.536625686903779,0.627026104977325,0.438300806286963,0.688091263216472,1963,"Zhengmix8eq_DIFS_SC3_n0100_k-true_cs-hist_sub-5_seed-1.rds"
"reps","ok","Zhengmix8eq","DIFS","DIFS","dip","mixed","SC3","true",NA,101,0,1,101,300,300,2134,8,8,8,3994,0,1400,1765,"2:3",FALSE,0.607650590315279,0.680300811183767,0.500730259910606,0.728092138207311,2450.853,"Zhengmix8eq_DIFS_SC3_n0300_k-true_cs-101_sub-0_seed-101.rds"
"reps","ok","Zhengmix8eq","DIFS","DIFS","dip","mixed","SC3","true",NA,102,0,1,102,300,300,2134,8,8,8,3994,0,1400,1763,"1:2",FALSE,0.609831424888896,0.682450440208458,0.502893982159927,0.730595893840761,2066.284,"Zhengmix8eq_DIFS_SC3_n0300_k-true_cs-102_sub-0_seed-102.rds"
"reps","ok","Zhengmix8eq","DIFS","DIFS","dip","mixed","SC3","true",NA,103,0,1,103,300,300,2134,8,8,8,3994,0,1400,1755,"1:3",FALSE,0.625937660065299,0.6886011465216,0.515998790079412,0.734852278417626,2343.777,"Zhengmix8eq_DIFS_SC3_n0300_k-true_cs-103_sub-0_seed-103.rds"
"reps","ok","Zhengmix8eq","DIFS","DIFS","dip","mixed","SC3","true",NA,104,0,1,104,300,300,2134,8,8,8,3994,0,1700,1846,"2:3",FALSE,0.61432735796125,0.685635260146481,0.507002940527472,0.732598898347521,2343.669,"Zhengmix8eq_DIFS_SC3_n0300_k-true_cs-104_sub-0_seed-104.rds"
"reps","ok","Zhengmix8eq","DIFS","DIFS","dip","mixed","SC3","true",NA,105,0,1,105,300,300,2134,8,8,8,3994,0,1400,1848,"2:3",FALSE,0.608823662395449,0.680968626300814,0.50174761595087,0.728592889334001,2586.165,"Zhengmix8eq_DIFS_SC3_n0300_k-true_cs-105_sub-0_seed-105.rds"
"reps","ok","Zhengmix8eq","DIFS","DIFS","dip","mixed","SC3","true",NA,NA,1,0.9,1,300,300,2140,8,8,8,3594,0,1700,1660,"2:3",FALSE,0.607935819993339,0.679903902273314,0.500801355435479,0.728992765720646,2039.366,"Zhengmix8eq_DIFS_SC3_n0300_k-true_cs-hist_sub-1_seed-1.rds"
"reps","ok","Zhengmix8eq","DIFS","DIFS","dip","mixed","SC3","true",NA,NA,2,0.9,1,300,300,2139,8,8,8,3594,0,1400,1786,"1:2",FALSE,0.593460185998048,0.668213812394596,0.487348471391923,0.718697829716194,1939.691,"Zhengmix8eq_DIFS_SC3_n0300_k-true_cs-hist_sub-2_seed-1.rds"
"reps","ok","Zhengmix8eq","DIFS","DIFS","dip","mixed","SC3","true",NA,NA,3,0.9,1,300,300,2132,8,8,8,3594,0,2100,1851,"1:2",FALSE,0.611051793792109,0.683373000217441,0.504016170720392,0.729549248747913,1984.788,"Zhengmix8eq_DIFS_SC3_n0300_k-true_cs-hist_sub-3_seed-1.rds"
"reps","ok","Zhengmix8eq","DIFS","DIFS","dip","mixed","SC3","true",NA,NA,4,0.9,1,300,300,2134,8,8,8,3594,0,1600,1766,"1:3",FALSE,0.622246509436104,0.687430037785144,0.513076591353632,0.732331663884252,1675.334,"Zhengmix8eq_DIFS_SC3_n0300_k-true_cs-hist_sub-4_seed-1.rds"
"reps","ok","Zhengmix8eq","DIFS","DIFS","dip","mixed","SC3","true",NA,NA,5,0.9,1,300,300,2129,8,8,8,3594,0,2129,1762,"1:2",FALSE,0.621448332890059,0.685925149306392,0.512021558835073,0.733166388425153,1656.299,"Zhengmix8eq_DIFS_SC3_n0300_k-true_cs-hist_sub-5_seed-1.rds"
"reps","ok","Zhengmix8eq","FEAST","FEAST","dip","mixed","Refined Louvain","true",NA,101,0,1,101,100,100,2134,8,8,8,3994,0,NA,NA,NA,FALSE,0.535554233173609,0.604154687170438,0.429445183583134,0.647471206810215,46.246,"Zhengmix8eq_FEAST_RefinedLouvain_n0100_k-true_cs-101_sub-0_seed-101.rds"
"reps","ok","Zhengmix8eq","FEAST","FEAST","dip","mixed","Refined Louvain","true",NA,102,0,1,102,100,100,2134,8,8,8,3994,0,NA,NA,NA,FALSE,0.538973677640182,0.610138233789551,0.433851281830112,0.660240360540811,36.804,"Zhengmix8eq_FEAST_RefinedLouvain_n0100_k-true_cs-102_sub-0_seed-102.rds"
"reps","ok","Zhengmix8eq","FEAST","FEAST","dip","mixed","Refined Louvain","true",NA,103,0,1,103,100,100,2134,8,8,8,3994,0,NA,NA,NA,FALSE,0.581290576196049,0.638894198865969,0.468176055629161,0.693039559339009,36.453,"Zhengmix8eq_FEAST_RefinedLouvain_n0100_k-true_cs-103_sub-0_seed-103.rds"
"reps","ok","Zhengmix8eq","FEAST","FEAST","dip","mixed","Refined Louvain","true",NA,104,0,1,104,100,100,2134,8,8,8,3994,0,NA,NA,NA,FALSE,0.522070630415272,0.591203458429569,0.417043283525437,0.687531296945418,36.332,"Zhengmix8eq_FEAST_RefinedLouvain_n0100_k-true_cs-104_sub-0_seed-104.rds"
"reps","ok","Zhengmix8eq","FEAST","FEAST","dip","mixed","Refined Louvain","true",NA,105,0,1,105,100,100,2134,8,8,8,3994,0,NA,NA,NA,FALSE,0.585109068352015,0.647928679195037,0.474761963422051,0.706059088632949,48.807,"Zhengmix8eq_FEAST_RefinedLouvain_n0100_k-true_cs-105_sub-0_seed-105.rds"
"reps","ok","Zhengmix8eq","FEAST","FEAST","dip","mixed","Refined Louvain","true",NA,NA,1,0.9,1,100,100,2140,8,8,8,3594,0,NA,NA,NA,FALSE,0.56442081505463,0.630591994685389,0.455937374762048,0.692543127434613,31.616,"Zhengmix8eq_FEAST_RefinedLouvain_n0100_k-true_cs-hist_sub-1_seed-1.rds"
"reps","ok","Zhengmix8eq","FEAST","FEAST","dip","mixed","Refined Louvain","true",NA,NA,2,0.9,1,100,100,2139,8,8,8,3594,0,NA,NA,NA,FALSE,0.588650530671354,0.646337045278067,0.475706975401644,0.705063995548136,35.537,"Zhengmix8eq_FEAST_RefinedLouvain_n0100_k-true_cs-hist_sub-2_seed-1.rds"
"reps","ok","Zhengmix8eq","FEAST","FEAST","dip","mixed","Refined Louvain","true",NA,NA,3,0.9,1,100,100,2132,8,8,8,3594,0,NA,NA,NA,FALSE,0.580606745349838,0.642346261169423,0.469765015496851,0.699777406789093,34.476,"Zhengmix8eq_FEAST_RefinedLouvain_n0100_k-true_cs-hist_sub-3_seed-1.rds"
"reps","ok","Zhengmix8eq","FEAST","FEAST","dip","mixed","Refined Louvain","true",NA,NA,4,0.9,1,100,100,2134,8,8,8,3594,0,NA,NA,NA,FALSE,0.534745288876986,0.603749502411488,0.428872898252762,0.65025041736227,36.895,"Zhengmix8eq_FEAST_RefinedLouvain_n0100_k-true_cs-hist_sub-4_seed-1.rds"
"reps","ok","Zhengmix8eq","FEAST","FEAST","dip","mixed","Refined Louvain","true",NA,NA,5,0.9,1,100,100,2129,8,8,8,3594,0,NA,NA,NA,FALSE,0.542098114790496,0.612621635854184,0.436507330365953,0.6669449081803,36.216,"Zhengmix8eq_FEAST_RefinedLouvain_n0100_k-true_cs-hist_sub-5_seed-1.rds"
"reps","ok","Zhengmix8eq","FEAST","FEAST","dip","mixed","Refined Louvain","true",NA,101,0,1,101,300,300,2134,8,8,8,3994,0,NA,NA,NA,FALSE,0.736378870592072,0.774539481164838,0.629224137226358,0.832999499248873,41.473,"Zhengmix8eq_FEAST_RefinedLouvain_n0300_k-true_cs-101_sub-0_seed-101.rds"
"reps","ok","Zhengmix8eq","FEAST","FEAST","dip","mixed","Refined Louvain","true",NA,102,0,1,102,300,300,2134,8,8,8,3994,0,NA,NA,NA,FALSE,0.711932370894766,0.754604758966859,0.60227993632961,0.816224336504757,40.621,"Zhengmix8eq_FEAST_RefinedLouvain_n0300_k-true_cs-102_sub-0_seed-102.rds"
"reps","ok","Zhengmix8eq","FEAST","FEAST","dip","mixed","Refined Louvain","true",NA,103,0,1,103,300,300,2134,8,8,8,3994,0,NA,NA,NA,FALSE,0.709907805338947,0.752918896993025,0.600073667951779,0.817476214321482,41.492,"Zhengmix8eq_FEAST_RefinedLouvain_n0300_k-true_cs-103_sub-0_seed-103.rds"
"reps","ok","Zhengmix8eq","FEAST","FEAST","dip","mixed","Refined Louvain","true",NA,104,0,1,104,300,300,2134,8,8,8,3994,0,NA,NA,NA,FALSE,0.702288733686188,0.746424809234845,0.591758294004895,0.813970956434652,40.137,"Zhengmix8eq_FEAST_RefinedLouvain_n0300_k-true_cs-104_sub-0_seed-104.rds"
"reps","ok","Zhengmix8eq","FEAST","FEAST","dip","mixed","Refined Louvain","true",NA,105,0,1,105,300,300,2134,8,8,8,3994,0,NA,NA,NA,FALSE,0.726888049122902,0.76633428088894,0.61842751099213,0.826740110165248,37.388,"Zhengmix8eq_FEAST_RefinedLouvain_n0300_k-true_cs-105_sub-0_seed-105.rds"
"reps","ok","Zhengmix8eq","FEAST","FEAST","dip","mixed","Refined Louvain","true",NA,NA,1,0.9,1,300,300,2140,8,8,7,3594,0,NA,NA,NA,FALSE,0.717149783696589,0.759737051648812,0.608342117017318,0.814691151919866,33.404,"Zhengmix8eq_FEAST_RefinedLouvain_n0300_k-true_cs-hist_sub-1_seed-1.rds"
"reps","ok","Zhengmix8eq","FEAST","FEAST","dip","mixed","Refined Louvain","true",NA,NA,2,0.9,1,300,300,2139,8,8,8,3594,0,NA,NA,NA,FALSE,0.659375674826951,0.707136799871105,0.5451125410116,0.806343906510851,32.949,"Zhengmix8eq_FEAST_RefinedLouvain_n0300_k-true_cs-hist_sub-2_seed-1.rds"
"reps","ok","Zhengmix8eq","FEAST","FEAST","dip","mixed","Refined Louvain","true",NA,NA,3,0.9,1,300,300,2132,8,8,8,3594,0,NA,NA,NA,FALSE,0.732203455646796,0.771314033090462,0.624637142404181,0.830272676683361,37.095,"Zhengmix8eq_FEAST_RefinedLouvain_n0300_k-true_cs-hist_sub-3_seed-1.rds"
"reps","ok","Zhengmix8eq","FEAST","FEAST","dip","mixed","Refined Louvain","true",NA,NA,4,0.9,1,300,300,2134,8,8,8,3594,0,NA,NA,NA,FALSE,0.714069213317715,0.756328695488464,0.604584591180649,0.819143016138008,33.162,"Zhengmix8eq_FEAST_RefinedLouvain_n0300_k-true_cs-hist_sub-4_seed-1.rds"
"reps","ok","Zhengmix8eq","FEAST","FEAST","dip","mixed","Refined Louvain","true",NA,NA,5,0.9,1,300,300,2129,8,8,8,3594,0,NA,NA,NA,FALSE,0.700036090476559,0.743877054943796,0.589015257375611,0.813021702838063,41.472,"Zhengmix8eq_FEAST_RefinedLouvain_n0300_k-true_cs-hist_sub-5_seed-1.rds"
"reps","ok","Zhengmix8eq","FEAST","FEAST","dip","mixed","SC3","true",NA,101,0,1,101,100,100,2134,8,8,8,3994,0,NA,NA,NA,FALSE,0.459283512578856,0.568256385131671,0.376314692027331,0.617926890335503,841.896,"Zhengmix8eq_FEAST_SC3_n0100_k-true_cs-101_sub-0_seed-101.rds"
"reps","ok","Zhengmix8eq","FEAST","FEAST","dip","mixed","SC3","true",NA,102,0,1,102,100,100,2134,8,8,8,3994,0,NA,NA,NA,FALSE,0.458096454761506,0.569684868489333,0.376036393271137,0.622433650475714,745.723,"Zhengmix8eq_FEAST_SC3_n0100_k-true_cs-102_sub-0_seed-102.rds"
"reps","ok","Zhengmix8eq","FEAST","FEAST","dip","mixed","SC3","true",NA,103,0,1,103,100,100,2134,8,8,8,3994,0,NA,NA,NA,FALSE,0.365074765948712,0.552205097614245,0.319828779086298,0.557336004006009,831.264,"Zhengmix8eq_FEAST_SC3_n0100_k-true_cs-103_sub-0_seed-103.rds"
"reps","ok","Zhengmix8eq","FEAST","FEAST","dip","mixed","SC3","true",NA,104,0,1,104,100,100,2134,8,8,8,3994,0,NA,NA,NA,FALSE,0.407509818907109,0.556297863938821,0.344387312818486,0.56534802203305,791.846,"Zhengmix8eq_FEAST_SC3_n0100_k-true_cs-104_sub-0_seed-104.rds"
"reps","ok","Zhengmix8eq","FEAST","FEAST","dip","mixed","SC3","true",NA,105,0,1,105,100,100,2134,8,8,8,3994,0,NA,NA,NA,FALSE,0.409821683856938,0.552993370797934,0.345000076797678,0.582373560340511,809.315,"Zhengmix8eq_FEAST_SC3_n0100_k-true_cs-105_sub-0_seed-105.rds"
"reps","ok","Zhengmix8eq","FEAST","FEAST","dip","mixed","SC3","true",NA,NA,1,0.9,1,100,100,2140,8,8,8,3594,0,NA,NA,NA,FALSE,0.449274981000562,0.56517744134826,0.369909712329991,0.604618809126322,517.51,"Zhengmix8eq_FEAST_SC3_n0100_k-true_cs-hist_sub-1_seed-1.rds"
"reps","ok","Zhengmix8eq","FEAST","FEAST","dip","mixed","SC3","true",NA,NA,2,0.9,1,100,100,2139,8,8,8,3594,0,NA,NA,NA,FALSE,0.474784548431185,0.572375995753646,0.386022965044753,0.611574846967167,509.031,"Zhengmix8eq_FEAST_SC3_n0100_k-true_cs-hist_sub-2_seed-1.rds"
"reps","ok","Zhengmix8eq","FEAST","FEAST","dip","mixed","SC3","true",NA,NA,3,0.9,1,100,100,2132,8,8,8,3594,0,NA,NA,NA,FALSE,0.426905835453916,0.560875880127061,0.356293372518314,0.59794101279911,572.775,"Zhengmix8eq_FEAST_SC3_n0100_k-true_cs-hist_sub-3_seed-1.rds"
"reps","ok","Zhengmix8eq","FEAST","FEAST","dip","mixed","SC3","true",NA,NA,4,0.9,1,100,100,2134,8,8,8,3594,0,NA,NA,NA,FALSE,0.528833785865498,0.61685194793823,0.43053822548039,0.653311074012243,593.625,"Zhengmix8eq_FEAST_SC3_n0100_k-true_cs-hist_sub-4_seed-1.rds"
"reps","ok","Zhengmix8eq","FEAST","FEAST","dip","mixed","SC3","true",NA,101,0,1,101,300,300,2134,8,8,8,3994,0,NA,NA,NA,FALSE,0.471629927448187,0.557028298380625,0.379065976857082,0.592638958437656,654.893,"Zhengmix8eq_FEAST_SC3_n0300_k-true_cs-101_sub-0_seed-101.rds"
"reps","ok","Zhengmix8eq","FEAST","FEAST","dip","mixed","SC3","true",NA,102,0,1,102,300,300,2134,8,8,8,3994,0,NA,NA,NA,FALSE,0.493001894958261,0.569208545290983,0.393921037024485,0.614421632448673,756.304,"Zhengmix8eq_FEAST_SC3_n0300_k-true_cs-102_sub-0_seed-102.rds"
"reps","ok","Zhengmix8eq","FEAST","FEAST","dip","mixed","SC3","true",NA,103,0,1,103,300,300,2134,8,8,8,3994,0,NA,NA,NA,FALSE,0.539387838561707,0.605466087980052,0.431795319992715,0.63870806209314,767.414,"Zhengmix8eq_FEAST_SC3_n0300_k-true_cs-103_sub-0_seed-103.rds"
"reps","ok","Zhengmix8eq","FEAST","FEAST","dip","mixed","SC3","true",NA,104,0,1,104,300,300,2134,8,8,8,3994,0,NA,NA,NA,FALSE,0.493009751745884,0.586563078678444,0.400461586992303,0.63920881321983,736.274,"Zhengmix8eq_FEAST_SC3_n0300_k-true_cs-104_sub-0_seed-104.rds"
"reps","ok","Zhengmix8eq","FEAST","FEAST","dip","mixed","SC3","true",NA,105,0,1,105,300,300,2134,8,8,8,3994,0,NA,NA,NA,FALSE,0.482233519634604,0.585499640902084,0.394032114065977,0.629193790686029,773.76,"Zhengmix8eq_FEAST_SC3_n0300_k-true_cs-105_sub-0_seed-105.rds"
"reps","ok","Zhengmix8eq","FEAST","FEAST","dip","mixed","SC3","true",NA,NA,1,0.9,1,300,300,2140,8,8,8,3594,0,NA,NA,NA,FALSE,0.480719800761048,0.584757421402784,0.392947384925412,0.629382303839733,551.995,"Zhengmix8eq_FEAST_SC3_n0300_k-true_cs-hist_sub-1_seed-1.rds"
"reps","ok","Zhengmix8eq","FEAST","FEAST","dip","mixed","SC3","true",NA,NA,2,0.9,1,300,300,2139,8,8,8,3594,0,NA,NA,NA,FALSE,0.483935149945889,0.5679820125696,0.389232155181192,0.588480801335559,594.085,"Zhengmix8eq_FEAST_SC3_n0300_k-true_cs-hist_sub-2_seed-1.rds"
"reps","ok","Zhengmix8eq","FEAST","FEAST","dip","mixed","SC3","true",NA,NA,3,0.9,1,300,300,2132,8,8,8,3594,0,NA,NA,NA,FALSE,0.452849184181166,0.539212974732591,0.363346987744825,0.593210907067334,617.742,"Zhengmix8eq_FEAST_SC3_n0300_k-true_cs-hist_sub-3_seed-1.rds"
"reps","ok","Zhengmix8eq","FEAST","FEAST","dip","mixed","SC3","true",NA,NA,4,0.9,1,300,300,2134,8,8,8,3594,0,NA,NA,NA,FALSE,0.509731320240123,0.583220434312787,0.407789493783681,0.617696160267112,533.387,"Zhengmix8eq_FEAST_SC3_n0300_k-true_cs-hist_sub-4_seed-1.rds"
"reps","ok","Zhengmix8eq","FEAST","FEAST","dip","mixed","SC3","true",NA,NA,5,0.9,1,300,300,2129,8,8,8,3594,0,NA,NA,NA,FALSE,0.4598121282812,0.549739718768701,0.370683663946308,0.580968280467446,585.805,"Zhengmix8eq_FEAST_SC3_n0300_k-true_cs-hist_sub-5_seed-1.rds"
"reps","ok","Zhengmix8eq","Seurat","Seurat","dip","mixed","Refined Louvain","true",NA,101,0,1,101,100,100,2134,8,8,8,3994,0,NA,NA,NA,FALSE,0.503192942746065,0.600248048634922,0.410381808447097,0.653480220330496,31.406,"Zhengmix8eq_Seurat_RefinedLouvain_n0100_k-true_cs-101_sub-0_seed-101.rds"
"reps","ok","Zhengmix8eq","Seurat","Seurat","dip","mixed","Refined Louvain","true",NA,102,0,1,102,100,100,2134,8,8,8,3994,0,NA,NA,NA,FALSE,0.503192942746065,0.600248048634922,0.410381808447097,0.653480220330496,28.85,"Zhengmix8eq_Seurat_RefinedLouvain_n0100_k-true_cs-102_sub-0_seed-102.rds"
"reps","ok","Zhengmix8eq","Seurat","Seurat","dip","mixed","Refined Louvain","true",NA,103,0,1,103,100,100,2134,8,8,8,3994,0,NA,NA,NA,FALSE,0.503192942746065,0.600248048634922,0.410381808447097,0.653480220330496,35.272,"Zhengmix8eq_Seurat_RefinedLouvain_n0100_k-true_cs-103_sub-0_seed-103.rds"
"reps","ok","Zhengmix8eq","Seurat","Seurat","dip","mixed","Refined Louvain","true",NA,104,0,1,104,100,100,2134,8,8,8,3994,0,NA,NA,NA,FALSE,0.503192942746065,0.600248048634922,0.410381808447097,0.653480220330496,25.936,"Zhengmix8eq_Seurat_RefinedLouvain_n0100_k-true_cs-104_sub-0_seed-104.rds"
"reps","ok","Zhengmix8eq","Seurat","Seurat","dip","mixed","Refined Louvain","true",NA,105,0,1,105,100,100,2134,8,8,8,3994,0,NA,NA,NA,FALSE,0.494522912233166,0.599954364755743,0.405128269359392,0.651226840260391,26.591,"Zhengmix8eq_Seurat_RefinedLouvain_n0100_k-true_cs-105_sub-0_seed-105.rds"
"reps","ok","Zhengmix8eq","Seurat","Seurat","dip","mixed","Refined Louvain","true",NA,NA,1,0.9,1,100,100,2140,8,8,8,3594,0,NA,NA,NA,FALSE,0.537346682661211,0.612348628185128,0.433905058264474,0.66110183639399,26.268,"Zhengmix8eq_Seurat_RefinedLouvain_n0100_k-true_cs-hist_sub-1_seed-1.rds"
"reps","ok","Zhengmix8eq","Seurat","Seurat","dip","mixed","Refined Louvain","true",NA,NA,2,0.9,1,100,100,2139,8,8,8,3594,0,NA,NA,NA,FALSE,0.540784568912083,0.60335594119478,0.43107284384586,0.641624930439622,27.645,"Zhengmix8eq_Seurat_RefinedLouvain_n0100_k-true_cs-hist_sub-2_seed-1.rds"
"reps","ok","Zhengmix8eq","Seurat","Seurat","dip","mixed","Refined Louvain","true",NA,NA,3,0.9,1,100,100,2132,8,8,8,3594,0,NA,NA,NA,FALSE,0.486347134288753,0.558547321345509,0.385847879039416,0.649137451307735,25.814,"Zhengmix8eq_Seurat_RefinedLouvain_n0100_k-true_cs-hist_sub-3_seed-1.rds"
"reps","ok","Zhengmix8eq","Seurat","Seurat","dip","mixed","Refined Louvain","true",NA,NA,4,0.9,1,100,100,2134,8,8,8,3594,0,NA,NA,NA,FALSE,0.53549717971413,0.608491721267924,0.431370501321561,0.662493043962159,22.464,"Zhengmix8eq_Seurat_RefinedLouvain_n0100_k-true_cs-hist_sub-4_seed-1.rds"
"reps","ok","Zhengmix8eq","Seurat","Seurat","dip","mixed","Refined Louvain","true",NA,NA,5,0.9,1,100,100,2129,8,8,7,3594,0,NA,NA,NA,FALSE,0.480271368149965,0.599225911442164,0.396286329137891,0.641903171953255,25.36,"Zhengmix8eq_Seurat_RefinedLouvain_n0100_k-true_cs-hist_sub-5_seed-1.rds"
"reps","ok","Zhengmix8eq","Seurat","Seurat","dip","mixed","Refined Louvain","true",NA,101,0,1,101,300,300,2134,8,8,8,3994,0,NA,NA,NA,FALSE,0.582665856072271,0.653187121950282,0.475423067986487,0.704056084126189,37.335,"Zhengmix8eq_Seurat_RefinedLouvain_n0300_k-true_cs-101_sub-0_seed-101.rds"
"reps","ok","Zhengmix8eq","Seurat","Seurat","dip","mixed","Refined Louvain","true",NA,102,0,1,102,300,300,2134,8,8,8,3994,0,NA,NA,NA,FALSE,0.573246959938388,0.646006585596254,0.467077586186185,0.699549323985979,37.954,"Zhengmix8eq_Seurat_RefinedLouvain_n0300_k-true_cs-102_sub-0_seed-102.rds"
"reps","ok","Zhengmix8eq","Seurat","Seurat","dip","mixed","Refined Louvain","true",NA,103,0,1,103,300,300,2134,8,8,8,3994,0,NA,NA,NA,FALSE,0.583057847478629,0.653507129403283,0.475780100545076,0.704056084126189,35.616,"Zhengmix8eq_Seurat_RefinedLouvain_n0300_k-true_cs-103_sub-0_seed-103.rds"
"reps","ok","Zhengmix8eq","Seurat","Seurat","dip","mixed","Refined Louvain","true",NA,104,0,1,104,300,300,2134,8,8,8,3994,0,NA,NA,NA,FALSE,0.582398579280212,0.652994636198875,0.475188839385597,0.704056084126189,36.293,"Zhengmix8eq_Seurat_RefinedLouvain_n0300_k-true_cs-104_sub-0_seed-104.rds"
"reps","ok","Zhengmix8eq","Seurat","Seurat","dip","mixed","Refined Louvain","true",NA,105,0,1,105,300,300,2134,8,8,8,3994,0,NA,NA,NA,FALSE,0.580869320697759,0.651664400268408,0.473769188295102,0.703304957436154,35.754,"Zhengmix8eq_Seurat_RefinedLouvain_n0300_k-true_cs-105_sub-0_seed-105.rds"
"reps","ok","Zhengmix8eq","Seurat","Seurat","dip","mixed","Refined Louvain","true",NA,NA,1,0.9,1,300,300,2140,8,8,8,3594,0,NA,NA,NA,FALSE,0.553302980153529,0.625543336028378,0.447815260923695,0.693377851975515,29.806,"Zhengmix8eq_Seurat_RefinedLouvain_n0300_k-true_cs-hist_sub-1_seed-1.rds"
"reps","ok","Zhengmix8eq","Seurat","Seurat","dip","mixed","Refined Louvain","true",NA,NA,2,0.9,1,300,300,2139,8,8,8,3594,0,NA,NA,NA,FALSE,0.553546956190801,0.629298506936305,0.449352106248871,0.69810795770729,27.18,"Zhengmix8eq_Seurat_RefinedLouvain_n0300_k-true_cs-hist_sub-2_seed-1.rds"
"reps","ok","Zhengmix8eq","Seurat","Seurat","dip","mixed","Refined Louvain","true",NA,NA,3,0.9,1,300,300,2132,8,8,8,3594,0,NA,NA,NA,FALSE,0.587861621685642,0.657407563300376,0.48015552977992,0.708124652198108,33.04,"Zhengmix8eq_Seurat_RefinedLouvain_n0300_k-true_cs-hist_sub-3_seed-1.rds"
"reps","ok","Zhengmix8eq","Seurat","Seurat","dip","mixed","Refined Louvain","true",NA,NA,4,0.9,1,300,300,2134,8,8,8,3594,0,NA,NA,NA,FALSE,0.571983346859608,0.632123077591429,0.460323251757179,0.690595436839176,31.885,"Zhengmix8eq_Seurat_RefinedLouvain_n0300_k-true_cs-hist_sub-4_seed-1.rds"
"reps","ok","Zhengmix8eq","Seurat","Seurat","dip","mixed","Refined Louvain","true",NA,NA,5,0.9,1,300,300,2129,8,8,8,3594,0,NA,NA,NA,FALSE,0.591469501282617,0.659487965536288,0.483160392608995,0.715915414579855,33.515,"Zhengmix8eq_Seurat_RefinedLouvain_n0300_k-true_cs-hist_sub-5_seed-1.rds"
"reps","ok","Zhengmix8eq","Seurat","Seurat","dip","mixed","SC3","true",NA,NA,1,0.9,1,100,100,2140,8,8,8,3594,0,NA,NA,NA,FALSE,0.404445593474464,0.564327643151471,0.344182127348027,0.607679465776294,475.566,"Zhengmix8eq_Seurat_SC3_n0100_k-true_cs-hist_sub-1_seed-1.rds"
"reps","ok","Zhengmix8eq","Seurat","Seurat","dip","mixed","SC3","true",NA,NA,2,0.9,1,100,100,2139,8,8,8,3594,0,NA,NA,NA,FALSE,0.423533328860923,0.577269379516768,0.357675397887702,0.61686143572621,467.79,"Zhengmix8eq_Seurat_SC3_n0100_k-true_cs-hist_sub-2_seed-1.rds"
"reps","ok","Zhengmix8eq","Seurat","Seurat","dip","mixed","SC3","true",NA,NA,3,0.9,1,100,100,2132,8,8,8,3594,0,NA,NA,NA,FALSE,0.379809167482655,0.533625032435908,0.32451567621345,0.588759042849193,484.463,"Zhengmix8eq_Seurat_SC3_n0100_k-true_cs-hist_sub-3_seed-1.rds"
"reps","ok","Zhengmix8eq","Seurat","Seurat","dip","mixed","SC3","true",NA,NA,4,0.9,1,100,100,2134,8,8,8,3594,0,NA,NA,NA,FALSE,0.420682589752336,0.556936732711181,0.351917355634867,0.615748469671675,465.358,"Zhengmix8eq_Seurat_SC3_n0100_k-true_cs-hist_sub-4_seed-1.rds"
"reps","ok","Zhengmix8eq","Seurat","Seurat","dip","mixed","SC3","true",NA,NA,5,0.9,1,100,100,2129,8,8,8,3594,0,NA,NA,NA,FALSE,0.415104113665635,0.544355984894975,0.345942676114608,0.616304952698943,441.14,"Zhengmix8eq_Seurat_SC3_n0100_k-true_cs-hist_sub-5_seed-1.rds"
"reps","ok","Zhengmix8eq","Seurat","Seurat","dip","mixed","SC3","true",NA,101,0,1,101,300,300,2134,8,8,8,3994,0,NA,NA,NA,FALSE,0.373033254565344,0.55307676080673,0.324417078409748,0.580120180270406,502.227,"Zhengmix8eq_Seurat_SC3_n0300_k-true_cs-101_sub-0_seed-101.rds"
"reps","ok","Zhengmix8eq","Seurat","Seurat","dip","mixed","SC3","true",NA,102,0,1,102,300,300,2134,8,8,8,3994,0,NA,NA,NA,FALSE,0.333203543975534,0.514430579447095,0.296223745595049,0.574611917876815,603.239,"Zhengmix8eq_Seurat_SC3_n0300_k-true_cs-102_sub-0_seed-102.rds"
"reps","ok","Zhengmix8eq","Seurat","Seurat","dip","mixed","SC3","true",NA,103,0,1,103,300,300,2134,8,8,8,3994,0,NA,NA,NA,FALSE,0.398567792307182,0.566274450187338,0.341167038271191,0.593139709564346,517.849,"Zhengmix8eq_Seurat_SC3_n0300_k-true_cs-103_sub-0_seed-103.rds"
"reps","ok","Zhengmix8eq","Seurat","Seurat","dip","mixed","SC3","true",NA,104,0,1,104,300,300,2134,8,8,8,3994,0,NA,NA,NA,FALSE,0.46394356093963,0.579796155481273,0.381960855141209,0.618177265898848,551.469,"Zhengmix8eq_Seurat_SC3_n0300_k-true_cs-104_sub-0_seed-104.rds"
"reps","ok","Zhengmix8eq","Seurat","Seurat","dip","mixed","SC3","true",NA,105,0,1,105,300,300,2134,8,8,8,3994,0,NA,NA,NA,FALSE,0.396588866820683,0.561195874336937,0.339131195613357,0.597646469704557,639.142,"Zhengmix8eq_Seurat_SC3_n0300_k-true_cs-105_sub-0_seed-105.rds"
"reps","ok","Zhengmix8eq","Seurat","Seurat","dip","mixed","SC3","true",NA,NA,1,0.9,1,300,300,2140,8,8,8,3594,0,NA,NA,NA,FALSE,0.449596952365345,0.58524560466709,0.374709684834122,0.62409571508069,495.215,"Zhengmix8eq_Seurat_SC3_n0300_k-true_cs-hist_sub-1_seed-1.rds"
"reps","ok","Zhengmix8eq","Seurat","Seurat","dip","mixed","SC3","true",NA,NA,2,0.9,1,300,300,2139,8,8,8,3594,0,NA,NA,NA,FALSE,0.455949775322928,0.578776079025215,0.377049895522185,0.61686143572621,455.647,"Zhengmix8eq_Seurat_SC3_n0300_k-true_cs-hist_sub-2_seed-1.rds"
"reps","ok","Zhengmix8eq","Seurat","Seurat","dip","mixed","SC3","true",NA,NA,3,0.9,1,300,300,2132,8,8,8,3594,0,NA,NA,NA,FALSE,0.456034689560242,0.591464432005291,0.379858767371054,0.626043405676127,528.615,"Zhengmix8eq_Seurat_SC3_n0300_k-true_cs-hist_sub-3_seed-1.rds"
"reps","ok","Zhengmix8eq","Seurat","Seurat","dip","mixed","SC3","true",NA,NA,4,0.9,1,300,300,2134,8,8,8,3594,0,NA,NA,NA,FALSE,0.423350952666423,0.560468563392941,0.354193961649987,0.619643850862549,481.259,"Zhengmix8eq_Seurat_SC3_n0300_k-true_cs-hist_sub-4_seed-1.rds"
"reps","ok","Zhengmix8eq","Seurat","Seurat","dip","mixed","SC3","true",NA,NA,5,0.9,1,300,300,2129,8,8,8,3594,0,NA,NA,NA,FALSE,0.409939956698262,0.57048844544721,0.34847935798479,0.594045631608236,415.504,"Zhengmix8eq_Seurat_SC3_n0300_k-true_cs-hist_sub-5_seed-1.rds"
