"dataset","list","method","budget","n_selected","cov10","cov25","covall","types1","types3","precision","need50","need80"
"Baron","hurdle","DIFS_stage1only",100,100,0.1953125,0.105263157894737,0.0279840091376356,0.538461538461538,0.384615384615385,0.49,NA,NA
"Baron","hurdle","Seurat",100,100,0.1640625,0.125,0.0485436893203883,0.692307692307692,0.153846153846154,0.85,NA,NA
"Baron","hurdle","Seurat_gated",100,100,0.2265625,0.174342105263158,0.05653912050257,0.692307692307692,0.384615384615385,0.99,NA,NA
"Baron","hurdle","FEAST",100,100,0.265625,0.226973684210526,0.0559680182752713,0.615384615384615,0.307692307692308,0.98,NA,NA
"Baron","hurdle","DIFS",100,100,0.3046875,0.210526315789474,0.0519703026841805,0.692307692307692,0.461538461538462,0.91,NA,NA
"Baron","hurdle","GateOnly",100,100,0.0298002577319588,0.026281877373847,0.0181928441479685,0.251047532458432,0.00467066499888817,0.318556701030928,NA,NA
"Baron","hurdle","Random",100,100,0.00611284308331805,0.00611284308331805,0.00611284308331805,0.0594899599405283,2.57816079173087e-05,0.107035882388899,NA,NA
"Baron","hurdle","DIFS_stage1only",200,200,0.2265625,0.125,0.0479725870930897,0.538461538461538,0.384615384615385,0.42,NA,NA
"Baron","hurdle","Seurat",200,200,0.3203125,0.259868421052632,0.0913763563677898,0.923076923076923,0.538461538461538,0.8,NA,NA
"Baron","hurdle","Seurat_gated",200,200,0.34375,0.279605263157895,0.10850942318675,0.769230769230769,0.538461538461538,0.95,NA,NA
"Baron","hurdle","FEAST",200,200,0.3984375,0.348684210526316,0.110222729868646,0.692307692307692,0.538461538461538,0.965,NA,NA
"Baron","hurdle","DIFS",200,200,0.34375,0.240131578947368,0.0736721873215306,0.692307692307692,0.461538461538462,0.645,NA,NA
"Baron","hurdle","GateOnly",200,200,0.0596005154639175,0.052563754747694,0.0363856882959369,0.427679239180063,0.0295661193929253,0.318556701030928,NA,NA
"Baron","hurdle","Random",200,200,0.0122256861666361,0.0122256861666361,0.0122256861666361,0.115775603085598,0.000202767679484664,0.107035882388899,NA,NA
"Baron","hurdle","DIFS_stage1only",300,300,0.25,0.134868421052632,0.0605368360936608,0.615384615384615,0.384615384615385,0.353333333333333,NA,NA
"Baron","hurdle","Seurat",300,300,0.421875,0.338815789473684,0.136493432324386,0.923076923076923,0.692307692307692,0.796666666666667,NA,NA
"Baron","hurdle","Seurat_gated",300,300,0.4140625,0.361842105263158,0.158195316961736,0.769230769230769,0.692307692307692,0.923333333333333,NA,NA
"Baron","hurdle","FEAST",300,300,0.453125,0.407894736842105,0.158195316961736,0.769230769230769,0.538461538461538,0.923333333333333,NA,NA
"Baron","hurdle","DIFS",300,300,0.390625,0.322368421052632,0.118218161050828,0.692307692307692,0.538461538461538,0.69,NA,NA
"Baron","hurdle","GateOnly",300,300,0.0894007731958763,0.078845632121541,0.0545785324439054,0.552465431182575,0.0780899358440298,0.318556701030928,NA,NA
"Baron","hurdle","Random",300,300,0.0183385292499542,0.0183385292499542,0.0183385292499542,0.169011275688506,0.000665921569190417,0.107035882388899,NA,NA
"Baron","hurdle","DIFS_stage1only",500,500,0.3046875,0.1875,0.0999428897772701,0.692307692307692,0.461538461538462,0.35,NA,NA
"Baron","hurdle","Seurat",500,500,0.53125,0.463815789473684,0.209023415191319,1,0.769230769230769,0.732,NA,NA
"Baron","hurdle","Seurat_gated",500,500,0.5,0.434210526315789,0.22615648201028,0.846153846153846,0.692307692307692,0.792,NA,NA
"Baron","hurdle","FEAST",500,500,0.4921875,0.5,0.253569388920617,0.846153846153846,0.538461538461538,0.888,NA,NA
"Baron","hurdle","DIFS",500,500,0.546875,0.463815789473684,0.219874357509994,0.769230769230769,0.615384615384615,0.77,NA,NA
"Baron","hurdle","GateOnly",500,500,0.149001288659794,0.131409386869235,0.0909642207398423,0.705336358287613,0.220561249616269,0.318556701030928,NA,NA
"Baron","hurdle","Random",500,500,0.0305642154165903,0.0305642154165903,0.0305642154165903,0.26691760918265,0.00290087994075339,0.107035882388899,NA,NA
"Baron","hurdle","DIFS_stage1only",750,750,0.3515625,0.246710526315789,0.147344374643061,0.846153846153846,0.538461538461538,0.344,NA,NA
"Baron","hurdle","Seurat",750,750,0.6484375,0.592105263157895,0.29583095374072,1,0.923076923076923,0.690666666666667,NA,NA
"Baron","hurdle","Seurat_gated",750,750,0.53125,0.467105263157895,0.272415762421473,0.923076923076923,0.692307692307692,0.636,NA,NA
"Baron","hurdle","FEAST",750,750,0.578125,0.578947368421053,0.350656767561393,0.846153846153846,0.692307692307692,0.818666666666667,NA,NA
"Baron","hurdle","DIFS",750,750,0.609375,0.546052631578947,0.314677327241576,0.769230769230769,0.769230769230769,0.734666666666667,NA,NA
"Baron","hurdle","GateOnly",750,750,0.223501932989691,0.197114080303852,0.136446331109763,0.80133699882579,0.407623901658933,0.318556701030928,NA,NA
"Baron","hurdle","Random",750,750,0.0458463231248854,0.0458463231248854,0.0458463231248854,0.374646107527313,0.00904141961758876,0.107035882388899,NA,NA
"Baron","hurdle","DIFS_stage1only",1000,1000,0.3828125,0.296052631578947,0.190177041690463,0.846153846153846,0.692307692307692,0.333,NA,NA
"Baron","hurdle","Seurat",1000,1000,0.703125,0.657894736842105,0.370074243289549,1,1,0.648,NA,NA
"Baron","hurdle","Seurat_gated",1000,1000,0.546875,0.476973684210526,0.294117647058824,0.923076923076923,0.769230769230769,0.515,NA,NA
"Baron","hurdle","FEAST",1000,1000,0.6640625,0.638157894736842,0.418617932609937,1,0.692307692307692,0.733,NA,NA
"Baron","hurdle","DIFS",1000,1000,0.65625,0.595394736842105,0.393489434608795,0.923076923076923,0.769230769230769,0.689,NA,NA
"Baron","hurdle","GateOnly",1000,1000,0.298002577319588,0.26281877373847,0.181928441479685,0.851140398381526,0.549949699513863,0.318556701030928,NA,NA
"Baron","hurdle","Random",1000,1000,0.0611284308331805,0.0611284308331805,0.0611284308331805,0.467911261720019,0.0197617329293917,0.107035882388899,NA,NA
"Baron","hurdle","DIFS_stage1only",1500,1500,0.5234375,0.417763157894737,0.279268989149058,0.846153846153846,0.769230769230769,0.326,NA,NA
"Baron","hurdle","Seurat",1500,1500,0.78125,0.766447368421053,0.498572244431753,1,1,0.582,NA,NA
"Baron","hurdle","Seurat_gated",1500,1500,0.5625,0.493421052631579,0.328954882924043,0.923076923076923,0.769230769230769,0.384,NA,NA
"Baron","hurdle","FEAST",1500,1500,0.7265625,0.707236842105263,0.526556253569389,1,0.846153846153846,0.614666666666667,NA,NA
"Baron","hurdle","DIFS",1500,1500,0.71875,0.651315789473684,0.46944603083952,0.923076923076923,0.769230769230769,0.548,NA,NA
"Baron","hurdle","GateOnly",1500,1500,0.447003865979381,0.394228160607705,0.272892662219527,0.900553375100305,0.703893723052287,0.318556701030928,NA,NA
"Baron","hurdle","Random",1500,1500,0.0916926462497708,0.0916926462497708,0.0916926462497708,0.617873061016019,0.0565664770450345,0.107035882388899,NA,NA
"Baron","hurdle","DIFS_stage1only",2500,1940,0.578125,0.509868421052632,0.352941176470588,0.923076923076923,0.769230769230769,0.318556701030928,NA,NA
"Baron","hurdle","Seurat",2500,2500,0.8984375,0.861842105263158,0.640205596801828,1,1,0.4484,NA,NA
"Baron","hurdle","Seurat_gated",2500,1940,0.578125,0.509868421052632,0.352941176470588,0.923076923076923,0.769230769230769,0.318556701030928,NA,NA
"Baron","hurdle","FEAST",2500,2500,0.828125,0.815789473684211,0.680182752712736,1,0.923076923076923,0.4764,NA,NA
"Baron","hurdle","DIFS",2500,2500,0.8046875,0.756578947368421,0.595088520845231,1,0.923076923076923,0.4168,NA,NA
"Baron","hurdle","GateOnly",2500,1940,0.578125,0.509868421052632,0.352941176470588,0.923076923076923,0.769230769230769,0.318556701030928,NA,NA
"Baron","hurdle","Random",2500,2500,0.152821077082951,0.152821077082951,0.152821077082951,0.809657472377836,0.187130609706913,0.107035882388899,NA,NA
"Baron","hurdle","DIFS_stage1only",NA,1940,NA,NA,NA,NA,NA,NA,1423,NA
"Baron","hurdle","Seurat",NA,16359,NA,NA,NA,NA,NA,NA,456,1760
"Baron","hurdle","Seurat_gated",NA,1940,NA,NA,NA,NA,NA,NA,476,NA
"Baron","hurdle","FEAST",NA,16359,NA,NA,NA,NA,NA,NA,504,1866
"Baron","level","DIFS_stage1only",100,100,0.20353982300885,0.136752136752137,0.0672268907563025,0.692307692307692,0.307692307692308,0.4,NA,NA
"Baron","level","Seurat",100,100,0.0884955752212389,0.0854700854700855,0.0974789915966387,0.384615384615385,0.0769230769230769,0.58,NA,NA
"Baron","level","Seurat_gated",100,100,0.221238938053097,0.170940170940171,0.122689075630252,0.692307692307692,0.384615384615385,0.73,NA,NA
"Baron","level","FEAST",100,100,0.238938053097345,0.200854700854701,0.114285714285714,0.538461538461538,0.384615384615385,0.68,NA,NA
"Baron","level","DIFS",100,100,0.265486725663717,0.209401709401709,0.126050420168067,0.769230769230769,0.384615384615385,0.75,NA,NA
"Baron","level","GateOnly",100,100,0.0387738345041511,0.0381090845008371,0.0283288573161223,0.305607799594882,0.00599112759617983,0.168556701030928,NA,NA
"Baron","level","Random",100,100,0.00611284308331805,0.00611284308331805,0.00611284308331805,0.0549721563955195,2.24184681462318e-05,0.0363714163457424,NA,NA
"Baron","level","DIFS_stage1only",200,200,0.221238938053097,0.158119658119658,0.0907563025210084,0.769230769230769,0.384615384615385,0.27,NA,NA
"Baron","level","Seurat",200,200,0.176991150442478,0.166666666666667,0.181512605042017,0.692307692307692,0.230769230769231,0.54,NA,NA
"Baron","level","Seurat_gated",200,200,0.336283185840708,0.303418803418803,0.2,0.769230769230769,0.538461538461538,0.595,NA,NA
"Baron","level","FEAST",200,200,0.380530973451327,0.346153846153846,0.203361344537815,0.692307692307692,0.461538461538462,0.605,NA,NA
"Baron","level","DIFS",200,200,0.309734513274336,0.252136752136752,0.154621848739496,0.769230769230769,0.461538461538462,0.46,NA,NA
"Baron","level","GateOnly",200,200,0.0775476690083022,0.0762181690016742,0.0566577146322447,0.516267469027047,0.0380996952050767,0.168556701030928,NA,NA
"Baron","level","Random",200,200,0.0122256861666361,0.0122256861666361,0.0122256861666361,0.107098696540995,0.000176385603730203,0.0363714163457424,NA,NA
"Baron","level","DIFS_stage1only",300,300,0.230088495575221,0.179487179487179,0.112605042016807,0.846153846153846,0.384615384615385,0.223333333333333,NA,NA
"Baron","level","Seurat",300,300,0.274336283185841,0.222222222222222,0.243697478991597,0.923076923076923,0.384615384615385,0.483333333333333,NA,NA
"Baron","level","Seurat_gated",300,300,0.451327433628319,0.401709401709402,0.253781512605042,0.846153846153846,0.615384615384615,0.503333333333333,NA,NA
"Baron","level","FEAST",300,300,0.47787610619469,0.431623931623932,0.252100840336134,0.846153846153846,0.615384615384615,0.5,NA,NA
"Baron","level","DIFS",300,300,0.389380530973451,0.329059829059829,0.216806722689076,0.846153846153846,0.538461538461538,0.43,NA,NA
"Baron","level","GateOnly",300,300,0.116321503512453,0.114327253502511,0.084986571948367,0.661057117566678,0.100970274083676,0.168556701030928,NA,NA
"Baron","level","Random",300,300,0.0183385292499542,0.0183385292499542,0.0183385292499542,0.156513885034018,0.000579507004259357,0.0363714163457424,NA,NA
"Baron","level","DIFS_stage1only",500,500,0.309734513274336,0.256410256410256,0.171428571428571,1,0.461538461538462,0.204,NA,NA
"Baron","level","Seurat",500,500,0.36283185840708,0.311965811965812,0.33781512605042,0.923076923076923,0.538461538461538,0.402,NA,NA
"Baron","level","Seurat_gated",500,500,0.530973451327434,0.508547008547009,0.321008403361345,1,0.769230769230769,0.382,NA,NA
"Baron","level","FEAST",500,500,0.548672566371681,0.555555555555556,0.33781512605042,1,0.692307692307692,0.402,NA,NA
"Baron","level","DIFS",500,500,0.495575221238938,0.435897435897436,0.332773109243697,1,0.692307692307692,0.396,NA,NA
"Baron","level","GateOnly",500,500,0.193869172520755,0.190545422504185,0.141644286580612,0.829240354382423,0.285772019231873,0.168556701030928,NA,NA
"Baron","level","Random",500,500,0.0305642154165903,0.0305642154165903,0.0305642154165903,0.247719344572631,0.00252648150960581,0.0363714163457424,NA,NA
"Baron","level","DIFS_stage1only",750,750,0.371681415929204,0.341880341880342,0.233613445378151,1,0.769230769230769,0.185333333333333,NA,NA
"Baron","level","Seurat",750,750,0.442477876106195,0.418803418803419,0.431932773109244,0.923076923076923,0.692307692307692,0.342666666666667,NA,NA
"Baron","level","Seurat_gated",750,750,0.619469026548673,0.594017094017094,0.381512605042017,1,0.923076923076923,0.302666666666667,NA,NA
"Baron","level","FEAST",750,750,0.584070796460177,0.602564102564103,0.418487394957983,1,0.692307692307692,0.332,NA,NA
"Baron","level","DIFS",750,750,0.566371681415929,0.534188034188034,0.433613445378151,1,0.769230769230769,0.344,NA,NA
"Baron","level","GateOnly",750,750,0.290803758781133,0.285818133756278,0.212466429870917,0.923564215229889,0.523887687074135,0.168556701030928,NA,NA
"Baron","level","Random",750,750,0.0458463231248854,0.0458463231248854,0.0458463231248854,0.34865353049943,0.00788274588627175,0.0363714163457424,NA,NA
"Baron","level","DIFS_stage1only",1000,1000,0.415929203539823,0.431623931623932,0.295798319327731,1,0.846153846153846,0.176,NA,NA
"Baron","level","Seurat",1000,1000,0.513274336283186,0.478632478632479,0.487394957983193,0.923076923076923,0.769230769230769,0.29,NA,NA
"Baron","level","Seurat_gated",1000,1000,0.646017699115044,0.61965811965812,0.41344537815126,1,0.923076923076923,0.246,NA,NA
"Baron","level","FEAST",1000,1000,0.699115044247788,0.692307692307692,0.507563025210084,1,1,0.302,NA,NA
"Baron","level","DIFS",1000,1000,0.646017699115044,0.645299145299145,0.53109243697479,1,0.923076923076923,0.316,NA,NA
"Baron","level","GateOnly",1000,1000,0.387738345041511,0.381090845008371,0.283288573161223,0.964959396786382,0.693874084868005,0.168556701030928,NA,NA
"Baron","level","Random",1000,1000,0.0611284308331805,0.0611284308331805,0.0611284308331805,0.43664948360184,0.01724800645154,0.0363714163457424,NA,NA
"Baron","level","DIFS_stage1only",1500,1500,0.619469026548673,0.594017094017094,0.435294117647059,1,0.923076923076923,0.172666666666667,NA,NA
"Baron","level","Seurat",1500,1500,0.654867256637168,0.602564102564103,0.591596638655462,1,0.846153846153846,0.234666666666667,NA,NA
"Baron","level","Seurat_gated",1500,1500,0.690265486725664,0.675213675213675,0.480672268907563,1,0.923076923076923,0.190666666666667,NA,NA
"Baron","level","FEAST",1500,1500,0.769911504424779,0.782051282051282,0.625210084033613,1,1,0.248,NA,NA
"Baron","level","DIFS",1500,1500,0.743362831858407,0.747863247863248,0.630252100840336,1,0.923076923076923,0.25,NA,NA
"Baron","level","GateOnly",1500,1500,0.581607517562266,0.571636267512556,0.424932859741835,0.994902952052032,0.856165290597419,0.168556701030928,NA,NA
"Baron","level","Random",1500,1500,0.0916926462497708,0.0916926462497708,0.0916926462497708,0.579787680480271,0.0494853644595685,0.0363714163457424,NA,NA
"Baron","level","DIFS_stage1only",2500,1940,0.752212389380531,0.739316239316239,0.549579831932773,1,0.923076923076923,0.168556701030928,NA,NA
"Baron","level","Seurat",2500,2500,0.743362831858407,0.713675213675214,0.677310924369748,1,0.923076923076923,0.1612,NA,NA
"Baron","level","Seurat_gated",2500,1940,0.752212389380531,0.739316239316239,0.549579831932773,1,0.923076923076923,0.168556701030928,NA,NA
"Baron","level","FEAST",2500,2500,0.893805309734513,0.893162393162393,0.766386554621849,1,1,0.1824,NA,NA
"Baron","level","DIFS",2500,2500,0.867256637168142,0.863247863247863,0.757983193277311,1,1,0.1804,NA,NA
"Baron","level","GateOnly",2500,1940,0.752212389380531,0.739316239316239,0.549579831932773,1,0.923076923076923,0.168556701030928,NA,NA
"Baron","level","Random",2500,2500,0.152821077082951,0.152821077082951,0.152821077082951,0.768083938765766,0.164557442124031,0.0363714163457424,NA,NA
"Baron","level","DIFS_stage1only",NA,1940,NA,NA,NA,NA,NA,NA,1201,NA
"Baron","level","Seurat",NA,16359,NA,NA,NA,NA,NA,NA,961,3780
"Baron","level","Seurat_gated",NA,1940,NA,NA,NA,NA,NA,NA,385,NA
"Baron","level","FEAST",NA,16359,NA,NA,NA,NA,NA,NA,334,1614
"Baron","detection","DIFS_stage1only",100,100,0.0731707317073171,0.0675675675675676,0.0265486725663717,0.538461538461538,0,0.54,NA,NA
"Baron","detection","Seurat",100,100,0.195121951219512,0.125,0.0412979351032448,0.769230769230769,0.307692307692308,0.84,NA,NA
"Baron","detection","Seurat_gated",100,100,0.203252032520325,0.182432432432432,0.0452310717797443,0.615384615384615,0.230769230769231,0.92,NA,NA
"Baron","detection","FEAST",100,100,0.211382113821138,0.199324324324324,0.0467059980334317,0.461538461538462,0.307692307692308,0.95,NA,NA
"Baron","detection","DIFS",100,100,0.24390243902439,0.212837837837838,0.0442477876106195,0.615384615384615,0.384615384615385,0.9,NA,NA
"Baron","detection","GateOnly",100,100,0.0205347414298885,0.0210713290610198,0.0172835000861641,0.172821241050798,0.00347353267137939,0.351546391752577,NA,NA
"Baron","detection","Random",100,100,0.00611284308331805,0.00611284308331805,0.00611284308331805,0.0594899599405283,2.57816079173087e-05,0.124335228314689,NA,NA
"Baron","detection","DIFS_stage1only",200,200,0.113821138211382,0.0912162162162162,0.0432645034414946,0.615384615384615,0.0769230769230769,0.44,NA,NA
"Baron","detection","Seurat",200,200,0.373983739837398,0.280405405405405,0.0776794493608653,1,0.538461538461538,0.79,NA,NA
"Baron","detection","Seurat_gated",200,200,0.284552845528455,0.263513513513513,0.0904621435594887,0.615384615384615,0.461538461538462,0.92,NA,NA
"Baron","detection","FEAST",200,200,0.341463414634146,0.331081081081081,0.0924287118977384,0.615384615384615,0.461538461538462,0.94,NA,NA
"Baron","detection","DIFS",200,200,0.276422764227642,0.239864864864865,0.0658800393313668,0.615384615384615,0.461538461538462,0.67,NA,NA
"Baron","detection","GateOnly",200,200,0.0410694828597771,0.0421426581220396,0.0345670001723282,0.292510857205176,0.0219114559404517,0.351546391752577,NA,NA
"Baron","detection","Random",200,200,0.0122256861666361,0.0122256861666361,0.0122256861666361,0.115775603085598,0.000202767679484664,0.124335228314689,NA,NA
"Baron","detection","DIFS_stage1only",300,300,0.121951219512195,0.108108108108108,0.0585054080629302,0.615384615384615,0.153846153846154,0.396666666666667,NA,NA
"Baron","detection","Seurat",300,300,0.463414634146341,0.388513513513513,0.115535889872173,1,0.692307692307692,0.783333333333333,NA,NA
"Baron","detection","Seurat_gated",300,300,0.341463414634146,0.324324324324324,0.133726647000983,0.615384615384615,0.461538461538462,0.906666666666667,NA,NA
"Baron","detection","FEAST",300,300,0.390243902439024,0.39527027027027,0.136676499508358,0.615384615384615,0.538461538461538,0.926666666666667,NA,NA
"Baron","detection","DIFS",300,300,0.333333333333333,0.314189189189189,0.10275319567355,0.692307692307692,0.538461538461538,0.696666666666667,NA,NA
"Baron","detection","GateOnly",300,300,0.0616042242896656,0.0632139871830593,0.0518505002584922,0.375795089371181,0.0575449340379369,0.351546391752577,NA,NA
"Baron","detection","Random",300,300,0.0183385292499542,0.0183385292499542,0.0183385292499542,0.169011275688506,0.000665921569190417,0.124335228314689,NA,NA
"Baron","detection","DIFS_stage1only",500,500,0.186991869918699,0.158783783783784,0.0958702064896755,0.615384615384615,0.384615384615385,0.39,NA,NA
"Baron","detection","Seurat",500,500,0.609756097560976,0.523648648648649,0.179941002949853,1,0.769230769230769,0.732,NA,NA
"Baron","detection","Seurat_gated",500,500,0.390243902439024,0.364864864864865,0.206981317600787,0.615384615384615,0.461538461538462,0.842,NA,NA
"Baron","detection","FEAST",500,500,0.430894308943089,0.483108108108108,0.220747295968535,0.615384615384615,0.538461538461538,0.898,NA,NA
"Baron","detection","DIFS",500,500,0.504065040650406,0.469594594594595,0.188790560471976,0.692307692307692,0.615384615384615,0.768,NA,NA
"Baron","detection","GateOnly",500,500,0.102673707149443,0.105356645305099,0.0864175004308204,0.476277155561868,0.159550952756763,0.351546391752577,NA,NA
"Baron","detection","Random",500,500,0.0305642154165903,0.0305642154165903,0.0305642154165903,0.26691760918265,0.00290087994075339,0.124335228314689,NA,NA
"Baron","detection","DIFS_stage1only",750,750,0.211382113821138,0.206081081081081,0.142084562438545,0.615384615384615,0.461538461538462,0.385333333333333,NA,NA
"Baron","detection","Seurat",750,750,0.75609756097561,0.652027027027027,0.256637168141593,1,1,0.696,NA,NA
"Baron","detection","Seurat_gated",750,750,0.390243902439024,0.381756756756757,0.266470009832842,0.615384615384615,0.461538461538462,0.722666666666667,NA,NA
"Baron","detection","FEAST",750,750,0.544715447154472,0.567567567567568,0.318092428711898,0.692307692307692,0.615384615384615,0.862666666666667,NA,NA
"Baron","detection","DIFS",750,750,0.552845528455285,0.557432432432432,0.273352999016716,0.692307692307692,0.692307692307692,0.741333333333333,NA,NA
"Baron","detection","GateOnly",750,750,0.154010560724164,0.158034967957648,0.129626250646231,0.539557661756949,0.284522577979223,0.351546391752577,NA,NA
"Baron","detection","Random",750,750,0.0458463231248854,0.0458463231248854,0.0458463231248854,0.374646107527313,0.00904141961758876,0.124335228314689,NA,NA
"Baron","detection","DIFS_stage1only",1000,1000,0.24390243902439,0.260135135135135,0.185840707964602,0.615384615384615,0.461538461538462,0.378,NA,NA
"Baron","detection","Seurat",1000,1000,0.813008130081301,0.716216216216216,0.325467059980334,1,1,0.662,NA,NA
"Baron","detection","Seurat_gated",1000,1000,0.390243902439024,0.388513513513513,0.294493608652901,0.615384615384615,0.461538461538462,0.599,NA,NA
"Baron","detection","FEAST",1000,1000,0.617886178861789,0.621621621621622,0.399705014749263,0.846153846153846,0.692307692307692,0.813,NA,NA
"Baron","detection","DIFS",1000,1000,0.617886178861789,0.597972972972973,0.347590953785644,0.923076923076923,0.692307692307692,0.707,NA,NA
"Baron","detection","GateOnly",1000,1000,0.205347414298885,0.210713290610198,0.172835000861641,0.573742832542162,0.367872251981313,0.351546391752577,NA,NA
"Baron","detection","Random",1000,1000,0.0611284308331805,0.0611284308331805,0.0611284308331805,0.467911261720019,0.0197617329293917,0.124335228314689,NA,NA
"Baron","detection","DIFS_stage1only",1500,1500,0.349593495934959,0.351351351351351,0.268436578171091,0.615384615384615,0.461538461538462,0.364,NA,NA
"Baron","detection","Seurat",1500,1500,0.894308943089431,0.814189189189189,0.449852507374631,1,1,0.61,NA,NA
"Baron","detection","Seurat_gated",1500,1500,0.398373983739837,0.405405405405405,0.327925270403147,0.615384615384615,0.461538461538462,0.444666666666667,NA,NA
"Baron","detection","FEAST",1500,1500,0.658536585365854,0.695945945945946,0.527531956735497,0.846153846153846,0.769230769230769,0.715333333333333,NA,NA
"Baron","detection","DIFS",1500,1500,0.626016260162602,0.621621621621622,0.432153392330383,0.923076923076923,0.692307692307692,0.586,NA,NA
"Baron","detection","GateOnly",1500,1500,0.308021121448328,0.316069935915297,0.259252501292461,0.60727278590325,0.4422054965061,0.351546391752577,NA,NA
"Baron","detection","Random",1500,1500,0.0916926462497708,0.0916926462497708,0.0916926462497708,0.617873061016019,0.0565664770450345,0.124335228314689,NA,NA
"Baron","detection","DIFS_stage1only",2500,1940,0.398373983739837,0.408783783783784,0.335299901671583,0.615384615384615,0.461538461538462,0.351546391752577,NA,NA
"Baron","detection","Seurat",2500,2500,0.967479674796748,0.898648648648649,0.618485742379548,1,1,0.5032,NA,NA
"Baron","detection","Seurat_gated",2500,1940,0.398373983739837,0.408783783783784,0.335299901671583,0.615384615384615,0.461538461538462,0.351546391752577,NA,NA
"Baron","detection","FEAST",2500,2500,0.739837398373984,0.773648648648649,0.703048180924287,1,0.923076923076923,0.572,NA,NA
"Baron","detection","DIFS",2500,2500,0.691056910569106,0.702702702702703,0.566371681415929,1,0.769230769230769,0.4608,NA,NA
"Baron","detection","GateOnly",2500,1940,0.398373983739837,0.408783783783784,0.335299901671583,0.615384615384615,0.461538461538462,0.351546391752577,NA,NA
"Baron","detection","Random",2500,2500,0.152821077082951,0.152821077082951,0.152821077082951,0.809657472377836,0.187130609706913,0.124335228314689,NA,NA
"Baron","detection","DIFS_stage1only",NA,1940,NA,NA,NA,NA,NA,NA,NA,NA
"Baron","detection","Seurat",NA,16359,NA,NA,NA,NA,NA,NA,346,957
"Baron","detection","Seurat_gated",NA,1940,NA,NA,NA,NA,NA,NA,NA,NA
"Baron","detection","FEAST",NA,16359,NA,NA,NA,NA,NA,NA,628,3235
"Baron","wilcox","DIFS_stage1only",100,100,0.186440677966102,0.117437722419929,0.0285374554102259,0.692307692307692,0.307692307692308,0.48,NA,NA
"Baron","wilcox","Seurat",100,100,0.152542372881356,0.110320284697509,0.0505350772889417,0.692307692307692,0.153846153846154,0.85,NA,NA
"Baron","wilcox","Seurat_gated",100,100,0.26271186440678,0.199288256227758,0.058858501783591,0.846153846153846,0.538461538461538,0.99,NA,NA
"Baron","wilcox","FEAST",100,100,0.372881355932203,0.274021352313167,0.0582639714625446,0.846153846153846,0.461538461538462,0.98,NA,NA
"Baron","wilcox","DIFS",100,100,0.347457627118644,0.238434163701068,0.05410225921522,0.846153846153846,0.461538461538462,0.91,NA,NA
"Baron","wilcox","GateOnly",100,100,0.0384413769002271,0.0359540668452141,0.0177746178457163,0.323134754078558,0.00683060483510354,0.298969072164948,NA,NA
"Baron","wilcox","Random",100,100,0.00611284308331805,0.00611284308331805,0.00611284308331805,0.0594899599405283,2.57816079173087e-05,0.10281802066141,NA,NA
"Baron","wilcox","DIFS_stage1only",200,200,0.23728813559322,0.142348754448399,0.0469678953626635,0.769230769230769,0.384615384615385,0.395,NA,NA
"Baron","wilcox","Seurat",200,200,0.322033898305085,0.241992882562278,0.0951248513674197,0.923076923076923,0.461538461538462,0.8,NA,NA
"Baron","wilcox","Seurat_gated",200,200,0.432203389830508,0.352313167259786,0.112366230677765,1,0.769230769230769,0.945,NA,NA
"Baron","wilcox","FEAST",200,200,0.516949152542373,0.437722419928826,0.11474435196195,0.923076923076923,0.692307692307692,0.965,NA,NA
"Baron","wilcox","DIFS",200,200,0.38135593220339,0.274021352313167,0.0743162901307967,0.846153846153846,0.538461538461538,0.625,NA,NA
"Baron","wilcox","GateOnly",200,200,0.0768827538004543,0.0719081336904281,0.0355492356914326,0.5421208555511,0.043081933399472,0.298969072164948,NA,NA
"Baron","wilcox","Random",200,200,0.0122256861666361,0.0122256861666361,0.0122256861666361,0.115775603085598,0.000202767679484664,0.10281802066141,NA,NA
"Baron","wilcox","DIFS_stage1only",300,300,0.26271186440678,0.160142348754448,0.0594530321046373,0.769230769230769,0.384615384615385,0.333333333333333,NA,NA
"Baron","wilcox","Seurat",300,300,0.432203389830508,0.330960854092527,0.14268727705113,0.923076923076923,0.615384615384615,0.8,NA,NA
"Baron","wilcox","Seurat_gated",300,300,0.542372881355932,0.448398576512456,0.163495838287753,1,0.846153846153846,0.916666666666667,NA,NA
"Baron","wilcox","FEAST",300,300,0.584745762711864,0.533807829181495,0.164684898929845,0.923076923076923,0.846153846153846,0.923333333333333,NA,NA
"Baron","wilcox","DIFS",300,300,0.466101694915254,0.380782918149466,0.120095124851367,0.923076923076923,0.615384615384615,0.673333333333333,NA,NA
"Baron","wilcox","GateOnly",300,300,0.115324130700681,0.107862200535642,0.0533238535371489,0.689846426402804,0.11318381713892,0.298969072164948,NA,NA
"Baron","wilcox","Random",300,300,0.0183385292499542,0.0183385292499542,0.0183385292499542,0.169011275688506,0.000665921569190417,0.10281802066141,NA,NA
"Baron","wilcox","DIFS_stage1only",500,500,0.338983050847458,0.245551601423488,0.0992865636147443,0.846153846153846,0.538461538461538,0.334,NA,NA
"Baron","wilcox","Seurat",500,500,0.542372881355932,0.459074733096085,0.218192627824019,0.923076923076923,0.769230769230769,0.734,NA,NA
"Baron","wilcox","Seurat_gated",500,500,0.644067796610169,0.533807829181495,0.230083234244947,1,0.923076923076923,0.774,NA,NA
"Baron","wilcox","FEAST",500,500,0.652542372881356,0.640569395017794,0.263376932223543,1,0.846153846153846,0.886,NA,NA
"Baron","wilcox","DIFS",500,500,0.601694915254237,0.540925266903915,0.225921521997622,1,0.846153846153846,0.76,NA,NA
"Baron","wilcox","GateOnly",500,500,0.192206884501136,0.17977033422607,0.0888730892285816,0.856389364873488,0.314569824814807,0.298969072164948,NA,NA
"Baron","wilcox","Random",500,500,0.0305642154165903,0.0305642154165903,0.0305642154165903,0.26691760918265,0.00290087994075339,0.10281802066141,NA,NA
"Baron","wilcox","DIFS_stage1only",750,750,0.406779661016949,0.323843416370107,0.146254458977408,0.923076923076923,0.615384615384615,0.328,NA,NA
"Baron","wilcox","Seurat",750,750,0.652542372881356,0.565836298932384,0.308561236623068,1,0.923076923076923,0.692,NA,NA
"Baron","wilcox","Seurat_gated",750,750,0.686440677966102,0.597864768683274,0.272294887039239,1,0.923076923076923,0.610666666666667,NA,NA
"Baron","wilcox","FEAST",750,750,0.703389830508475,0.701067615658363,0.362663495838288,1,0.846153846153846,0.813333333333333,NA,NA
"Baron","wilcox","DIFS",750,750,0.677966101694915,0.622775800711744,0.324019024970273,1,0.923076923076923,0.726666666666667,NA,NA
"Baron","wilcox","GateOnly",750,750,0.288310326751704,0.269655501339106,0.133309633842872,0.944522287633538,0.56461558549325,0.298969072164948,NA,NA
"Baron","wilcox","Random",750,750,0.0458463231248854,0.0458463231248854,0.0458463231248854,0.374646107527313,0.00904141961758876,0.10281802066141,NA,NA
"Baron","wilcox","DIFS_stage1only",1000,1000,0.474576271186441,0.402135231316726,0.190249702734839,1,0.846153846153846,0.32,NA,NA
"Baron","wilcox","Seurat",1000,1000,0.711864406779661,0.629893238434164,0.385850178359096,1,1,0.649,NA,NA
"Baron","wilcox","Seurat_gated",1000,1000,0.694915254237288,0.622775800711744,0.293697978596908,1,0.923076923076923,0.494,NA,NA
"Baron","wilcox","FEAST",1000,1000,0.76271186440678,0.782918149466192,0.433412604042806,1,0.923076923076923,0.729,NA,NA
"Baron","wilcox","DIFS",1000,1000,0.73728813559322,0.672597864768683,0.40487514863258,1,1,0.681,NA,NA
"Baron","wilcox","GateOnly",1000,1000,0.384413769002272,0.359540668452141,0.177746178457163,0.979453033603489,0.737725821136995,0.298969072164948,NA,NA
"Baron","wilcox","Random",1000,1000,0.0611284308331805,0.0611284308331805,0.0611284308331805,0.467911261720019,0.0197617329293917,0.10281802066141,NA,NA
"Baron","wilcox","DIFS_stage1only",1500,1500,0.661016949152542,0.572953736654804,0.275267538644471,1,0.923076923076923,0.308666666666667,NA,NA
"Baron","wilcox","Seurat",1500,1500,0.805084745762712,0.733096085409253,0.517835909631391,1,1,0.580666666666667,NA,NA
"Baron","wilcox","Seurat_gated",1500,1500,0.720338983050847,0.647686832740214,0.321046373365042,1,0.923076923076923,0.36,NA,NA
"Baron","wilcox","FEAST",1500,1500,0.830508474576271,0.854092526690391,0.542806183115339,1,1,0.608666666666667,NA,NA
"Baron","wilcox","DIFS",1500,1500,0.813559322033898,0.743772241992883,0.480975029726516,1,1,0.539333333333333,NA,NA
"Baron","wilcox","GateOnly",1500,1500,0.576620653503407,0.539311002678211,0.266619267685745,0.998655561638955,0.916984696733001,0.298969072164948,NA,NA
"Baron","wilcox","Random",1500,1500,0.0916926462497708,0.0916926462497708,0.0916926462497708,0.617873061016019,0.0565664770450345,0.10281802066141,NA,NA
"Baron","wilcox","DIFS_stage1only",2500,1940,0.745762711864407,0.697508896797153,0.344827586206897,1,1,0.298969072164948,NA,NA
"Baron","wilcox","Seurat",2500,2500,0.898305084745763,0.804270462633452,0.665279429250892,1,1,0.4476,NA,NA
"Baron","wilcox","Seurat_gated",2500,1940,0.745762711864407,0.697508896797153,0.344827586206897,1,1,0.298969072164948,NA,NA
"Baron","wilcox","FEAST",2500,2500,0.898305084745763,0.914590747330961,0.697978596908442,1,1,0.4696,NA,NA
"Baron","wilcox","DIFS",2500,2500,0.889830508474576,0.861209964412811,0.59512485136742,1,1,0.4004,NA,NA
"Baron","wilcox","GateOnly",2500,1940,0.745762711864407,0.697508896797153,0.344827586206897,1,1,0.298969072164948,NA,NA
"Baron","wilcox","Random",2500,2500,0.152821077082951,0.152821077082951,0.152821077082951,0.809657472377836,0.187130609706913,0.10281802066141,NA,NA
"Baron","wilcox","DIFS_stage1only",NA,1940,NA,NA,NA,NA,NA,NA,1065,NA
"Baron","wilcox","Seurat",NA,16359,NA,NA,NA,NA,NA,NA,456,1470
"Baron","wilcox","Seurat_gated",NA,1940,NA,NA,NA,NA,NA,NA,263,NA
"Baron","wilcox","FEAST",NA,16359,NA,NA,NA,NA,NA,NA,187,1327
"Darmanis","hurdle","DIFS_stage1only",100,100,0.0444444444444444,0.0358744394618834,0.0211827007943513,0.222222222222222,0.111111111111111,0.48,NA,NA
"Darmanis","hurdle","Seurat",100,100,0.288888888888889,0.197309417040359,0.0406001765225066,0.777777777777778,0.333333333333333,0.92,NA,NA
"Darmanis","hurdle","Seurat_gated",100,100,0.211111111111111,0.170403587443946,0.0401588702559576,0.555555555555556,0.222222222222222,0.91,NA,NA
"Darmanis","hurdle","FEAST",100,100,0.244444444444444,0.201793721973094,0.0401588702559576,0.555555555555556,0.333333333333333,0.91,NA,NA
"Darmanis","hurdle","DIFS",100,100,0.233333333333333,0.130044843049327,0.0264783759929391,0.555555555555556,0.333333333333333,0.6,NA,NA
"Darmanis","hurdle","GateOnly",100,100,0.0232073505730795,0.0206438590253805,0.0172685060823516,0.198842296170945,0.00295041662175157,0.391304347826087,NA,NA
"Darmanis","hurdle","Random",100,100,0.0051150895140665,0.0051150895140665,0.0051150895140665,0.0500006721476136,1.51823982870903e-05,0.115907928388747,NA,NA
"Darmanis","hurdle","DIFS_stage1only",200,200,0.1,0.0672645739910314,0.0414827890556046,0.555555555555556,0.222222222222222,0.47,NA,NA
"Darmanis","hurdle","Seurat",200,200,0.366666666666667,0.246636771300448,0.0710503089143866,0.777777777777778,0.666666666666667,0.805,NA,NA
"Darmanis","hurdle","Seurat_gated",200,200,0.277777777777778,0.242152466367713,0.0719329214474846,0.777777777777778,0.222222222222222,0.815,NA,NA
"Darmanis","hurdle","FEAST",200,200,0.433333333333333,0.331838565022422,0.0789938217122683,0.777777777777778,0.666666666666667,0.895,NA,NA
"Darmanis","hurdle","DIFS",200,200,0.333333333333333,0.286995515695067,0.0635481023830538,0.666666666666667,0.555555555555556,0.72,NA,NA
"Darmanis","hurdle","GateOnly",200,200,0.0464147011461589,0.041287718050761,0.0345370121647032,0.342658367714944,0.0195747010260443,0.391304347826087,NA,NA
"Darmanis","hurdle","Random",200,200,0.010230179028133,0.010230179028133,0.010230179028133,0.0977399244823973,0.00012003895391623,0.115907928388747,NA,NA
"Darmanis","hurdle","DIFS_stage1only",300,300,0.166666666666667,0.103139013452915,0.060017652250662,0.555555555555556,0.444444444444444,0.453333333333333,NA,NA
"Darmanis","hurdle","Seurat",300,300,0.4,0.282511210762332,0.0984112974404237,0.888888888888889,0.666666666666667,0.743333333333333,NA,NA
"Darmanis","hurdle","Seurat_gated",300,300,0.333333333333333,0.269058295964126,0.102383053839365,0.777777777777778,0.555555555555556,0.773333333333333,NA,NA
"Darmanis","hurdle","FEAST",300,300,0.555555555555556,0.434977578475336,0.11738746690203,0.888888888888889,0.666666666666667,0.886666666666667,NA,NA
"Darmanis","hurdle","DIFS",300,300,0.344444444444444,0.286995515695067,0.0750220653133274,0.666666666666667,0.555555555555556,0.566666666666667,NA,NA
"Darmanis","hurdle","GateOnly",300,300,0.0696220517192384,0.0619315770761414,0.0518055182470548,0.446369115480498,0.0540511367855811,0.391304347826087,NA,NA
"Darmanis","hurdle","Random",300,300,0.0153452685421995,0.0153452685421995,0.0153452685421995,0.143309133003686,0.000396324503852917,0.115907928388747,NA,NA
"Darmanis","hurdle","DIFS_stage1only",500,500,0.211111111111111,0.152466367713004,0.0970873786407767,0.666666666666667,0.444444444444444,0.44,NA,NA
"Darmanis","hurdle","Seurat",500,500,0.444444444444444,0.354260089686099,0.142100617828773,0.888888888888889,0.666666666666667,0.644,NA,NA
"Darmanis","hurdle","Seurat_gated",500,500,0.422222222222222,0.322869955156951,0.151368049426302,0.777777777777778,0.555555555555556,0.686,NA,NA
"Darmanis","hurdle","FEAST",500,500,0.7,0.587443946188341,0.186672550750221,1,0.777777777777778,0.846,NA,NA
"Darmanis","hurdle","DIFS",500,500,0.411111111111111,0.349775784753363,0.121359223300971,0.777777777777778,0.555555555555556,0.55,NA,NA
"Darmanis","hurdle","GateOnly",500,500,0.116036752865397,0.103219295126902,0.0863425304117579,0.575476922721856,0.164998548103031,0.391304347826087,NA,NA
"Darmanis","hurdle","Random",500,500,0.0255754475703325,0.0255754475703325,0.0255754475703325,0.228286786335476,0.0017450170713161,0.115907928388747,NA,NA
"Darmanis","hurdle","DIFS_stage1only",750,750,0.244444444444444,0.20627802690583,0.145631067961165,0.666666666666667,0.555555555555556,0.44,NA,NA
"Darmanis","hurdle","Seurat",750,750,0.477777777777778,0.408071748878924,0.185789938217123,1,0.666666666666667,0.561333333333333,NA,NA
"Darmanis","hurdle","Seurat_gated",750,750,0.477777777777778,0.36322869955157,0.203883495145631,0.777777777777778,0.555555555555556,0.616,NA,NA
"Darmanis","hurdle","FEAST",750,750,0.788888888888889,0.695067264573991,0.270962047661077,1,0.888888888888889,0.818666666666667,NA,NA
"Darmanis","hurdle","DIFS",750,750,0.511111111111111,0.417040358744395,0.176081200353045,0.888888888888889,0.666666666666667,0.532,NA,NA
"Darmanis","hurdle","GateOnly",750,750,0.174055129298096,0.154828942690354,0.129513795617637,0.657212948313501,0.325921116828938,0.391304347826087,NA,NA
"Darmanis","hurdle","Random",750,750,0.0383631713554987,0.0383631713554987,0.0383631713554987,0.323806514708465,0.00551277419912868,0.115907928388747,NA,NA
"Darmanis","hurdle","DIFS_stage1only",1000,1000,0.288888888888889,0.26457399103139,0.190644307149162,0.777777777777778,0.555555555555556,0.432,NA,NA
"Darmanis","hurdle","Seurat",1000,1000,0.488888888888889,0.439461883408072,0.219329214474846,1,0.666666666666667,0.497,NA,NA
"Darmanis","hurdle","Seurat_gated",1000,1000,0.488888888888889,0.399103139013453,0.251103265666372,0.777777777777778,0.555555555555556,0.569,NA,NA
"Darmanis","hurdle","FEAST",1000,1000,0.811111111111111,0.762331838565022,0.338040600176522,1,0.888888888888889,0.766,NA,NA
"Darmanis","hurdle","DIFS",1000,1000,0.744444444444444,0.63677130044843,0.312444836716681,1,1,0.708,NA,NA
"Darmanis","hurdle","GateOnly",1000,1000,0.232073505730795,0.206438590253805,0.172685060823516,0.700713207101662,0.450430235348746,0.391304347826087,NA,NA
"Darmanis","hurdle","Random",1000,1000,0.051150895140665,0.051150895140665,0.051150895140665,0.408550574188591,0.0122148387338761,0.115907928388747,NA,NA
"Darmanis","hurdle","DIFS_stage1only",1500,1500,0.422222222222222,0.358744394618834,0.270520741394528,0.777777777777778,0.555555555555556,0.408666666666667,NA,NA
"Darmanis","hurdle","Seurat",1500,1500,0.577777777777778,0.524663677130045,0.285083848190644,1,0.888888888888889,0.430666666666667,NA,NA
"Darmanis","hurdle","Seurat_gated",1500,1500,0.533333333333333,0.448430493273543,0.320388349514563,0.777777777777778,0.555555555555556,0.484,NA,NA
"Darmanis","hurdle","FEAST",1500,1500,0.866666666666667,0.829596412556054,0.451897616946161,1,0.888888888888889,0.682666666666667,NA,NA
"Darmanis","hurdle","DIFS",1500,1500,0.8,0.744394618834081,0.430714916151809,1,1,0.650666666666667,NA,NA
"Darmanis","hurdle","GateOnly",1500,1500,0.348110258596192,0.309657885380707,0.259027591235274,0.748832783688213,0.547225601445024,0.391304347826087,NA,NA
"Darmanis","hurdle","Random",1500,1500,0.0767263427109974,0.0767263427109974,0.0767263427109974,0.549990851130242,0.035947146850352,0.115907928388747,NA,NA
"Darmanis","hurdle","DIFS_stage1only",2500,2346,0.544444444444444,0.484304932735426,0.405119152691968,0.777777777777778,0.555555555555556,0.391304347826087,NA,NA
"Darmanis","hurdle","Seurat",2500,2500,0.711111111111111,0.62780269058296,0.401588702559576,1,1,0.364,NA,NA
"Darmanis","hurdle","Seurat_gated",2500,2346,0.544444444444444,0.484304932735426,0.405119152691968,0.777777777777778,0.555555555555556,0.391304347826087,NA,NA
"Darmanis","hurdle","FEAST",2500,2500,0.888888888888889,0.865470852017937,0.606796116504854,1,1,0.55,NA,NA
"Darmanis","hurdle","DIFS",2500,2500,0.9,0.847533632286996,0.646513680494263,1,1,0.586,NA,NA
"Darmanis","hurdle","GateOnly",2500,2346,0.544444444444444,0.484304932735426,0.405119152691968,0.777777777777778,0.555555555555556,0.391304347826087,NA,NA
"Darmanis","hurdle","Random",2500,2500,0.127877237851662,0.127877237851662,0.127877237851662,0.745534102580947,0.125881145948295,0.115907928388747,NA,NA
"Darmanis","hurdle","DIFS_stage1only",NA,2346,NA,NA,NA,NA,NA,NA,1925,NA
"Darmanis","hurdle","Seurat",NA,19550,NA,NA,NA,NA,NA,NA,1002,3936
"Darmanis","hurdle","Seurat_gated",NA,2346,NA,NA,NA,NA,NA,NA,1056,NA
"Darmanis","hurdle","FEAST",NA,19550,NA,NA,NA,NA,NA,NA,262,784
"Darmanis","level","DIFS_stage1only",100,100,0.0617283950617284,0.0456852791878173,0.0324074074074074,0.222222222222222,0.111111111111111,0.28,NA,NA
"Darmanis","level","Seurat",100,100,0.222222222222222,0.137055837563452,0.0775462962962963,0.555555555555556,0.333333333333333,0.67,NA,NA
"Darmanis","level","Seurat_gated",100,100,0.197530864197531,0.16751269035533,0.09375,0.444444444444444,0.222222222222222,0.81,NA,NA
"Darmanis","level","FEAST",100,100,0.135802469135802,0.126903553299492,0.087962962962963,0.333333333333333,0.333333333333333,0.76,NA,NA
"Darmanis","level","DIFS",100,100,0.185185185185185,0.116751269035533,0.0497685185185185,0.444444444444444,0.333333333333333,0.43,NA,NA
"Darmanis","level","GateOnly",100,100,0.0294696515213708,0.0298596595998806,0.0263944144485491,0.227801209478891,0.00343855680838708,0.228047740835465,NA,NA
"Darmanis","level","Random",100,100,0.0051150895140665,0.0051150895140665,0.0051150895140665,0.0450133851883305,1.34954651440802e-05,0.0441943734015345,NA,NA
"Darmanis","level","DIFS_stage1only",200,200,0.0864197530864197,0.0761421319796954,0.0648148148148148,0.333333333333333,0.111111111111111,0.28,NA,NA
"Darmanis","level","Seurat",200,200,0.271604938271605,0.16751269035533,0.108796296296296,0.555555555555556,0.444444444444444,0.47,NA,NA
"Darmanis","level","Seurat_gated",200,200,0.296296296296296,0.238578680203046,0.150462962962963,0.666666666666667,0.222222222222222,0.65,NA,NA
"Darmanis","level","FEAST",200,200,0.320987654320988,0.228426395939086,0.146990740740741,0.666666666666667,0.666666666666667,0.635,NA,NA
"Darmanis","level","DIFS",200,200,0.308641975308642,0.248730964467005,0.136574074074074,0.666666666666667,0.333333333333333,0.59,NA,NA
"Darmanis","level","GateOnly",200,200,0.0589393030427415,0.0597193191997611,0.0527888288970983,0.394112416596707,0.0224105187019591,0.228047740835465,NA,NA
"Darmanis","level","Random",200,200,0.010230179028133,0.010230179028133,0.010230179028133,0.0880166194319235,0.000106701292369983,0.0441943734015345,NA,NA
"Darmanis","level","DIFS_stage1only",300,300,0.135802469135802,0.116751269035533,0.0949074074074074,0.444444444444444,0.222222222222222,0.273333333333333,NA,NA
"Darmanis","level","Seurat",300,300,0.308641975308642,0.197969543147208,0.146990740740741,0.666666666666667,0.555555555555556,0.423333333333333,NA,NA
"Darmanis","level","Seurat_gated",300,300,0.37037037037037,0.274111675126904,0.202546296296296,0.888888888888889,0.333333333333333,0.583333333333333,NA,NA
"Darmanis","level","FEAST",300,300,0.419753086419753,0.32994923857868,0.215277777777778,0.777777777777778,0.666666666666667,0.62,NA,NA
"Darmanis","level","DIFS",300,300,0.296296296296296,0.243654822335025,0.142361111111111,0.777777777777778,0.333333333333333,0.41,NA,NA
"Darmanis","level","GateOnly",300,300,0.0884089545641123,0.0895789787996417,0.0791832433456474,0.516025588798765,0.0608748984194596,0.228047740835465,NA,NA
"Darmanis","level","Random",300,300,0.0153452685421995,0.0153452685421995,0.0153452685421995,0.129090925841298,0.00035228844786926,0.0441943734015345,NA,NA
"Darmanis","level","DIFS_stage1only",500,500,0.246913580246914,0.208121827411168,0.152777777777778,0.555555555555556,0.555555555555556,0.264,NA,NA
"Darmanis","level","Seurat",500,500,0.308641975308642,0.248730964467005,0.193287037037037,0.666666666666667,0.555555555555556,0.334,NA,NA
"Darmanis","level","Seurat_gated",500,500,0.419753086419753,0.32994923857868,0.268518518518519,0.888888888888889,0.555555555555556,0.464,NA,NA
"Darmanis","level","FEAST",500,500,0.617283950617284,0.517766497461929,0.336805555555556,0.777777777777778,0.777777777777778,0.582,NA,NA
"Darmanis","level","DIFS",500,500,0.395061728395062,0.33502538071066,0.22337962962963,0.777777777777778,0.555555555555556,0.386,NA,NA
"Darmanis","level","GateOnly",500,500,0.147348257606854,0.149298297999403,0.131972072242746,0.67344380132026,0.18093707542144,0.228047740835465,NA,NA
"Darmanis","level","Random",500,500,0.0255754475703325,0.0255754475703325,0.0255754475703325,0.20576330425046,0.00155112628561431,0.0441943734015345,NA,NA
"Darmanis","level","DIFS_stage1only",750,750,0.296296296296296,0.294416243654822,0.230324074074074,0.666666666666667,0.555555555555556,0.265333333333333,NA,NA
"Darmanis","level","Seurat",750,750,0.358024691358025,0.279187817258883,0.233796296296296,0.666666666666667,0.555555555555556,0.269333333333333,NA,NA
"Darmanis","level","Seurat_gated",750,750,0.481481481481481,0.390862944162437,0.341435185185185,1,0.555555555555556,0.393333333333333,NA,NA
"Darmanis","level","FEAST",750,750,0.740740740740741,0.6751269035533,0.459490740740741,0.777777777777778,0.777777777777778,0.529333333333333,NA,NA
"Darmanis","level","DIFS",750,750,0.45679012345679,0.441624365482233,0.31712962962963,1,0.555555555555556,0.365333333333333,NA,NA
"Darmanis","level","GateOnly",750,750,0.221022386410281,0.223947446999104,0.197958108364119,0.780943247378193,0.351649809469722,0.228047740835465,NA,NA
"Darmanis","level","Random",750,750,0.0383631713554987,0.0383631713554987,0.0383631713554987,0.292090587669246,0.00490024373255882,0.0441943734015345,NA,NA
"Darmanis","level","DIFS_stage1only",1000,1000,0.358024691358025,0.355329949238579,0.305555555555556,0.888888888888889,0.555555555555556,0.264,NA,NA
"Darmanis","level","Seurat",1000,1000,0.37037037037037,0.3248730964467,0.270833333333333,0.666666666666667,0.555555555555556,0.234,NA,NA
"Darmanis","level","Seurat_gated",1000,1000,0.54320987654321,0.446700507614213,0.402777777777778,1,0.666666666666667,0.348,NA,NA
"Darmanis","level","FEAST",1000,1000,0.802469135802469,0.756345177664975,0.53587962962963,0.777777777777778,0.777777777777778,0.463,NA,NA
"Darmanis","level","DIFS",1000,1000,0.62962962962963,0.583756345177665,0.520833333333333,1,0.888888888888889,0.45,NA,NA
"Darmanis","level","GateOnly",1000,1000,0.294696515213708,0.298596595998806,0.263944144485491,0.842829507327367,0.490993203576422,0.228047740835465,NA,NA
"Darmanis","level","Random",1000,1000,0.051150895140665,0.051150895140665,0.051150895140665,0.368839498738821,0.0108576344301121,0.0441943734015345,NA,NA
"Darmanis","level","DIFS_stage1only",1500,1500,0.518518518518518,0.512690355329949,0.434027777777778,1,0.555555555555556,0.25,NA,NA
"Darmanis","level","Seurat",1500,1500,0.481481481481481,0.406091370558376,0.341435185185185,0.888888888888889,0.666666666666667,0.196666666666667,NA,NA
"Darmanis","level","Seurat_gated",1500,1500,0.592592592592593,0.543147208121827,0.486111111111111,1,0.666666666666667,0.28,NA,NA
"Darmanis","level","FEAST",1500,1500,0.876543209876543,0.83756345177665,0.644675925925926,1,0.777777777777778,0.371333333333333,NA,NA
"Darmanis","level","DIFS",1500,1500,0.716049382716049,0.720812182741117,0.641203703703704,1,0.888888888888889,0.369333333333333,NA,NA
"Darmanis","level","GateOnly",1500,1500,0.442044772820561,0.447894893998208,0.395916216728237,0.915865070686026,0.659536040071707,0.228047740835465,NA,NA
"Darmanis","level","Random",1500,1500,0.0767263427109974,0.0767263427109974,0.0767263427109974,0.497405905750326,0.0319530194225351,0.0441943734015345,NA,NA
"Darmanis","level","DIFS_stage1only",2500,2346,0.691358024691358,0.700507614213198,0.619212962962963,1,0.777777777777778,0.228047740835465,NA,NA
"Darmanis","level","Seurat",2500,2500,0.580246913580247,0.49746192893401,0.457175925925926,1,0.777777777777778,0.158,NA,NA
"Darmanis","level","Seurat_gated",2500,2346,0.691358024691358,0.700507614213198,0.619212962962963,1,0.777777777777778,0.228047740835465,NA,NA
"Darmanis","level","FEAST",2500,2500,0.901234567901235,0.898477157360406,0.789351851851852,1,0.888888888888889,0.2728,NA,NA
"Darmanis","level","DIFS",2500,2500,0.864197530864197,0.893401015228426,0.828703703703704,1,0.888888888888889,0.2864,NA,NA
"Darmanis","level","GateOnly",2500,2346,0.691358024691358,0.700507614213198,0.619212962962963,1,0.777777777777778,0.228047740835465,NA,NA
"Darmanis","level","Random",2500,2500,0.127877237851662,0.127877237851662,0.127877237851662,0.676905562055471,0.11189435195404,0.0441943734015345,NA,NA
"Darmanis","level","DIFS_stage1only",NA,2346,NA,NA,NA,NA,NA,NA,1367,NA
"Darmanis","level","Seurat",NA,19550,NA,NA,NA,NA,NA,NA,1676,8936
"Darmanis","level","Seurat_gated",NA,2346,NA,NA,NA,NA,NA,NA,875,NA
"Darmanis","level","FEAST",NA,19550,NA,NA,NA,NA,NA,NA,338,928
"Darmanis","detection","DIFS_stage1only",100,100,0.0224719101123595,0.0138248847926267,0.00957510472770796,0.222222222222222,0,0.48,NA,NA
"Darmanis","detection","Seurat",100,100,0.134831460674157,0.105990783410138,0.0181528027129463,0.666666666666667,0.111111111111111,0.91,NA,NA
"Darmanis","detection","Seurat_gated",100,100,0.101123595505618,0.0921658986175115,0.0173548773189707,0.444444444444444,0.222222222222222,0.87,NA,NA
"Darmanis","detection","FEAST",100,100,0.235955056179775,0.193548387096774,0.0197486535008977,0.555555555555556,0.333333333333333,0.99,NA,NA
"Darmanis","detection","DIFS",100,100,0.123595505617978,0.0737327188940092,0.0115699182126471,0.555555555555556,0.222222222222222,0.58,NA,NA
"Darmanis","detection","GateOnly",100,100,0.011015642211941,0.0113930565213463,0.00929382412207374,0.103988598020876,0.000483282686380665,0.465899403239557,NA,NA
"Darmanis","detection","Random",100,100,0.0051150895140665,0.0051150895140665,0.0051150895140665,0.0500006721476136,1.51823982870903e-05,0.256419437340153,NA,NA
"Darmanis","detection","DIFS_stage1only",200,200,0.0561797752808989,0.0368663594470046,0.0191502094554159,0.555555555555556,0,0.48,NA,NA
"Darmanis","detection","Seurat",200,200,0.202247191011236,0.165898617511521,0.0311190903650509,0.666666666666667,0.333333333333333,0.78,NA,NA
"Darmanis","detection","Seurat_gated",200,200,0.157303370786517,0.129032258064516,0.0321164971075204,0.555555555555556,0.444444444444444,0.805,NA,NA
"Darmanis","detection","FEAST",200,200,0.314606741573034,0.299539170506912,0.0384999002593258,0.666666666666667,0.333333333333333,0.965,NA,NA
"Darmanis","detection","DIFS",200,200,0.224719101123595,0.170506912442396,0.02852583283463,0.555555555555556,0.555555555555556,0.715,NA,NA
"Darmanis","detection","GateOnly",200,200,0.0220312844238819,0.0227861130426925,0.0185876482441475,0.190402847724671,0.00352931641392973,0.465899403239557,NA,NA
"Darmanis","detection","Random",200,200,0.010230179028133,0.010230179028133,0.010230179028133,0.0977399244823973,0.00012003895391623,0.256419437340153,NA,NA
"Darmanis","detection","DIFS_stage1only",300,300,0.0786516853932584,0.0645161290322581,0.028326351486136,0.555555555555556,0.111111111111111,0.473333333333333,NA,NA
"Darmanis","detection","Seurat",300,300,0.235955056179775,0.19815668202765,0.042689008577698,0.777777777777778,0.444444444444444,0.713333333333333,NA,NA
"Darmanis","detection","Seurat_gated",300,300,0.157303370786517,0.147465437788018,0.0456812288051067,0.555555555555556,0.444444444444444,0.763333333333333,NA,NA
"Darmanis","detection","FEAST",300,300,0.382022471910112,0.373271889400922,0.0570516656692599,0.777777777777778,0.555555555555556,0.953333333333333,NA,NA
"Darmanis","detection","DIFS",300,300,0.213483146067416,0.165898617511521,0.0347097546379414,0.555555555555556,0.555555555555556,0.58,NA,NA
"Darmanis","detection","GateOnly",300,300,0.0330469266358229,0.0341791695640388,0.0278814723662212,0.261929268720167,0.0107475830853777,0.465899403239557,NA,NA
"Darmanis","detection","Random",300,300,0.0153452685421995,0.0153452685421995,0.0153452685421995,0.143309133003686,0.000396324503852917,0.256419437340153,NA,NA
"Darmanis","detection","DIFS_stage1only",500,500,0.0786516853932584,0.0783410138248848,0.0476760422900459,0.555555555555556,0.111111111111111,0.478,NA,NA
"Darmanis","detection","Seurat",500,500,0.337078651685393,0.290322580645161,0.0638340315180531,0.888888888888889,0.666666666666667,0.64,NA,NA
"Darmanis","detection","Seurat_gated",500,500,0.213483146067416,0.193548387096774,0.0684221025334131,0.555555555555556,0.555555555555556,0.686,NA,NA
"Darmanis","detection","FEAST",500,500,0.50561797752809,0.47926267281106,0.0895671254737682,1,0.777777777777778,0.898,NA,NA
"Darmanis","detection","DIFS",500,500,0.247191011235955,0.221198156682028,0.0560542589267903,0.555555555555556,0.555555555555556,0.562,NA,NA
"Darmanis","detection","GateOnly",500,500,0.0550782110597048,0.0569652826067313,0.0464691206103687,0.369275643273316,0.0401015540682729,0.465899403239557,NA,NA
"Darmanis","detection","Random",500,500,0.0255754475703325,0.0255754475703325,0.0255754475703325,0.228286786335476,0.0017450170713161,0.256419437340153,NA,NA
"Darmanis","detection","DIFS_stage1only",750,750,0.101123595505618,0.110599078341014,0.0742070616397367,0.555555555555556,0.222222222222222,0.496,NA,NA
"Darmanis","detection","Seurat",750,750,0.404494382022472,0.36405529953917,0.0867743865948534,1,0.777777777777778,0.58,NA,NA
"Darmanis","detection","Seurat_gated",750,750,0.235955056179775,0.202764976958525,0.0989427488529823,0.555555555555556,0.555555555555556,0.661333333333333,NA,NA
"Darmanis","detection","FEAST",750,750,0.584269662921348,0.571428571428571,0.131657690005984,1,0.888888888888889,0.88,NA,NA
"Darmanis","detection","DIFS",750,750,0.292134831460674,0.276497695852535,0.0837821663674446,0.888888888888889,0.555555555555556,0.56,NA,NA
"Darmanis","detection","GateOnly",750,750,0.0826173165895572,0.085447923910097,0.0697036809155531,0.454605575400418,0.102404403244991,0.465899403239557,NA,NA
"Darmanis","detection","Random",750,750,0.0383631713554987,0.0383631713554987,0.0383631713554987,0.323806514708465,0.00551277419912868,0.256419437340153,NA,NA
"Darmanis","detection","DIFS_stage1only",1000,1000,0.134831460674157,0.152073732718894,0.100139636943946,0.555555555555556,0.333333333333333,0.502,NA,NA
"Darmanis","detection","Seurat",1000,1000,0.449438202247191,0.391705069124424,0.105126670656294,1,0.777777777777778,0.527,NA,NA
"Darmanis","detection","Seurat_gated",1000,1000,0.247191011235955,0.221198156682028,0.125673249551167,0.555555555555556,0.555555555555556,0.63,NA,NA
"Darmanis","detection","FEAST",1000,1000,0.685393258426966,0.668202764976959,0.169758627568322,1,0.888888888888889,0.851,NA,NA
"Darmanis","detection","DIFS",1000,1000,0.573033707865168,0.529953917050691,0.138440055854778,1,1,0.694,NA,NA
"Darmanis","detection","GateOnly",1000,1000,0.11015642211941,0.113930565213463,0.0929382412207374,0.504353013434798,0.182736689723697,0.465899403239557,NA,NA
"Darmanis","detection","Random",1000,1000,0.051150895140665,0.051150895140665,0.051150895140665,0.408550574188591,0.0122148387338761,0.256419437340153,NA,NA
"Darmanis","detection","DIFS_stage1only",1500,1500,0.213483146067416,0.202764976958525,0.143427089567125,0.555555555555556,0.555555555555556,0.479333333333333,NA,NA
"Darmanis","detection","Seurat",1500,1500,0.50561797752809,0.442396313364055,0.143626570915619,1,0.888888888888889,0.48,NA,NA
"Darmanis","detection","Seurat_gated",1500,1500,0.258426966292135,0.253456221198157,0.171952922401755,0.555555555555556,0.555555555555556,0.574666666666667,NA,NA
"Darmanis","detection","FEAST",1500,1500,0.741573033707865,0.769585253456221,0.245162577299023,1,0.888888888888889,0.819333333333333,NA,NA
"Darmanis","detection","DIFS",1500,1500,0.640449438202247,0.617511520737327,0.202473568721325,1,1,0.676666666666667,NA,NA
"Darmanis","detection","GateOnly",1500,1500,0.165234633179114,0.170895847820194,0.139407361831106,0.546287533018407,0.350864248666725,0.465899403239557,NA,NA
"Darmanis","detection","Random",1500,1500,0.0767263427109974,0.0767263427109974,0.0767263427109974,0.549990851130242,0.035947146850352,0.256419437340153,NA,NA
"Darmanis","detection","DIFS_stage1only",2500,2346,0.258426966292135,0.267281105990783,0.21803311390385,0.555555555555556,0.555555555555556,0.465899403239557,NA,NA
"Darmanis","detection","Seurat",2500,2500,0.606741573033708,0.576036866359447,0.214043486933972,1,1,0.4292,NA,NA
"Darmanis","detection","Seurat_gated",2500,2346,0.258426966292135,0.267281105990783,0.21803311390385,0.555555555555556,0.555555555555556,0.465899403239557,NA,NA
"Darmanis","detection","FEAST",2500,2500,0.853932584269663,0.852534562211982,0.371633752244165,1,1,0.7452,NA,NA
"Darmanis","detection","DIFS",2500,2500,0.719101123595506,0.741935483870968,0.321563933772192,1,1,0.6448,NA,NA
"Darmanis","detection","GateOnly",2500,2346,0.258426966292135,0.267281105990783,0.21803311390385,0.555555555555556,0.555555555555556,0.465899403239557,NA,NA
"Darmanis","detection","Random",2500,2500,0.127877237851662,0.127877237851662,0.127877237851662,0.745534102580947,0.125881145948295,0.256419437340153,NA,NA
"Darmanis","detection","DIFS_stage1only",NA,2346,NA,NA,NA,NA,NA,NA,NA,NA
"Darmanis","detection","Seurat",NA,19550,NA,NA,NA,NA,NA,NA,1486,10608
"Darmanis","detection","Seurat_gated",NA,2346,NA,NA,NA,NA,NA,NA,NA,NA
"Darmanis","detection","FEAST",NA,19550,NA,NA,NA,NA,NA,NA,485,1806
"Darmanis","wilcox","DIFS_stage1only",100,100,0.0561797752808989,0.0363636363636364,0.0227524972253052,0.222222222222222,0.111111111111111,0.41,NA,NA
"Darmanis","wilcox","Seurat",100,100,0.314606741573034,0.2,0.0504994450610433,0.777777777777778,0.444444444444444,0.91,NA,NA
"Darmanis","wilcox","Seurat_gated",100,100,0.292134831460674,0.213636363636364,0.0477247502774695,0.888888888888889,0.333333333333333,0.86,NA,NA
"Darmanis","wilcox","FEAST",100,100,0.179775280898876,0.131818181818182,0.0504994450610433,0.555555555555556,0.222222222222222,0.91,NA,NA
"Darmanis","wilcox","DIFS",100,100,0.235955056179775,0.131818181818182,0.0299667036625971,0.666666666666667,0.444444444444444,0.54,NA,NA
"Darmanis","wilcox","GateOnly",100,100,0.0306522218071401,0.0267379679144385,0.0180958355450466,0.26418943465555,0.00379827491803946,0.326086956521739,NA,NA
"Darmanis","wilcox","Random",100,100,0.0051150895140665,0.0051150895140665,0.0051150895140665,0.0500006721476136,1.51823982870903e-05,0.0921739130434783,NA,NA
"Darmanis","wilcox","DIFS_stage1only",200,200,0.123595505617978,0.0772727272727273,0.0471698113207547,0.666666666666667,0.222222222222222,0.425,NA,NA
"Darmanis","wilcox","Seurat",200,200,0.359550561797753,0.240909090909091,0.0865704772475028,0.777777777777778,0.555555555555556,0.78,NA,NA
"Darmanis","wilcox","Seurat_gated",200,200,0.370786516853933,0.290909090909091,0.0821309655937847,1,0.333333333333333,0.74,NA,NA
"Darmanis","wilcox","FEAST",200,200,0.370786516853933,0.281818181818182,0.0993340732519423,0.777777777777778,0.555555555555556,0.895,NA,NA
"Darmanis","wilcox","DIFS",200,200,0.382022471910112,0.304545454545455,0.0765815760266371,0.888888888888889,0.555555555555556,0.69,NA,NA
"Darmanis","wilcox","GateOnly",200,200,0.0613044436142801,0.053475935828877,0.0361916710900931,0.455758430292668,0.0252242213469362,0.326086956521739,NA,NA
"Darmanis","wilcox","Random",200,200,0.010230179028133,0.010230179028133,0.010230179028133,0.0977399244823973,0.00012003895391623,0.0921739130434783,NA,NA
"Darmanis","wilcox","DIFS_stage1only",300,300,0.191011235955056,0.118181818181818,0.0688124306326304,0.666666666666667,0.444444444444444,0.413333333333333,NA,NA
"Darmanis","wilcox","Seurat",300,300,0.393258426966292,0.277272727272727,0.118201997780244,0.888888888888889,0.666666666666667,0.71,NA,NA
"Darmanis","wilcox","Seurat_gated",300,300,0.438202247191011,0.336363636363636,0.114872364039956,1,0.777777777777778,0.69,NA,NA
"Darmanis","wilcox","FEAST",300,300,0.49438202247191,0.386363636363636,0.147613762486127,0.888888888888889,0.555555555555556,0.886666666666667,NA,NA
"Darmanis","wilcox","DIFS",300,300,0.404494382022472,0.3,0.0887902330743618,0.888888888888889,0.666666666666667,0.533333333333333,NA,NA
"Darmanis","wilcox","GateOnly",300,300,0.0919566654214202,0.0802139037433155,0.0542875066351397,0.593935390667488,0.0697978927214138,0.326086956521739,NA,NA
"Darmanis","wilcox","Random",300,300,0.0153452685421995,0.0153452685421995,0.0153452685421995,0.143309133003686,0.000396324503852917,0.0921739130434783,NA,NA
"Darmanis","wilcox","DIFS_stage1only",500,500,0.269662921348315,0.168181818181818,0.110432852386238,1,0.444444444444444,0.398,NA,NA
"Darmanis","wilcox","Seurat",500,500,0.438202247191011,0.340909090909091,0.169811320754717,0.888888888888889,0.666666666666667,0.612,NA,NA
"Darmanis","wilcox","Seurat_gated",500,500,0.51685393258427,0.409090909090909,0.161487236403996,1,0.777777777777778,0.582,NA,NA
"Darmanis","wilcox","FEAST",500,500,0.696629213483146,0.568181818181818,0.234739178690344,1,0.777777777777778,0.846,NA,NA
"Darmanis","wilcox","DIFS",500,500,0.48314606741573,0.372727272727273,0.143729189789123,1,0.666666666666667,0.518,NA,NA
"Darmanis","wilcox","GateOnly",500,500,0.1532611090357,0.133689839572193,0.0904791777252328,0.764466327824131,0.214832384129483,0.326086956521739,NA,NA
"Darmanis","wilcox","Random",500,500,0.0255754475703325,0.0255754475703325,0.0255754475703325,0.228286786335476,0.0017450170713161,0.0921739130434783,NA,NA
"Darmanis","wilcox","DIFS_stage1only",750,750,0.314606741573034,0.263636363636364,0.16315205327414,1,0.555555555555556,0.392,NA,NA
"Darmanis","wilcox","Seurat",750,750,0.48314606741573,0.404545454545455,0.22031076581576,1,0.666666666666667,0.529333333333333,NA,NA
"Darmanis","wilcox","Seurat_gated",750,750,0.573033707865168,0.459090909090909,0.215316315205327,1,0.888888888888889,0.517333333333333,NA,NA
"Darmanis","wilcox","FEAST",750,750,0.764044943820225,0.690909090909091,0.340177580466149,1,0.888888888888889,0.817333333333333,NA,NA
"Darmanis","wilcox","DIFS",750,750,0.573033707865168,0.481818181818182,0.206437291897891,1,0.888888888888889,0.496,NA,NA
"Darmanis","wilcox","GateOnly",750,750,0.22989166355355,0.200534759358289,0.135718766587849,0.867189004795451,0.432615022050003,0.326086956521739,NA,NA
"Darmanis","wilcox","Random",750,750,0.0383631713554987,0.0383631713554987,0.0383631713554987,0.323806514708465,0.00551277419912868,0.0921739130434783,NA,NA
"Darmanis","wilcox","DIFS_stage1only",1000,1000,0.382022471910112,0.354545454545455,0.210876803551609,1,0.666666666666667,0.38,NA,NA
"Darmanis","wilcox","Seurat",1000,1000,0.48314606741573,0.427272727272727,0.25527192008879,1,0.666666666666667,0.46,NA,NA
"Darmanis","wilcox","Seurat_gated",1000,1000,0.606741573033708,0.504545454545455,0.266370699223085,1,0.888888888888889,0.48,NA,NA
"Darmanis","wilcox","FEAST",1000,1000,0.842696629213483,0.781818181818182,0.423973362930078,1,1,0.764,NA,NA
"Darmanis","wilcox","DIFS",1000,1000,0.786516853932584,0.668181818181818,0.382352941176471,1,1,0.689,NA,NA
"Darmanis","wilcox","GateOnly",1000,1000,0.306522218071401,0.267379679144385,0.180958355450466,0.914963624604966,0.616129152455608,0.326086956521739,NA,NA
"Darmanis","wilcox","Random",1000,1000,0.051150895140665,0.051150895140665,0.051150895140665,0.408550574188591,0.0122148387338761,0.0921739130434783,NA,NA
"Darmanis","wilcox","DIFS_stage1only",1500,1500,0.550561797752809,0.490909090909091,0.291897891231964,1,0.777777777777778,0.350666666666667,NA,NA
"Darmanis","wilcox","Seurat",1500,1500,0.561797752808989,0.495454545454545,0.328523862375139,1,0.888888888888889,0.394666666666667,NA,NA
"Darmanis","wilcox","Seurat_gated",1500,1500,0.662921348314607,0.572727272727273,0.332408435072142,1,0.888888888888889,0.399333333333333,NA,NA
"Darmanis","wilcox","FEAST",1500,1500,0.898876404494382,0.831818181818182,0.561043285238624,1,1,0.674,NA,NA
"Darmanis","wilcox","DIFS",1500,1500,0.853932584269663,0.795454545454545,0.519977802441731,1,1,0.624666666666667,NA,NA
"Darmanis","wilcox","GateOnly",1500,1500,0.459783327107101,0.401069518716578,0.271437533175699,0.957691568784423,0.811210475818274,0.326086956521739,NA,NA
"Darmanis","wilcox","Random",1500,1500,0.0767263427109974,0.0767263427109974,0.0767263427109974,0.549990851130242,0.035947146850352,0.0921739130434783,NA,NA
"Darmanis","wilcox","DIFS_stage1only",2500,2346,0.719101123595506,0.627272727272727,0.424528301886792,1,0.888888888888889,0.326086956521739,NA,NA
"Darmanis","wilcox","Seurat",2500,2500,0.674157303370786,0.581818181818182,0.439511653718091,1,1,0.3168,NA,NA
"Darmanis","wilcox","Seurat_gated",2500,2346,0.719101123595506,0.627272727272727,0.424528301886792,1,0.888888888888889,0.326086956521739,NA,NA
"Darmanis","wilcox","FEAST",2500,2500,0.921348314606742,0.863636363636364,0.732519422863485,1,1,0.528,NA,NA
"Darmanis","wilcox","DIFS",2500,2500,0.921348314606742,0.904545454545455,0.739178690344062,1,1,0.5328,NA,NA
"Darmanis","wilcox","GateOnly",2500,2346,0.719101123595506,0.627272727272727,0.424528301886792,1,0.888888888888889,0.326086956521739,NA,NA
"Darmanis","wilcox","Random",2500,2500,0.127877237851662,0.127877237851662,0.127877237851662,0.745534102580947,0.125881145948295,0.0921739130434783,NA,NA
"Darmanis","wilcox","DIFS_stage1only",NA,2346,NA,NA,NA,NA,NA,NA,1356,NA
"Darmanis","wilcox","Seurat",NA,19550,NA,NA,NA,NA,NA,NA,1097,7530
"Darmanis","wilcox","Seurat_gated",NA,2346,NA,NA,NA,NA,NA,NA,440,NA
"Darmanis","wilcox","FEAST",NA,19550,NA,NA,NA,NA,NA,NA,303,845
"Fletcher","hurdle","DIFS_stage1only",100,100,0.0578512396694215,0.0555555555555556,0.0232666356444858,0.538461538461538,0,0.5,NA,NA
"Fletcher","hurdle","Seurat",100,100,0.256198347107438,0.149305555555556,0.0353652861796184,0.846153846153846,0.384615384615385,0.76,NA,NA
"Fletcher","hurdle","Seurat_gated",100,100,0.247933884297521,0.149305555555556,0.0404839460214053,0.769230769230769,0.461538461538462,0.87,NA,NA
"Fletcher","hurdle","FEAST",100,100,0.322314049586777,0.25,0.0460679385760819,0.692307692307692,0.384615384615385,0.99,NA,NA
"Fletcher","hurdle","DIFS",100,100,0.347107438016529,0.246527777777778,0.0418799441600745,0.923076923076923,0.461538461538462,0.9,NA,NA
"Fletcher","hurdle","GateOnly",100,100,0.0229411064977144,0.0217757596527302,0.018115762914418,0.212584543350767,0.00157014136856229,0.389307745030843,NA,NA
"Fletcher","hurdle","Random",100,100,0.0043994720633524,0.0043994720633524,0.0043994720633524,0.0431422431736779,9.69526800947757e-06,0.094544654641443,NA,NA
"Fletcher","hurdle","DIFS_stage1only",200,200,0.0743801652892562,0.0763888888888889,0.0386226151698464,0.538461538461538,0.0769230769230769,0.415,NA,NA
"Fletcher","hurdle","Seurat",200,200,0.272727272727273,0.184027777777778,0.0525825965565379,0.846153846153846,0.384615384615385,0.565,NA,NA
"Fletcher","hurdle","Seurat_gated",200,200,0.355371900826446,0.243055555555556,0.0744532340623546,0.923076923076923,0.692307692307692,0.8,NA,NA
"Fletcher","hurdle","FEAST",200,200,0.446280991735537,0.413194444444444,0.0898092135877152,0.846153846153846,0.615384615384615,0.965,NA,NA
"Fletcher","hurdle","DIFS",200,200,0.471074380165289,0.371527777777778,0.0739879013494649,1,0.769230769230769,0.795,NA,NA
"Fletcher","hurdle","GateOnly",200,200,0.0458822129954288,0.0435515193054604,0.036231525828836,0.381770607029759,0.0110402692466813,0.389307745030843,NA,NA
"Fletcher","hurdle","Random",200,200,0.0087989441267048,0.0087989441267048,0.0087989441267048,0.0846020713795557,7.69456961349897e-05,0.094544654641443,NA,NA
"Fletcher","hurdle","DIFS_stage1only",300,300,0.0826446280991736,0.0972222222222222,0.0595625872498837,0.615384615384615,0.0769230769230769,0.426666666666667,NA,NA
"Fletcher","hurdle","Seurat",300,300,0.305785123966942,0.215277777777778,0.0711959050721266,0.923076923076923,0.538461538461538,0.51,NA,NA
"Fletcher","hurdle","Seurat_gated",300,300,0.388429752066116,0.288194444444444,0.0986505351326198,0.923076923076923,0.692307692307692,0.706666666666667,NA,NA
"Fletcher","hurdle","FEAST",300,300,0.545454545454545,0.486111111111111,0.13168915774779,1,0.923076923076923,0.943333333333333,NA,NA
"Fletcher","hurdle","DIFS",300,300,0.56198347107438,0.482638888888889,0.11493718008376,1,0.846153846153846,0.823333333333333,NA,NA
"Fletcher","hurdle","GateOnly",300,300,0.0688233194931432,0.0653272789581905,0.054347288743254,0.515965898271412,0.0323877698019366,0.389307745030843,NA,NA
"Fletcher","hurdle","Random",300,300,0.0131984161900572,0.0131984161900572,0.0131984161900572,0.124438058555605,0.000255013179397724,0.094544654641443,NA,NA
"Fletcher","hurdle","DIFS_stage1only",500,500,0.132231404958678,0.152777777777778,0.102373196835738,0.692307692307692,0.153846153846154,0.44,NA,NA
"Fletcher","hurdle","Seurat",500,500,0.363636363636364,0.253472222222222,0.096789204281061,1,0.615384615384615,0.416,NA,NA
"Fletcher","hurdle","Seurat_gated",500,500,0.446280991735537,0.357638888888889,0.148441135411819,0.923076923076923,0.769230769230769,0.638,NA,NA
"Fletcher","hurdle","FEAST",500,500,0.644628099173554,0.59375,0.208934388087483,1,0.923076923076923,0.898,NA,NA
"Fletcher","hurdle","DIFS",500,500,0.578512396694215,0.510416666666667,0.149371800837599,1,0.846153846153846,0.642,NA,NA
"Fletcher","hurdle","GateOnly",500,500,0.114705532488572,0.108878798263651,0.09057881457209,0.705688250097488,0.112349840779462,0.389307745030843,NA,NA
"Fletcher","hurdle","Random",500,500,0.021997360316762,0.021997360316762,0.021997360316762,0.199463891799312,0.00113143837149394,0.094544654641443,NA,NA
"Fletcher","hurdle","DIFS_stage1only",750,750,0.173553719008264,0.208333333333333,0.153094462540717,0.923076923076923,0.230769230769231,0.438666666666667,NA,NA
"Fletcher","hurdle","Seurat",750,750,0.380165289256198,0.277777777777778,0.118659841786878,1,0.615384615384615,0.34,NA,NA
"Fletcher","hurdle","Seurat_gated",750,750,0.512396694214876,0.423611111111111,0.208469055374593,0.923076923076923,0.769230769230769,0.597333333333333,NA,NA
"Fletcher","hurdle","FEAST",750,750,0.785123966942149,0.711805555555556,0.303396928804095,1,0.923076923076923,0.869333333333333,NA,NA
"Fletcher","hurdle","DIFS",750,750,0.702479338842975,0.673611111111111,0.257794322940903,1,1,0.738666666666667,NA,NA
"Fletcher","hurdle","GateOnly",750,750,0.172058298732858,0.163318197395476,0.135868221858135,0.844308219205267,0.262917017103074,0.389307745030843,NA,NA
"Fletcher","hurdle","Random",750,750,0.032996040475143,0.032996040475143,0.032996040475143,0.285087028124279,0.00360901201838795,0.094544654641443,NA,NA
"Fletcher","hurdle","DIFS_stage1only",1000,1000,0.239669421487603,0.270833333333333,0.198697068403909,0.923076923076923,0.384615384615385,0.427,NA,NA
"Fletcher","hurdle","Seurat",1000,1000,0.40495867768595,0.309027777777778,0.134481154025128,1,0.692307692307692,0.289,NA,NA
"Fletcher","hurdle","Seurat_gated",1000,1000,0.553719008264463,0.472222222222222,0.2624476500698,1,0.846153846153846,0.564,NA,NA
"Fletcher","hurdle","FEAST",1000,1000,0.801652892561983,0.767361111111111,0.383434155421126,1,1,0.824,NA,NA
"Fletcher","hurdle","DIFS",1000,1000,0.702479338842975,0.6875,0.289902280130293,1,1,0.623,NA,NA
"Fletcher","hurdle","GateOnly",1000,1000,0.229411064977144,0.217757596527302,0.18115762914418,0.919101615348722,0.431982104221996,0.389307745030843,NA,NA
"Fletcher","hurdle","Random",1000,1000,0.043994720633524,0.043994720633524,0.043994720633524,0.362377949988725,0.00807482817535168,0.094544654641443,NA,NA
"Fletcher","hurdle","DIFS_stage1only",1500,1500,0.289256198347107,0.350694444444444,0.288040949278734,0.923076923076923,0.538461538461538,0.412666666666667,NA,NA
"Fletcher","hurdle","Seurat",1500,1500,0.421487603305785,0.361111111111111,0.169846440204746,1,0.692307692307692,0.243333333333333,NA,NA
"Fletcher","hurdle","Seurat_gated",1500,1500,0.59504132231405,0.53125,0.355514192647743,1,0.923076923076923,0.509333333333333,NA,NA
"Fletcher","hurdle","FEAST",1500,1500,0.851239669421488,0.826388888888889,0.50767798976268,1,1,0.727333333333333,NA,NA
"Fletcher","hurdle","DIFS",1500,1500,0.694214876033058,0.694444444444444,0.355048859934853,1,1,0.508666666666667,NA,NA
"Fletcher","hurdle","GateOnly",1500,1500,0.344116597465716,0.326636394790953,0.27173644371627,0.979956892958579,0.713660653423013,0.389307745030843,NA,NA
"Fletcher","hurdle","Random",1500,1500,0.065992080950286,0.065992080950286,0.065992080950286,0.494821547805561,0.0242371021941648,0.094544654641443,NA,NA
"Fletcher","hurdle","DIFS_stage1only",2500,2500,0.537190082644628,0.548611111111111,0.45835272219637,1,0.923076923076923,0.394,NA,NA
"Fletcher","hurdle","Seurat",2500,2500,0.471074380165289,0.416666666666667,0.225686365751512,1,0.769230769230769,0.194,NA,NA
"Fletcher","hurdle","Seurat_gated",2500,2500,0.636363636363636,0.607638888888889,0.496510004653327,1,0.923076923076923,0.4268,NA,NA
"Fletcher","hurdle","FEAST",2500,2500,0.87603305785124,0.871527777777778,0.668217775709632,1,1,0.5744,NA,NA
"Fletcher","hurdle","DIFS",2500,2500,0.818181818181818,0.819444444444444,0.608655188459749,1,1,0.5232,NA,NA
"Fletcher","hurdle","GateOnly",2500,2500,0.57352766244286,0.544393991318254,0.45289407286045,0.99973338924008,0.95958260218913,0.389307745030843,NA,NA
"Fletcher","hurdle","Random",2500,2500,0.10998680158381,0.10998680158381,0.10998680158381,0.688212868857298,0.088375248406558,0.094544654641443,NA,NA
"Fletcher","hurdle","DIFS_stage1only",NA,2918,NA,NA,NA,NA,NA,NA,2248,NA
"Fletcher","hurdle","Seurat",NA,22730,NA,NA,NA,NA,NA,NA,2995,10667
"Fletcher","hurdle","Seurat_gated",NA,2918,NA,NA,NA,NA,NA,NA,719,NA
"Fletcher","hurdle","FEAST",NA,22730,NA,NA,NA,NA,NA,NA,256,940
"Fletcher","level","DIFS_stage1only",100,100,0.0943396226415094,0.0813008130081301,0.0439684329199549,0.769230769230769,0.153846153846154,0.39,NA,NA
"Fletcher","level","Seurat",100,100,0.188679245283019,0.142276422764228,0.0665163472378805,0.692307692307692,0.384615384615385,0.59,NA,NA
"Fletcher","level","Seurat_gated",100,100,0.207547169811321,0.150406504065041,0.0811724915445321,0.769230769230769,0.461538461538462,0.72,NA,NA
"Fletcher","level","FEAST",100,100,0.292452830188679,0.227642276422764,0.108229988726043,0.769230769230769,0.384615384615385,0.96,NA,NA
"Fletcher","level","DIFS",100,100,0.320754716981132,0.227642276422764,0.0992108229988726,0.923076923076923,0.538461538461538,0.88,NA,NA
"Fletcher","level","GateOnly",100,100,0.026187489492674,0.0271652819338337,0.025808784723054,0.242192935880241,0.00223867035669183,0.228923920493489,NA,NA
"Fletcher","level","Random",100,100,0.0043994720633524,0.0043994720633524,0.0043994720633524,0.0431422431736779,9.69526800947757e-06,0.0390233172019358,NA,NA
"Fletcher","level","DIFS_stage1only",200,200,0.0943396226415094,0.0894308943089431,0.0721533258173619,0.769230769230769,0.153846153846154,0.32,NA,NA
"Fletcher","level","Seurat",200,200,0.207547169811321,0.166666666666667,0.0924464487034949,0.692307692307692,0.384615384615385,0.41,NA,NA
"Fletcher","level","Seurat_gated",200,200,0.273584905660377,0.215447154471545,0.138669673055242,0.846153846153846,0.615384615384615,0.615,NA,NA
"Fletcher","level","FEAST",200,200,0.452830188679245,0.369918699186992,0.198421645997745,0.846153846153846,0.846153846153846,0.88,NA,NA
"Fletcher","level","DIFS",200,200,0.405660377358491,0.333333333333333,0.169109357384442,1,0.692307692307692,0.75,NA,NA
"Fletcher","level","GateOnly",200,200,0.0523749789853479,0.0543305638676675,0.0516175694461079,0.428986886044328,0.0155345310329009,0.228923920493489,NA,NA
"Fletcher","level","Random",200,200,0.0087989441267048,0.0087989441267048,0.0087989441267048,0.0846020713795557,7.69456961349897e-05,0.0390233172019358,NA,NA
"Fletcher","level","DIFS_stage1only",300,300,0.113207547169811,0.109756097560976,0.09695603156708,0.769230769230769,0.230769230769231,0.286666666666667,NA,NA
"Fletcher","level","Seurat",300,300,0.216981132075472,0.186991869918699,0.117249154453213,0.692307692307692,0.461538461538462,0.346666666666667,NA,NA
"Fletcher","level","Seurat_gated",300,300,0.320754716981132,0.25609756097561,0.17587373167982,0.846153846153846,0.692307692307692,0.52,NA,NA
"Fletcher","level","FEAST",300,300,0.566037735849057,0.455284552845528,0.263810597519729,0.923076923076923,0.923076923076923,0.78,NA,NA
"Fletcher","level","DIFS",300,300,0.481132075471698,0.459349593495935,0.260428410372041,1,0.846153846153846,0.77,NA,NA
"Fletcher","level","GateOnly",300,300,0.0785624684780219,0.0814958458015012,0.0774263541691619,0.572214025739888,0.0449488262229919,0.228923920493489,NA,NA
"Fletcher","level","Random",300,300,0.0131984161900572,0.0131984161900572,0.0131984161900572,0.124438058555605,0.000255013179397724,0.0390233172019358,NA,NA
"Fletcher","level","DIFS_stage1only",500,500,0.188679245283019,0.16260162601626,0.153325817361894,1,0.307692307692308,0.272,NA,NA
"Fletcher","level","Seurat",500,500,0.254716981132075,0.211382113821138,0.151071025930101,0.846153846153846,0.538461538461538,0.268,NA,NA
"Fletcher","level","Seurat_gated",500,500,0.405660377358491,0.313008130081301,0.239007891770011,0.846153846153846,0.692307692307692,0.424,NA,NA
"Fletcher","level","FEAST",500,500,0.660377358490566,0.577235772357724,0.383314543404735,1,0.923076923076923,0.68,NA,NA
"Fletcher","level","DIFS",500,500,0.490566037735849,0.479674796747967,0.307779030439684,1,0.846153846153846,0.546,NA,NA
"Fletcher","level","GateOnly",500,500,0.13093744746337,0.135826409669169,0.12904392361527,0.764111778838565,0.151448104931448,0.228923920493489,NA,NA
"Fletcher","level","Random",500,500,0.021997360316762,0.021997360316762,0.021997360316762,0.199463891799312,0.00113143837149394,0.0390233172019358,NA,NA
"Fletcher","level","DIFS_stage1only",750,750,0.264150943396226,0.239837398373984,0.225479143179256,1,0.538461538461538,0.266666666666667,NA,NA
"Fletcher","level","Seurat",750,750,0.283018867924528,0.231707317073171,0.169109357384442,0.846153846153846,0.615384615384615,0.2,NA,NA
"Fletcher","level","Seurat_gated",750,750,0.490566037735849,0.378048780487805,0.313416009019166,0.923076923076923,0.692307692307692,0.370666666666667,NA,NA
"Fletcher","level","FEAST",750,750,0.754716981132076,0.699186991869919,0.490417136414882,1,1,0.58,NA,NA
"Fletcher","level","DIFS",750,750,0.669811320754717,0.658536585365854,0.507328072153326,1,1,0.6,NA,NA
"Fletcher","level","GateOnly",750,750,0.196406171195055,0.203739614503753,0.193565885422905,0.891724429566705,0.340941520280247,0.228923920493489,NA,NA
"Fletcher","level","Random",750,750,0.032996040475143,0.032996040475143,0.032996040475143,0.285087028124279,0.00360901201838795,0.0390233172019358,NA,NA
"Fletcher","level","DIFS_stage1only",1000,1000,0.349056603773585,0.321138211382114,0.286358511837655,1,0.615384615384615,0.254,NA,NA
"Fletcher","level","Seurat",1000,1000,0.30188679245283,0.247967479674797,0.187147688838782,0.846153846153846,0.615384615384615,0.166,NA,NA
"Fletcher","level","Seurat_gated",1000,1000,0.528301886792453,0.439024390243902,0.38782412626832,0.923076923076923,0.769230769230769,0.344,NA,NA
"Fletcher","level","FEAST",1000,1000,0.820754716981132,0.768292682926829,0.57271702367531,1,1,0.508,NA,NA
"Fletcher","level","DIFS",1000,1000,0.688679245283019,0.686991869918699,0.531003382187148,1,1,0.471,NA,NA
"Fletcher","level","GateOnly",1000,1000,0.26187489492674,0.271652819338337,0.25808784723054,0.952372946758575,0.53817100791343,0.228923920493489,NA,NA
"Fletcher","level","Random",1000,1000,0.043994720633524,0.043994720633524,0.043994720633524,0.362377949988725,0.00807482817535168,0.0390233172019358,NA,NA
"Fletcher","level","DIFS_stage1only",1500,1500,0.39622641509434,0.402439024390244,0.405862457722661,1,0.846153846153846,0.24,NA,NA
"Fletcher","level","Seurat",1500,1500,0.320754716981132,0.272357723577236,0.220969560315671,0.846153846153846,0.615384615384615,0.130666666666667,NA,NA
"Fletcher","level","Seurat_gated",1500,1500,0.613207547169811,0.528455284552846,0.507328072153326,0.923076923076923,0.769230769230769,0.3,NA,NA
"Fletcher","level","FEAST",1500,1500,0.867924528301887,0.83739837398374,0.694475760992108,1,1,0.410666666666667,NA,NA
"Fletcher","level","DIFS",1500,1500,0.707547169811321,0.727642276422764,0.595264937993236,1,1,0.352,NA,NA
"Fletcher","level","GateOnly",1500,1500,0.39281234239011,0.407479229007506,0.38713177084581,0.992310949467912,0.823686627531857,0.228923920493489,NA,NA
"Fletcher","level","Random",1500,1500,0.065992080950286,0.065992080950286,0.065992080950286,0.494821547805561,0.0242371021941648,0.0390233172019358,NA,NA
"Fletcher","level","DIFS_stage1only",2500,2500,0.613207547169811,0.66260162601626,0.649379932356257,1,1,0.2304,NA,NA
"Fletcher","level","Seurat",2500,2500,0.358490566037736,0.317073170731707,0.2728297632469,0.846153846153846,0.692307692307692,0.0968,NA,NA
"Fletcher","level","Seurat_gated",2500,2500,0.669811320754717,0.678861788617886,0.687711386696731,1,0.923076923076923,0.244,NA,NA
"Fletcher","level","FEAST",2500,2500,0.89622641509434,0.90650406504065,0.807215332581736,1,1,0.2864,NA,NA
"Fletcher","level","DIFS",2500,2500,0.849056603773585,0.878048780487805,0.826381059751973,1,1,0.2932,NA,NA
"Fletcher","level","GateOnly",2500,2500,0.654687237316849,0.679132048345843,0.645219618076349,0.999986306059771,0.994551467462945,0.228923920493489,NA,NA
"Fletcher","level","Random",2500,2500,0.10998680158381,0.10998680158381,0.10998680158381,0.688212868857298,0.088375248406558,0.0390233172019358,NA,NA
"Fletcher","level","DIFS_stage1only",NA,2918,NA,NA,NA,NA,NA,NA,1834,NA
"Fletcher","level","Seurat",NA,22730,NA,NA,NA,NA,NA,NA,4176,14613
"Fletcher","level","Seurat_gated",NA,2918,NA,NA,NA,NA,NA,NA,842,NA
"Fletcher","level","FEAST",NA,22730,NA,NA,NA,NA,NA,NA,225,864
"Fletcher","detection","DIFS_stage1only",100,100,0,0.0208333333333333,0.00989653621232569,0,0,0.66,NA,NA
"Fletcher","detection","Seurat",100,100,0.10655737704918,0.0833333333333333,0.0113960113960114,0.615384615384615,0.0769230769230769,0.76,NA,NA
"Fletcher","detection","Seurat_gated",100,100,0.0983606557377049,0.0868055555555556,0.0128954865796971,0.538461538461538,0.0769230769230769,0.86,NA,NA
"Fletcher","detection","FEAST",100,100,0.139344262295082,0.152777777777778,0.0122956965062228,0.384615384615385,0.230769230769231,0.82,NA,NA
"Fletcher","detection","DIFS",100,100,0.19672131147541,0.135416666666667,0.0127455390613285,0.692307692307692,0.384615384615385,0.85,NA,NA
"Fletcher","detection","GateOnly",100,100,0.0140451016303554,0.0133272408803595,0.00920342718979132,0.136148803834882,0.000563115725870153,0.613776559287183,NA,NA
"Fletcher","detection","Random",100,100,0.0043994720633524,0.0043994720633524,0.0043994720633524,0.0431422431736779,9.69526800947757e-06,0.293400791904971,NA,NA
"Fletcher","detection","DIFS_stage1only",200,200,0.0245901639344262,0.0381944444444444,0.0182935972409657,0.230769230769231,0,0.61,NA,NA
"Fletcher","detection","Seurat",200,200,0.147540983606557,0.128472222222222,0.0178437546858599,0.615384615384615,0.230769230769231,0.595,NA,NA
"Fletcher","detection","Seurat_gated",200,200,0.188524590163934,0.152777777777778,0.0250412355675514,0.846153846153846,0.307692307692308,0.835,NA,NA
"Fletcher","detection","FEAST",200,200,0.270491803278689,0.263888888888889,0.0245913930124456,0.615384615384615,0.384615384615385,0.82,NA,NA
"Fletcher","detection","DIFS",200,200,0.278688524590164,0.215277777777778,0.0247413405308142,0.846153846153846,0.461538461538462,0.825,NA,NA
"Fletcher","detection","GateOnly",200,200,0.0280902032607108,0.0266544817607189,0.0184068543795826,0.251422335227493,0.00411904513066148,0.613776559287183,NA,NA
"Fletcher","detection","Random",200,200,0.0087989441267048,0.0087989441267048,0.0087989441267048,0.0846020713795557,7.69456961349897e-05,0.293400791904971,NA,NA
"Fletcher","detection","DIFS_stage1only",300,300,0.040983606557377,0.0486111111111111,0.0275903433798171,0.384615384615385,0,0.613333333333333,NA,NA
"Fletcher","detection","Seurat",300,300,0.188524590163934,0.15625,0.0248912880491828,0.769230769230769,0.384615384615385,0.553333333333333,NA,NA
"Fletcher","detection","Seurat_gated",300,300,0.237704918032787,0.177083333333333,0.0362872994451942,0.846153846153846,0.461538461538462,0.806666666666667,NA,NA
"Fletcher","detection","FEAST",300,300,0.352459016393443,0.354166666666667,0.0374868795921428,0.769230769230769,0.538461538461538,0.833333333333333,NA,NA
"Fletcher","detection","DIFS",300,300,0.377049180327869,0.302083333333333,0.0374868795921428,0.923076923076923,0.692307692307692,0.833333333333333,NA,NA
"Fletcher","detection","GateOnly",300,300,0.0421353048910662,0.0399817226410784,0.027610281569374,0.348955962746536,0.0125632646980311,0.613776559287183,NA,NA
"Fletcher","detection","Random",300,300,0.0131984161900572,0.0131984161900572,0.0131984161900572,0.124438058555605,0.000255013179397724,0.293400791904971,NA,NA
"Fletcher","detection","DIFS_stage1only",500,500,0.0737704918032787,0.0763888888888889,0.0466336782126256,0.538461538461538,0,0.622,NA,NA
"Fletcher","detection","Seurat",500,500,0.245901639344262,0.194444444444444,0.0367371420002999,1,0.384615384615385,0.49,NA,NA
"Fletcher","detection","Seurat_gated",500,500,0.262295081967213,0.208333333333333,0.0595291647923227,0.846153846153846,0.461538461538462,0.794,NA,NA
"Fletcher","detection","FEAST",500,500,0.516393442622951,0.472222222222222,0.0631279052331684,0.923076923076923,0.846153846153846,0.842,NA,NA
"Fletcher","detection","DIFS",500,500,0.401639344262295,0.326388888888889,0.054880791722897,1,0.692307692307692,0.732,NA,NA
"Fletcher","detection","GateOnly",500,500,0.070225508151777,0.0666362044017973,0.0460171359489566,0.501284534385344,0.0470036204640156,0.613776559287183,NA,NA
"Fletcher","detection","Random",500,500,0.021997360316762,0.021997360316762,0.021997360316762,0.199463891799312,0.00113143837149394,0.293400791904971,NA,NA
"Fletcher","detection","DIFS_stage1only",750,750,0.122950819672131,0.111111111111111,0.0707752286699655,0.769230769230769,0.0769230769230769,0.629333333333333,NA,NA
"Fletcher","detection","Seurat",750,750,0.254098360655738,0.21875,0.0481331533963113,1,0.384615384615385,0.428,NA,NA
"Fletcher","detection","Seurat_gated",750,750,0.311475409836066,0.263888888888889,0.0872694556905083,0.846153846153846,0.461538461538462,0.776,NA,NA
"Fletcher","detection","FEAST",750,750,0.672131147540984,0.590277777777778,0.0944669365721997,1,1,0.84,NA,NA
"Fletcher","detection","DIFS",750,750,0.540983606557377,0.461805555555556,0.0839706102863998,1,0.846153846153846,0.746666666666667,NA,NA
"Fletcher","detection","GateOnly",750,750,0.105338262227665,0.0999543066026959,0.0690257039234349,0.632793797916759,0.120227203822696,0.613776559287183,NA,NA
"Fletcher","detection","Random",750,750,0.032996040475143,0.032996040475143,0.032996040475143,0.285087028124279,0.00360901201838795,0.293400791904971,NA,NA
"Fletcher","detection","DIFS_stage1only",1000,1000,0.155737704918033,0.142361111111111,0.0935672514619883,0.846153846153846,0.153846153846154,0.624,NA,NA
"Fletcher","detection","Seurat",1000,1000,0.295081967213115,0.239583333333333,0.0560803718698456,1,0.461538461538462,0.374,NA,NA
"Fletcher","detection","Seurat_gated",1000,1000,0.360655737704918,0.284722222222222,0.115309641625431,0.923076923076923,0.615384615384615,0.769,NA,NA
"Fletcher","detection","FEAST",1000,1000,0.737704918032787,0.680555555555556,0.125056230319388,1,1,0.834,NA,NA
"Fletcher","detection","DIFS",1000,1000,0.549180327868853,0.465277777777778,0.106162843004948,1,0.846153846153846,0.708,NA,NA
"Fletcher","detection","GateOnly",1000,1000,0.140451016303554,0.133272408803595,0.0920342718979132,0.720822781388404,0.214134747283022,0.613776559287183,NA,NA
"Fletcher","detection","Random",1000,1000,0.043994720633524,0.043994720633524,0.043994720633524,0.362377949988725,0.00807482817535168,0.293400791904971,NA,NA
"Fletcher","detection","DIFS_stage1only",1500,1500,0.229508196721311,0.208333333333333,0.139151297046034,0.846153846153846,0.461538461538462,0.618666666666667,NA,NA
"Fletcher","detection","Seurat",1500,1500,0.360655737704918,0.277777777777778,0.0740740740740741,1,0.615384615384615,0.329333333333333,NA,NA
"Fletcher","detection","Seurat_gated",1500,1500,0.385245901639344,0.336805555555556,0.1626930574299,0.923076923076923,0.692307692307692,0.723333333333333,NA,NA
"Fletcher","detection","FEAST",1500,1500,0.836065573770492,0.795138888888889,0.185934922777028,1,1,0.826666666666667,NA,NA
"Fletcher","detection","DIFS",1500,1500,0.549180327868853,0.46875,0.148897885739991,1,0.846153846153846,0.662,NA,NA
"Fletcher","detection","GateOnly",1500,1500,0.210676524455331,0.199908613205392,0.13805140784687,0.82374606040453,0.402444165349108,0.613776559287183,NA,NA
"Fletcher","detection","Random",1500,1500,0.065992080950286,0.065992080950286,0.065992080950286,0.494821547805561,0.0242371021941648,0.293400791904971,NA,NA
"Fletcher","detection","DIFS_stage1only",2500,2500,0.360655737704918,0.354166666666667,0.230619283250862,0.846153846153846,0.692307692307692,0.6152,NA,NA
"Fletcher","detection","Seurat",2500,2500,0.401639344262295,0.319444444444444,0.110961163592743,1,0.769230769230769,0.296,NA,NA
"Fletcher","detection","Seurat_gated",2500,2500,0.409836065573771,0.381944444444444,0.249812565602039,0.923076923076923,0.692307692307692,0.6664,NA,NA
"Fletcher","detection","FEAST",2500,2500,0.901639344262295,0.885416666666667,0.299745089218773,1,1,0.7996,NA,NA
"Fletcher","detection","DIFS",2500,2500,0.704918032786885,0.628472222222222,0.254760833708202,1,0.923076923076923,0.6796,NA,NA
"Fletcher","detection","GateOnly",2500,2500,0.351127540758885,0.333181022008986,0.230085679744783,0.908424280081386,0.626453984044705,0.613776559287183,NA,NA
"Fletcher","detection","Random",2500,2500,0.10998680158381,0.10998680158381,0.10998680158381,0.688212868857298,0.088375248406558,0.293400791904971,NA,NA
"Fletcher","detection","DIFS_stage1only",NA,2918,NA,NA,NA,NA,NA,NA,NA,NA
"Fletcher","detection","Seurat",NA,22730,NA,NA,NA,NA,NA,NA,4639,13145
"Fletcher","detection","Seurat_gated",NA,2918,NA,NA,NA,NA,NA,NA,NA,NA
"Fletcher","detection","FEAST",NA,22730,NA,NA,NA,NA,NA,NA,451,1234
"Fletcher","wilcox","DIFS_stage1only",100,100,0.0504201680672269,0.0716845878136201,0.0252652854977261,0.384615384615385,0,0.5,NA,NA
"Fletcher","wilcox","Seurat",100,100,0.235294117647059,0.154121863799283,0.0368873168266801,0.692307692307692,0.384615384615385,0.73,NA,NA
"Fletcher","wilcox","Seurat_gated",100,100,0.252100840336134,0.175627240143369,0.0434562910560889,0.846153846153846,0.461538461538462,0.86,NA,NA
"Fletcher","wilcox","FEAST",100,100,0.327731092436975,0.268817204301075,0.0500252652854977,0.769230769230769,0.307692307692308,0.99,NA,NA
"Fletcher","wilcox","DIFS",100,100,0.394957983193277,0.272401433691756,0.045477513895907,0.846153846153846,0.538461538461538,0.9,NA,NA
"Fletcher","wilcox","GateOnly",100,100,0.0287983596454346,0.0273914720398171,0.0185117136374703,0.256775318734331,0.00261127067980377,0.366346812885538,NA,NA
"Fletcher","wilcox","Random",100,100,0.0043994720633524,0.0043994720633524,0.0043994720633524,0.0431422431736779,9.69526800947757e-06,0.087065552133744,NA,NA
"Fletcher","wilcox","DIFS_stage1only",200,200,0.0672268907563025,0.100358422939068,0.0419403739262254,0.461538461538462,0.0769230769230769,0.415,NA,NA
"Fletcher","wilcox","Seurat",200,200,0.260504201680672,0.189964157706093,0.0550783223850429,0.846153846153846,0.384615384615385,0.545,NA,NA
"Fletcher","wilcox","Seurat_gated",200,200,0.369747899159664,0.272401433691756,0.0788276907529055,1,0.692307692307692,0.78,NA,NA
"Fletcher","wilcox","FEAST",200,200,0.487394957983193,0.440860215053763,0.0975240020212228,0.846153846153846,0.692307692307692,0.965,NA,NA
"Fletcher","wilcox","DIFS",200,200,0.554621848739496,0.405017921146953,0.0803436078827691,1,0.769230769230769,0.795,NA,NA
"Fletcher","wilcox","GateOnly",200,200,0.0575967192908692,0.0547829440796343,0.0370234272749407,0.451860945519684,0.0180103173360441,0.366346812885538,NA,NA
"Fletcher","wilcox","Random",200,200,0.0087989441267048,0.0087989441267048,0.0087989441267048,0.0846020713795557,7.69456961349897e-05,0.087065552133744,NA,NA
"Fletcher","wilcox","DIFS_stage1only",300,300,0.0756302521008403,0.129032258064516,0.0641738251642244,0.538461538461538,0.0769230769230769,0.423333333333333,NA,NA
"Fletcher","wilcox","Seurat",300,300,0.285714285714286,0.218637992831541,0.0752905507832238,0.846153846153846,0.461538461538462,0.496666666666667,NA,NA
"Fletcher","wilcox","Seurat_gated",300,300,0.428571428571429,0.318996415770609,0.104598281960586,1,0.846153846153846,0.69,NA,NA
"Fletcher","wilcox","FEAST",300,300,0.596638655462185,0.530465949820789,0.14300151591713,1,0.923076923076923,0.943333333333333,NA,NA
"Fletcher","wilcox","DIFS",300,300,0.638655462184874,0.548387096774194,0.124810510358767,1,0.846153846153846,0.823333333333333,NA,NA
"Fletcher","wilcox","GateOnly",300,300,0.0863950789363038,0.0821744161194514,0.055535140912411,0.59897607904388,0.0517911387492504,0.366346812885538,NA,NA
"Fletcher","wilcox","Random",300,300,0.0131984161900572,0.0131984161900572,0.0131984161900572,0.124438058555605,0.000255013179397724,0.087065552133744,NA,NA
"Fletcher","wilcox","DIFS_stage1only",500,500,0.159663865546218,0.193548387096774,0.107124810510359,0.923076923076923,0.153846153846154,0.424,NA,NA
"Fletcher","wilcox","Seurat",500,500,0.34453781512605,0.261648745519713,0.101061141990904,1,0.615384615384615,0.4,NA,NA
"Fletcher","wilcox","Seurat_gated",500,500,0.487394957983193,0.383512544802867,0.155128852956038,1,0.846153846153846,0.614,NA,NA
"Fletcher","wilcox","FEAST",500,500,0.739495798319328,0.670250896057348,0.226882263769581,1,0.923076923076923,0.898,NA,NA
"Fletcher","wilcox","DIFS",500,500,0.663865546218487,0.591397849462366,0.161697827185447,1,0.923076923076923,0.64,NA,NA
"Fletcher","wilcox","GateOnly",500,500,0.143991798227173,0.136957360199086,0.0925585681873517,0.790756694897438,0.172299729557365,0.366346812885538,NA,NA
"Fletcher","wilcox","Random",500,500,0.021997360316762,0.021997360316762,0.021997360316762,0.199463891799312,0.00113143837149394,0.087065552133744,NA,NA
"Fletcher","wilcox","DIFS_stage1only",750,750,0.218487394957983,0.265232974910394,0.156139464375947,1,0.307692307692308,0.412,NA,NA
"Fletcher","wilcox","Seurat",750,750,0.369747899159664,0.279569892473118,0.123799898938858,1,0.615384615384615,0.326666666666667,NA,NA
"Fletcher","wilcox","Seurat_gated",750,750,0.579831932773109,0.473118279569892,0.215260232440627,1,0.923076923076923,0.568,NA,NA
"Fletcher","wilcox","FEAST",750,750,0.882352941176471,0.795698924731183,0.328954017180394,1,1,0.868,NA,NA
"Fletcher","wilcox","DIFS",750,750,0.80672268907563,0.759856630824373,0.278928751894896,1,1,0.736,NA,NA
"Fletcher","wilcox","GateOnly",750,750,0.215987697340759,0.205436040298628,0.138837852281028,0.911893951356499,0.38153096179103,0.366346812885538,NA,NA
"Fletcher","wilcox","Random",750,750,0.032996040475143,0.032996040475143,0.032996040475143,0.285087028124279,0.00360901201838795,0.087065552133744,NA,NA
"Fletcher","wilcox","DIFS_stage1only",1000,1000,0.319327731092437,0.344086021505376,0.202627589691764,1,0.615384615384615,0.401,NA,NA
"Fletcher","wilcox","Seurat",1000,1000,0.403361344537815,0.304659498207885,0.140474987367357,1,0.769230769230769,0.278,NA,NA
"Fletcher","wilcox","Seurat_gated",1000,1000,0.630252100840336,0.53405017921147,0.271854471955533,1,0.923076923076923,0.538,NA,NA
"Fletcher","wilcox","FEAST",1000,1000,0.949579831932773,0.878136200716846,0.415361293582617,1,1,0.822,NA,NA
"Fletcher","wilcox","DIFS",1000,1000,0.823529411764706,0.770609318996416,0.305204648812532,1,1,0.604,NA,NA
"Fletcher","wilcox","GateOnly",1000,1000,0.287983596454346,0.273914720398171,0.185117136374703,0.965210225115409,0.59195608827835,0.366346812885538,NA,NA
"Fletcher","wilcox","Random",1000,1000,0.043994720633524,0.043994720633524,0.043994720633524,0.362377949988725,0.00807482817535168,0.087065552133744,NA,NA
"Fletcher","wilcox","DIFS_stage1only",1500,1500,0.420168067226891,0.448028673835125,0.293582617483578,1,0.923076923076923,0.387333333333333,NA,NA
"Fletcher","wilcox","Seurat",1500,1500,0.46218487394958,0.351254480286738,0.174835775644265,1,0.923076923076923,0.230666666666667,NA,NA
"Fletcher","wilcox","Seurat_gated",1500,1500,0.663865546218487,0.627240143369176,0.366346639717029,1,0.923076923076923,0.483333333333333,NA,NA
"Fletcher","wilcox","FEAST",1500,1500,0.983193277310924,0.931899641577061,0.549267306720566,1,1,0.724666666666667,NA,NA
"Fletcher","wilcox","DIFS",1500,1500,0.823529411764706,0.792114695340502,0.368873168266801,1,1,0.486666666666667,NA,NA
"Fletcher","wilcox","GateOnly",1500,1500,0.431975394681519,0.410872080597257,0.277675704562055,0.995728276323555,0.873850005502522,0.366346812885538,NA,NA
"Fletcher","wilcox","Random",1500,1500,0.065992080950286,0.065992080950286,0.065992080950286,0.494821547805561,0.0242371021941648,0.087065552133744,NA,NA
"Fletcher","wilcox","DIFS_stage1only",2500,2500,0.689075630252101,0.691756272401434,0.466397170288024,1,1,0.3692,NA,NA
"Fletcher","wilcox","Seurat",2500,2500,0.512605042016807,0.408602150537634,0.229408792319353,1,0.923076923076923,0.1816,NA,NA
"Fletcher","wilcox","Seurat_gated",2500,2500,0.756302521008403,0.752688172043011,0.506821627084386,1,1,0.4012,NA,NA
"Fletcher","wilcox","FEAST",2500,2500,0.983193277310924,0.967741935483871,0.71955533097524,1,1,0.5696,NA,NA
"Fletcher","wilcox","DIFS",2500,2500,0.915966386554622,0.906810035842294,0.636685194542698,1,1,0.504,NA,NA
"Fletcher","wilcox","GateOnly",2500,2500,0.719958991135865,0.684786800995428,0.462792840936758,0.999995228708547,0.998007764714366,0.366346812885538,NA,NA
"Fletcher","wilcox","Random",2500,2500,0.10998680158381,0.10998680158381,0.10998680158381,0.688212868857298,0.088375248406558,0.087065552133744,NA,NA
"Fletcher","wilcox","DIFS_stage1only",NA,2918,NA,NA,NA,NA,NA,NA,1674,2812
"Fletcher","wilcox","Seurat",NA,22730,NA,NA,NA,NA,NA,NA,2387,14278
"Fletcher","wilcox","Seurat_gated",NA,2918,NA,NA,NA,NA,NA,NA,565,2700
"Fletcher","wilcox","FEAST",NA,22730,NA,NA,NA,NA,NA,NA,222,566
"Koh","hurdle","DIFS_stage1only",100,100,0.102272727272727,0.0853080568720379,0.0790190735694823,0.777777777777778,0.111111111111111,0.29,NA,NA
"Koh","hurdle","Seurat",100,100,0.215909090909091,0.151658767772512,0.122615803814714,0.888888888888889,0.333333333333333,0.45,NA,NA
"Koh","hurdle","Seurat_gated",100,100,0.170454545454545,0.14218009478673,0.160762942779292,0.888888888888889,0.333333333333333,0.59,NA,NA
"Koh","hurdle","FEAST",100,100,0.238636363636364,0.199052132701422,0.128065395095368,0.444444444444444,0.444444444444444,0.47,NA,NA
"Koh","hurdle","DIFS",100,100,0.306818181818182,0.246445497630332,0.182561307901907,0.888888888888889,0.444444444444444,0.67,NA,NA
"Koh","hurdle","GateOnly",100,100,0.0255583516829192,0.0340281080371931,0.0426633227421438,0.231048525778289,0.00345047034142296,0.156574394463668,NA,NA
"Koh","hurdle","Random",100,100,0.00241487563390485,0.00241487563390485,0.00241487563390485,0.023890584174969,1.61962298749863e-06,0.00886259357643081,NA,NA
"Koh","hurdle","DIFS_stage1only",200,200,0.102272727272727,0.123222748815166,0.122615803814714,0.777777777777778,0.111111111111111,0.225,NA,NA
"Koh","hurdle","Seurat",200,200,0.295454545454545,0.203791469194313,0.160762942779292,1,0.555555555555556,0.295,NA,NA
"Koh","hurdle","Seurat_gated",200,200,0.227272727272727,0.208530805687204,0.267029972752044,0.888888888888889,0.444444444444444,0.49,NA,NA
"Koh","hurdle","FEAST",200,200,0.329545454545455,0.308056872037915,0.220708446866485,0.666666666666667,0.444444444444444,0.405,NA,NA
"Koh","hurdle","DIFS",200,200,0.397727272727273,0.383886255924171,0.326975476839237,1,0.777777777777778,0.6,NA,NA
"Koh","hurdle","GateOnly",200,200,0.0511167033658383,0.0680562160743863,0.0853266454842876,0.399329550893051,0.0227883901517178,0.156574394463668,NA,NA
"Koh","hurdle","Random",200,200,0.00482975126780971,0.00482975126780971,0.00482975126780971,0.0472662514723752,1.29892895756454e-05,0.00886259357643081,NA,NA
"Koh","hurdle","DIFS_stage1only",300,300,0.136363636363636,0.156398104265403,0.149863760217984,0.777777777777778,0.333333333333333,0.183333333333333,NA,NA
"Koh","hurdle","Seurat",300,300,0.375,0.23696682464455,0.198910081743869,1,0.666666666666667,0.243333333333333,NA,NA
"Koh","hurdle","Seurat_gated",300,300,0.227272727272727,0.255924170616114,0.326975476839237,0.888888888888889,0.444444444444444,0.4,NA,NA
"Koh","hurdle","FEAST",300,300,0.363636363636364,0.360189573459716,0.29700272479564,0.888888888888889,0.555555555555556,0.363333333333333,NA,NA
"Koh","hurdle","DIFS",300,300,0.352272727272727,0.303317535545024,0.267029972752044,0.888888888888889,0.666666666666667,0.326666666666667,NA,NA
"Koh","hurdle","GateOnly",300,300,0.0766750550487575,0.102084324111579,0.127989968226431,0.522214355058293,0.0625781666000922,0.156574394463668,NA,NA
"Koh","hurdle","Random",300,300,0.00724462690171456,0.00724462690171456,0.00724462690171456,0.0701368905773473,4.35035166252086e-05,0.00886259357643081,NA,NA
"Koh","hurdle","DIFS_stage1only",500,500,0.204545454545455,0.222748815165877,0.250681198910082,0.888888888888889,0.444444444444444,0.184,NA,NA
"Koh","hurdle","Seurat",500,500,0.409090909090909,0.260663507109005,0.242506811989101,1,0.777777777777778,0.178,NA,NA
"Koh","hurdle","Seurat_gated",500,500,0.238636363636364,0.308056872037915,0.408719346049046,0.888888888888889,0.444444444444444,0.3,NA,NA
"Koh","hurdle","FEAST",500,500,0.431818181818182,0.436018957345972,0.37874659400545,0.888888888888889,0.555555555555556,0.278,NA,NA
"Koh","hurdle","DIFS",500,500,0.613636363636364,0.535545023696682,0.534059945504087,1,1,0.392,NA,NA
"Koh","hurdle","GateOnly",500,500,0.127791758414596,0.170140540185966,0.213316613710719,0.680217664035361,0.188644710898203,0.156574394463668,NA,NA
"Koh","hurdle","Random",500,500,0.0120743781695243,0.0120743781695243,0.0120743781695243,0.114401808516354,0.000197130942178257,0.00886259357643081,NA,NA
"Koh","hurdle","DIFS_stage1only",750,750,0.25,0.28436018957346,0.332425068119891,0.888888888888889,0.444444444444444,0.162666666666667,NA,NA
"Koh","hurdle","Seurat",750,750,0.465909090909091,0.312796208530806,0.294277929155313,1,0.777777777777778,0.144,NA,NA
"Koh","hurdle","Seurat_gated",750,750,0.25,0.360189573459716,0.457765667574932,0.888888888888889,0.444444444444444,0.224,NA,NA
"Koh","hurdle","FEAST",750,750,0.488636363636364,0.483412322274882,0.430517711171662,0.888888888888889,0.555555555555556,0.210666666666667,NA,NA
"Koh","hurdle","DIFS",750,750,0.693181818181818,0.630331753554502,0.640326975476839,1,1,0.313333333333333,NA,NA
"Koh","hurdle","GateOnly",750,750,0.191687637621894,0.255210810278948,0.319974920566079,0.78945427290578,0.367148033190357,0.156574394463668,NA,NA
"Koh","hurdle","Random",750,750,0.0181115672542864,0.0181115672542864,0.0181115672542864,0.167061893454231,0.000645714371875665,0.00886259357643081,NA,NA
"Koh","hurdle","DIFS_stage1only",1000,1000,0.284090909090909,0.345971563981043,0.425068119891008,0.888888888888889,0.444444444444444,0.156,NA,NA
"Koh","hurdle","Seurat",1000,1000,0.511363636363636,0.350710900473934,0.329700272479564,1,0.888888888888889,0.121,NA,NA
"Koh","hurdle","Seurat_gated",1000,1000,0.272727272727273,0.374407582938389,0.476839237057221,0.888888888888889,0.444444444444444,0.175,NA,NA
"Koh","hurdle","FEAST",1000,1000,0.5,0.516587677725118,0.471389645776567,0.888888888888889,0.666666666666667,0.173,NA,NA
"Koh","hurdle","DIFS",1000,1000,0.727272727272727,0.710900473933649,0.73841961852861,1,1,0.271,NA,NA
"Koh","hurdle","GateOnly",1000,1000,0.255583516829192,0.340281080371931,0.426633227421438,0.856574565798637,0.501872676533382,0.156574394463668,NA,NA
"Koh","hurdle","Random",1000,1000,0.0241487563390485,0.0241487563390485,0.0241487563390485,0.216886846410226,0.00148387068388494,0.00886259357643081,NA,NA
"Koh","hurdle","DIFS_stage1only",1500,1156,0.295454545454545,0.393364928909953,0.493188010899183,0.888888888888889,0.555555555555556,0.156574394463668,NA,NA
"Koh","hurdle","Seurat",1500,1500,0.556818181818182,0.412322274881517,0.395095367847411,1,0.888888888888889,0.0966666666666667,NA,NA
"Koh","hurdle","Seurat_gated",1500,1156,0.295454545454545,0.393364928909953,0.493188010899183,0.888888888888889,0.555555555555556,0.156574394463668,NA,NA
"Koh","hurdle","FEAST",1500,1500,0.579545454545455,0.582938388625592,0.53133514986376,0.888888888888889,0.888888888888889,0.13,NA,NA
"Koh","hurdle","DIFS",1500,1500,0.727272727272727,0.71563981042654,0.762942779291553,1,1,0.186666666666667,NA,NA
"Koh","hurdle","GateOnly",1500,1156,0.295454545454545,0.393364928909953,0.493188010899183,0.888888888888889,0.555555555555556,0.156574394463668,NA,NA
"Koh","hurdle","Random",1500,1500,0.0362231345085728,0.0362231345085728,0.0362231345085728,0.308571570956998,0.00470115509263017,0.00886259357643081,NA,NA
"Koh","hurdle","DIFS_stage1only",2500,1156,0.295454545454545,0.393364928909953,0.493188010899183,0.888888888888889,0.555555555555556,0.156574394463668,NA,NA
"Koh","hurdle","Seurat",2500,2500,0.636363636363636,0.4739336492891,0.471389645776567,1,0.888888888888889,0.0692,NA,NA
"Koh","hurdle","Seurat_gated",2500,1156,0.295454545454545,0.393364928909953,0.493188010899183,0.888888888888889,0.555555555555556,0.156574394463668,NA,NA
"Koh","hurdle","FEAST",2500,2500,0.659090909090909,0.654028436018957,0.610354223433243,0.888888888888889,0.888888888888889,0.0896,NA,NA
"Koh","hurdle","DIFS",2500,1909,0.738636363636364,0.753554502369668,0.801089918256131,1,1,0.154007333682556,NA,NA
"Koh","hurdle","GateOnly",2500,1156,0.295454545454545,0.393364928909953,0.493188010899183,0.888888888888889,0.555555555555556,0.156574394463668,NA,NA
"Koh","hurdle","Random",2500,2500,0.0603718908476214,0.0603718908476214,0.0603718908476213,0.463549474135924,0.019136963766951,0.00886259357643081,NA,NA
"Koh","hurdle","DIFS_stage1only",NA,1156,NA,NA,NA,NA,NA,NA,NA,NA
"Koh","hurdle","Seurat",NA,41410,NA,NA,NA,NA,NA,NA,948,7577
"Koh","hurdle","Seurat_gated",NA,1156,NA,NA,NA,NA,NA,NA,NA,NA
"Koh","hurdle","FEAST",NA,41410,NA,NA,NA,NA,NA,NA,773,4923
"Koh","level","DIFS_stage1only",100,100,0.137931034482759,0.108910891089109,0.098159509202454,0.888888888888889,0.111111111111111,0.32,NA,NA
"Koh","level","Seurat",100,100,0.218390804597701,0.143564356435644,0.098159509202454,0.888888888888889,0.333333333333333,0.32,NA,NA
"Koh","level","Seurat_gated",100,100,0.218390804597701,0.193069306930693,0.180981595092025,0.888888888888889,0.555555555555556,0.59,NA,NA
"Koh","level","FEAST",100,100,0.275862068965517,0.212871287128713,0.150306748466258,0.666666666666667,0.444444444444444,0.49,NA,NA
"Koh","level","DIFS",100,100,0.379310344827586,0.292079207920792,0.214723926380368,0.888888888888889,0.777777777777778,0.7,NA,NA
"Koh","level","GateOnly",100,100,0.0367895636956608,0.047535030319641,0.0557242023478464,0.313639945985518,0.00776729251055523,0.181660899653979,NA,NA
"Koh","level","Random",100,100,0.00241487563390485,0.00241487563390485,0.00241487563390485,0.023890584174969,1.61962298749863e-06,0.00787249456652982,NA,NA
"Koh","level","DIFS_stage1only",200,200,0.149425287356322,0.158415841584158,0.141104294478528,0.888888888888889,0.111111111111111,0.23,NA,NA
"Koh","level","Seurat",200,200,0.275862068965517,0.183168316831683,0.125766871165644,1,0.666666666666667,0.205,NA,NA
"Koh","level","Seurat_gated",200,200,0.28735632183908,0.272277227722772,0.337423312883436,0.888888888888889,0.666666666666667,0.55,NA,NA
"Koh","level","FEAST",200,200,0.390804597701149,0.341584158415842,0.263803680981595,0.777777777777778,0.555555555555556,0.43,NA,NA
"Koh","level","DIFS",200,200,0.540229885057471,0.475247524752475,0.401840490797546,1,0.888888888888889,0.655,NA,NA
"Koh","level","GateOnly",200,200,0.0735791273913216,0.0950700606392819,0.111448404695693,0.516084352597997,0.0492006400728667,0.181660899653979,NA,NA
"Koh","level","Random",200,200,0.00482975126780971,0.00482975126780971,0.00482975126780971,0.0472662514723752,1.29892895756454e-05,0.00787249456652982,NA,NA
"Koh","level","DIFS_stage1only",300,300,0.195402298850575,0.207920792079208,0.196319018404908,0.888888888888889,0.333333333333333,0.213333333333333,NA,NA
"Koh","level","Seurat",300,300,0.35632183908046,0.222772277227723,0.159509202453988,1,0.777777777777778,0.173333333333333,NA,NA
"Koh","level","Seurat_gated",300,300,0.310344827586207,0.331683168316832,0.432515337423313,0.888888888888889,0.666666666666667,0.47,NA,NA
"Koh","level","FEAST",300,300,0.459770114942529,0.425742574257426,0.361963190184049,0.888888888888889,0.777777777777778,0.393333333333333,NA,NA
"Koh","level","DIFS",300,300,0.448275862068966,0.381188118811881,0.315950920245399,0.888888888888889,0.777777777777778,0.343333333333333,NA,NA
"Koh","level","GateOnly",300,300,0.110368691086982,0.142605090958923,0.167172607043539,0.64486993904857,0.128943520892348,0.181660899653979,NA,NA
"Koh","level","Random",300,300,0.00724462690171456,0.00724462690171456,0.00724462690171456,0.0701368905773473,4.35035166252086e-05,0.00787249456652982,NA,NA
"Koh","level","DIFS_stage1only",500,500,0.28735632183908,0.306930693069307,0.322085889570552,0.888888888888889,0.444444444444444,0.21,NA,NA
"Koh","level","Seurat",500,500,0.390804597701149,0.252475247524752,0.199386503067485,1,0.888888888888889,0.13,NA,NA
"Koh","level","Seurat_gated",500,500,0.333333333333333,0.420792079207921,0.52760736196319,0.888888888888889,0.666666666666667,0.344,NA,NA
"Koh","level","FEAST",500,500,0.505747126436782,0.49009900990099,0.441717791411043,0.888888888888889,0.777777777777778,0.288,NA,NA
"Koh","level","DIFS",500,500,0.758620689655172,0.653465346534653,0.638036809815951,1,1,0.416,NA,NA
"Koh","level","GateOnly",500,500,0.183947818478304,0.237675151598205,0.278621011739232,0.777696134844065,0.349397477560567,0.181660899653979,NA,NA
"Koh","level","Random",500,500,0.0120743781695243,0.0120743781695243,0.0120743781695243,0.114401808516354,0.000197130942178257,0.00787249456652982,NA,NA
"Koh","level","DIFS_stage1only",750,750,0.344827586206897,0.396039603960396,0.44478527607362,0.888888888888889,0.555555555555556,0.193333333333333,NA,NA
"Koh","level","Seurat",750,750,0.471264367816092,0.306930693069307,0.251533742331288,1,0.888888888888889,0.109333333333333,NA,NA
"Koh","level","Seurat_gated",750,750,0.35632183908046,0.5,0.598159509202454,0.888888888888889,0.666666666666667,0.26,NA,NA
"Koh","level","FEAST",750,750,0.563218390804598,0.54950495049505,0.506134969325153,0.888888888888889,0.888888888888889,0.22,NA,NA
"Koh","level","DIFS",750,750,0.816091954022989,0.762376237623762,0.754601226993865,1,1,0.328,NA,NA
"Koh","level","GateOnly",750,750,0.275921727717456,0.356512727397307,0.417931517608848,0.842400390058015,0.590121693776387,0.181660899653979,NA,NA
"Koh","level","Random",750,750,0.0181115672542864,0.0181115672542864,0.0181115672542864,0.167061893454231,0.000645714371875665,0.00787249456652982,NA,NA
"Koh","level","DIFS_stage1only",1000,1000,0.390804597701149,0.49009900990099,0.567484662576687,0.888888888888889,0.666666666666667,0.185,NA,NA
"Koh","level","Seurat",1000,1000,0.494252873563218,0.336633663366337,0.276073619631902,1,1,0.09,NA,NA
"Koh","level","Seurat_gated",1000,1000,0.379310344827586,0.52970297029703,0.622699386503067,0.888888888888889,0.777777777777778,0.203,NA,NA
"Koh","level","FEAST",1000,1000,0.597701149425287,0.599009900990099,0.558282208588957,1,0.888888888888889,0.182,NA,NA
"Koh","level","DIFS",1000,1000,0.816091954022989,0.821782178217822,0.822085889570552,1,1,0.268,NA,NA
"Koh","level","GateOnly",1000,1000,0.367895636956608,0.47535030319641,0.557242023478464,0.873584935729015,0.725689363502751,0.181660899653979,NA,NA
"Koh","level","Random",1000,1000,0.0241487563390485,0.0241487563390485,0.0241487563390485,0.216886846410226,0.00148387068388494,0.00787249456652982,NA,NA
"Koh","level","DIFS_stage1only",1500,1156,0.425287356321839,0.54950495049505,0.644171779141104,0.888888888888889,0.777777777777778,0.181660899653979,NA,NA
"Koh","level","Seurat",1500,1500,0.528735632183908,0.386138613861386,0.322085889570552,1,1,0.07,NA,NA
"Koh","level","Seurat_gated",1500,1156,0.425287356321839,0.54950495049505,0.644171779141104,0.888888888888889,0.777777777777778,0.181660899653979,NA,NA
"Koh","level","FEAST",1500,1500,0.689655172413793,0.658415841584158,0.622699386503067,1,0.888888888888889,0.135333333333333,NA,NA
"Koh","level","DIFS",1500,1500,0.827586206896552,0.816831683168317,0.837423312883436,1,1,0.182,NA,NA
"Koh","level","GateOnly",1500,1156,0.425287356321839,0.54950495049505,0.644171779141104,0.888888888888889,0.777777777777778,0.181660899653979,NA,NA
"Koh","level","Random",1500,1500,0.0362231345085728,0.0362231345085728,0.0362231345085728,0.308571570956998,0.00470115509263017,0.00787249456652982,NA,NA
"Koh","level","DIFS_stage1only",2500,1156,0.425287356321839,0.54950495049505,0.644171779141104,0.888888888888889,0.777777777777778,0.181660899653979,NA,NA
"Koh","level","Seurat",2500,2500,0.574712643678161,0.420792079207921,0.368098159509202,1,1,0.048,NA,NA
"Koh","level","Seurat_gated",2500,1156,0.425287356321839,0.54950495049505,0.644171779141104,0.888888888888889,0.777777777777778,0.181660899653979,NA,NA
"Koh","level","FEAST",2500,2500,0.735632183908046,0.707920792079208,0.687116564417178,1,0.888888888888889,0.0896,NA,NA
"Koh","level","DIFS",2500,1909,0.839080459770115,0.861386138613861,0.880368098159509,1,1,0.1503404924044,NA,NA
"Koh","level","GateOnly",2500,1156,0.425287356321839,0.54950495049505,0.644171779141104,0.888888888888889,0.777777777777778,0.181660899653979,NA,NA
"Koh","level","Random",2500,2500,0.0603718908476214,0.0603718908476213,0.0603718908476213,0.463549474135924,0.019136963766951,0.00787249456652982,NA,NA
"Koh","level","DIFS_stage1only",NA,1156,NA,NA,NA,NA,NA,NA,NA,NA
"Koh","level","Seurat",NA,41410,NA,NA,NA,NA,NA,NA,1162,7577
"Koh","level","Seurat_gated",NA,1156,NA,NA,NA,NA,NA,NA,NA,NA
"Koh","level","FEAST",NA,41410,NA,NA,NA,NA,NA,NA,461,3501
"Koh","detection","DIFS_stage1only",100,100,0,0,0.000187160771102377,0,0,0.01,NA,NA
"Koh","detection","Seurat",100,100,0.0561797752808989,0.0416666666666667,0.00561482313307131,0.444444444444444,0,0.3,NA,NA
"Koh","detection","Seurat_gated",100,100,0,0.00462962962962963,0.000561482313307131,0,0,0.03,NA,NA
"Koh","detection","FEAST",100,100,0,0.0231481481481481,0.0072992700729927,0,0,0.39,NA,NA
"Koh","detection","DIFS",100,100,0,0.00462962962962963,0.000561482313307131,0,0,0.03,NA,NA
"Koh","detection","GateOnly",100,100,0,0.000800973984364988,8.0951890615215e-05,0,0,0.00432525951557093,NA,NA
"Koh","detection","Random",100,100,0.00241487563390485,0.00241487563390485,0.00241487563390485,0.023890584174969,1.61962298749863e-06,0.129026805119536,NA,NA
"Koh","detection","DIFS_stage1only",200,200,0,0,0.000187160771102377,0,0,0.005,NA,NA
"Koh","detection","Seurat",200,200,0.0674157303370786,0.0601851851851852,0.0102938424106307,0.444444444444444,0,0.275,NA,NA
"Koh","detection","Seurat_gated",200,200,0,0.00462962962962963,0.000561482313307131,0,0,0.015,NA,NA
"Koh","detection","FEAST",200,200,0.0449438202247191,0.0601851851851852,0.014411379374883,0.111111111111111,0.111111111111111,0.385,NA,NA
"Koh","detection","DIFS",200,200,0,0.0138888888888889,0.00149728616881902,0,0,0.04,NA,NA
"Koh","detection","GateOnly",200,200,0,0.00160194796872998,0.00016190378123043,0,0,0.00432525951557093,NA,NA
"Koh","detection","Random",200,200,0.00482975126780971,0.00482975126780971,0.00482975126780971,0.0472662514723752,1.29892895756454e-05,0.129026805119536,NA,NA
"Koh","detection","DIFS_stage1only",300,300,0,0.00462962962962963,0.000374321542204754,0,0,0.00666666666666667,NA,NA
"Koh","detection","Seurat",300,300,0.101123595505618,0.087962962962963,0.0174059517125211,0.444444444444444,0.222222222222222,0.31,NA,NA
"Koh","detection","Seurat_gated",300,300,0,0.00462962962962963,0.000561482313307131,0,0,0.01,NA,NA
"Koh","detection","FEAST",300,300,0.0561797752808989,0.0740740740740741,0.0187160771102377,0.222222222222222,0.111111111111111,0.333333333333333,NA,NA
"Koh","detection","DIFS",300,300,0,0.00925925925925926,0.000748643084409508,0,0,0.0133333333333333,NA,NA
"Koh","detection","GateOnly",300,300,0,0.00240292195309496,0.000242855671845645,0,0,0.00432525951557093,NA,NA
"Koh","detection","Random",300,300,0.00724462690171456,0.00724462690171456,0.00724462690171456,0.0701368905773473,4.35035166252086e-05,0.129026805119536,NA,NA
"Koh","detection","DIFS_stage1only",500,500,0,0.00925925925925926,0.000561482313307131,0,0,0.006,NA,NA
"Koh","detection","Seurat",500,500,0.123595505617978,0.111111111111111,0.0271383118098447,0.555555555555556,0.222222222222222,0.29,NA,NA
"Koh","detection","Seurat_gated",500,500,0,0.00925925925925926,0.000748643084409508,0,0,0.008,NA,NA
"Koh","detection","FEAST",500,500,0.168539325842697,0.157407407407407,0.0310686880029946,0.666666666666667,0.111111111111111,0.332,NA,NA
"Koh","detection","DIFS",500,500,0.0112359550561798,0.0231481481481481,0.00336889387984278,0.111111111111111,0,0.036,NA,NA
"Koh","detection","GateOnly",500,500,0,0.00400486992182494,0.000404759453076075,0,0,0.00432525951557093,NA,NA
"Koh","detection","Random",500,500,0.0120743781695243,0.0120743781695243,0.0120743781695243,0.114401808516354,0.000197130942178257,0.129026805119536,NA,NA
"Koh","detection","DIFS_stage1only",750,750,0,0.00925925925925926,0.000561482313307131,0,0,0.004,NA,NA
"Koh","detection","Seurat",750,750,0.179775280898876,0.157407407407407,0.0406138873292158,0.555555555555556,0.333333333333333,0.289333333333333,NA,NA
"Koh","detection","Seurat_gated",750,750,0,0.00925925925925926,0.000935803855511885,0,0,0.00666666666666667,NA,NA
"Koh","detection","FEAST",750,750,0.202247191011236,0.194444444444444,0.044169941980161,0.777777777777778,0.222222222222222,0.314666666666667,NA,NA
"Koh","detection","DIFS",750,750,0.0337078651685393,0.0462962962962963,0.00467901927755942,0.333333333333333,0,0.0333333333333333,NA,NA
"Koh","detection","GateOnly",750,750,0,0.00600730488273741,0.000607139179614112,0,0,0.00432525951557093,NA,NA
"Koh","detection","Random",750,750,0.0181115672542864,0.0181115672542864,0.0181115672542864,0.167061893454231,0.000645714371875665,0.129026805119536,NA,NA
"Koh","detection","DIFS_stage1only",1000,1000,0,0.00925925925925926,0.000748643084409508,0,0,0.004,NA,NA
"Koh","detection","Seurat",1000,1000,0.235955056179775,0.199074074074074,0.0522178551375632,0.666666666666667,0.444444444444444,0.279,NA,NA
"Koh","detection","Seurat_gated",1000,1000,0,0.00925925925925926,0.000935803855511885,0,0,0.005,NA,NA
"Koh","detection","FEAST",1000,1000,0.213483146067416,0.212962962962963,0.0531536589930751,0.777777777777778,0.222222222222222,0.284,NA,NA
"Koh","detection","DIFS",1000,1000,0.0337078651685393,0.0462962962962963,0.00598914467527606,0.333333333333333,0,0.032,NA,NA
"Koh","detection","GateOnly",1000,1000,0,0.00800973984364988,0.000809518906152149,0,0,0.00432525951557093,NA,NA
"Koh","detection","Random",1000,1000,0.0241487563390485,0.0241487563390485,0.0241487563390485,0.216886846410226,0.00148387068388494,0.129026805119536,NA,NA
"Koh","detection","DIFS_stage1only",1500,1156,0,0.00925925925925926,0.000935803855511885,0,0,0.00432525951557093,NA,NA
"Koh","detection","Seurat",1500,1500,0.269662921348315,0.25,0.0754257907542579,0.666666666666667,0.444444444444444,0.268666666666667,NA,NA
"Koh","detection","Seurat_gated",1500,1156,0,0.00925925925925926,0.000935803855511885,0,0,0.00432525951557093,NA,NA
"Koh","detection","FEAST",1500,1500,0.258426966292135,0.25,0.069998128392289,0.777777777777778,0.333333333333333,0.249333333333333,NA,NA
"Koh","detection","DIFS",1500,1500,0.0337078651685393,0.0462962962962963,0.00767359161519745,0.333333333333333,0,0.0273333333333333,NA,NA
"Koh","detection","GateOnly",1500,1156,0,0.00925925925925926,0.000935803855511885,0,0,0.00432525951557093,NA,NA
"Koh","detection","Random",1500,1500,0.0362231345085728,0.0362231345085728,0.0362231345085728,0.308571570956998,0.00470115509263017,0.129026805119536,NA,NA
"Koh","detection","DIFS_stage1only",2500,1156,0,0.00925925925925926,0.000935803855511885,0,0,0.00432525951557093,NA,NA
"Koh","detection","Seurat",2500,2500,0.382022471910112,0.356481481481481,0.11734980348119,1,0.555555555555556,0.2508,NA,NA
"Koh","detection","Seurat_gated",2500,1156,0,0.00925925925925926,0.000935803855511885,0,0,0.00432525951557093,NA,NA
"Koh","detection","FEAST",2500,2500,0.348314606741573,0.337962962962963,0.106868800299457,0.888888888888889,0.444444444444444,0.2284,NA,NA
"Koh","detection","DIFS",2500,1909,0.0337078651685393,0.0462962962962963,0.00991952086842598,0.333333333333333,0,0.0277632268203248,NA,NA
"Koh","detection","GateOnly",2500,1156,0,0.00925925925925926,0.000935803855511885,0,0,0.00432525951557093,NA,NA
"Koh","detection","Random",2500,2500,0.0603718908476214,0.0603718908476213,0.0603718908476213,0.463549474135924,0.019136963766951,0.129026805119536,NA,NA
"Koh","detection","DIFS_stage1only",NA,1156,NA,NA,NA,NA,NA,NA,NA,NA
"Koh","detection","Seurat",NA,41410,NA,NA,NA,NA,NA,NA,5425,26527
"Koh","detection","Seurat_gated",NA,1156,NA,NA,NA,NA,NA,NA,NA,NA
"Koh","detection","FEAST",NA,41410,NA,NA,NA,NA,NA,NA,4996,15520
"Koh","wilcox","DIFS_stage1only",100,100,0.134831460674157,0.0922330097087379,0.0816901408450704,0.777777777777778,0.222222222222222,0.29,NA,NA
"Koh","wilcox","Seurat",100,100,0.191011235955056,0.131067961165049,0.112676056338028,0.888888888888889,0.333333333333333,0.4,NA,NA
"Koh","wilcox","Seurat_gated",100,100,0.213483146067416,0.169902912621359,0.163380281690141,0.888888888888889,0.333333333333333,0.58,NA,NA
"Koh","wilcox","FEAST",100,100,0.247191011235955,0.194174757281553,0.132394366197183,0.666666666666667,0.333333333333333,0.47,NA,NA
"Koh","wilcox","DIFS",100,100,0.348314606741573,0.262135922330097,0.188732394366197,0.888888888888889,0.666666666666667,0.67,NA,NA
"Koh","wilcox","GateOnly",100,100,0.035962831927219,0.0411529546141701,0.0431307568594961,0.304549218782432,0.00595448818721611,0.153114186851211,NA,NA
"Koh","wilcox","Random",100,100,0.00241487563390485,0.00241487563390485,0.00241487563390485,0.023890584174969,1.61962298749863e-06,0.00857280850036223,NA,NA
"Koh","wilcox","DIFS_stage1only",200,200,0.146067415730337,0.135922330097087,0.12112676056338,0.777777777777778,0.222222222222222,0.215,NA,NA
"Koh","wilcox","Seurat",200,200,0.258426966292135,0.169902912621359,0.149295774647887,1,0.333333333333333,0.265,NA,NA
"Koh","wilcox","Seurat_gated",200,200,0.269662921348315,0.237864077669903,0.270422535211268,0.888888888888889,0.444444444444444,0.48,NA,NA
"Koh","wilcox","FEAST",200,200,0.337078651685393,0.320388349514563,0.228169014084507,0.888888888888889,0.444444444444444,0.405,NA,NA
"Koh","wilcox","DIFS",200,200,0.426966292134831,0.407766990291262,0.338028169014085,1,0.777777777777778,0.6,NA,NA
"Koh","wilcox","GateOnly",200,200,0.071925663854438,0.0823059092283401,0.0862615137189922,0.510921823954869,0.0387012172529345,0.153114186851211,NA,NA
"Koh","wilcox","Random",200,200,0.00482975126780971,0.00482975126780971,0.00482975126780971,0.0472662514723752,1.29892895756454e-05,0.00857280850036223,NA,NA
"Koh","wilcox","DIFS_stage1only",300,300,0.191011235955056,0.16504854368932,0.146478873239437,0.777777777777778,0.444444444444444,0.173333333333333,NA,NA
"Koh","wilcox","Seurat",300,300,0.303370786516854,0.213592233009709,0.188732394366197,1,0.333333333333333,0.223333333333333,NA,NA
"Koh","wilcox","Seurat_gated",300,300,0.292134831460674,0.29126213592233,0.332394366197183,0.888888888888889,0.444444444444444,0.393333333333333,NA,NA
"Koh","wilcox","FEAST",300,300,0.393258426966292,0.398058252427184,0.307042253521127,0.888888888888889,0.666666666666667,0.363333333333333,NA,NA
"Koh","wilcox","DIFS",300,300,0.393258426966292,0.325242718446602,0.267605633802817,0.888888888888889,0.666666666666667,0.316666666666667,NA,NA
"Koh","wilcox","GateOnly",300,300,0.107888495781657,0.12345886384251,0.129392270578488,0.648628167871081,0.104414188006925,0.153114186851211,NA,NA
"Koh","wilcox","Random",300,300,0.00724462690171456,0.00724462690171456,0.00724462690171456,0.0701368905773473,4.35035166252086e-05,0.00857280850036223,NA,NA
"Koh","wilcox","DIFS_stage1only",500,500,0.280898876404494,0.266990291262136,0.250704225352113,0.888888888888889,0.555555555555556,0.178,NA,NA
"Koh","wilcox","Seurat",500,500,0.337078651685393,0.237864077669903,0.225352112676056,1,0.666666666666667,0.16,NA,NA
"Koh","wilcox","Seurat_gated",500,500,0.325842696629214,0.37378640776699,0.411267605633803,0.888888888888889,0.555555555555556,0.292,NA,NA
"Koh","wilcox","FEAST",500,500,0.471910112359551,0.485436893203884,0.391549295774648,0.888888888888889,0.666666666666667,0.278,NA,NA
"Koh","wilcox","DIFS",500,500,0.617977528089888,0.558252427184466,0.543661971830986,1,1,0.386,NA,NA
"Koh","wilcox","GateOnly",500,500,0.179814159636095,0.20576477307085,0.21565378429748,0.797750976580131,0.302431071487174,0.153114186851211,NA,NA
"Koh","wilcox","Random",500,500,0.0120743781695243,0.0120743781695243,0.0120743781695243,0.114401808516354,0.000197130942178257,0.00857280850036223,NA,NA
"Koh","wilcox","DIFS_stage1only",750,750,0.348314606741573,0.339805825242718,0.335211267605634,0.888888888888889,0.666666666666667,0.158666666666667,NA,NA
"Koh","wilcox","Seurat",750,750,0.404494382022472,0.296116504854369,0.27887323943662,1,0.777777777777778,0.132,NA,NA
"Koh","wilcox","Seurat_gated",750,750,0.348314606741573,0.432038834951456,0.461971830985915,0.888888888888889,0.555555555555556,0.218666666666667,NA,NA
"Koh","wilcox","FEAST",750,750,0.528089887640449,0.529126213592233,0.445070422535211,0.888888888888889,0.777777777777778,0.210666666666667,NA,NA
"Koh","wilcox","DIFS",750,750,0.707865168539326,0.650485436893204,0.647887323943662,1,1,0.306666666666667,NA,NA
"Koh","wilcox","GateOnly",750,750,0.269721239454143,0.308647159606275,0.323480676446221,0.866846090962858,0.556868344441545,0.153114186851211,NA,NA
"Koh","wilcox","Random",750,750,0.0181115672542864,0.0181115672542864,0.0181115672542864,0.167061893454231,0.000645714371875665,0.00857280850036223,NA,NA
"Koh","wilcox","DIFS_stage1only",1000,1000,0.393258426966292,0.412621359223301,0.428169014084507,0.888888888888889,0.777777777777778,0.152,NA,NA
"Koh","wilcox","Seurat",1000,1000,0.438202247191011,0.344660194174757,0.312676056338028,1,0.777777777777778,0.111,NA,NA
"Koh","wilcox","Seurat_gated",1000,1000,0.370786516853933,0.451456310679612,0.48169014084507,0.888888888888889,0.666666666666667,0.171,NA,NA
"Koh","wilcox","FEAST",1000,1000,0.550561797752809,0.572815533980582,0.484507042253521,1,0.777777777777778,0.172,NA,NA
"Koh","wilcox","DIFS",1000,1000,0.730337078651685,0.742718446601942,0.746478873239437,1,1,0.265,NA,NA
"Koh","wilcox","GateOnly",1000,1000,0.35962831927219,0.411529546141701,0.431307568594961,0.886558249759793,0.721837555388818,0.153114186851211,NA,NA
"Koh","wilcox","Random",1000,1000,0.0241487563390485,0.0241487563390485,0.0241487563390485,0.216886846410226,0.00148387068388494,0.00857280850036223,NA,NA
"Koh","wilcox","DIFS_stage1only",1500,1156,0.415730337078652,0.475728155339806,0.498591549295775,0.888888888888889,0.777777777777778,0.153114186851211,NA,NA
"Koh","wilcox","Seurat",1500,1500,0.49438202247191,0.407766990291262,0.380281690140845,1,0.888888888888889,0.09,NA,NA
"Koh","wilcox","Seurat_gated",1500,1156,0.415730337078652,0.475728155339806,0.498591549295775,0.888888888888889,0.777777777777778,0.153114186851211,NA,NA
"Koh","wilcox","FEAST",1500,1500,0.629213483146067,0.640776699029126,0.546478873239437,1,0.888888888888889,0.129333333333333,NA,NA
"Koh","wilcox","DIFS",1500,1500,0.719101123595506,0.733009708737864,0.763380281690141,1,1,0.180666666666667,NA,NA
"Koh","wilcox","GateOnly",1500,1156,0.415730337078652,0.475728155339806,0.498591549295775,0.888888888888889,0.777777777777778,0.153114186851211,NA,NA
"Koh","wilcox","Random",1500,1500,0.0362231345085728,0.0362231345085728,0.0362231345085728,0.308571570956998,0.00470115509263017,0.00857280850036223,NA,NA
"Koh","wilcox","DIFS_stage1only",2500,1156,0.415730337078652,0.475728155339806,0.498591549295775,0.888888888888889,0.777777777777778,0.153114186851211,NA,NA
"Koh","wilcox","Seurat",2500,2500,0.561797752808989,0.470873786407767,0.453521126760563,1,0.888888888888889,0.0644,NA,NA
"Koh","wilcox","Seurat_gated",2500,1156,0.415730337078652,0.475728155339806,0.498591549295775,0.888888888888889,0.777777777777778,0.153114186851211,NA,NA
"Koh","wilcox","FEAST",2500,2500,0.707865168539326,0.713592233009709,0.628169014084507,1,0.888888888888889,0.0892,NA,NA
"Koh","wilcox","DIFS",2500,1909,0.741573033707865,0.771844660194175,0.8,1,1,0.148768988999476,NA,NA
"Koh","wilcox","GateOnly",2500,1156,0.415730337078652,0.475728155339806,0.498591549295775,0.888888888888889,0.777777777777778,0.153114186851211,NA,NA
"Koh","wilcox","Random",2500,2500,0.0603718908476214,0.0603718908476214,0.0603718908476213,0.463549474135924,0.019136963766951,0.00857280850036223,NA,NA
"Koh","wilcox","DIFS_stage1only",NA,1156,NA,NA,NA,NA,NA,NA,NA,NA
"Koh","wilcox","Seurat",NA,41410,NA,NA,NA,NA,NA,NA,1668,11919
"Koh","wilcox","Seurat_gated",NA,1156,NA,NA,NA,NA,NA,NA,NA,NA
"Koh","wilcox","FEAST",NA,41410,NA,NA,NA,NA,NA,NA,669,4342
"Kumar","hurdle","DIFS_stage1only",100,100,0.1,0.12,0.176638176638177,0.666666666666667,0,0.62,NA,NA
"Kumar","hurdle","Seurat",100,100,0.2,0.133333333333333,0.0883190883190883,0.333333333333333,0.333333333333333,0.31,NA,NA
"Kumar","hurdle","Seurat_gated",100,100,0.3,0.226666666666667,0.276353276353276,1,0.333333333333333,0.97,NA,NA
"Kumar","hurdle","FEAST",100,100,0.533333333333333,0.426666666666667,0.122507122507123,1,0.666666666666667,0.43,NA,NA
"Kumar","hurdle","DIFS",100,100,0.433333333333333,0.36,0.219373219373219,1,1,0.77,NA,NA
"Kumar","hurdle","GateOnly",100,100,0.132450331125828,0.120676968359088,0.143393520876965,0.773502189144549,0.127563613774652,0.503311258278146,NA,NA
"Kumar","hurdle","Random",100,100,0.00224678709445493,0.00224678709445493,0.00224678709445493,0.0222442906983673,1.30552568026529e-06,0.0078862227015368,NA,NA
"Kumar","hurdle","DIFS_stage1only",200,200,0.133333333333333,0.16,0.319088319088319,0.666666666666667,0,0.56,NA,NA
"Kumar","hurdle","Seurat",200,200,0.3,0.186666666666667,0.142450142450142,0.333333333333333,0.333333333333333,0.25,NA,NA
"Kumar","hurdle","Seurat_gated",200,200,0.366666666666667,0.373333333333333,0.50997150997151,1,1,0.895,NA,NA
"Kumar","hurdle","FEAST",200,200,0.733333333333333,0.613333333333333,0.176638176638177,1,1,0.31,NA,NA
"Kumar","hurdle","DIFS",200,200,0.566666666666667,0.506666666666667,0.39031339031339,1,1,0.685,NA,NA
"Kumar","hurdle","GateOnly",200,200,0.264900662251656,0.241353936718175,0.286787041753929,0.966907645651776,0.533602678440928,0.503311258278146,NA,NA
"Kumar","hurdle","Random",200,200,0.00449357418890986,0.00449357418890986,0.00449357418890986,0.0440422589336467,1.04795204745444e-05,0.0078862227015368,NA,NA
"Kumar","hurdle","DIFS_stage1only",300,300,0.3,0.306666666666667,0.444444444444444,1,0.666666666666667,0.52,NA,NA
"Kumar","hurdle","Seurat",300,300,0.366666666666667,0.226666666666667,0.193732193732194,0.666666666666667,0.333333333333333,0.226666666666667,NA,NA
"Kumar","hurdle","Seurat_gated",300,300,0.566666666666667,0.52,0.635327635327635,1,1,0.743333333333333,NA,NA
"Kumar","hurdle","FEAST",300,300,0.9,0.733333333333333,0.233618233618234,1,1,0.273333333333333,NA,NA
"Kumar","hurdle","DIFS",300,300,0.666666666666667,0.546666666666667,0.538461538461538,1,1,0.63,NA,NA
"Kumar","hurdle","GateOnly",300,300,0.397350993377483,0.362030905077263,0.430180562630894,0.997982300805876,0.878330234745094,0.503311258278146,NA,NA
"Kumar","hurdle","Random",300,300,0.00674036128336479,0.00674036128336479,0.00674036128336479,0.0654018827730251,3.51289929013423e-05,0.0078862227015368,NA,NA
"Kumar","hurdle","DIFS_stage1only",500,453,0.6,0.546666666666667,0.64957264957265,1,1,0.503311258278146,NA,NA
"Kumar","hurdle","Seurat",500,500,0.366666666666667,0.253333333333333,0.262108262108262,0.666666666666667,0.333333333333333,0.184,NA,NA
"Kumar","hurdle","Seurat_gated",500,453,0.6,0.546666666666667,0.64957264957265,1,1,0.503311258278146,NA,NA
"Kumar","hurdle","FEAST",500,500,0.9,0.826666666666667,0.347578347578348,1,1,0.244,NA,NA
"Kumar","hurdle","DIFS",500,500,0.733333333333333,0.626666666666667,0.783475783475784,1,1,0.55,NA,NA
"Kumar","hurdle","GateOnly",500,453,0.6,0.546666666666667,0.64957264957265,1,1,0.503311258278146,NA,NA
"Kumar","hurdle","Random",500,500,0.0112339354722746,0.0112339354722746,0.0112339354722746,0.106837385902988,0.000159466388744707,0.0078862227015368,NA,NA
"Kumar","hurdle","DIFS_stage1only",750,453,0.6,0.546666666666667,0.64957264957265,1,1,0.503311258278146,NA,NA
"Kumar","hurdle","Seurat",750,750,0.5,0.346666666666667,0.353276353276353,1,0.666666666666667,0.165333333333333,NA,NA
"Kumar","hurdle","Seurat_gated",750,453,0.6,0.546666666666667,0.64957264957265,1,1,0.503311258278146,NA,NA
"Kumar","hurdle","FEAST",750,750,0.9,0.88,0.455840455840456,1,1,0.213333333333333,NA,NA
"Kumar","hurdle","DIFS",750,697,0.733333333333333,0.68,0.877492877492878,1,1,0.441893830703013,NA,NA
"Kumar","hurdle","GateOnly",750,453,0.6,0.546666666666667,0.64957264957265,1,1,0.503311258278146,NA,NA
"Kumar","hurdle","Random",750,750,0.016850903208412,0.016850903208412,0.016850903208412,0.156303361731738,0.000523510658494291,0.0078862227015368,NA,NA
"Kumar","hurdle","DIFS_stage1only",1000,453,0.6,0.546666666666667,0.64957264957265,1,1,0.503311258278146,NA,NA
"Kumar","hurdle","Seurat",1000,1000,0.6,0.4,0.401709401709402,1,1,0.141,NA,NA
"Kumar","hurdle","Seurat_gated",1000,453,0.6,0.546666666666667,0.64957264957265,1,1,0.503311258278146,NA,NA
"Kumar","hurdle","FEAST",1000,1000,0.9,0.906666666666667,0.544159544159544,1,1,0.191,NA,NA
"Kumar","hurdle","DIFS",1000,697,0.733333333333333,0.68,0.877492877492878,1,1,0.441893830703013,NA,NA
"Kumar","hurdle","GateOnly",1000,453,0.6,0.546666666666667,0.64957264957265,1,1,0.503311258278146,NA,NA
"Kumar","hurdle","Random",1000,1000,0.0224678709445493,0.0224678709445493,0.0224678709445493,0.203289921473599,0.00120574845171273,0.0078862227015368,NA,NA
"Kumar","hurdle","DIFS_stage1only",1500,453,0.6,0.546666666666667,0.64957264957265,1,1,0.503311258278146,NA,NA
"Kumar","hurdle","Seurat",1500,1500,0.666666666666667,0.453333333333333,0.521367521367521,1,1,0.122,NA,NA
"Kumar","hurdle","Seurat_gated",1500,453,0.6,0.546666666666667,0.64957264957265,1,1,0.503311258278146,NA,NA
"Kumar","hurdle","FEAST",1500,1500,0.933333333333333,0.96,0.66951566951567,1,1,0.156666666666667,NA,NA
"Kumar","hurdle","DIFS",1500,697,0.733333333333333,0.68,0.877492877492878,1,1,0.441893830703013,NA,NA
"Kumar","hurdle","GateOnly",1500,453,0.6,0.546666666666667,0.64957264957265,1,1,0.503311258278146,NA,NA
"Kumar","hurdle","Random",1500,1500,0.0337018064168239,0.0337018064168239,0.0337018064168239,0.290264775561182,0.00383734425270984,0.0078862227015368,NA,NA
"Kumar","hurdle","DIFS_stage1only",2500,453,0.6,0.546666666666667,0.64957264957265,1,1,0.503311258278146,NA,NA
"Kumar","hurdle","Seurat",2500,2500,0.833333333333333,0.693333333333333,0.689458689458689,1,1,0.0968,NA,NA
"Kumar","hurdle","Seurat_gated",2500,453,0.6,0.546666666666667,0.64957264957265,1,1,0.503311258278146,NA,NA
"Kumar","hurdle","FEAST",2500,2500,0.933333333333333,0.96,0.803418803418803,1,1,0.1128,NA,NA
"Kumar","hurdle","DIFS",2500,697,0.733333333333333,0.68,0.877492877492878,1,1,0.441893830703013,NA,NA
"Kumar","hurdle","GateOnly",2500,453,0.6,0.546666666666667,0.64957264957265,1,1,0.503311258278146,NA,NA
"Kumar","hurdle","Random",2500,2500,0.0561696773613732,0.0561696773613732,0.0561696773613732,0.439064245010984,0.0157647001484126,0.0078862227015368,NA,NA
"Kumar","hurdle","DIFS_stage1only",NA,453,NA,NA,NA,NA,NA,NA,385,NA
"Kumar","hurdle","Seurat",NA,44508,NA,NA,NA,NA,NA,NA,715,1949
"Kumar","hurdle","Seurat_gated",NA,453,NA,NA,NA,NA,NA,NA,225,NA
"Kumar","hurdle","FEAST",NA,44508,NA,NA,NA,NA,NA,NA,47,254
"Kumar","level","DIFS_stage1only",100,100,0.133333333333333,0.162162162162162,0.201298701298701,0.666666666666667,0.333333333333333,0.62,NA,NA
"Kumar","level","Seurat",100,100,0.2,0.121621621621622,0.0649350649350649,0.333333333333333,0.333333333333333,0.2,NA,NA
"Kumar","level","Seurat_gated",100,100,0.333333333333333,0.256756756756757,0.305194805194805,1,0.666666666666667,0.94,NA,NA
"Kumar","level","FEAST",100,100,0.566666666666667,0.445945945945946,0.133116883116883,1,0.666666666666667,0.41,NA,NA
"Kumar","level","DIFS",100,100,0.5,0.459459459459459,0.25974025974026,1,1,0.8,NA,NA
"Kumar","level","GateOnly",100,100,0.147167034584253,0.146172662728954,0.16412946876523,0.802909594222261,0.169093156737054,0.50551876379691,NA,NA
"Kumar","level","Random",100,100,0.00224678709445493,0.00224678709445493,0.00224678709445493,0.0222442906983673,1.30552568026529e-06,0.00692010425092118,NA,NA
"Kumar","level","DIFS_stage1only",200,200,0.166666666666667,0.243243243243243,0.366883116883117,0.666666666666667,0.333333333333333,0.565,NA,NA
"Kumar","level","Seurat",200,200,0.266666666666667,0.175675675675676,0.107142857142857,0.333333333333333,0.333333333333333,0.165,NA,NA
"Kumar","level","Seurat_gated",200,200,0.433333333333333,0.432432432432432,0.564935064935065,1,1,0.87,NA,NA
"Kumar","level","FEAST",200,200,0.766666666666667,0.635135135135135,0.194805194805195,1,1,0.3,NA,NA
"Kumar","level","DIFS",200,200,0.633333333333333,0.621621621621622,0.448051948051948,1,1,0.69,NA,NA
"Kumar","level","GateOnly",200,200,0.294334069168506,0.292345325457908,0.328258937530461,0.973756774971197,0.608766558381318,0.50551876379691,NA,NA
"Kumar","level","Random",200,200,0.00449357418890986,0.00449357418890986,0.00449357418890986,0.0440422589336467,1.04795204745444e-05,0.00692010425092118,NA,NA
"Kumar","level","DIFS_stage1only",300,300,0.366666666666667,0.391891891891892,0.503246753246753,1,0.666666666666667,0.516666666666667,NA,NA
"Kumar","level","Seurat",300,300,0.333333333333333,0.216216216216216,0.155844155844156,0.666666666666667,0.333333333333333,0.16,NA,NA
"Kumar","level","Seurat_gated",300,300,0.633333333333333,0.608108108108108,0.720779220779221,1,1,0.74,NA,NA
"Kumar","level","FEAST",300,300,0.9,0.743243243243243,0.25974025974026,1,1,0.266666666666667,NA,NA
"Kumar","level","DIFS",300,300,0.733333333333333,0.662162162162162,0.616883116883117,1,1,0.633333333333333,NA,NA
"Kumar","level","GateOnly",300,300,0.441501103752759,0.438517988186862,0.492388406295691,0.998395646552418,0.905984715482147,0.50551876379691,NA,NA
"Kumar","level","Random",300,300,0.00674036128336479,0.00674036128336479,0.00674036128336479,0.0654018827730251,3.51289929013423e-05,0.00692010425092118,NA,NA
"Kumar","level","DIFS_stage1only",500,453,0.666666666666667,0.662162162162162,0.743506493506494,1,1,0.50551876379691,NA,NA
"Kumar","level","Seurat",500,500,0.366666666666667,0.243243243243243,0.220779220779221,0.666666666666667,0.333333333333333,0.136,NA,NA
"Kumar","level","Seurat_gated",500,453,0.666666666666667,0.662162162162162,0.743506493506494,1,1,0.50551876379691,NA,NA
"Kumar","level","FEAST",500,500,0.933333333333333,0.851351351351351,0.392857142857143,1,1,0.242,NA,NA
"Kumar","level","DIFS",500,500,0.8,0.72972972972973,0.834415584415584,1,1,0.514,NA,NA
"Kumar","level","GateOnly",500,453,0.666666666666667,0.662162162162162,0.743506493506494,1,1,0.50551876379691,NA,NA
"Kumar","level","Random",500,500,0.0112339354722746,0.0112339354722746,0.0112339354722746,0.106837385902988,0.000159466388744707,0.00692010425092118,NA,NA
"Kumar","level","DIFS_stage1only",750,453,0.666666666666667,0.662162162162162,0.743506493506494,1,1,0.50551876379691,NA,NA
"Kumar","level","Seurat",750,750,0.5,0.337837837837838,0.305194805194805,1,0.666666666666667,0.125333333333333,NA,NA
"Kumar","level","Seurat_gated",750,453,0.666666666666667,0.662162162162162,0.743506493506494,1,1,0.50551876379691,NA,NA
"Kumar","level","FEAST",750,750,0.933333333333333,0.891891891891892,0.50974025974026,1,1,0.209333333333333,NA,NA
"Kumar","level","DIFS",750,697,0.833333333333333,0.797297297297297,0.909090909090909,1,1,0.401721664275466,NA,NA
"Kumar","level","GateOnly",750,453,0.666666666666667,0.662162162162162,0.743506493506494,1,1,0.50551876379691,NA,NA
"Kumar","level","Random",750,750,0.016850903208412,0.016850903208412,0.016850903208412,0.156303361731738,0.000523510658494291,0.00692010425092118,NA,NA
"Kumar","level","DIFS_stage1only",1000,453,0.666666666666667,0.662162162162162,0.743506493506494,1,1,0.50551876379691,NA,NA
"Kumar","level","Seurat",1000,1000,0.6,0.391891891891892,0.353896103896104,1,1,0.109,NA,NA
"Kumar","level","Seurat_gated",1000,453,0.666666666666667,0.662162162162162,0.743506493506494,1,1,0.50551876379691,NA,NA
"Kumar","level","FEAST",1000,1000,0.933333333333333,0.918918918918919,0.603896103896104,1,1,0.186,NA,NA
"Kumar","level","DIFS",1000,697,0.833333333333333,0.797297297297297,0.909090909090909,1,1,0.401721664275466,NA,NA
"Kumar","level","GateOnly",1000,453,0.666666666666667,0.662162162162162,0.743506493506494,1,1,0.50551876379691,NA,NA
"Kumar","level","Random",1000,1000,0.0224678709445493,0.0224678709445493,0.0224678709445493,0.203289921473599,0.00120574845171273,0.00692010425092118,NA,NA
"Kumar","level","DIFS_stage1only",1500,453,0.666666666666667,0.662162162162162,0.743506493506494,1,1,0.50551876379691,NA,NA
"Kumar","level","Seurat",1500,1500,0.6,0.445945945945946,0.474025974025974,1,1,0.0973333333333333,NA,NA
"Kumar","level","Seurat_gated",1500,453,0.666666666666667,0.662162162162162,0.743506493506494,1,1,0.50551876379691,NA,NA
"Kumar","level","FEAST",1500,1500,1,1,0.743506493506494,1,1,0.152666666666667,NA,NA
"Kumar","level","DIFS",1500,697,0.833333333333333,0.797297297297297,0.909090909090909,1,1,0.401721664275466,NA,NA
"Kumar","level","GateOnly",1500,453,0.666666666666667,0.662162162162162,0.743506493506494,1,1,0.50551876379691,NA,NA
"Kumar","level","Random",1500,1500,0.0337018064168239,0.0337018064168239,0.0337018064168239,0.290264775561182,0.00383734425270984,0.00692010425092118,NA,NA
"Kumar","level","DIFS_stage1only",2500,453,0.666666666666667,0.662162162162162,0.743506493506494,1,1,0.50551876379691,NA,NA
"Kumar","level","Seurat",2500,2500,0.833333333333333,0.675675675675676,0.649350649350649,1,1,0.08,NA,NA
"Kumar","level","Seurat_gated",2500,453,0.666666666666667,0.662162162162162,0.743506493506494,1,1,0.50551876379691,NA,NA
"Kumar","level","FEAST",2500,2500,1,1,0.866883116883117,1,1,0.1068,NA,NA
"Kumar","level","DIFS",2500,697,0.833333333333333,0.797297297297297,0.909090909090909,1,1,0.401721664275466,NA,NA
"Kumar","level","GateOnly",2500,453,0.666666666666667,0.662162162162162,0.743506493506494,1,1,0.50551876379691,NA,NA
"Kumar","level","Random",2500,2500,0.0561696773613732,0.0561696773613732,0.0561696773613732,0.439064245010984,0.0157647001484126,0.00692010425092118,NA,NA
"Kumar","level","DIFS_stage1only",NA,453,NA,NA,NA,NA,NA,NA,363,NA
"Kumar","level","Seurat",NA,44508,NA,NA,NA,NA,NA,NA,715,2277
"Kumar","level","Seurat_gated",NA,453,NA,NA,NA,NA,NA,NA,215,NA
"Kumar","level","FEAST",NA,44508,NA,NA,NA,NA,NA,NA,47,231
"Kumar","detection","DIFS_stage1only",100,100,0,0,0,0,0,0,NA,NA
"Kumar","detection","Seurat",100,100,0,0.0266666666666667,0.00335218939870103,0,0,0.16,NA,NA
"Kumar","detection","Seurat_gated",100,100,0,0,0.000209511837418814,0,0,0.01,NA,NA
"Kumar","detection","FEAST",100,100,0.0333333333333333,0.0133333333333333,0.00544730777288917,0.333333333333333,0,0.26,NA,NA
"Kumar","detection","DIFS",100,100,0,0,0.000209511837418814,0,0,0.01,NA,NA
"Kumar","detection","GateOnly",100,100,0.00735835172921266,0.00294334069168506,9.24997074696751e-05,0.0735835172921266,0,0.00441501103752759,NA,NA
"Kumar","detection","Random",100,100,0.00224678709445493,0.00224678709445493,0.00224678709445493,0.0222442906983673,1.30552568026529e-06,0.107239148018334,NA,NA
"Kumar","detection","DIFS_stage1only",200,200,0.0333333333333333,0.0133333333333333,0.000209511837418814,0.333333333333333,0,0.005,NA,NA
"Kumar","detection","Seurat",200,200,0.0666666666666667,0.0666666666666667,0.00607584328514561,0.666666666666667,0,0.145,NA,NA
"Kumar","detection","Seurat_gated",200,200,0.0333333333333333,0.0133333333333333,0.000419023674837628,0.333333333333333,0,0.01,NA,NA
"Kumar","detection","FEAST",200,200,0.0333333333333333,0.0266666666666667,0.0108946155457783,0.333333333333333,0,0.26,NA,NA
"Kumar","detection","DIFS",200,200,0,0,0.000209511837418814,0,0,0.005,NA,NA
"Kumar","detection","GateOnly",200,200,0.0147167034584253,0.00588668138337013,0.00018499941493935,0.147167034584253,0,0.00441501103752759,NA,NA
"Kumar","detection","Random",200,200,0.00449357418890986,0.00449357418890986,0.00449357418890986,0.0440422589336467,1.04795204745444e-05,0.107239148018334,NA,NA
"Kumar","detection","DIFS_stage1only",300,300,0.0333333333333333,0.0133333333333333,0.000209511837418814,0.333333333333333,0,0.00333333333333333,NA,NA
"Kumar","detection","Seurat",300,300,0.0666666666666667,0.106666666666667,0.00838047349675257,0.666666666666667,0,0.133333333333333,NA,NA
"Kumar","detection","Seurat_gated",300,300,0.0333333333333333,0.0133333333333333,0.000419023674837628,0.333333333333333,0,0.00666666666666667,NA,NA
"Kumar","detection","FEAST",300,300,0.0333333333333333,0.0533333333333333,0.0155038759689922,0.333333333333333,0,0.246666666666667,NA,NA
"Kumar","detection","DIFS",300,300,0.0333333333333333,0.0133333333333333,0.000419023674837628,0.333333333333333,0,0.00666666666666667,NA,NA
"Kumar","detection","GateOnly",300,300,0.022075055187638,0.00883002207505519,0.000277499122409025,0.22075055187638,0,0.00441501103752759,NA,NA
"Kumar","detection","Random",300,300,0.00674036128336479,0.00674036128336479,0.00674036128336479,0.0654018827730251,3.51289929013423e-05,0.107239148018334,NA,NA
"Kumar","detection","DIFS_stage1only",500,453,0.0333333333333333,0.0133333333333333,0.000419023674837628,0.333333333333333,0,0.00441501103752759,NA,NA
"Kumar","detection","Seurat",500,500,0.0666666666666667,0.106666666666667,0.0140372931070605,0.666666666666667,0,0.134,NA,NA
"Kumar","detection","Seurat_gated",500,453,0.0333333333333333,0.0133333333333333,0.000419023674837628,0.333333333333333,0,0.00441501103752759,NA,NA
"Kumar","detection","FEAST",500,500,0.0666666666666667,0.0666666666666667,0.0228367902786507,0.666666666666667,0,0.218,NA,NA
"Kumar","detection","DIFS",500,500,0.0333333333333333,0.0133333333333333,0.000419023674837628,0.333333333333333,0,0.004,NA,NA
"Kumar","detection","GateOnly",500,453,0.0333333333333333,0.0133333333333333,0.000419023674837628,0.333333333333333,0,0.00441501103752759,NA,NA
"Kumar","detection","Random",500,500,0.0112339354722746,0.0112339354722746,0.0112339354722746,0.106837385902988,0.000159466388744707,0.107239148018334,NA,NA
"Kumar","detection","DIFS_stage1only",750,453,0.0333333333333333,0.0133333333333333,0.000419023674837628,0.333333333333333,0,0.00441501103752759,NA,NA
"Kumar","detection","Seurat",750,750,0.133333333333333,0.133333333333333,0.0194846008799497,1,0,0.124,NA,NA
"Kumar","detection","Seurat_gated",750,453,0.0333333333333333,0.0133333333333333,0.000419023674837628,0.333333333333333,0,0.00441501103752759,NA,NA
"Kumar","detection","FEAST",750,750,0.133333333333333,0.12,0.0314267756128221,1,0,0.2,NA,NA
"Kumar","detection","DIFS",750,697,0.0333333333333333,0.0133333333333333,0.000628535512256443,0.333333333333333,0,0.00430416068866571,NA,NA
"Kumar","detection","GateOnly",750,453,0.0333333333333333,0.0133333333333333,0.000419023674837628,0.333333333333333,0,0.00441501103752759,NA,NA
"Kumar","detection","Random",750,750,0.016850903208412,0.016850903208412,0.016850903208412,0.156303361731738,0.000523510658494291,0.107239148018334,NA,NA
"Kumar","detection","DIFS_stage1only",1000,453,0.0333333333333333,0.0133333333333333,0.000419023674837628,0.333333333333333,0,0.00441501103752759,NA,NA
"Kumar","detection","Seurat",1000,1000,0.133333333333333,0.133333333333333,0.023674837628326,1,0,0.113,NA,NA
"Kumar","detection","Seurat_gated",1000,453,0.0333333333333333,0.0133333333333333,0.000419023674837628,0.333333333333333,0,0.00441501103752759,NA,NA
"Kumar","detection","FEAST",1000,1000,0.166666666666667,0.186666666666667,0.0423213911586005,1,0,0.202,NA,NA
"Kumar","detection","DIFS",1000,697,0.0333333333333333,0.0133333333333333,0.000628535512256443,0.333333333333333,0,0.00430416068866571,NA,NA
"Kumar","detection","GateOnly",1000,453,0.0333333333333333,0.0133333333333333,0.000419023674837628,0.333333333333333,0,0.00441501103752759,NA,NA
"Kumar","detection","Random",1000,1000,0.0224678709445493,0.0224678709445493,0.0224678709445493,0.203289921473599,0.00120574845171273,0.107239148018334,NA,NA
"Kumar","detection","DIFS_stage1only",1500,453,0.0333333333333333,0.0133333333333333,0.000419023674837628,0.333333333333333,0,0.00441501103752759,NA,NA
"Kumar","detection","Seurat",1500,1500,0.166666666666667,0.16,0.034988476848942,1,0,0.111333333333333,NA,NA
"Kumar","detection","Seurat_gated",1500,453,0.0333333333333333,0.0133333333333333,0.000419023674837628,0.333333333333333,0,0.00441501103752759,NA,NA
"Kumar","detection","FEAST",1500,1500,0.366666666666667,0.306666666666667,0.0618059920385502,1,1,0.196666666666667,NA,NA
"Kumar","detection","DIFS",1500,697,0.0333333333333333,0.0133333333333333,0.000628535512256443,0.333333333333333,0,0.00430416068866571,NA,NA
"Kumar","detection","GateOnly",1500,453,0.0333333333333333,0.0133333333333333,0.000419023674837628,0.333333333333333,0,0.00441501103752759,NA,NA
"Kumar","detection","Random",1500,1500,0.0337018064168239,0.0337018064168239,0.0337018064168239,0.290264775561182,0.00383734425270984,0.107239148018334,NA,NA
"Kumar","detection","DIFS_stage1only",2500,453,0.0333333333333333,0.0133333333333333,0.000419023674837628,0.333333333333333,0,0.00441501103752759,NA,NA
"Kumar","detection","Seurat",2500,2500,0.233333333333333,0.2,0.0555206369159858,1,0.666666666666667,0.106,NA,NA
"Kumar","detection","Seurat_gated",2500,453,0.0333333333333333,0.0133333333333333,0.000419023674837628,0.333333333333333,0,0.00441501103752759,NA,NA
"Kumar","detection","FEAST",2500,2500,0.666666666666667,0.533333333333333,0.0982610517494238,1,1,0.1876,NA,NA
"Kumar","detection","DIFS",2500,697,0.0333333333333333,0.0133333333333333,0.000628535512256443,0.333333333333333,0,0.00430416068866571,NA,NA
"Kumar","detection","GateOnly",2500,453,0.0333333333333333,0.0133333333333333,0.000419023674837628,0.333333333333333,0,0.00441501103752759,NA,NA
"Kumar","detection","Random",2500,2500,0.0561696773613732,0.0561696773613732,0.0561696773613732,0.439064245010984,0.0157647001484126,0.107239148018334,NA,NA
"Kumar","detection","DIFS_stage1only",NA,453,NA,NA,NA,NA,NA,NA,NA,NA
"Kumar","detection","Seurat",NA,44508,NA,NA,NA,NA,NA,NA,6826,18604
"Kumar","detection","Seurat_gated",NA,453,NA,NA,NA,NA,NA,NA,NA,NA
"Kumar","detection","FEAST",NA,44508,NA,NA,NA,NA,NA,NA,1798,4119
"Kumar","wilcox","DIFS_stage1only",100,100,0.2,0.173333333333333,0.174785100286533,1,0.333333333333333,0.61,NA,NA
"Kumar","wilcox","Seurat",100,100,0.166666666666667,0.08,0.0859598853868195,0.333333333333333,0.333333333333333,0.3,NA,NA
"Kumar","wilcox","Seurat_gated",100,100,0.4,0.213333333333333,0.275071633237822,1,1,0.96,NA,NA
"Kumar","wilcox","FEAST",100,100,0.5,0.426666666666667,0.123209169054441,1,0.666666666666667,0.43,NA,NA
"Kumar","wilcox","DIFS",100,100,0.666666666666667,0.466666666666667,0.220630372492837,1,1,0.77,NA,NA
"Kumar","wilcox","GateOnly",100,100,0.169242089771891,0.144223693892568,0.143582737180339,0.853561506159935,0.22749656016244,0.501103752759382,NA,NA
"Kumar","wilcox","Random",100,100,0.00224678709445493,0.00224678709445493,0.00224678709445493,0.0222442906983673,1.30552568026529e-06,0.0078412869596477,NA,NA
"Kumar","wilcox","DIFS_stage1only",200,200,0.266666666666667,0.24,0.318051575931232,1,0.666666666666667,0.555,NA,NA
"Kumar","wilcox","Seurat",200,200,0.2,0.12,0.140401146131805,0.333333333333333,0.333333333333333,0.245,NA,NA
"Kumar","wilcox","Seurat_gated",200,200,0.566666666666667,0.426666666666667,0.510028653295129,1,1,0.89,NA,NA
"Kumar","wilcox","FEAST",200,200,0.766666666666667,0.573333333333333,0.177650429799427,1,1,0.31,NA,NA
"Kumar","wilcox","DIFS",200,200,0.766666666666667,0.613333333333333,0.389684813753582,1,1,0.68,NA,NA
"Kumar","wilcox","GateOnly",200,200,0.338484179543782,0.288447387785136,0.287165474360677,0.988550884736658,0.734219292865465,0.501103752759382,NA,NA
"Kumar","wilcox","Random",200,200,0.00449357418890986,0.00449357418890986,0.00449357418890986,0.0440422589336467,1.04795204745444e-05,0.0078412869596477,NA,NA
"Kumar","wilcox","DIFS_stage1only",300,300,0.433333333333333,0.386666666666667,0.444126074498567,1,1,0.516666666666667,NA,NA
"Kumar","wilcox","Seurat",300,300,0.233333333333333,0.133333333333333,0.191977077363897,0.666666666666667,0.333333333333333,0.223333333333333,NA,NA
"Kumar","wilcox","Seurat_gated",300,300,0.733333333333333,0.626666666666667,0.636103151862464,1,1,0.74,NA,NA
"Kumar","wilcox","FEAST",300,300,1,0.746666666666667,0.234957020057307,1,1,0.273333333333333,NA,NA
"Kumar","wilcox","DIFS",300,300,0.833333333333333,0.653333333333333,0.538681948424069,1,1,0.626666666666667,NA,NA
"Kumar","wilcox","GateOnly",300,300,0.507726269315673,0.432671081677704,0.430748211541016,0.9997479357692,0.971071742566081,0.501103752759382,NA,NA
"Kumar","wilcox","Random",300,300,0.00674036128336479,0.00674036128336479,0.00674036128336479,0.0654018827730251,3.51289929013423e-05,0.0078412869596477,NA,NA
"Kumar","wilcox","DIFS_stage1only",500,453,0.766666666666667,0.653333333333333,0.650429799426934,1,1,0.501103752759382,NA,NA
"Kumar","wilcox","Seurat",500,500,0.3,0.16,0.260744985673352,1,0.333333333333333,0.182,NA,NA
"Kumar","wilcox","Seurat_gated",500,453,0.766666666666667,0.653333333333333,0.650429799426934,1,1,0.501103752759382,NA,NA
"Kumar","wilcox","FEAST",500,500,1,0.853333333333333,0.349570200573066,1,1,0.244,NA,NA
"Kumar","wilcox","DIFS",500,500,0.866666666666667,0.72,0.785100286532951,1,1,0.548,NA,NA
"Kumar","wilcox","GateOnly",500,453,0.766666666666667,0.653333333333333,0.650429799426934,1,1,0.501103752759382,NA,NA
"Kumar","wilcox","Random",500,500,0.0112339354722746,0.0112339354722746,0.0112339354722746,0.106837385902988,0.000159466388744707,0.0078412869596477,NA,NA
"Kumar","wilcox","DIFS_stage1only",750,453,0.766666666666667,0.653333333333333,0.650429799426934,1,1,0.501103752759382,NA,NA
"Kumar","wilcox","Seurat",750,750,0.433333333333333,0.266666666666667,0.35243553008596,1,0.666666666666667,0.164,NA,NA
"Kumar","wilcox","Seurat_gated",750,453,0.766666666666667,0.653333333333333,0.650429799426934,1,1,0.501103752759382,NA,NA
"Kumar","wilcox","FEAST",750,750,1,0.933333333333333,0.458452722063037,1,1,0.213333333333333,NA,NA
"Kumar","wilcox","DIFS",750,697,0.9,0.773333333333333,0.879656160458453,1,1,0.440459110473458,NA,NA
"Kumar","wilcox","GateOnly",750,453,0.766666666666667,0.653333333333333,0.650429799426934,1,1,0.501103752759382,NA,NA
"Kumar","wilcox","Random",750,750,0.016850903208412,0.016850903208412,0.016850903208412,0.156303361731738,0.000523510658494291,0.0078412869596477,NA,NA
"Kumar","wilcox","DIFS_stage1only",1000,453,0.766666666666667,0.653333333333333,0.650429799426934,1,1,0.501103752759382,NA,NA
"Kumar","wilcox","Seurat",1000,1000,0.466666666666667,0.32,0.401146131805158,1,1,0.14,NA,NA
"Kumar","wilcox","Seurat_gated",1000,453,0.766666666666667,0.653333333333333,0.650429799426934,1,1,0.501103752759382,NA,NA
"Kumar","wilcox","FEAST",1000,1000,1,0.946666666666667,0.547277936962751,1,1,0.191,NA,NA
"Kumar","wilcox","DIFS",1000,697,0.9,0.773333333333333,0.879656160458453,1,1,0.440459110473458,NA,NA
"Kumar","wilcox","GateOnly",1000,453,0.766666666666667,0.653333333333333,0.650429799426934,1,1,0.501103752759382,NA,NA
"Kumar","wilcox","Random",1000,1000,0.0224678709445493,0.0224678709445493,0.0224678709445493,0.203289921473599,0.00120574845171273,0.0078412869596477,NA,NA
"Kumar","wilcox","DIFS_stage1only",1500,453,0.766666666666667,0.653333333333333,0.650429799426934,1,1,0.501103752759382,NA,NA
"Kumar","wilcox","Seurat",1500,1500,0.533333333333333,0.373333333333333,0.518624641833811,1,1,0.120666666666667,NA,NA
"Kumar","wilcox","Seurat_gated",1500,453,0.766666666666667,0.653333333333333,0.650429799426934,1,1,0.501103752759382,NA,NA
"Kumar","wilcox","FEAST",1500,1500,1,1,0.673352435530086,1,1,0.156666666666667,NA,NA
"Kumar","wilcox","DIFS",1500,697,0.9,0.773333333333333,0.879656160458453,1,1,0.440459110473458,NA,NA
"Kumar","wilcox","GateOnly",1500,453,0.766666666666667,0.653333333333333,0.650429799426934,1,1,0.501103752759382,NA,NA
"Kumar","wilcox","Random",1500,1500,0.0337018064168239,0.0337018064168239,0.0337018064168239,0.290264775561182,0.00383734425270984,0.0078412869596477,NA,NA
"Kumar","wilcox","DIFS_stage1only",2500,453,0.766666666666667,0.653333333333333,0.650429799426934,1,1,0.501103752759382,NA,NA
"Kumar","wilcox","Seurat",2500,2500,0.8,0.6,0.687679083094556,1,1,0.096,NA,NA
"Kumar","wilcox","Seurat_gated",2500,453,0.766666666666667,0.653333333333333,0.650429799426934,1,1,0.501103752759382,NA,NA
"Kumar","wilcox","FEAST",2500,2500,1,1,0.808022922636103,1,1,0.1128,NA,NA
"Kumar","wilcox","DIFS",2500,697,0.9,0.773333333333333,0.879656160458453,1,1,0.440459110473458,NA,NA
"Kumar","wilcox","GateOnly",2500,453,0.766666666666667,0.653333333333333,0.650429799426934,1,1,0.501103752759382,NA,NA
"Kumar","wilcox","Random",2500,2500,0.0561696773613732,0.0561696773613732,0.0561696773613732,0.439064245010984,0.0157647001484126,0.0078412869596477,NA,NA
"Kumar","wilcox","DIFS_stage1only",NA,453,NA,NA,NA,NA,NA,NA,338,NA
"Kumar","wilcox","Seurat",NA,44508,NA,NA,NA,NA,NA,NA,1054,2412
"Kumar","wilcox","Seurat_gated",NA,453,NA,NA,NA,NA,NA,NA,183,NA
"Kumar","wilcox","FEAST",NA,44508,NA,NA,NA,NA,NA,NA,74,215
"Lawlor","hurdle","DIFS_stage1only",100,100,0.0375,0.0353535353535354,0.0330920372285419,0.125,0.125,0.32,NA,NA
"Lawlor","hurdle","Seurat",100,100,0.225,0.176767676767677,0.10134436401241,0.75,0.25,0.98,NA,NA
"Lawlor","hurdle","Seurat_gated",100,100,0.175,0.141414141414141,0.0889348500517063,0.5,0.25,0.86,NA,NA
"Lawlor","hurdle","FEAST",100,100,0.2,0.156565656565657,0.094105480868666,0.5,0.375,0.91,NA,NA
"Lawlor","hurdle","DIFS",100,100,0.2625,0.196969696969697,0.0682523267838676,0.5,0.5,0.66,NA,NA
"Lawlor","hurdle","GateOnly",100,100,0.0174031476997579,0.0192604006163328,0.0200940979690563,0.13858911050363,0.0047281678551487,0.194309927360775,NA,NA
"Lawlor","hurdle","Random",100,100,0.00501831685652632,0.00501831685652632,0.00501831685652632,0.0490757782411873,1.43439333433916e-05,0.0485271240026095,NA,NA
"Lawlor","hurdle","DIFS_stage1only",200,200,0.05,0.0454545454545455,0.0558428128231644,0.125,0.125,0.27,NA,NA
"Lawlor","hurdle","Seurat",200,200,0.275,0.222222222222222,0.169596690796277,0.875,0.25,0.82,NA,NA
"Lawlor","hurdle","Seurat_gated",200,200,0.2125,0.186868686868687,0.125129265770424,0.5,0.25,0.605,NA,NA
"Lawlor","hurdle","FEAST",200,200,0.3625,0.303030303030303,0.183040330920372,0.5,0.5,0.885,NA,NA
"Lawlor","hurdle","DIFS",200,200,0.2875,0.237373737373737,0.108583247156153,0.625,0.5,0.525,NA,NA
"Lawlor","hurdle","GateOnly",200,200,0.0348062953995157,0.0385208012326656,0.0401881959381127,0.225047233381727,0.027589321932474,0.194309927360775,NA,NA
"Lawlor","hurdle","Random",200,200,0.0100366337130526,0.0100366337130526,0.0100366337130526,0.0959732290494546,0.000113467717169754,0.0485271240026095,NA,NA
"Lawlor","hurdle","DIFS_stage1only",300,300,0.0625,0.0505050505050505,0.0713547052740434,0.125,0.125,0.23,NA,NA
"Lawlor","hurdle","Seurat",300,300,0.3125,0.242424242424242,0.218200620475698,0.875,0.5,0.703333333333333,NA,NA
"Lawlor","hurdle","Seurat_gated",300,300,0.25,0.227272727272727,0.152016546018614,0.5,0.25,0.49,NA,NA
"Lawlor","hurdle","FEAST",300,300,0.4625,0.424242424242424,0.259565667011375,0.875,0.5,0.836666666666667,NA,NA
"Lawlor","hurdle","DIFS",300,300,0.3125,0.262626262626263,0.144777662874871,0.75,0.5,0.466666666666667,NA,NA
"Lawlor","hurdle","GateOnly",300,300,0.0522094430992736,0.0577812018489985,0.060282293907169,0.280494044529647,0.0667830092467003,0.194309927360775,NA,NA
"Lawlor","hurdle","Random",300,300,0.015054950569579,0.015054950569579,0.015054950569579,0.140778726532292,0.000374821303652591,0.0485271240026095,NA,NA
"Lawlor","hurdle","DIFS_stage1only",500,500,0.1125,0.116161616161616,0.110651499482937,0.375,0.125,0.214,NA,NA
"Lawlor","hurdle","Seurat",500,500,0.375,0.313131313131313,0.277145811789038,0.875,0.5,0.536,NA,NA
"Lawlor","hurdle","Seurat_gated",500,500,0.2625,0.257575757575758,0.189245087900724,0.5,0.25,0.366,NA,NA
"Lawlor","hurdle","FEAST",500,500,0.5625,0.53030303030303,0.387797311271975,0.875,0.75,0.75,NA,NA
"Lawlor","hurdle","DIFS",500,500,0.3625,0.308080808080808,0.196483971044467,0.875,0.5,0.38,NA,NA
"Lawlor","hurdle","GateOnly",500,500,0.0870157384987893,0.0963020030816641,0.100470489845282,0.345346654665455,0.156218433182076,0.194309927360775,NA,NA
"Lawlor","hurdle","Random",500,500,0.0250915842826316,0.0250915842826316,0.0250915842826316,0.224444389636835,0.00165204702588564,0.0485271240026095,NA,NA
"Lawlor","hurdle","DIFS_stage1only",750,750,0.1625,0.161616161616162,0.162357807652534,0.375,0.25,0.209333333333333,NA,NA
"Lawlor","hurdle","Seurat",750,750,0.3875,0.358585858585859,0.323681489141675,0.875,0.625,0.417333333333333,NA,NA
"Lawlor","hurdle","Seurat_gated",750,750,0.275,0.277777777777778,0.229576008273009,0.5,0.25,0.296,NA,NA
"Lawlor","hurdle","FEAST",750,750,0.6875,0.666666666666667,0.498448810754912,1,0.75,0.642666666666667,NA,NA
"Lawlor","hurdle","DIFS",750,750,0.5625,0.54040404040404,0.47569803516029,0.875,0.875,0.613333333333333,NA,NA
"Lawlor","hurdle","GateOnly",750,750,0.130523607748184,0.144453004622496,0.150705734767923,0.393927541909887,0.226370072161313,0.194309927360775,NA,NA
"Lawlor","hurdle","Random",750,750,0.0376373764239474,0.0376373764239474,0.0376373764239474,0.318683187636229,0.00522588730831015,0.0485271240026095,NA,NA
"Lawlor","hurdle","DIFS_stage1only",1000,1000,0.2,0.202020202020202,0.220268872802482,0.375,0.25,0.213,NA,NA
"Lawlor","hurdle","Seurat",1000,1000,0.4375,0.398989898989899,0.359875904860393,0.875,0.75,0.348,NA,NA
"Lawlor","hurdle","Seurat_gated",1000,1000,0.275,0.297979797979798,0.260599793174767,0.5,0.25,0.252,NA,NA
"Lawlor","hurdle","FEAST",1000,1000,0.7125,0.691919191919192,0.563598759048604,1,0.75,0.545,NA,NA
"Lawlor","hurdle","DIFS",1000,1000,0.6,0.580808080808081,0.547052740434333,0.875,0.875,0.529,NA,NA
"Lawlor","hurdle","GateOnly",1000,1000,0.174031476997579,0.192604006163328,0.200940979690563,0.431191107263351,0.247249849163271,0.194309927360775,NA,NA
"Lawlor","hurdle","Random",1000,1000,0.0501831685652632,0.0501831685652632,0.0501831685652632,0.402487797123498,0.0115944589034601,0.0485271240026095,NA,NA
"Lawlor","hurdle","DIFS_stage1only",1500,1500,0.2625,0.287878787878788,0.31023784901758,0.5,0.25,0.2,NA,NA
"Lawlor","hurdle","Seurat",1500,1500,0.5,0.464646464646465,0.409513960703206,0.875,0.875,0.264,NA,NA
"Lawlor","hurdle","Seurat_gated",1500,1500,0.2875,0.318181818181818,0.31023784901758,0.5,0.25,0.2,NA,NA
"Lawlor","hurdle","FEAST",1500,1500,0.725,0.757575757575758,0.672182006204757,1,0.75,0.433333333333333,NA,NA
"Lawlor","hurdle","DIFS",1500,1500,0.6,0.641414141414141,0.677352637021717,0.875,0.875,0.436666666666667,NA,NA
"Lawlor","hurdle","GateOnly",1500,1500,0.261047215496368,0.288906009244992,0.301411469535845,0.487446891816054,0.249999958556556,0.194309927360775,NA,NA
"Lawlor","hurdle","Random",1500,1500,0.0752747528478948,0.0752747528478948,0.0752747528478948,0.54286203639488,0.0342128694341215,0.0485271240026095,NA,NA
"Lawlor","hurdle","DIFS_stage1only",2500,1652,0.2875,0.318181818181818,0.331954498448811,0.5,0.25,0.194309927360775,NA,NA
"Lawlor","hurdle","Seurat",2500,2500,0.5375,0.515151515151515,0.473629782833506,0.875,0.875,0.1832,NA,NA
"Lawlor","hurdle","Seurat_gated",2500,1652,0.2875,0.318181818181818,0.331954498448811,0.5,0.25,0.194309927360775,NA,NA
"Lawlor","hurdle","FEAST",2500,2500,0.775,0.792929292929293,0.773526370217167,1,0.875,0.2992,NA,NA
"Lawlor","hurdle","DIFS",2500,2500,0.65,0.717171717171717,0.783867631851086,1,0.875,0.3032,NA,NA
"Lawlor","hurdle","GateOnly",2500,1652,0.2875,0.318181818181818,0.331954498448811,0.5,0.25,0.194309927360775,NA,NA
"Lawlor","hurdle","Random",2500,2500,0.125457921413158,0.125457921413158,0.125457921413158,0.73838275794065,0.120467047761402,0.0485271240026095,NA,NA
"Lawlor","hurdle","DIFS_stage1only",NA,1652,NA,NA,NA,NA,NA,NA,NA,NA
"Lawlor","hurdle","Seurat",NA,19927,NA,NA,NA,NA,NA,NA,1244,7482
"Lawlor","hurdle","Seurat_gated",NA,1652,NA,NA,NA,NA,NA,NA,NA,NA
"Lawlor","hurdle","FEAST",NA,19927,NA,NA,NA,NA,NA,NA,326,3156
"Lawlor","level","DIFS_stage1only",100,100,0.0375,0.0903614457831325,0.0644490644490645,0.375,0,0.31,NA,NA
"Lawlor","level","Seurat",100,100,0.2375,0.228915662650602,0.172557172557173,0.875,0.25,0.83,NA,NA
"Lawlor","level","Seurat_gated",100,100,0.2,0.216867469879518,0.153846153846154,0.75,0.375,0.74,NA,NA
"Lawlor","level","FEAST",100,100,0.2125,0.240963855421687,0.16008316008316,0.625,0.375,0.77,NA,NA
"Lawlor","level","DIFS",100,100,0.2625,0.27710843373494,0.143451143451143,0.75,0.5,0.69,NA,NA
"Lawlor","level","GateOnly",100,100,0.0295096852300242,0.0313603080603285,0.0298258772835044,0.242798798353397,0.00591623042850367,0.143462469733656,NA,NA
"Lawlor","level","Random",100,100,0.00501831685652632,0.00501831685652632,0.00501831685652632,0.0490757782411873,1.43439333433916e-05,0.0241381040798916,NA,NA
"Lawlor","level","DIFS_stage1only",200,200,0.075,0.126506024096386,0.0997920997920998,0.375,0.125,0.24,NA,NA
"Lawlor","level","Seurat",200,200,0.3,0.295180722891566,0.25987525987526,1,0.375,0.625,NA,NA
"Lawlor","level","Seurat_gated",200,200,0.2875,0.27710843373494,0.207900207900208,0.75,0.5,0.5,NA,NA
"Lawlor","level","FEAST",200,200,0.3625,0.397590361445783,0.295218295218295,0.75,0.375,0.71,NA,NA
"Lawlor","level","DIFS",200,200,0.325,0.349397590361446,0.207900207900208,0.875,0.5,0.5,NA,NA
"Lawlor","level","GateOnly",200,200,0.0590193704600484,0.062720616120657,0.0596517545670088,0.404284856401107,0.0360231252297628,0.143462469733656,NA,NA
"Lawlor","level","Random",200,200,0.0100366337130526,0.0100366337130526,0.0100366337130526,0.0959732290494546,0.000113467717169754,0.0241381040798916,NA,NA
"Lawlor","level","DIFS_stage1only",300,300,0.0875,0.13855421686747,0.118503118503119,0.375,0.125,0.19,NA,NA
"Lawlor","level","Seurat",300,300,0.3875,0.349397590361446,0.32016632016632,1,0.625,0.513333333333333,NA,NA
"Lawlor","level","Seurat_gated",300,300,0.3625,0.331325301204819,0.253638253638254,0.75,0.5,0.406666666666667,NA,NA
"Lawlor","level","FEAST",300,300,0.475,0.55421686746988,0.405405405405405,1,0.75,0.65,NA,NA
"Lawlor","level","DIFS",300,300,0.3625,0.397590361445783,0.27027027027027,0.875,0.625,0.433333333333333,NA,NA
"Lawlor","level","GateOnly",300,300,0.0885290556900726,0.0940809241809854,0.0894776318505132,0.511997626411158,0.0916526607301621,0.143462469733656,NA,NA
"Lawlor","level","Random",300,300,0.015054950569579,0.015054950569579,0.015054950569579,0.140778726532292,0.000374821303652591,0.0241381040798916,NA,NA
"Lawlor","level","DIFS_stage1only",500,500,0.175,0.210843373493976,0.176715176715177,0.5,0.375,0.17,NA,NA
"Lawlor","level","Seurat",500,500,0.4625,0.409638554216867,0.384615384615385,1,0.75,0.37,NA,NA
"Lawlor","level","Seurat_gated",500,500,0.4125,0.379518072289157,0.293139293139293,0.75,0.625,0.282,NA,NA
"Lawlor","level","FEAST",500,500,0.625,0.692771084337349,0.542619542619543,1,0.875,0.522,NA,NA
"Lawlor","level","DIFS",500,500,0.4625,0.475903614457831,0.353430353430353,1,0.625,0.34,NA,NA
"Lawlor","level","GateOnly",500,500,0.147548426150121,0.156801540301642,0.149129386417522,0.633322064119725,0.242096984308783,0.143462469733656,NA,NA
"Lawlor","level","Random",500,500,0.0250915842826316,0.0250915842826316,0.0250915842826316,0.224444389636835,0.00165204702588564,0.0241381040798916,NA,NA
"Lawlor","level","DIFS_stage1only",750,750,0.25,0.283132530120482,0.257796257796258,0.75,0.375,0.165333333333333,NA,NA
"Lawlor","level","Seurat",750,750,0.4875,0.439759036144578,0.41995841995842,1,0.75,0.269333333333333,NA,NA
"Lawlor","level","Seurat_gated",750,750,0.425,0.397590361445783,0.349272349272349,0.75,0.625,0.224,NA,NA
"Lawlor","level","FEAST",750,750,0.75,0.831325301204819,0.686070686070686,1,1,0.44,NA,NA
"Lawlor","level","DIFS",750,750,0.775,0.807228915662651,0.756756756756757,1,1,0.485333333333333,NA,NA
"Lawlor","level","GateOnly",750,750,0.221322639225182,0.235202310452464,0.223694079626283,0.699568816699154,0.419812162580962,0.143462469733656,NA,NA
"Lawlor","level","Random",750,750,0.0376373764239474,0.0376373764239474,0.0376373764239474,0.318683187636229,0.00522588730831015,0.0241381040798916,NA,NA
"Lawlor","level","DIFS_stage1only",1000,1000,0.3375,0.367469879518072,0.336798336798337,0.75,0.5,0.162,NA,NA
"Lawlor","level","Seurat",1000,1000,0.5375,0.481927710843373,0.446985446985447,1,0.875,0.215,NA,NA
"Lawlor","level","Seurat_gated",1000,1000,0.4375,0.439759036144578,0.388773388773389,0.75,0.625,0.187,NA,NA
"Lawlor","level","FEAST",1000,1000,0.775,0.86144578313253,0.750519750519751,1,1,0.361,NA,NA
"Lawlor","level","DIFS",1000,1000,0.825,0.855421686746988,0.831600831600832,1,1,0.4,NA,NA
"Lawlor","level","GateOnly",1000,1000,0.295096852300242,0.313603080603285,0.298258772835044,0.728407597816616,0.540868308484583,0.143462469733656,NA,NA
"Lawlor","level","Random",1000,1000,0.0501831685652632,0.0501831685652632,0.0501831685652632,0.402487797123498,0.0115944589034601,0.0241381040798916,NA,NA
"Lawlor","level","DIFS_stage1only",1500,1500,0.4625,0.487951807228916,0.459459459459459,0.75,0.625,0.147333333333333,NA,NA
"Lawlor","level","Seurat",1500,1500,0.5625,0.542168674698795,0.492723492723493,1,0.875,0.158,NA,NA
"Lawlor","level","Seurat_gated",1500,1500,0.45,0.5,0.471933471933472,0.75,0.625,0.151333333333333,NA,NA
"Lawlor","level","FEAST",1500,1500,0.8625,0.927710843373494,0.848232848232848,1,1,0.272,NA,NA
"Lawlor","level","DIFS",1500,1500,0.8875,0.909638554216867,0.906444906444906,1,1,0.290666666666667,NA,NA
"Lawlor","level","GateOnly",1500,1500,0.442645278450363,0.470404620904927,0.447388159252566,0.748947187971715,0.623945284358899,0.143462469733656,NA,NA
"Lawlor","level","Random",1500,1500,0.0752747528478948,0.0752747528478948,0.0752747528478948,0.54286203639488,0.0342128694341215,0.0241381040798916,NA,NA
"Lawlor","level","DIFS_stage1only",2500,1652,0.4875,0.518072289156627,0.492723492723493,0.75,0.625,0.143462469733656,NA,NA
"Lawlor","level","Seurat",2500,2500,0.5875,0.58433734939759,0.548856548856549,1,0.875,0.1056,NA,NA
"Lawlor","level","Seurat_gated",2500,1652,0.4875,0.518072289156627,0.492723492723493,0.75,0.625,0.143462469733656,NA,NA
"Lawlor","level","FEAST",2500,2500,0.875,0.939759036144578,0.910602910602911,1,1,0.1752,NA,NA
"Lawlor","level","DIFS",2500,2500,0.9375,0.957831325301205,0.958419958419958,1,1,0.1844,NA,NA
"Lawlor","level","GateOnly",2500,1652,0.4875,0.518072289156627,0.492723492723493,0.75,0.625,0.143462469733656,NA,NA
"Lawlor","level","Random",2500,2500,0.125457921413158,0.125457921413158,0.125457921413158,0.73838275794065,0.120467047761402,0.0241381040798916,NA,NA
"Lawlor","level","DIFS_stage1only",NA,1652,NA,NA,NA,NA,NA,NA,NA,NA
"Lawlor","level","Seurat",NA,19927,NA,NA,NA,NA,NA,NA,778,6097
"Lawlor","level","Seurat_gated",NA,1652,NA,NA,NA,NA,NA,NA,NA,NA
"Lawlor","level","FEAST",NA,19927,NA,NA,NA,NA,NA,NA,316,1095
"Lawlor","detection","DIFS_stage1only",100,100,0.0375,0.0155440414507772,0.00888450148075025,0.125,0.125,0.18,NA,NA
"Lawlor","detection","Seurat",100,100,0.2375,0.160621761658031,0.0399802566633761,0.75,0.25,0.81,NA,NA
"Lawlor","detection","Seurat_gated",100,100,0.1,0.0673575129533679,0.0227048371174729,0.375,0.25,0.46,NA,NA
"Lawlor","detection","FEAST",100,100,0.1625,0.16580310880829,0.0389930898321816,0.625,0.125,0.79,NA,NA
"Lawlor","detection","DIFS",100,100,0.075,0.077720207253886,0.0202369200394867,0.375,0.125,0.41,NA,NA
"Lawlor","detection","GateOnly",100,100,0.00832324455205811,0.0069000991105145,0.00373474134077812,0.0743262650043658,0.000573939389223826,0.0756658595641646,NA,NA
"Lawlor","detection","Random",100,100,0.00501831685652632,0.00501831685652632,0.00501831685652632,0.0490757782411873,1.43439333433916e-05,0.101671099513223,NA,NA
"Lawlor","detection","DIFS_stage1only",200,200,0.0375,0.0207253886010363,0.0118460019743337,0.125,0.125,0.12,NA,NA
"Lawlor","detection","Seurat",200,200,0.3,0.233160621761658,0.0686080947680158,0.75,0.625,0.695,NA,NA
"Lawlor","detection","Seurat_gated",200,200,0.1,0.0725388601036269,0.0320829220138203,0.375,0.25,0.325,NA,NA
"Lawlor","detection","FEAST",200,200,0.3375,0.274611398963731,0.071076011846002,0.75,0.5,0.72,NA,NA
"Lawlor","detection","DIFS",200,200,0.1375,0.119170984455959,0.0310957551826259,0.625,0.375,0.315,NA,NA
"Lawlor","detection","GateOnly",200,200,0.0166464891041162,0.013800198221029,0.00746948268155623,0.13301306406123,0.00410635859604416,0.0756658595641646,NA,NA
"Lawlor","detection","Random",200,200,0.0100366337130526,0.0100366337130526,0.0100366337130526,0.0959732290494546,0.000113467717169754,0.101671099513223,NA,NA
"Lawlor","detection","DIFS_stage1only",300,300,0.0375,0.0207253886010363,0.0138203356367226,0.125,0.125,0.0933333333333333,NA,NA
"Lawlor","detection","Seurat",300,300,0.35,0.27979274611399,0.0918065153010859,0.75,0.625,0.62,NA,NA
"Lawlor","detection","Seurat_gated",300,300,0.1125,0.0829015544041451,0.0365251727541955,0.375,0.25,0.246666666666667,NA,NA
"Lawlor","detection","FEAST",300,300,0.4375,0.347150259067358,0.0997038499506417,0.875,0.75,0.673333333333333,NA,NA
"Lawlor","detection","DIFS",300,300,0.1625,0.139896373056995,0.0409674234945706,0.875,0.375,0.276666666666667,NA,NA
"Lawlor","detection","GateOnly",300,300,0.0249697336561743,0.0207002973315435,0.0112042240223344,0.179186195498831,0.0122220657088739,0.0756658595641646,NA,NA
"Lawlor","detection","Random",300,300,0.015054950569579,0.015054950569579,0.015054950569579,0.140778726532292,0.000374821303652591,0.101671099513223,NA,NA
"Lawlor","detection","DIFS_stage1only",500,500,0.05,0.0259067357512953,0.0207305034550839,0.125,0.125,0.084,NA,NA
"Lawlor","detection","Seurat",500,500,0.4125,0.362694300518135,0.13030602171767,0.875,0.625,0.528,NA,NA
"Lawlor","detection","Seurat_gated",500,500,0.1125,0.0880829015544041,0.0429417571569595,0.375,0.25,0.174,NA,NA
"Lawlor","detection","FEAST",500,500,0.65,0.487046632124352,0.161401776900296,1,0.875,0.654,NA,NA
"Lawlor","detection","DIFS",500,500,0.2125,0.160621761658031,0.0533070088845015,1,0.5,0.216,NA,NA
"Lawlor","detection","GateOnly",500,500,0.0416162227602906,0.0345004955525725,0.0186737067038906,0.244004364622328,0.0432296703253895,0.0756658595641646,NA,NA
"Lawlor","detection","Random",500,500,0.0250915842826316,0.0250915842826316,0.0250915842826316,0.224444389636835,0.00165204702588564,0.101671099513223,NA,NA
"Lawlor","detection","DIFS_stage1only",750,750,0.05,0.0414507772020725,0.0286278381046397,0.125,0.125,0.0773333333333333,NA,NA
"Lawlor","detection","Seurat",750,750,0.475,0.414507772020725,0.170286278381046,1,0.75,0.46,NA,NA
"Lawlor","detection","Seurat_gated",750,750,0.125,0.0984455958549223,0.0508390918065153,0.375,0.25,0.137333333333333,NA,NA
"Lawlor","detection","FEAST",750,750,0.7625,0.621761658031088,0.220631786771964,1,0.875,0.596,NA,NA
"Lawlor","detection","DIFS",750,750,0.425,0.367875647668394,0.13573543928924,1,0.75,0.366666666666667,NA,NA
"Lawlor","detection","GateOnly",750,750,0.0624243341404358,0.0517507433288587,0.0280105600558359,0.292386422524832,0.101661761619836,0.0756658595641646,NA,NA
"Lawlor","detection","Random",750,750,0.0376373764239474,0.0376373764239474,0.0376373764239474,0.318683187636229,0.00522588730831015,0.101671099513223,NA,NA
"Lawlor","detection","DIFS_stage1only",1000,1000,0.0625,0.0621761658031088,0.0380059230009872,0.25,0.125,0.077,NA,NA
"Lawlor","detection","Seurat",1000,1000,0.5125,0.450777202072539,0.208785784797631,1,0.75,0.423,NA,NA
"Lawlor","detection","Seurat_gated",1000,1000,0.1375,0.10880829015544,0.0562685093780849,0.375,0.25,0.114,NA,NA
"Lawlor","detection","FEAST",1000,1000,0.8125,0.72020725388601,0.287759131293189,1,0.875,0.583,NA,NA
"Lawlor","detection","DIFS",1000,1000,0.4375,0.378238341968912,0.152023692003949,1,0.75,0.308,NA,NA
"Lawlor","detection","GateOnly",1000,1000,0.0832324455205811,0.069000991105145,0.0373474134077812,0.322183966007953,0.16410384591669,0.0756658595641646,NA,NA
"Lawlor","detection","Random",1000,1000,0.0501831685652632,0.0501831685652632,0.0501831685652632,0.402487797123498,0.0115944589034601,0.101671099513223,NA,NA
"Lawlor","detection","DIFS_stage1only",1500,1500,0.125,0.0984455958549223,0.0572556762092794,0.375,0.25,0.0773333333333333,NA,NA
"Lawlor","detection","Seurat",1500,1500,0.6,0.523316062176166,0.26258637709773,1,1,0.354666666666667,NA,NA
"Lawlor","detection","Seurat_gated",1500,1500,0.1375,0.113989637305699,0.0616979269496545,0.375,0.25,0.0833333333333333,NA,NA
"Lawlor","detection","FEAST",1500,1500,0.8375,0.787564766839378,0.398321816386969,1,0.875,0.538,NA,NA
"Lawlor","detection","DIFS",1500,1500,0.4625,0.409326424870466,0.199407699901283,1,0.75,0.269333333333333,NA,NA
"Lawlor","detection","GateOnly",1500,1500,0.124848668280872,0.103501486657717,0.0560211201116718,0.363490079438584,0.244316030514544,0.0756658595641646,NA,NA
"Lawlor","detection","Random",1500,1500,0.0752747528478948,0.0752747528478948,0.0752747528478948,0.54286203639488,0.0342128694341215,0.101671099513223,NA,NA
"Lawlor","detection","DIFS_stage1only",2500,1652,0.1375,0.113989637305699,0.0616979269496545,0.375,0.25,0.0756658595641646,NA,NA
"Lawlor","detection","Seurat",2500,2500,0.625,0.595854922279793,0.346989141164857,1,1,0.2812,NA,NA
"Lawlor","detection","Seurat_gated",2500,1652,0.1375,0.113989637305699,0.0616979269496545,0.375,0.25,0.0756658595641646,NA,NA
"Lawlor","detection","FEAST",2500,2500,0.9,0.870466321243523,0.559723593287266,1,1,0.4536,NA,NA
"Lawlor","detection","DIFS",2500,2500,0.4875,0.435233160621762,0.236426456071076,1,0.75,0.1916,NA,NA
"Lawlor","detection","GateOnly",2500,1652,0.1375,0.113989637305699,0.0616979269496545,0.375,0.25,0.0756658595641646,NA,NA
"Lawlor","detection","Random",2500,2500,0.125457921413158,0.125457921413158,0.125457921413158,0.73838275794065,0.120467047761402,0.101671099513223,NA,NA
"Lawlor","detection","DIFS_stage1only",NA,1652,NA,NA,NA,NA,NA,NA,NA,NA
"Lawlor","detection","Seurat",NA,19927,NA,NA,NA,NA,NA,NA,891,8005
"Lawlor","detection","Seurat_gated",NA,1652,NA,NA,NA,NA,NA,NA,NA,NA
"Lawlor","detection","FEAST",NA,19927,NA,NA,NA,NA,NA,NA,323,836
"Lawlor","wilcox","DIFS_stage1only",100,100,0.0759493670886076,0.0569948186528497,0.036427732079906,0.375,0.125,0.31,NA,NA
"Lawlor","wilcox","Seurat",100,100,0.30379746835443,0.243523316062176,0.115158636897767,0.75,0.375,0.98,NA,NA
"Lawlor","wilcox","Seurat_gated",100,100,0.227848101265823,0.191709844559585,0.0987074030552291,0.75,0.375,0.84,NA,NA
"Lawlor","wilcox","FEAST",100,100,0.253164556962025,0.248704663212435,0.106933019976498,0.75,0.375,0.91,NA,NA
"Lawlor","wilcox","DIFS",100,100,0.354430379746835,0.248704663212435,0.0775558166862515,0.625,0.5,0.66,NA,NA
"Lawlor","wilcox","GateOnly",100,100,0.0252858062341006,0.0272867555733982,0.0210548478787241,0.20768853111348,0.00496119077306968,0.179176755447942,NA,NA
"Lawlor","wilcox","Random",100,100,0.00501831685652632,0.00501831685652632,0.00501831685652632,0.0490757782411873,1.43439333433916e-05,0.042705876449039,NA,NA
"Lawlor","wilcox","DIFS_stage1only",200,200,0.0886075949367089,0.0725388601036269,0.0587544065804935,0.375,0.125,0.25,NA,NA
"Lawlor","wilcox","Seurat",200,200,0.341772151898734,0.300518134715026,0.190364277320799,0.75,0.375,0.81,NA,NA
"Lawlor","wilcox","Seurat_gated",200,200,0.291139240506329,0.243523316062176,0.139835487661575,0.75,0.375,0.595,NA,NA
"Lawlor","wilcox","FEAST",200,200,0.468354430379747,0.419689119170984,0.207990599294947,0.875,0.625,0.885,NA,NA
"Lawlor","wilcox","DIFS",200,200,0.430379746835443,0.326424870466321,0.121034077555817,0.875,0.5,0.515,NA,NA
"Lawlor","wilcox","GateOnly",200,200,0.0505716124682012,0.0545735111467965,0.0421096957574482,0.350935922600152,0.0294023956578853,0.179176755447942,NA,NA
"Lawlor","wilcox","Random",200,200,0.0100366337130526,0.0100366337130526,0.0100366337130526,0.0959732290494546,0.000113467717169754,0.042705876449039,NA,NA
"Lawlor","wilcox","DIFS_stage1only",300,300,0.113924050632911,0.0829015544041451,0.0740305522914219,0.375,0.125,0.21,NA,NA
"Lawlor","wilcox","Seurat",300,300,0.379746835443038,0.336787564766839,0.240893066980023,0.75,0.375,0.683333333333333,NA,NA
"Lawlor","wilcox","Seurat_gated",300,300,0.329113924050633,0.284974093264249,0.169212690951821,0.75,0.375,0.48,NA,NA
"Lawlor","wilcox","FEAST",300,300,0.658227848101266,0.575129533678757,0.294947121034078,0.875,0.75,0.836666666666667,NA,NA
"Lawlor","wilcox","DIFS",300,300,0.443037974683544,0.367875647668394,0.158636897767333,0.875,0.5,0.45,NA,NA
"Lawlor","wilcox","GateOnly",300,300,0.0758574187023018,0.0818602667201947,0.0631645436361722,0.452241686882743,0.0726628684383163,0.179176755447942,NA,NA
"Lawlor","wilcox","Random",300,300,0.015054950569579,0.015054950569579,0.015054950569579,0.140778726532292,0.000374821303652591,0.042705876449039,NA,NA
"Lawlor","wilcox","DIFS_stage1only",500,500,0.164556962025316,0.160621761658031,0.116333725029377,0.75,0.125,0.198,NA,NA
"Lawlor","wilcox","Seurat",500,500,0.417721518987342,0.378238341968912,0.303172737955347,0.75,0.5,0.516,NA,NA
"Lawlor","wilcox","Seurat_gated",500,500,0.379746835443038,0.326424870466321,0.204465334900118,0.75,0.5,0.348,NA,NA
"Lawlor","wilcox","FEAST",500,500,0.79746835443038,0.709844559585492,0.437132784958872,1,0.875,0.744,NA,NA
"Lawlor","wilcox","DIFS",500,500,0.481012658227848,0.430051813471503,0.215041128084606,0.875,0.75,0.366,NA,NA
"Lawlor","wilcox","GateOnly",500,500,0.126429031170503,0.136433777866991,0.10527423939362,0.581136344123424,0.181038117802141,0.179176755447942,NA,NA
"Lawlor","wilcox","Random",500,500,0.0250915842826316,0.0250915842826316,0.0250915842826316,0.224444389636835,0.00165204702588564,0.042705876449039,NA,NA
"Lawlor","wilcox","DIFS_stage1only",750,750,0.240506329113924,0.227979274611399,0.171562867215041,0.75,0.25,0.194666666666667,NA,NA
"Lawlor","wilcox","Seurat",750,750,0.455696202531646,0.414507772020725,0.351351351351351,0.75,0.75,0.398666666666667,NA,NA
"Lawlor","wilcox","Seurat_gated",750,750,0.392405063291139,0.367875647668394,0.245593419506463,0.75,0.5,0.278666666666667,NA,NA
"Lawlor","wilcox","FEAST",750,750,0.822784810126582,0.792746113989637,0.560517038777908,1,0.875,0.636,NA,NA
"Lawlor","wilcox","DIFS",750,750,0.708860759493671,0.683937823834197,0.529964747356052,0.875,0.875,0.601333333333333,NA,NA
"Lawlor","wilcox","GateOnly",750,750,0.189643546755754,0.204650666800487,0.157911359090431,0.669709989841238,0.299688105815351,0.179176755447942,NA,NA
"Lawlor","wilcox","Random",750,750,0.0376373764239474,0.0376373764239474,0.0376373764239474,0.318683187636229,0.00522588730831015,0.042705876449039,NA,NA
"Lawlor","wilcox","DIFS_stage1only",1000,1000,0.30379746835443,0.300518134715026,0.231492361927145,0.75,0.375,0.197,NA,NA
"Lawlor","wilcox","Seurat",1000,1000,0.506329113924051,0.450777202072539,0.388954171562867,0.875,0.75,0.331,NA,NA
"Lawlor","wilcox","Seurat_gated",1000,1000,0.40506329113924,0.398963730569948,0.27497062279671,0.75,0.5,0.234,NA,NA
"Lawlor","wilcox","FEAST",1000,1000,0.822784810126582,0.813471502590674,0.63219741480611,1,0.875,0.538,NA,NA
"Lawlor","wilcox","DIFS",1000,1000,0.772151898734177,0.740932642487047,0.605170387779083,1,0.875,0.515,NA,NA
"Lawlor","wilcox","GateOnly",1000,1000,0.252858062341006,0.272867555733982,0.210548478787241,0.716829984795192,0.396024530289736,0.179176755447942,NA,NA
"Lawlor","wilcox","Random",1000,1000,0.0501831685652632,0.0501831685652632,0.0501831685652632,0.402487797123498,0.0115944589034601,0.042705876449039,NA,NA
"Lawlor","wilcox","DIFS_stage1only",1500,1500,0.392405063291139,0.419689119170984,0.324324324324324,0.75,0.625,0.184,NA,NA
"Lawlor","wilcox","Seurat",1500,1500,0.569620253164557,0.492227979274611,0.441833137485311,0.875,0.875,0.250666666666667,NA,NA
"Lawlor","wilcox","Seurat_gated",1500,1500,0.417721518987342,0.440414507772021,0.325499412455934,0.75,0.625,0.184666666666667,NA,NA
"Lawlor","wilcox","FEAST",1500,1500,0.860759493670886,0.854922279792746,0.737955346650999,1,1,0.418666666666667,NA,NA
"Lawlor","wilcox","DIFS",1500,1500,0.835443037974684,0.829015544041451,0.736780258519389,1,1,0.418,NA,NA
"Lawlor","wilcox","GateOnly",1500,1500,0.379287093511509,0.409301333600974,0.315822718180861,0.748835194124518,0.582411810716079,0.179176755447942,NA,NA
"Lawlor","wilcox","Random",1500,1500,0.0752747528478948,0.0752747528478948,0.0752747528478948,0.54286203639488,0.0342128694341215,0.042705876449039,NA,NA
"Lawlor","wilcox","DIFS_stage1only",2500,1652,0.417721518987342,0.450777202072539,0.347826086956522,0.75,0.625,0.179176755447942,NA,NA
"Lawlor","wilcox","Seurat",2500,2500,0.620253164556962,0.528497409326425,0.504112808460635,1,0.875,0.1716,NA,NA
"Lawlor","wilcox","Seurat_gated",2500,1652,0.417721518987342,0.450777202072539,0.347826086956522,0.75,0.625,0.179176755447942,NA,NA
"Lawlor","wilcox","FEAST",2500,2500,0.873417721518987,0.870466321243523,0.837837837837838,1,1,0.2852,NA,NA
"Lawlor","wilcox","DIFS",2500,2500,0.886075949367089,0.886010362694301,0.826086956521739,1,1,0.2812,NA,NA
"Lawlor","wilcox","GateOnly",2500,1652,0.417721518987342,0.450777202072539,0.347826086956522,0.75,0.625,0.179176755447942,NA,NA
"Lawlor","wilcox","Random",2500,2500,0.125457921413158,0.125457921413158,0.125457921413158,0.73838275794065,0.120467047761402,0.042705876449039,NA,NA
"Lawlor","wilcox","DIFS_stage1only",NA,1652,NA,NA,NA,NA,NA,NA,NA,NA
"Lawlor","wilcox","Seurat",NA,19927,NA,NA,NA,NA,NA,NA,963,7998
"Lawlor","wilcox","Seurat_gated",NA,1652,NA,NA,NA,NA,NA,NA,NA,NA
"Lawlor","wilcox","FEAST",NA,19927,NA,NA,NA,NA,NA,NA,211,583
"Muraro","hurdle","DIFS_stage1only",100,100,0.225,0.151515151515152,0.0464700625558534,0.875,0.375,0.52,NA,NA
"Muraro","hurdle","Seurat",100,100,0.2125,0.171717171717172,0.0875781948168007,0.625,0.25,0.98,NA,NA
"Muraro","hurdle","Seurat_gated",100,100,0.3625,0.257575757575758,0.0884718498659517,0.75,0.625,0.99,NA,NA
"Muraro","hurdle","FEAST",100,100,0.275,0.237373737373737,0.0804289544235925,0.5,0.25,0.9,NA,NA
"Muraro","hurdle","DIFS",100,100,0.4,0.297979797979798,0.0795352993744415,0.875,0.5,0.89,NA,NA
"Muraro","hurdle","GateOnly",100,100,0.06,0.0547699214365881,0.0293913216165227,0.435075241325266,0.0278290420691632,0.328888888888889,NA,NA
"Muraro","hurdle","Random",100,100,0.00570906599680292,0.00570906599680292,0.00570906599680292,0.0556599985751078,2.10458303873519e-05,0.0638844485042247,NA,NA
"Muraro","hurdle","DIFS_stage1only",200,200,0.35,0.217171717171717,0.0813226094727435,0.875,0.5,0.455,NA,NA
"Muraro","hurdle","Seurat",200,200,0.325,0.262626262626263,0.164432529043789,0.875,0.375,0.92,NA,NA
"Muraro","hurdle","Seurat_gated",200,200,0.4875,0.409090909090909,0.168007149240393,0.875,0.625,0.94,NA,NA
"Muraro","hurdle","FEAST",200,200,0.325,0.303030303030303,0.152815013404826,0.5,0.5,0.855,NA,NA
"Muraro","hurdle","DIFS",200,200,0.5375,0.424242424242424,0.13941018766756,0.875,0.625,0.78,NA,NA
"Muraro","hurdle","GateOnly",200,200,0.12,0.109539842873176,0.0587826432330454,0.652362460718047,0.141860974110354,0.328888888888889,NA,NA
"Muraro","hurdle","Random",200,200,0.0114181319936058,0.0114181319936058,0.0114181319936058,0.108516078601986,0.000165875851768956,0.0638844485042247,NA,NA
"Muraro","hurdle","DIFS_stage1only",300,300,0.3875,0.257575757575758,0.107238605898123,0.875,0.625,0.4,NA,NA
"Muraro","hurdle","Seurat",300,300,0.375,0.323232323232323,0.23503127792672,0.875,0.5,0.876666666666667,NA,NA
"Muraro","hurdle","Seurat_gated",300,300,0.525,0.464646464646465,0.221626452189455,0.875,0.75,0.826666666666667,NA,NA
"Muraro","hurdle","FEAST",300,300,0.425,0.398989898989899,0.214477211796247,0.875,0.5,0.8,NA,NA
"Muraro","hurdle","DIFS",300,300,0.6,0.5,0.184986595174263,0.875,0.75,0.69,NA,NA
"Muraro","hurdle","GateOnly",300,300,0.18,0.164309764309764,0.0881739648495681,0.76132977530284,0.301772887778894,0.328888888888889,NA,NA
"Muraro","hurdle","Random",300,300,0.0171271979904088,0.0171271979904088,0.0171271979904088,0.158694505781652,0.00054593468485161,0.0638844485042247,NA,NA
"Muraro","hurdle","DIFS_stage1only",500,500,0.45,0.353535353535354,0.164432529043789,0.875,0.75,0.368,NA,NA
"Muraro","hurdle","Seurat",500,500,0.475,0.419191919191919,0.346738159070599,0.875,0.75,0.776,NA,NA
"Muraro","hurdle","Seurat_gated",500,500,0.6125,0.535353535353535,0.284182305630027,0.875,0.75,0.636,NA,NA
"Muraro","hurdle","FEAST",500,500,0.6375,0.55050505050505,0.323503127792672,0.875,0.75,0.724,NA,NA
"Muraro","hurdle","DIFS",500,500,0.675,0.570707070707071,0.243967828418231,0.875,0.875,0.546,NA,NA
"Muraro","hurdle","GateOnly",500,500,0.3,0.27384960718294,0.146956608082613,0.846294814355875,0.574441170676164,0.328888888888889,NA,NA
"Muraro","hurdle","Random",500,500,0.0285453299840146,0.0285453299840146,0.0285453299840146,0.25149861760567,0.00238851448046798,0.0638844485042247,NA,NA
"Muraro","hurdle","DIFS_stage1only",750,750,0.5875,0.47979797979798,0.242180518319929,0.875,0.75,0.361333333333333,NA,NA
"Muraro","hurdle","Seurat",750,750,0.5625,0.535353535353535,0.456657730116175,0.875,0.75,0.681333333333333,NA,NA
"Muraro","hurdle","Seurat_gated",750,750,0.6375,0.570707070707071,0.310098302055407,0.875,0.75,0.462666666666667,NA,NA
"Muraro","hurdle","FEAST",750,750,0.7375,0.686868686868687,0.446827524575514,0.875,0.875,0.666666666666667,NA,NA
"Muraro","hurdle","DIFS",750,750,0.7,0.646464646464647,0.329758713136729,0.875,0.875,0.492,NA,NA
"Muraro","hurdle","GateOnly",750,750,0.45,0.410774410774411,0.22043491212392,0.871771727021077,0.759066838932118,0.328888888888889,NA,NA
"Muraro","hurdle","Random",750,750,0.0428179949760219,0.0428179949760219,0.0428179949760219,0.354501371480398,0.00748533630306786,0.0638844485042247,NA,NA
"Muraro","hurdle","DIFS_stage1only",1000,1000,0.65,0.590909090909091,0.301161751563896,0.875,0.875,0.337,NA,NA
"Muraro","hurdle","Seurat",1000,1000,0.65,0.616161616161616,0.54781054512958,0.875,0.875,0.613,NA,NA
"Muraro","hurdle","Seurat_gated",1000,1000,0.6375,0.590909090909091,0.32171581769437,0.875,0.75,0.36,NA,NA
"Muraro","hurdle","FEAST",1000,1000,0.8,0.747474747474748,0.53887399463807,0.875,0.875,0.603,NA,NA
"Muraro","hurdle","DIFS",1000,1000,0.8125,0.732323232323232,0.445040214477212,1,0.875,0.498,NA,NA
"Muraro","hurdle","GateOnly",1000,1000,0.6,0.547699214365881,0.293913216165227,0.874963292865578,0.85896003704837,0.328888888888889,NA,NA
"Muraro","hurdle","Random",1000,1000,0.0570906599680292,0.0570906599680292,0.0570906599680292,0.444566849393185,0.0164514435151878,0.0638844485042247,NA,NA
"Muraro","hurdle","DIFS_stage1only",1500,1125,0.675,0.616161616161616,0.33065236818588,0.875,0.875,0.328888888888889,NA,NA
"Muraro","hurdle","Seurat",1500,1500,0.75,0.712121212121212,0.644325290437891,0.875,0.875,0.480666666666667,NA,NA
"Muraro","hurdle","Seurat_gated",1500,1125,0.675,0.616161616161616,0.33065236818588,0.875,0.875,0.328888888888889,NA,NA
"Muraro","hurdle","FEAST",1500,1500,0.85,0.828282828282828,0.66041108132261,1,0.875,0.492666666666667,NA,NA
"Muraro","hurdle","DIFS",1500,1500,0.9375,0.878787878787879,0.641644325290438,1,1,0.478666666666667,NA,NA
"Muraro","hurdle","GateOnly",1500,1125,0.675,0.616161616161616,0.33065236818588,0.875,0.875,0.328888888888889,NA,NA
"Muraro","hurdle","Random",1500,1500,0.0856359899520438,0.0856359899520439,0.0856359899520438,0.591599090367078,0.0476238289036997,0.0638844485042247,NA,NA
"Muraro","hurdle","DIFS_stage1only",2500,1125,0.675,0.616161616161616,0.33065236818588,0.875,0.875,0.328888888888889,NA,NA
"Muraro","hurdle","Seurat",2500,2500,0.8375,0.848484848484849,0.786416443252904,1,1,0.352,NA,NA
"Muraro","hurdle","Seurat_gated",2500,1125,0.675,0.616161616161616,0.33065236818588,0.875,0.875,0.328888888888889,NA,NA
"Muraro","hurdle","FEAST",2500,2500,0.9375,0.888888888888889,0.801608579088472,1,1,0.3588,NA,NA
"Muraro","hurdle","DIFS",2500,1921,0.975,0.919191919191919,0.671134941912422,1,1,0.390942217595003,NA,NA
"Muraro","hurdle","GateOnly",2500,1125,0.675,0.616161616161616,0.33065236818588,0.875,0.875,0.328888888888889,NA,NA
"Muraro","hurdle","Random",2500,2500,0.142726649920073,0.142726649920073,0.142726649920073,0.785707288510438,0.161228178480688,0.0638844485042247,NA,NA
"Muraro","hurdle","DIFS_stage1only",NA,1125,NA,NA,NA,NA,NA,NA,571,NA
"Muraro","hurdle","Seurat",NA,17516,NA,NA,NA,NA,NA,NA,546,2106
"Muraro","hurdle","Seurat_gated",NA,1125,NA,NA,NA,NA,NA,NA,211,NA
"Muraro","hurdle","FEAST",NA,17516,NA,NA,NA,NA,NA,NA,364,953
"Muraro","level","DIFS_stage1only",100,100,0.25,0.172413793103448,0.0851788756388416,0.875,0.375,0.5,NA,NA
"Muraro","level","Seurat",100,100,0.2,0.149425287356322,0.148211243611584,0.625,0.25,0.87,NA,NA
"Muraro","level","Seurat_gated",100,100,0.3375,0.252873563218391,0.155025553662692,0.75,0.625,0.91,NA,NA
"Muraro","level","FEAST",100,100,0.3125,0.275862068965517,0.127768313458262,0.625,0.375,0.75,NA,NA
"Muraro","level","DIFS",100,100,0.375,0.304597701149425,0.153321976149915,0.875,0.5,0.9,NA,NA
"Muraro","level","GateOnly",100,100,0.0677777777777778,0.065389527458493,0.0433087261025932,0.47945443409936,0.0343598523705312,0.254222222222222,NA,NA
"Muraro","level","Random",100,100,0.00570906599680292,0.00570906599680292,0.00570906599680292,0.0556599985751078,2.10458303873519e-05,0.0335122174012332,NA,NA
"Muraro","level","DIFS_stage1only",200,200,0.3875,0.247126436781609,0.143100511073254,0.875,0.75,0.42,NA,NA
"Muraro","level","Seurat",200,200,0.2875,0.229885057471264,0.245315161839864,0.75,0.25,0.72,NA,NA
"Muraro","level","Seurat_gated",200,200,0.5,0.454022988505747,0.281090289608177,0.875,0.75,0.825,NA,NA
"Muraro","level","FEAST",200,200,0.4,0.367816091954023,0.187393526405451,0.625,0.5,0.55,NA,NA
"Muraro","level","DIFS",200,200,0.525,0.471264367816092,0.262350936967632,0.875,0.625,0.77,NA,NA
"Muraro","level","GateOnly",200,200,0.135555555555556,0.130779054916986,0.0866174522051864,0.700647781723657,0.175331899314502,0.254222222222222,NA,NA
"Muraro","level","Random",200,200,0.0114181319936058,0.0114181319936058,0.0114181319936058,0.108516078601986,0.000165875851768956,0.0335122174012332,NA,NA
"Muraro","level","DIFS_stage1only",300,300,0.4375,0.281609195402299,0.17717206132879,0.875,0.75,0.346666666666667,NA,NA
"Muraro","level","Seurat",300,300,0.35,0.275862068965517,0.321976149914821,0.75,0.5,0.63,NA,NA
"Muraro","level","Seurat_gated",300,300,0.575,0.53448275862069,0.347529812606474,0.875,0.875,0.68,NA,NA
"Muraro","level","FEAST",300,300,0.5,0.454022988505747,0.250425894378194,0.875,0.625,0.49,NA,NA
"Muraro","level","DIFS",300,300,0.6125,0.557471264367816,0.335604770017036,0.875,0.75,0.656666666666667,NA,NA
"Muraro","level","GateOnly",300,300,0.203333333333333,0.196168582375479,0.12992617830778,0.798818809771933,0.370877654056821,0.254222222222222,NA,NA
"Muraro","level","Random",300,300,0.0171271979904088,0.0171271979904088,0.0171271979904088,0.158694505781652,0.00054593468485161,0.0335122174012332,NA,NA
"Muraro","level","DIFS_stage1only",500,500,0.525,0.402298850574713,0.257240204429302,0.875,0.75,0.302,NA,NA
"Muraro","level","Seurat",500,500,0.425,0.379310344827586,0.434412265758092,0.875,0.625,0.51,NA,NA
"Muraro","level","Seurat_gated",500,500,0.6875,0.64367816091954,0.431005110732538,0.875,0.875,0.506,NA,NA
"Muraro","level","FEAST",500,500,0.6875,0.609195402298851,0.378194207836457,0.875,0.875,0.444,NA,NA
"Muraro","level","DIFS",500,500,0.675,0.620689655172414,0.410562180579216,0.875,0.875,0.482,NA,NA
"Muraro","level","GateOnly",500,500,0.338888888888889,0.326947637292465,0.216543630512966,0.860061496751709,0.678626980448094,0.254222222222222,NA,NA
"Muraro","level","Random",500,500,0.0285453299840146,0.0285453299840146,0.0285453299840146,0.25149861760567,0.00238851448046798,0.0335122174012332,NA,NA
"Muraro","level","DIFS_stage1only",750,750,0.675,0.545977011494253,0.367972742759796,0.875,0.75,0.288,NA,NA
"Muraro","level","Seurat",750,750,0.5125,0.477011494252874,0.531516183986371,0.875,0.75,0.416,NA,NA
"Muraro","level","Seurat_gated",750,750,0.725,0.695402298850575,0.465076660988075,0.875,0.875,0.364,NA,NA
"Muraro","level","FEAST",750,750,0.775,0.695402298850575,0.507666098807496,0.875,0.875,0.397333333333333,NA,NA
"Muraro","level","DIFS",750,750,0.75,0.706896551724138,0.526405451448041,0.875,0.875,0.412,NA,NA
"Muraro","level","GateOnly",750,750,0.508333333333333,0.490421455938697,0.324815445769449,0.87344135026717,0.819017465728,0.254222222222222,NA,NA
"Muraro","level","Random",750,750,0.0428179949760219,0.0428179949760219,0.0428179949760219,0.354501371480398,0.00748533630306786,0.0335122174012332,NA,NA
"Muraro","level","DIFS_stage1only",1000,1000,0.7375,0.701149425287356,0.444633730834753,0.875,0.875,0.261,NA,NA
"Muraro","level","Seurat",1000,1000,0.55,0.545977011494253,0.604770017035775,0.875,0.75,0.355,NA,NA
"Muraro","level","Seurat_gated",1000,1000,0.7375,0.71264367816092,0.47870528109029,0.875,0.875,0.281,NA,NA
"Muraro","level","FEAST",1000,1000,0.8125,0.747126436781609,0.589437819420784,0.875,0.875,0.346,NA,NA
"Muraro","level","DIFS",1000,1000,0.8375,0.798850574712644,0.640545144804089,1,0.875,0.376,NA,NA
"Muraro","level","GateOnly",1000,1000,0.677777777777778,0.65389527458493,0.433087261025932,0.874981749282768,0.867088575043163,0.254222222222222,NA,NA
"Muraro","level","Random",1000,1000,0.0570906599680292,0.0570906599680292,0.0570906599680292,0.444566849393185,0.0164514435151878,0.0335122174012332,NA,NA
"Muraro","level","DIFS_stage1only",1500,1125,0.7625,0.735632183908046,0.487223168654174,0.875,0.875,0.254222222222222,NA,NA
"Muraro","level","Seurat",1500,1500,0.6625,0.64367816091954,0.681431005110733,0.875,0.875,0.266666666666667,NA,NA
"Muraro","level","Seurat_gated",1500,1125,0.7625,0.735632183908046,0.487223168654174,0.875,0.875,0.254222222222222,NA,NA
"Muraro","level","FEAST",1500,1500,0.8625,0.827586206896552,0.69335604770017,1,0.875,0.271333333333333,NA,NA
"Muraro","level","DIFS",1500,1500,0.9375,0.885057471264368,0.798977853492334,1,1,0.312666666666667,NA,NA
"Muraro","level","GateOnly",1500,1125,0.7625,0.735632183908046,0.487223168654174,0.875,0.875,0.254222222222222,NA,NA
"Muraro","level","Random",1500,1500,0.0856359899520438,0.0856359899520438,0.0856359899520438,0.591599090367078,0.0476238289036997,0.0335122174012332,NA,NA
"Muraro","level","DIFS_stage1only",2500,1125,0.7625,0.735632183908046,0.487223168654174,0.875,0.875,0.254222222222222,NA,NA
"Muraro","level","Seurat",2500,2500,0.775,0.752873563218391,0.785349233390119,1,1,0.1844,NA,NA
"Muraro","level","Seurat_gated",2500,1125,0.7625,0.735632183908046,0.487223168654174,0.875,0.875,0.254222222222222,NA,NA
"Muraro","level","FEAST",2500,2500,0.9375,0.890804597701149,0.800681431005111,1,1,0.188,NA,NA
"Muraro","level","DIFS",2500,1921,1,0.954022988505747,0.833049403747871,1,1,0.254554919312858,NA,NA
"Muraro","level","GateOnly",2500,1125,0.7625,0.735632183908046,0.487223168654174,0.875,0.875,0.254222222222222,NA,NA
"Muraro","level","Random",2500,2500,0.142726649920073,0.142726649920073,0.142726649920073,0.785707288510438,0.161228178480688,0.0335122174012332,NA,NA
"Muraro","level","DIFS_stage1only",NA,1125,NA,NA,NA,NA,NA,NA,460,NA
"Muraro","level","Seurat",NA,17516,NA,NA,NA,NA,NA,NA,698,2941
"Muraro","level","Seurat_gated",NA,1125,NA,NA,NA,NA,NA,NA,197,NA
"Muraro","level","FEAST",NA,17516,NA,NA,NA,NA,NA,NA,296,835
"Muraro","detection","DIFS_stage1only",100,100,0.05,0.0408163265306122,0.00650336006936917,0.375,0,0.3,NA,NA
"Muraro","detection","Seurat",100,100,0.0375,0.076530612244898,0.0208107522219814,0.25,0,0.96,NA,NA
"Muraro","detection","Seurat_gated",100,100,0.1125,0.11734693877551,0.0197268588770865,0.5,0.125,0.91,NA,NA
"Muraro","detection","FEAST",100,100,0.1125,0.0714285714285714,0.0151745068285281,0.25,0.25,0.7,NA,NA
"Muraro","detection","DIFS",100,100,0.1125,0.0969387755102041,0.0149577281595491,0.5,0.125,0.69,NA,NA
"Muraro","detection","GateOnly",100,100,0.0233333333333333,0.0208616780045351,0.00499072669027146,0.198168395054223,0.00344177343049489,0.230222222222222,NA,NA
"Muraro","detection","Random",100,100,0.00570906599680292,0.00570906599680292,0.00570906599680292,0.0556599985751078,2.10458303873519e-05,0.263359214432519,NA,NA
"Muraro","detection","DIFS_stage1only",200,200,0.075,0.0612244897959184,0.0127899414697594,0.5,0,0.295,NA,NA
"Muraro","detection","Seurat",200,200,0.175,0.178571428571429,0.0398872750921309,0.625,0.25,0.92,NA,NA
"Muraro","detection","Seurat_gated",200,200,0.1625,0.173469387755102,0.03164968567093,0.625,0.25,0.73,NA,NA
"Muraro","detection","FEAST",200,200,0.1625,0.142857142857143,0.0327335790158248,0.375,0.25,0.755,NA,NA
"Muraro","detection","DIFS",200,200,0.175,0.147959183673469,0.0262302189464557,0.5,0.375,0.605,NA,NA
"Muraro","detection","GateOnly",200,200,0.0466666666666667,0.0417233560090703,0.00998145338054291,0.339425800422678,0.0222642154755795,0.230222222222222,NA,NA
"Muraro","detection","Random",200,200,0.0114181319936058,0.0114181319936058,0.0114181319936058,0.108516078601986,0.000165875851768956,0.263359214432519,NA,NA
"Muraro","detection","DIFS_stage1only",300,300,0.075,0.076530612244898,0.0179926295252547,0.5,0,0.276666666666667,NA,NA
"Muraro","detection","Seurat",300,300,0.3,0.295918367346939,0.0576631259484067,0.75,0.5,0.886666666666667,NA,NA
"Muraro","detection","Seurat_gated",300,300,0.175,0.188775510204082,0.0398872750921309,0.625,0.375,0.613333333333333,NA,NA
"Muraro","detection","FEAST",300,300,0.2625,0.204081632653061,0.0498590938651637,0.625,0.25,0.766666666666667,NA,NA
"Muraro","detection","DIFS",300,300,0.25,0.188775510204082,0.0349013657056146,0.75,0.5,0.536666666666667,NA,NA
"Muraro","detection","GateOnly",300,300,0.07,0.0625850340136054,0.0149721800708144,0.440753352708424,0.0598865364127596,0.230222222222222,NA,NA
"Muraro","detection","Random",300,300,0.0171271979904088,0.0171271979904088,0.0171271979904088,0.158694505781652,0.00054593468485161,0.263359214432519,NA,NA
"Muraro","detection","DIFS_stage1only",500,500,0.15,0.13265306122449,0.0286147843052244,0.5,0.375,0.264,NA,NA
"Muraro","detection","Seurat",500,500,0.4375,0.438775510204082,0.0910470409711684,0.75,0.625,0.84,NA,NA
"Muraro","detection","Seurat_gated",500,500,0.2,0.204081632653061,0.047257749837416,0.625,0.5,0.436,NA,NA
"Muraro","detection","FEAST",500,500,0.3875,0.38265306122449,0.0854107955777152,0.875,0.625,0.788,NA,NA
"Muraro","detection","DIFS",500,500,0.275,0.229591836734694,0.0453067418166052,0.75,0.5,0.418,NA,NA
"Muraro","detection","GateOnly",500,500,0.116666666666667,0.104308390022676,0.0249536334513573,0.569287230738131,0.173872363934836,0.230222222222222,NA,NA
"Muraro","detection","Random",500,500,0.0285453299840146,0.0285453299840146,0.0285453299840146,0.25149861760567,0.00238851448046798,0.263359214432519,NA,NA
"Muraro","detection","DIFS_stage1only",750,750,0.2125,0.183673469387755,0.0427053977888576,0.625,0.375,0.262666666666667,NA,NA
"Muraro","detection","Seurat",750,750,0.55,0.535714285714286,0.12659874268372,0.875,0.75,0.778666666666667,NA,NA
"Muraro","detection","Seurat_gated",750,750,0.225,0.214285714285714,0.0505094298721006,0.625,0.5,0.310666666666667,NA,NA
"Muraro","detection","FEAST",750,750,0.5875,0.561224489795918,0.13288532408411,0.875,0.75,0.817333333333333,NA,NA
"Muraro","detection","DIFS",750,750,0.3,0.280612244897959,0.0619986993279861,0.75,0.5,0.381333333333333,NA,NA
"Muraro","detection","GateOnly",750,750,0.175,0.156462585034014,0.0374304501770359,0.659974630742867,0.329287792455302,0.230222222222222,NA,NA
"Muraro","detection","Random",750,750,0.0428179949760219,0.0428179949760219,0.0428179949760219,0.354501371480398,0.00748533630306786,0.263359214432519,NA,NA
"Muraro","detection","DIFS_stage1only",1000,1000,0.2375,0.219387755102041,0.0533275525688272,0.625,0.5,0.246,NA,NA
"Muraro","detection","Seurat",1000,1000,0.65,0.647959183673469,0.161066551051377,1,0.75,0.743,NA,NA
"Muraro","detection","Seurat_gated",1000,1000,0.25,0.224489795918367,0.0526772165618903,0.625,0.5,0.243,NA,NA
"Muraro","detection","FEAST",1000,1000,0.7375,0.673469387755102,0.174506828528073,0.875,0.875,0.805,NA,NA
"Muraro","detection","DIFS",1000,1000,0.4125,0.362244897959184,0.0860611315846521,0.875,0.75,0.397,NA,NA
"Muraro","detection","GateOnly",1000,1000,0.233333333333333,0.208616780045351,0.0499072669027146,0.722034160360465,0.453406033910426,0.230222222222222,NA,NA
"Muraro","detection","Random",1000,1000,0.0570906599680292,0.0570906599680292,0.0570906599680292,0.444566849393185,0.0164514435151878,0.263359214432519,NA,NA
"Muraro","detection","DIFS_stage1only",1500,1125,0.2625,0.23469387755102,0.0561456752655539,0.75,0.5,0.230222222222222,NA,NA
"Muraro","detection","Seurat",1500,1500,0.8125,0.780612244897959,0.226533709083026,1,1,0.696666666666667,NA,NA
"Muraro","detection","Seurat_gated",1500,1125,0.2625,0.23469387755102,0.0561456752655539,0.75,0.5,0.230222222222222,NA,NA
"Muraro","detection","FEAST",1500,1500,0.825,0.780612244897959,0.25536527205723,0.875,0.875,0.785333333333333,NA,NA
"Muraro","detection","DIFS",1500,1500,0.5,0.48469387755102,0.140472577498374,1,1,0.432,NA,NA
"Muraro","detection","GateOnly",1500,1125,0.2625,0.23469387755102,0.0561456752655539,0.75,0.5,0.230222222222222,NA,NA
"Muraro","detection","Random",1500,1500,0.0856359899520438,0.0856359899520438,0.0856359899520438,0.591599090367078,0.0476238289036997,0.263359214432519,NA,NA
"Muraro","detection","DIFS_stage1only",2500,1125,0.2625,0.23469387755102,0.0561456752655539,0.75,0.5,0.230222222222222,NA,NA
"Muraro","detection","Seurat",2500,2500,0.95,0.903061224489796,0.346412313028398,1,1,0.6392,NA,NA
"Muraro","detection","Seurat_gated",2500,1125,0.2625,0.23469387755102,0.0561456752655539,0.75,0.5,0.230222222222222,NA,NA
"Muraro","detection","FEAST",2500,2500,0.8375,0.846938775510204,0.393236505527856,0.875,0.875,0.7256,NA,NA
"Muraro","detection","DIFS",2500,1921,0.5125,0.510204081632653,0.163234337741166,1,1,0.39198334200937,NA,NA
"Muraro","detection","GateOnly",2500,1125,0.2625,0.23469387755102,0.0561456752655539,0.75,0.5,0.230222222222222,NA,NA
"Muraro","detection","Random",2500,2500,0.142726649920073,0.142726649920073,0.142726649920073,0.785707288510438,0.161228178480688,0.263359214432519,NA,NA
"Muraro","detection","DIFS_stage1only",NA,1125,NA,NA,NA,NA,NA,NA,NA,NA
"Muraro","detection","Seurat",NA,17516,NA,NA,NA,NA,NA,NA,563,1429
"Muraro","detection","Seurat_gated",NA,1125,NA,NA,NA,NA,NA,NA,NA,NA
"Muraro","detection","FEAST",NA,17516,NA,NA,NA,NA,NA,NA,633,1190
"Muraro","wilcox","DIFS_stage1only",100,100,0.225,0.137755102040816,0.0464700625558534,0.875,0.375,0.52,NA,NA
"Muraro","wilcox","Seurat",100,100,0.1625,0.153061224489796,0.0875781948168007,0.625,0.25,0.98,NA,NA
"Muraro","wilcox","Seurat_gated",100,100,0.2625,0.239795918367347,0.0884718498659517,0.75,0.375,0.99,NA,NA
"Muraro","wilcox","FEAST",100,100,0.325,0.280612244897959,0.0804289544235925,0.625,0.375,0.9,NA,NA
"Muraro","wilcox","DIFS",100,100,0.35,0.275510204081633,0.0795352993744415,0.875,0.5,0.89,NA,NA
"Muraro","wilcox","GateOnly",100,100,0.06,0.0594104308390023,0.0293913216165227,0.428342548550077,0.0294799543424986,0.328888888888889,NA,NA
"Muraro","wilcox","Random",100,100,0.00570906599680292,0.00570906599680292,0.00570906599680292,0.0556599985751078,2.10458303873519e-05,0.0638844485042247,NA,NA
"Muraro","wilcox","DIFS_stage1only",200,200,0.3125,0.204081632653061,0.0813226094727435,0.875,0.625,0.455,NA,NA
"Muraro","wilcox","Seurat",200,200,0.2625,0.25,0.164432529043789,0.75,0.25,0.92,NA,NA
"Muraro","wilcox","Seurat_gated",200,200,0.425,0.38265306122449,0.168007149240393,0.875,0.75,0.94,NA,NA
"Muraro","wilcox","FEAST",200,200,0.375,0.372448979591837,0.152815013404826,0.625,0.5,0.855,NA,NA
"Muraro","wilcox","DIFS",200,200,0.5375,0.443877551020408,0.13941018766756,1,0.625,0.78,NA,NA
"Muraro","wilcox","GateOnly",200,200,0.12,0.118820861678005,0.0587826432330454,0.632085212073276,0.150965863239138,0.328888888888889,NA,NA
"Muraro","wilcox","Random",200,200,0.0114181319936058,0.0114181319936058,0.0114181319936058,0.108516078601986,0.000165875851768956,0.0638844485042247,NA,NA
"Muraro","wilcox","DIFS_stage1only",300,300,0.3625,0.255102040816327,0.107238605898123,0.875,0.625,0.4,NA,NA
"Muraro","wilcox","Seurat",300,300,0.3625,0.331632653061224,0.23503127792672,0.75,0.5,0.876666666666667,NA,NA
"Muraro","wilcox","Seurat_gated",300,300,0.525,0.489795918367347,0.221626452189455,0.875,0.75,0.826666666666667,NA,NA
"Muraro","wilcox","FEAST",300,300,0.4875,0.494897959183673,0.214477211796247,0.75,0.5,0.8,NA,NA
"Muraro","wilcox","DIFS",300,300,0.5875,0.525510204081633,0.184986595174263,1,0.75,0.69,NA,NA
"Muraro","wilcox","GateOnly",300,300,0.18,0.178231292517007,0.0881739648495681,0.727664067279184,0.321502275191302,0.328888888888889,NA,NA
"Muraro","wilcox","Random",300,300,0.0171271979904088,0.0171271979904088,0.0171271979904088,0.158694505781652,0.00054593468485161,0.0638844485042247,NA,NA
"Muraro","wilcox","DIFS_stage1only",500,500,0.4375,0.36734693877551,0.164432529043789,0.875,0.75,0.368,NA,NA
"Muraro","wilcox","Seurat",500,500,0.4625,0.418367346938776,0.346738159070599,0.875,0.625,0.776,NA,NA
"Muraro","wilcox","Seurat_gated",500,500,0.6,0.586734693877551,0.284182305630027,0.875,0.75,0.636,NA,NA
"Muraro","wilcox","FEAST",500,500,0.7375,0.704081632653061,0.323503127792672,1,0.875,0.724,NA,NA
"Muraro","wilcox","DIFS",500,500,0.6625,0.612244897959184,0.243967828418231,1,0.875,0.546,NA,NA
"Muraro","wilcox","GateOnly",500,500,0.3,0.297052154195011,0.146956608082613,0.79855232531128,0.600168063173922,0.328888888888889,NA,NA
"Muraro","wilcox","Random",500,500,0.0285453299840146,0.0285453299840146,0.0285453299840146,0.25149861760567,0.00238851448046798,0.0638844485042247,NA,NA
"Muraro","wilcox","DIFS_stage1only",750,750,0.5625,0.51530612244898,0.242180518319929,0.875,0.75,0.361333333333333,NA,NA
"Muraro","wilcox","Seurat",750,750,0.575,0.530612244897959,0.456657730116175,0.875,0.75,0.681333333333333,NA,NA
"Muraro","wilcox","Seurat_gated",750,750,0.625,0.627551020408163,0.310098302055407,0.875,0.75,0.462666666666667,NA,NA
"Muraro","wilcox","FEAST",750,750,0.8375,0.841836734693878,0.446827524575514,1,1,0.666666666666667,NA,NA
"Muraro","wilcox","DIFS",750,750,0.725,0.693877551020408,0.329758713136729,1,1,0.492,NA,NA
"Muraro","wilcox","GateOnly",750,750,0.45,0.445578231292517,0.22043491212392,0.833103552014145,0.730324296404309,0.328888888888889,NA,NA
"Muraro","wilcox","Random",750,750,0.0428179949760219,0.0428179949760219,0.0428179949760219,0.354501371480398,0.00748533630306786,0.0638844485042247,NA,NA
"Muraro","wilcox","DIFS_stage1only",1000,1000,0.65,0.627551020408163,0.301161751563896,0.875,0.75,0.337,NA,NA
"Muraro","wilcox","Seurat",1000,1000,0.65,0.591836734693878,0.54781054512958,0.875,0.75,0.613,NA,NA
"Muraro","wilcox","Seurat_gated",1000,1000,0.6375,0.647959183673469,0.32171581769437,0.875,0.75,0.36,NA,NA
"Muraro","wilcox","FEAST",1000,1000,0.875,0.897959183673469,0.53887399463807,1,1,0.603,NA,NA
"Muraro","wilcox","DIFS",1000,1000,0.875,0.816326530612245,0.445040214477212,1,1,0.498,NA,NA
"Muraro","wilcox","GateOnly",1000,1000,0.6,0.594104308390023,0.293913216165227,0.861110877528458,0.749736777662373,0.328888888888889,NA,NA
"Muraro","wilcox","Random",1000,1000,0.0570906599680292,0.0570906599680292,0.0570906599680292,0.444566849393185,0.0164514435151878,0.0638844485042247,NA,NA
"Muraro","wilcox","DIFS_stage1only",1500,1125,0.675,0.668367346938776,0.33065236818588,0.875,0.75,0.328888888888889,NA,NA
"Muraro","wilcox","Seurat",1500,1500,0.75,0.658163265306122,0.644325290437891,0.875,0.875,0.480666666666667,NA,NA
"Muraro","wilcox","Seurat_gated",1500,1125,0.675,0.668367346938776,0.33065236818588,0.875,0.75,0.328888888888889,NA,NA
"Muraro","wilcox","FEAST",1500,1500,0.925,0.933673469387755,0.66041108132261,1,1,0.492666666666667,NA,NA
"Muraro","wilcox","DIFS",1500,1500,0.95,0.903061224489796,0.641644325290438,1,1,0.478666666666667,NA,NA
"Muraro","wilcox","GateOnly",1500,1125,0.675,0.668367346938776,0.33065236818588,0.875,0.75,0.328888888888889,NA,NA
"Muraro","wilcox","Random",1500,1500,0.0856359899520438,0.0856359899520438,0.0856359899520438,0.591599090367078,0.0476238289036997,0.0638844485042247,NA,NA
"Muraro","wilcox","DIFS_stage1only",2500,1125,0.675,0.668367346938776,0.33065236818588,0.875,0.75,0.328888888888889,NA,NA
"Muraro","wilcox","Seurat",2500,2500,0.85,0.801020408163265,0.786416443252904,1,1,0.352,NA,NA
"Muraro","wilcox","Seurat_gated",2500,1125,0.675,0.668367346938776,0.33065236818588,0.875,0.75,0.328888888888889,NA,NA
"Muraro","wilcox","FEAST",2500,2500,0.975,0.964285714285714,0.801608579088472,1,1,0.3588,NA,NA
"Muraro","wilcox","DIFS",2500,1921,0.9875,0.964285714285714,0.671134941912422,1,1,0.390942217595003,NA,NA
"Muraro","wilcox","GateOnly",2500,1125,0.675,0.668367346938776,0.33065236818588,0.875,0.75,0.328888888888889,NA,NA
"Muraro","wilcox","Random",2500,2500,0.142726649920073,0.142726649920073,0.142726649920073,0.785707288510438,0.161228178480688,0.0638844485042247,NA,NA
"Muraro","wilcox","DIFS_stage1only",NA,1125,NA,NA,NA,NA,NA,NA,666,NA
"Muraro","wilcox","Seurat",NA,17516,NA,NA,NA,NA,NA,NA,579,1939
"Muraro","wilcox","Seurat_gated",NA,1125,NA,NA,NA,NA,NA,NA,216,NA
"Muraro","wilcox","FEAST",NA,17516,NA,NA,NA,NA,NA,NA,304,635
"Romanov","hurdle","DIFS_stage1only",100,100,0.1,0.0742857142857143,0.0305927342256214,0.571428571428571,0.142857142857143,0.48,NA,NA
"Romanov","hurdle","Seurat",100,100,0.371428571428571,0.182857142857143,0.0382409177820268,0.714285714285714,0.571428571428571,0.6,NA,NA
"Romanov","hurdle","Seurat_gated",100,100,0.314285714285714,0.194285714285714,0.0541746335245379,0.571428571428571,0.571428571428571,0.85,NA,NA
"Romanov","hurdle","FEAST",100,100,0.3,0.297142857142857,0.0637348629700446,0.428571428571429,0.285714285714286,1,NA,NA
"Romanov","hurdle","DIFS",100,100,0.271428571428571,0.222857142857143,0.0567240280433397,0.714285714285714,0.428571428571429,0.89,NA,NA
"Romanov","hurdle","GateOnly",100,100,0.0336927223719677,0.0311198235726538,0.0215364802831883,0.282791033664506,0.00517109488887357,0.337907375643225,NA,NA
"Romanov","hurdle","Random",100,100,0.00538996388724196,0.00538996388724196,0.00538996388724196,0.052623383086235,1.77391233316282e-05,0.0845685333908263,NA,NA
"Romanov","hurdle","DIFS_stage1only",200,200,0.157142857142857,0.137142857142857,0.0579987253027406,0.571428571428571,0.428571428571429,0.455,NA,NA
"Romanov","hurdle","Seurat",200,200,0.471428571428571,0.337142857142857,0.082855321861058,0.714285714285714,0.714285714285714,0.65,NA,NA
"Romanov","hurdle","Seurat_gated",200,200,0.414285714285714,0.337142857142857,0.113448056086679,0.857142857142857,0.571428571428571,0.89,NA,NA
"Romanov","hurdle","FEAST",200,200,0.314285714285714,0.325714285714286,0.126832377310389,0.571428571428571,0.285714285714286,0.995,NA,NA
"Romanov","hurdle","DIFS",200,200,0.342857142857143,0.285714285714286,0.0866794136392607,0.714285714285714,0.571428571428571,0.68,NA,NA
"Romanov","hurdle","GateOnly",200,200,0.0673854447439353,0.0622396471453075,0.0430729605663766,0.477445701323864,0.0336536411237484,0.337907375643225,NA,NA
"Romanov","hurdle","Random",200,200,0.0107799277744839,0.0107799277744839,0.0107799277744839,0.102741218817142,0.000140049823018333,0.0845685333908263,NA,NA
"Romanov","hurdle","DIFS_stage1only",300,300,0.242857142857143,0.211428571428571,0.082855321861058,0.714285714285714,0.571428571428571,0.433333333333333,NA,NA
"Romanov","hurdle","Seurat",300,300,0.557142857142857,0.417142857142857,0.123008285532186,0.857142857142857,0.714285714285714,0.643333333333333,NA,NA
"Romanov","hurdle","Seurat_gated",300,300,0.514285714285714,0.417142857142857,0.166347992351816,0.857142857142857,0.714285714285714,0.87,NA,NA
"Romanov","hurdle","FEAST",300,300,0.357142857142857,0.365714285714286,0.18610579987253,0.714285714285714,0.285714285714286,0.973333333333333,NA,NA
"Romanov","hurdle","DIFS",300,300,0.385714285714286,0.342857142857143,0.115997450605481,0.714285714285714,0.571428571428571,0.606666666666667,NA,NA
"Romanov","hurdle","GateOnly",300,300,0.101078167115903,0.0933594707179613,0.064609440849565,0.609630106673876,0.0911965338759446,0.337907375643225,NA,NA
"Romanov","hurdle","Random",300,300,0.0161698916617259,0.0161698916617259,0.0161698916617259,0.150460114961309,0.000461718168647873,0.0845685333908263,NA,NA
"Romanov","hurdle","DIFS_stage1only",500,500,0.271428571428571,0.302857142857143,0.12874442319949,0.714285714285714,0.571428571428571,0.404,NA,NA
"Romanov","hurdle","Seurat",500,500,0.628571428571429,0.537142857142857,0.201402166985341,1,0.714285714285714,0.632,NA,NA
"Romanov","hurdle","Seurat_gated",500,500,0.614285714285714,0.548571428571429,0.274697259400892,0.857142857142857,0.857142857142857,0.862,NA,NA
"Romanov","hurdle","FEAST",500,500,0.585714285714286,0.52,0.297004461440408,0.714285714285714,0.714285714285714,0.932,NA,NA
"Romanov","hurdle","DIFS",500,500,0.457142857142857,0.417142857142857,0.178457616316125,0.857142857142857,0.714285714285714,0.56,NA,NA
"Romanov","hurdle","GateOnly",500,500,0.168463611859838,0.155599117863269,0.107682401415942,0.756519023844381,0.268758055012915,0.337907375643225,NA,NA
"Romanov","hurdle","Random",500,500,0.0269498194362098,0.0269498194362098,0.0269498194362098,0.239107696549232,0.00202697531284233,0.0845685333908263,NA,NA
"Romanov","hurdle","DIFS_stage1only",750,750,0.314285714285714,0.365714285714286,0.178457616316125,0.714285714285714,0.571428571428571,0.373333333333333,NA,NA
"Romanov","hurdle","Seurat",750,750,0.7,0.611428571428571,0.288081580624602,1,0.857142857142857,0.602666666666667,NA,NA
"Romanov","hurdle","Seurat_gated",750,750,0.728571428571429,0.634285714285714,0.364563416188655,0.857142857142857,0.857142857142857,0.762666666666667,NA,NA
"Romanov","hurdle","FEAST",750,750,0.642857142857143,0.64,0.384321223709369,0.714285714285714,0.714285714285714,0.804,NA,NA
"Romanov","hurdle","DIFS",750,750,0.485714285714286,0.474285714285714,0.233269598470363,0.857142857142857,0.714285714285714,0.488,NA,NA
"Romanov","hurdle","GateOnly",750,750,0.252695417789757,0.233398676794903,0.161523602123912,0.827257420784525,0.511865298169564,0.337907375643225,NA,NA
"Romanov","hurdle","Random",750,750,0.0404247291543147,0.0404247291543147,0.0404247291543147,0.338170561476957,0.00637979315016392,0.0845685333908263,NA,NA
"Romanov","hurdle","DIFS_stage1only",1000,1000,0.371428571428571,0.405714285714286,0.230082855321861,0.714285714285714,0.571428571428571,0.361,NA,NA
"Romanov","hurdle","Seurat",1000,1000,0.742857142857143,0.662857142857143,0.352453792224347,1,1,0.553,NA,NA
"Romanov","hurdle","Seurat_gated",1000,1000,0.757142857142857,0.668571428571429,0.417463352453792,0.857142857142857,0.857142857142857,0.655,NA,NA
"Romanov","hurdle","FEAST",1000,1000,0.7,0.685714285714286,0.451242829827916,0.714285714285714,0.714285714285714,0.708,NA,NA
"Romanov","hurdle","DIFS",1000,1000,0.514285714285714,0.542857142857143,0.289993626513703,0.857142857142857,0.714285714285714,0.455,NA,NA
"Romanov","hurdle","GateOnly",1000,1000,0.336927223719677,0.311198235726538,0.215364802831883,0.849210566499596,0.690806779032366,0.337907375643225,NA,NA
"Romanov","hurdle","Random",1000,1000,0.0538996388724196,0.0538996388724196,0.0538996388724196,0.425470873907771,0.014082985411426,0.0845685333908263,NA,NA
"Romanov","hurdle","DIFS_stage1only",1500,1500,0.542857142857143,0.548571428571429,0.34225621414914,0.857142857142857,0.857142857142857,0.358,NA,NA
"Romanov","hurdle","Seurat",1500,1500,0.857142857142857,0.765714285714286,0.475462077756533,1,1,0.497333333333333,NA,NA
"Romanov","hurdle","Seurat_gated",1500,1500,0.757142857142857,0.68,0.456341618865519,0.857142857142857,0.857142857142857,0.477333333333333,NA,NA
"Romanov","hurdle","FEAST",1500,1500,0.742857142857143,0.725714285714286,0.552581261950287,0.857142857142857,0.714285714285714,0.578,NA,NA
"Romanov","hurdle","DIFS",1500,1500,0.671428571428571,0.72,0.584448693435309,1,0.857142857142857,0.611333333333333,NA,NA
"Romanov","hurdle","GateOnly",1500,1500,0.505390835579515,0.466797353589806,0.323047204247825,0.856820189103369,0.834457480791496,0.337907375643225,NA,NA
"Romanov","hurdle","Random",1500,1500,0.0808494583086293,0.0808494583086293,0.0808494583086293,0.569697582650789,0.0411305363002157,0.0845685333908263,NA,NA
"Romanov","hurdle","DIFS_stage1only",2500,2332,0.785714285714286,0.725714285714286,0.502230720203952,0.857142857142857,0.857142857142857,0.337907375643225,NA,NA
"Romanov","hurdle","Seurat",2500,2500,0.9,0.851428571428571,0.624601657106437,1,1,0.392,NA,NA
"Romanov","hurdle","Seurat_gated",2500,2332,0.785714285714286,0.725714285714286,0.502230720203952,0.857142857142857,0.857142857142857,0.337907375643225,NA,NA
"Romanov","hurdle","FEAST",2500,2500,0.8,0.811428571428571,0.69980879541109,0.857142857142857,0.857142857142857,0.4392,NA,NA
"Romanov","hurdle","DIFS",2500,2500,0.842857142857143,0.822857142857143,0.727852135117909,1,0.857142857142857,0.4568,NA,NA
"Romanov","hurdle","GateOnly",2500,2332,0.785714285714286,0.725714285714286,0.502230720203952,0.857142857142857,0.857142857142857,0.337907375643225,NA,NA
"Romanov","hurdle","Random",2500,2500,0.134749097181049,0.134749097181049,0.134749097181049,0.764897902118922,0.141800944090098,0.0845685333908263,NA,NA
"Romanov","hurdle","DIFS_stage1only",NA,2332,NA,NA,NA,NA,NA,NA,1415,NA
"Romanov","hurdle","Seurat",NA,18553,NA,NA,NA,NA,NA,NA,230,1081
"Romanov","hurdle","Seurat_gated",NA,2332,NA,NA,NA,NA,NA,NA,255,NA
"Romanov","hurdle","FEAST",NA,18553,NA,NA,NA,NA,NA,NA,405,2327
"Romanov","level","DIFS_stage1only",100,100,0.157142857142857,0.116279069767442,0.0472779369627507,0.571428571428571,0.285714285714286,0.33,NA,NA
"Romanov","level","Seurat",100,100,0.0857142857142857,0.0523255813953488,0.0759312320916905,0.571428571428571,0.142857142857143,0.53,NA,NA
"Romanov","level","Seurat_gated",100,100,0.171428571428571,0.156976744186047,0.0873925501432665,0.571428571428571,0.428571428571429,0.61,NA,NA
"Romanov","level","FEAST",100,100,0.214285714285714,0.209302325581395,0.0974212034383954,0.428571428571429,0.285714285714286,0.68,NA,NA
"Romanov","level","DIFS",100,100,0.2,0.191860465116279,0.0902578796561605,0.428571428571429,0.285714285714286,0.63,NA,NA
"Romanov","level","GateOnly",100,100,0.0379808870374908,0.0363995372771152,0.0213179532798931,0.320165615073069,0.00559798331200155,0.148799313893654,NA,NA
"Romanov","level","Random",100,100,0.00538996388724196,0.00538996388724196,0.00538996388724196,0.052623383086235,1.77391233316282e-05,0.0376219479329488,NA,NA
"Romanov","level","DIFS_stage1only",200,200,0.157142857142857,0.168604651162791,0.0773638968481375,0.571428571428571,0.285714285714286,0.27,NA,NA
"Romanov","level","Seurat",200,200,0.157142857142857,0.122093023255814,0.150429799426934,0.714285714285714,0.285714285714286,0.525,NA,NA
"Romanov","level","Seurat_gated",200,200,0.285714285714286,0.25,0.153295128939828,0.714285714285714,0.571428571428571,0.535,NA,NA
"Romanov","level","FEAST",200,200,0.342857142857143,0.325581395348837,0.144699140401146,0.571428571428571,0.428571428571429,0.505,NA,NA
"Romanov","level","DIFS",200,200,0.228571428571429,0.244186046511628,0.1189111747851,0.571428571428571,0.285714285714286,0.415,NA,NA
"Romanov","level","GateOnly",200,200,0.0759617740749816,0.0727990745542303,0.0426359065597861,0.542820411954972,0.0365689031448177,0.148799313893654,NA,NA
"Romanov","level","Random",200,200,0.0107799277744839,0.0107799277744839,0.0107799277744839,0.102741218817142,0.000140049823018333,0.0376219479329488,NA,NA
"Romanov","level","DIFS_stage1only",300,300,0.214285714285714,0.238372093023256,0.111747851002865,0.857142857142857,0.428571428571429,0.26,NA,NA
"Romanov","level","Seurat",300,300,0.2,0.168604651162791,0.20487106017192,0.714285714285714,0.428571428571429,0.476666666666667,NA,NA
"Romanov","level","Seurat_gated",300,300,0.385714285714286,0.343023255813953,0.197707736389685,0.857142857142857,0.571428571428571,0.46,NA,NA
"Romanov","level","FEAST",300,300,0.385714285714286,0.36046511627907,0.177650429799427,0.714285714285714,0.428571428571429,0.413333333333333,NA,NA
"Romanov","level","DIFS",300,300,0.257142857142857,0.296511627906977,0.151862464183381,0.714285714285714,0.285714285714286,0.353333333333333,NA,NA
"Romanov","level","GateOnly",300,300,0.113942661112472,0.109198611831345,0.0639538598396792,0.695851283849597,0.0994825905411865,0.148799313893654,NA,NA
"Romanov","level","Random",300,300,0.0161698916617259,0.0161698916617259,0.0161698916617259,0.150460114961309,0.000461718168647873,0.0376219479329488,NA,NA
"Romanov","level","DIFS_stage1only",500,500,0.271428571428571,0.302325581395349,0.160458452722063,1,0.428571428571429,0.224,NA,NA
"Romanov","level","Seurat",500,500,0.285714285714286,0.255813953488372,0.299426934097421,0.714285714285714,0.571428571428571,0.418,NA,NA
"Romanov","level","Seurat_gated",500,500,0.457142857142857,0.441860465116279,0.263610315186246,1,0.714285714285714,0.368,NA,NA
"Romanov","level","FEAST",500,500,0.485714285714286,0.447674418604651,0.242120343839542,0.857142857142857,0.714285714285714,0.338,NA,NA
"Romanov","level","DIFS",500,500,0.342857142857143,0.377906976744186,0.202005730659026,1,0.571428571428571,0.282,NA,NA
"Romanov","level","GateOnly",500,500,0.189904435187454,0.181997686385576,0.106589766399465,0.869546113852713,0.29556379290344,0.148799313893654,NA,NA
"Romanov","level","Random",500,500,0.0269498194362098,0.0269498194362098,0.0269498194362098,0.239107696549232,0.00202697531284233,0.0376219479329488,NA,NA
"Romanov","level","DIFS_stage1only",750,750,0.357142857142857,0.377906976744186,0.210601719197708,1,0.571428571428571,0.196,NA,NA
"Romanov","level","Seurat",750,750,0.328571428571429,0.337209302325581,0.371060171919771,0.857142857142857,0.714285714285714,0.345333333333333,NA,NA
"Romanov","level","Seurat_gated",750,750,0.557142857142857,0.540697674418605,0.32378223495702,1,0.857142857142857,0.301333333333333,NA,NA
"Romanov","level","FEAST",750,750,0.542857142857143,0.540697674418605,0.305157593123209,0.857142857142857,0.714285714285714,0.284,NA,NA
"Romanov","level","DIFS",750,750,0.428571428571429,0.436046511627907,0.256446991404011,1,0.571428571428571,0.238666666666667,NA,NA
"Romanov","level","GateOnly",750,750,0.284856652781181,0.272996529578364,0.159884649599198,0.957141040082495,0.568858808631158,0.148799313893654,NA,NA
"Romanov","level","Random",750,750,0.0404247291543147,0.0404247291543147,0.0404247291543147,0.338170561476957,0.00637979315016392,0.0376219479329488,NA,NA
"Romanov","level","DIFS_stage1only",1000,1000,0.414285714285714,0.447674418604651,0.257879656160458,1,0.571428571428571,0.18,NA,NA
"Romanov","level","Seurat",1000,1000,0.371428571428571,0.395348837209302,0.421203438395415,1,0.714285714285714,0.294,NA,NA
"Romanov","level","Seurat_gated",1000,1000,0.657142857142857,0.633720930232558,0.368194842406877,1,0.857142857142857,0.257,NA,NA
"Romanov","level","FEAST",1000,1000,0.6,0.604651162790698,0.359598853868195,0.857142857142857,0.714285714285714,0.251,NA,NA
"Romanov","level","DIFS",1000,1000,0.471428571428571,0.511627906976744,0.305157593123209,1,0.714285714285714,0.213,NA,NA
"Romanov","level","GateOnly",1000,1000,0.379808870374908,0.363995372771152,0.213179532798931,0.986743449478538,0.775824153099435,0.148799313893654,NA,NA
"Romanov","level","Random",1000,1000,0.0538996388724196,0.0538996388724196,0.0538996388724196,0.425470873907771,0.014082985411426,0.0376219479329488,NA,NA
"Romanov","level","DIFS_stage1only",1500,1500,0.557142857142857,0.569767441860465,0.363896848137536,1,0.857142857142857,0.169333333333333,NA,NA
"Romanov","level","Seurat",1500,1500,0.5,0.5,0.5,1,0.857142857142857,0.232666666666667,NA,NA
"Romanov","level","Seurat_gated",1500,1500,0.757142857142857,0.709302325581395,0.421203438395415,1,0.857142857142857,0.196,NA,NA
"Romanov","level","FEAST",1500,1500,0.714285714285714,0.709302325581395,0.439828080229226,1,0.857142857142857,0.204666666666667,NA,NA
"Romanov","level","DIFS",1500,1500,0.685714285714286,0.715116279069767,0.47134670487106,1,1,0.219333333333333,NA,NA
"Romanov","level","GateOnly",1500,1500,0.569713305562362,0.545993059156727,0.319769299198396,0.999112427850634,0.956074277218073,0.148799313893654,NA,NA
"Romanov","level","Random",1500,1500,0.0808494583086293,0.0808494583086293,0.0808494583086293,0.569697582650789,0.0411305363002157,0.0376219479329488,NA,NA
"Romanov","level","DIFS_stage1only",2500,2332,0.885714285714286,0.848837209302326,0.497134670487106,1,1,0.148799313893654,NA,NA
"Romanov","level","Seurat",2500,2500,0.6,0.569767441860465,0.593123209169054,1,0.857142857142857,0.1656,NA,NA
"Romanov","level","Seurat_gated",2500,2332,0.885714285714286,0.848837209302326,0.497134670487106,1,1,0.148799313893654,NA,NA
"Romanov","level","FEAST",2500,2500,0.842857142857143,0.825581395348837,0.540114613180516,1,1,0.1508,NA,NA
"Romanov","level","DIFS",2500,2500,0.885714285714286,0.883720930232558,0.627507163323782,1,1,0.1752,NA,NA
"Romanov","level","GateOnly",2500,2332,0.885714285714286,0.848837209302326,0.497134670487106,1,1,0.148799313893654,NA,NA
"Romanov","level","Random",2500,2500,0.134749097181049,0.134749097181049,0.134749097181049,0.764897902118922,0.141800944090098,0.0376219479329488,NA,NA
"Romanov","level","DIFS_stage1only",NA,2332,NA,NA,NA,NA,NA,NA,1347,2107
"Romanov","level","Seurat",NA,18553,NA,NA,NA,NA,NA,NA,1415,6451
"Romanov","level","Seurat_gated",NA,2332,NA,NA,NA,NA,NA,NA,587,1656
"Romanov","level","FEAST",NA,18553,NA,NA,NA,NA,NA,NA,661,2043
"Romanov","detection","DIFS_stage1only",100,100,0.0571428571428571,0.0632183908045977,0.0157223375852863,0.428571428571429,0,0.53,NA,NA
"Romanov","detection","Seurat",100,100,0.357142857142857,0.206896551724138,0.0169089291011569,0.714285714285714,0.571428571428571,0.57,NA,NA
"Romanov","detection","Seurat_gated",100,100,0.2,0.155172413793103,0.0255117175912192,0.571428571428571,0.285714285714286,0.86,NA,NA
"Romanov","detection","FEAST",100,100,0.285714285714286,0.258620689655172,0.0281815485019282,0.285714285714286,0.285714285714286,0.95,NA,NA
"Romanov","detection","DIFS",100,100,0.157142857142857,0.14367816091954,0.0249184218332839,0.571428571428571,0.285714285714286,0.84,NA,NA
"Romanov","detection","GateOnly",100,100,0.0269541778975741,0.0239052857790659,0.0169949213679589,0.231414408634861,0.00330391181817915,0.572898799313894,NA,NA
"Romanov","detection","Random",100,100,0.00538996388724196,0.00538996388724196,0.00538996388724196,0.052623383086235,1.77391233316282e-05,0.181695682638926,NA,NA
"Romanov","detection","DIFS_stage1only",200,200,0.114285714285714,0.109195402298851,0.0332245624443785,0.428571428571429,0.285714285714286,0.56,NA,NA
"Romanov","detection","Seurat",200,200,0.457142857142857,0.333333333333333,0.0376742806288935,0.714285714285714,0.714285714285714,0.635,NA,NA
"Romanov","detection","Seurat_gated",200,200,0.328571428571429,0.270114942528736,0.0533966182141798,0.857142857142857,0.571428571428571,0.9,NA,NA
"Romanov","detection","FEAST",200,200,0.3,0.310344827586207,0.0548798576090181,0.428571428571429,0.285714285714286,0.925,NA,NA
"Romanov","detection","DIFS",200,200,0.271428571428571,0.218390804597701,0.0421239988134085,0.571428571428571,0.571428571428571,0.71,NA,NA
"Romanov","detection","GateOnly",200,200,0.0539083557951483,0.0478105715581317,0.0339898427359177,0.39936323929668,0.0219579612959624,0.572898799313894,NA,NA
"Romanov","detection","Random",200,200,0.0107799277744839,0.0107799277744839,0.0107799277744839,0.102741218817142,0.000140049823018333,0.181695682638926,NA,NA
"Romanov","detection","DIFS_stage1only",300,300,0.171428571428571,0.14367816091954,0.0498368436665678,0.714285714285714,0.285714285714286,0.56,NA,NA
"Romanov","detection","Seurat",300,300,0.542857142857143,0.454022988505747,0.0572530406407594,0.857142857142857,0.714285714285714,0.643333333333333,NA,NA
"Romanov","detection","Seurat_gated",300,300,0.414285714285714,0.362068965517241,0.0809848709581727,0.857142857142857,0.714285714285714,0.91,NA,NA
"Romanov","detection","FEAST",300,300,0.328571428571429,0.362068965517241,0.0830614061109463,0.714285714285714,0.285714285714286,0.933333333333333,NA,NA
"Romanov","detection","DIFS",300,300,0.314285714285714,0.264367816091954,0.0611094630673391,0.571428571428571,0.571428571428571,0.686666666666667,NA,NA
"Romanov","detection","GateOnly",300,300,0.0808625336927224,0.0717158573371976,0.0509847641038766,0.520585107371345,0.0608257452888894,0.572898799313894,NA,NA
"Romanov","detection","Random",300,300,0.0161698916617259,0.0161698916617259,0.0161698916617259,0.150460114961309,0.000461718168647873,0.181695682638926,NA,NA
"Romanov","detection","DIFS_stage1only",500,500,0.314285714285714,0.229885057471264,0.086027884900623,0.714285714285714,0.571428571428571,0.58,NA,NA
"Romanov","detection","Seurat",500,500,0.657142857142857,0.603448275862069,0.0975971521803619,1,0.714285714285714,0.658,NA,NA
"Romanov","detection","Seurat_gated",500,500,0.557142857142857,0.5,0.13467813705132,0.857142857142857,0.714285714285714,0.908,NA,NA
"Romanov","detection","FEAST",500,500,0.528571428571429,0.488505747126437,0.137941263719964,0.714285714285714,0.571428571428571,0.93,NA,NA
"Romanov","detection","DIFS",500,500,0.371428571428571,0.339080459770115,0.100563630970039,0.714285714285714,0.571428571428571,0.678,NA,NA
"Romanov","detection","GateOnly",500,500,0.134770889487871,0.119526428895329,0.0849746068397944,0.670255894039165,0.187730397478388,0.572898799313894,NA,NA
"Romanov","detection","Random",500,500,0.0269498194362098,0.0269498194362098,0.0269498194362098,0.239107696549232,0.00202697531284233,0.181695682638926,NA,NA
"Romanov","detection","DIFS_stage1only",750,750,0.342857142857143,0.275862068965517,0.126965292198161,0.714285714285714,0.714285714285714,0.570666666666667,NA,NA
"Romanov","detection","Seurat",750,750,0.728571428571429,0.67816091954023,0.143874221299318,1,0.857142857142857,0.646666666666667,NA,NA
"Romanov","detection","Seurat_gated",750,750,0.6,0.528735632183908,0.199940670424206,0.857142857142857,0.714285714285714,0.898666666666667,NA,NA
"Romanov","detection","FEAST",750,750,0.628571428571429,0.609195402298851,0.205576980124592,0.714285714285714,0.714285714285714,0.924,NA,NA
"Romanov","detection","DIFS",750,750,0.442857142857143,0.402298850574713,0.14357757342035,0.714285714285714,0.571428571428571,0.645333333333333,NA,NA
"Romanov","detection","GateOnly",750,750,0.202156334231806,0.179289643342994,0.127461910259692,0.760384885832849,0.379124756264106,0.572898799313894,NA,NA
"Romanov","detection","Random",750,750,0.0404247291543147,0.0404247291543147,0.0404247291543147,0.338170561476957,0.00637979315016392,0.181695682638926,NA,NA
"Romanov","detection","DIFS_stage1only",1000,1000,0.371428571428571,0.316091954022989,0.168495995253634,0.714285714285714,0.714285714285714,0.568,NA,NA
"Romanov","detection","Seurat",1000,1000,0.757142857142857,0.741379310344828,0.182141797686147,1,1,0.614,NA,NA
"Romanov","detection","Seurat_gated",1000,1000,0.614285714285714,0.540229885057471,0.258676950459804,0.857142857142857,0.714285714285714,0.872,NA,NA
"Romanov","detection","FEAST",1000,1000,0.685714285714286,0.706896551724138,0.269949569860576,0.714285714285714,0.714285714285714,0.91,NA,NA
"Romanov","detection","DIFS",1000,1000,0.514285714285714,0.477011494252874,0.188668051023435,0.714285714285714,0.714285714285714,0.636,NA,NA
"Romanov","detection","GateOnly",1000,1000,0.269541778975741,0.239052857790659,0.169949213679589,0.802277077387564,0.539388723611827,0.572898799313894,NA,NA
"Romanov","detection","Random",1000,1000,0.0538996388724196,0.0538996388724196,0.0538996388724196,0.425470873907771,0.014082985411426,0.181695682638926,NA,NA
"Romanov","detection","DIFS_stage1only",1500,1500,0.542857142857143,0.436781609195402,0.254820528033225,0.714285714285714,0.714285714285714,0.572666666666667,NA,NA
"Romanov","detection","Seurat",1500,1500,0.871428571428571,0.862068965517241,0.249480866211807,1,1,0.560666666666667,NA,NA
"Romanov","detection","Seurat_gated",1500,1500,0.614285714285714,0.540229885057471,0.341441708691783,0.857142857142857,0.714285714285714,0.767333333333333,NA,NA
"Romanov","detection","FEAST",1500,1500,0.714285714285714,0.729885057471264,0.391278552358351,0.857142857142857,0.714285714285714,0.879333333333333,NA,NA
"Romanov","detection","DIFS",1500,1500,0.7,0.71264367816092,0.334322159596559,0.857142857142857,0.714285714285714,0.751333333333333,NA,NA
"Romanov","detection","GateOnly",1500,1500,0.404312668463612,0.358579286685988,0.254923820519383,0.838720085398538,0.691639076933744,0.572898799313894,NA,NA
"Romanov","detection","Random",1500,1500,0.0808494583086293,0.0808494583086293,0.0808494583086293,0.569697582650789,0.0411305363002157,0.181695682638926,NA,NA
"Romanov","detection","DIFS_stage1only",2500,2332,0.628571428571429,0.557471264367816,0.396321566300801,0.857142857142857,0.714285714285714,0.572898799313894,NA,NA
"Romanov","detection","Seurat",2500,2500,0.942857142857143,0.954022988505747,0.347671314150104,1,1,0.4688,NA,NA
"Romanov","detection","Seurat_gated",2500,2332,0.628571428571429,0.557471264367816,0.396321566300801,0.857142857142857,0.714285714285714,0.572898799313894,NA,NA
"Romanov","detection","FEAST",2500,2500,0.742857142857143,0.770114942528736,0.62770691189558,0.857142857142857,0.714285714285714,0.8464,NA,NA
"Romanov","detection","DIFS",2500,2500,0.8,0.775862068965517,0.476119845743103,0.857142857142857,0.857142857142857,0.642,NA,NA
"Romanov","detection","GateOnly",2500,2332,0.628571428571429,0.557471264367816,0.396321566300801,0.857142857142857,0.714285714285714,0.572898799313894,NA,NA
"Romanov","detection","Random",2500,2500,0.134749097181049,0.134749097181049,0.134749097181049,0.764897902118922,0.141800944090098,0.181695682638926,NA,NA
"Romanov","detection","DIFS_stage1only",NA,2332,NA,NA,NA,NA,NA,NA,1447,NA
"Romanov","detection","Seurat",NA,18553,NA,NA,NA,NA,NA,NA,264,1055
"Romanov","detection","Seurat_gated",NA,2332,NA,NA,NA,NA,NA,NA,406,NA
"Romanov","detection","FEAST",NA,18553,NA,NA,NA,NA,NA,NA,457,3023
"Romanov","wilcox","DIFS_stage1only",100,100,0.114285714285714,0.0828402366863905,0.0309278350515464,0.571428571428571,0.285714285714286,0.48,NA,NA
"Romanov","wilcox","Seurat",100,100,0.328571428571429,0.177514792899408,0.038659793814433,0.714285714285714,0.571428571428571,0.6,NA,NA
"Romanov","wilcox","Seurat_gated",100,100,0.328571428571429,0.242603550295858,0.0547680412371134,0.714285714285714,0.571428571428571,0.85,NA,NA
"Romanov","wilcox","FEAST",100,100,0.314285714285714,0.325443786982249,0.0644329896907216,0.571428571428571,0.285714285714286,1,NA,NA
"Romanov","wilcox","DIFS",100,100,0.285714285714286,0.236686390532544,0.0573453608247423,0.714285714285714,0.428571428571429,0.89,NA,NA
"Romanov","wilcox","GateOnly",100,100,0.036143102180838,0.0362844702467344,0.0216066028894272,0.303645269467919,0.00560191586481908,0.335334476843911,NA,NA
"Romanov","wilcox","Random",100,100,0.00538996388724196,0.00538996388724196,0.00538996388724196,0.052623383086235,1.77391233316282e-05,0.0836522395299951,NA,NA
"Romanov","wilcox","DIFS_stage1only",200,200,0.214285714285714,0.153846153846154,0.0586340206185567,0.714285714285714,0.428571428571429,0.455,NA,NA
"Romanov","wilcox","Seurat",200,200,0.485714285714286,0.343195266272189,0.0837628865979381,0.714285714285714,0.714285714285714,0.65,NA,NA
"Romanov","wilcox","Seurat_gated",200,200,0.457142857142857,0.42603550295858,0.114690721649485,1,0.714285714285714,0.89,NA,NA
"Romanov","wilcox","FEAST",200,200,0.357142857142857,0.36094674556213,0.128221649484536,0.571428571428571,0.428571428571429,0.995,NA,NA
"Romanov","wilcox","DIFS",200,200,0.357142857142857,0.301775147928994,0.0876288659793814,0.714285714285714,0.571428571428571,0.68,NA,NA
"Romanov","wilcox","GateOnly",200,200,0.0722862043616761,0.0725689404934688,0.0432132057788545,0.513551761661065,0.0363118698081498,0.335334476843911,NA,NA
"Romanov","wilcox","Random",200,200,0.0107799277744839,0.0107799277744839,0.0107799277744839,0.102741218817142,0.000140049823018333,0.0836522395299951,NA,NA
"Romanov","wilcox","DIFS_stage1only",300,300,0.314285714285714,0.236686390532544,0.0837628865979381,1,0.571428571428571,0.433333333333333,NA,NA
"Romanov","wilcox","Seurat",300,300,0.571428571428571,0.443786982248521,0.124355670103093,1,0.714285714285714,0.643333333333333,NA,NA
"Romanov","wilcox","Seurat_gated",300,300,0.557142857142857,0.526627218934911,0.167525773195876,1,0.714285714285714,0.866666666666667,NA,NA
"Romanov","wilcox","FEAST",300,300,0.385714285714286,0.420118343195266,0.188144329896907,0.714285714285714,0.571428571428571,0.973333333333333,NA,NA
"Romanov","wilcox","DIFS",300,300,0.4,0.372781065088757,0.117268041237113,0.714285714285714,0.571428571428571,0.606666666666667,NA,NA
"Romanov","wilcox","GateOnly",300,300,0.108429306542514,0.108853410740203,0.0648198086682817,0.657415551255017,0.0979875955650564,0.335334476843911,NA,NA
"Romanov","wilcox","Random",300,300,0.0161698916617259,0.0161698916617259,0.0161698916617259,0.150460114961309,0.000461718168647873,0.0836522395299951,NA,NA
"Romanov","wilcox","DIFS_stage1only",500,500,0.357142857142857,0.337278106508876,0.129510309278351,1,0.571428571428571,0.402,NA,NA
"Romanov","wilcox","Seurat",500,500,0.671428571428571,0.550295857988166,0.202963917525773,1,0.857142857142857,0.63,NA,NA
"Romanov","wilcox","Seurat_gated",500,500,0.671428571428571,0.656804733727811,0.276417525773196,1,0.857142857142857,0.858,NA,NA
"Romanov","wilcox","FEAST",500,500,0.628571428571429,0.579881656804734,0.300257731958763,0.857142857142857,0.714285714285714,0.932,NA,NA
"Romanov","wilcox","DIFS",500,500,0.514285714285714,0.473372781065089,0.179768041237113,1,0.714285714285714,0.558,NA,NA
"Romanov","wilcox","GateOnly",500,500,0.18071551090419,0.181422351233672,0.108033014447136,0.821916811318743,0.286178353553446,0.335334476843911,NA,NA
"Romanov","wilcox","Random",500,500,0.0269498194362098,0.0269498194362098,0.0269498194362098,0.239107696549232,0.00202697531284233,0.0836522395299951,NA,NA
"Romanov","wilcox","DIFS_stage1only",750,750,0.371428571428571,0.408284023668639,0.179123711340206,1,0.571428571428571,0.370666666666667,NA,NA
"Romanov","wilcox","Seurat",750,750,0.714285714285714,0.621301775147929,0.290592783505155,1,0.857142857142857,0.601333333333333,NA,NA
"Romanov","wilcox","Seurat_gated",750,750,0.757142857142857,0.745562130177515,0.366623711340206,1,0.857142857142857,0.758666666666667,NA,NA
"Romanov","wilcox","FEAST",750,750,0.714285714285714,0.72189349112426,0.388530927835052,1,0.714285714285714,0.804,NA,NA
"Romanov","wilcox","DIFS",750,750,0.528571428571429,0.544378698224852,0.235180412371134,1,0.714285714285714,0.486666666666667,NA,NA
"Romanov","wilcox","GateOnly",750,750,0.271073266356285,0.272133526850508,0.162049521670704,0.9102529641369,0.538316233918917,0.335334476843911,NA,NA
"Romanov","wilcox","Random",750,750,0.0404247291543147,0.0404247291543147,0.0404247291543147,0.338170561476957,0.00637979315016392,0.0836522395299951,NA,NA
"Romanov","wilcox","DIFS_stage1only",1000,1000,0.457142857142857,0.467455621301775,0.231314432989691,1,0.714285714285714,0.359,NA,NA
"Romanov","wilcox","Seurat",1000,1000,0.742857142857143,0.686390532544379,0.354381443298969,1,1,0.55,NA,NA
"Romanov","wilcox","Seurat_gated",1000,1000,0.785714285714286,0.775147928994083,0.420103092783505,1,0.857142857142857,0.652,NA,NA
"Romanov","wilcox","FEAST",1000,1000,0.728571428571429,0.757396449704142,0.456185567010309,1,0.714285714285714,0.708,NA,NA
"Romanov","wilcox","DIFS",1000,1000,0.571428571428571,0.609467455621302,0.291881443298969,1,0.714285714285714,0.453,NA,NA
"Romanov","wilcox","GateOnly",1000,1000,0.36143102180838,0.362844702467344,0.216066028894272,0.947991326306939,0.716866638234284,0.335334476843911,NA,NA
"Romanov","wilcox","Random",1000,1000,0.0538996388724196,0.0538996388724196,0.0538996388724196,0.425470873907771,0.014082985411426,0.0836522395299951,NA,NA
"Romanov","wilcox","DIFS_stage1only",1500,1500,0.614285714285714,0.644970414201183,0.344072164948454,1,0.857142857142857,0.356,NA,NA
"Romanov","wilcox","Seurat",1500,1500,0.857142857142857,0.78698224852071,0.478092783505155,1,1,0.494666666666667,NA,NA
"Romanov","wilcox","Seurat_gated",1500,1500,0.785714285714286,0.792899408284024,0.457474226804124,1,0.857142857142857,0.473333333333333,NA,NA
"Romanov","wilcox","FEAST",1500,1500,0.785714285714286,0.810650887573965,0.558634020618557,1,0.857142857142857,0.578,NA,NA
"Romanov","wilcox","DIFS",1500,1500,0.714285714285714,0.751479289940828,0.59020618556701,1,0.857142857142857,0.610666666666667,NA,NA
"Romanov","wilcox","GateOnly",1500,1500,0.54214653271257,0.544267053701016,0.324099043341409,0.981703512065933,0.844694355781625,0.335334476843911,NA,NA
"Romanov","wilcox","Random",1500,1500,0.0808494583086293,0.0808494583086293,0.0808494583086293,0.569697582650789,0.0411305363002157,0.0836522395299951,NA,NA
"Romanov","wilcox","DIFS_stage1only",2500,2332,0.842857142857143,0.846153846153846,0.503865979381443,1,0.857142857142857,0.335334476843911,NA,NA
"Romanov","wilcox","Seurat",2500,2500,0.9,0.85207100591716,0.627577319587629,1,1,0.3896,NA,NA
"Romanov","wilcox","Seurat_gated",2500,2332,0.842857142857143,0.846153846153846,0.503865979381443,1,0.857142857142857,0.335334476843911,NA,NA
"Romanov","wilcox","FEAST",2500,2500,0.842857142857143,0.863905325443787,0.705541237113402,1,0.857142857142857,0.438,NA,NA
"Romanov","wilcox","DIFS",2500,2500,0.871428571428571,0.863905325443787,0.732603092783505,1,0.857142857142857,0.4548,NA,NA
"Romanov","wilcox","GateOnly",2500,2332,0.842857142857143,0.846153846153846,0.503865979381443,1,0.857142857142857,0.335334476843911,NA,NA
"Romanov","wilcox","Random",2500,2500,0.134749097181049,0.134749097181049,0.134749097181049,0.764897902118922,0.141800944090098,0.0836522395299951,NA,NA
"Romanov","wilcox","DIFS_stage1only",NA,2332,NA,NA,NA,NA,NA,NA,1175,2106
"Romanov","wilcox","Seurat",NA,18553,NA,NA,NA,NA,NA,NA,221,1081
"Romanov","wilcox","Seurat_gated",NA,2332,NA,NA,NA,NA,NA,NA,244,1604
"Romanov","wilcox","FEAST",NA,18553,NA,NA,NA,NA,NA,NA,344,1890
"SimKumar4easy","hurdle","DIFS_stage1only",100,100,0.583333333333333,0.583333333333333,0.583333333333333,1,0.25,0.07,NA,NA
"SimKumar4easy","hurdle","Seurat",100,100,0.416666666666667,0.416666666666667,0.416666666666667,0.75,0,0.05,NA,NA
"SimKumar4easy","hurdle","Seurat_gated",100,100,0.916666666666667,0.916666666666667,0.916666666666667,1,0.5,0.11,NA,NA
"SimKumar4easy","hurdle","FEAST",100,100,0.333333333333333,0.333333333333333,0.333333333333333,0.25,0.25,0.04,NA,NA
"SimKumar4easy","hurdle","DIFS",100,100,0.666666666666667,0.666666666666667,0.666666666666667,1,0.25,0.08,NA,NA
"SimKumar4easy","hurdle","GateOnly",100,100,0.28118609406953,0.28118609406953,0.28118609406953,0.61980406280393,0.0289628150176309,0.0337423312883436,NA,NA
"SimKumar4easy","hurdle","Random",100,100,0.00235200037632006,0.00235200037632006,0.00235200037632006,0.00703822073261268,1.89147065638525e-08,0.000282240045158407,NA,NA
"SimKumar4easy","hurdle","DIFS_stage1only",200,200,0.666666666666667,0.666666666666667,0.666666666666667,1,0.25,0.04,NA,NA
"SimKumar4easy","hurdle","Seurat",200,200,0.583333333333333,0.583333333333333,0.583333333333333,1,0,0.035,NA,NA
"SimKumar4easy","hurdle","Seurat_gated",200,200,0.916666666666667,0.916666666666667,0.916666666666667,1,0.5,0.055,NA,NA
"SimKumar4easy","hurdle","FEAST",200,200,0.416666666666667,0.416666666666667,0.416666666666667,0.5,0.25,0.025,NA,NA
"SimKumar4easy","hurdle","DIFS",200,200,0.75,0.75,0.75,1,0.5,0.045,NA,NA
"SimKumar4easy","hurdle","GateOnly",200,200,0.562372188139059,0.562372188139059,0.562372188139059,0.906033068866171,0.181944836088315,0.0337423312883436,NA,NA
"SimKumar4easy","hurdle","Random",200,200,0.00470400075264012,0.00470400075264012,0.00470400075264012,0.0140405990641828,1.53452846611435e-07,0.000282240045158407,NA,NA
"SimKumar4easy","hurdle","DIFS_stage1only",300,300,0.916666666666667,0.916666666666667,0.916666666666667,1,0.5,0.0366666666666667,NA,NA
"SimKumar4easy","hurdle","Seurat",300,300,0.666666666666667,0.666666666666667,0.666666666666667,1,0.25,0.0266666666666667,NA,NA
"SimKumar4easy","hurdle","Seurat_gated",300,300,0.916666666666667,0.916666666666667,0.916666666666667,1,0.5,0.0366666666666667,NA,NA
"SimKumar4easy","hurdle","FEAST",300,300,0.416666666666667,0.416666666666667,0.416666666666667,0.5,0.25,0.0166666666666667,NA,NA
"SimKumar4easy","hurdle","DIFS",300,300,0.916666666666667,0.916666666666667,0.916666666666667,1,0.5,0.0366666666666667,NA,NA
"SimKumar4easy","hurdle","GateOnly",300,300,0.843558282208589,0.843558282208589,0.843558282208589,0.996810814879534,0.436353826142806,0.0337423312883436,NA,NA
"SimKumar4easy","hurdle","Random",300,300,0.00705600112896018,0.00705600112896018,0.00705600112896018,0.0210072518296728,5.19903976800524e-07,0.000282240045158407,NA,NA
"SimKumar4easy","hurdle","DIFS_stage1only",500,326,0.916666666666667,0.916666666666667,0.916666666666667,1,0.5,0.0337423312883436,NA,NA
"SimKumar4easy","hurdle","Seurat",500,500,0.666666666666667,0.666666666666667,0.666666666666667,1,0.25,0.016,NA,NA
"SimKumar4easy","hurdle","Seurat_gated",500,326,0.916666666666667,0.916666666666667,0.916666666666667,1,0.5,0.0337423312883436,NA,NA
"SimKumar4easy","hurdle","FEAST",500,500,0.416666666666667,0.416666666666667,0.416666666666667,0.5,0.25,0.01,NA,NA
"SimKumar4easy","hurdle","DIFS",500,326,0.916666666666667,0.916666666666667,0.916666666666667,1,0.5,0.0337423312883436,NA,NA
"SimKumar4easy","hurdle","GateOnly",500,326,0.916666666666667,0.916666666666667,0.916666666666667,1,0.5,0.0337423312883436,NA,NA
"SimKumar4easy","hurdle","Random",500,500,0.0117600018816003,0.0117600018816003,0.0117600018816003,0.0348338470840626,2.41094886719599e-06,0.000282240045158407,NA,NA
"SimKumar4easy","hurdle","DIFS_stage1only",750,326,0.916666666666667,0.916666666666667,0.916666666666667,1,0.5,0.0337423312883436,NA,NA
"SimKumar4easy","hurdle","Seurat",750,750,0.833333333333333,0.833333333333333,0.833333333333333,1,0.25,0.0133333333333333,NA,NA
"SimKumar4easy","hurdle","Seurat_gated",750,326,0.916666666666667,0.916666666666667,0.916666666666667,1,0.5,0.0337423312883436,NA,NA
"SimKumar4easy","hurdle","FEAST",750,750,0.5,0.5,0.5,0.5,0.25,0.008,NA,NA
"SimKumar4easy","hurdle","DIFS",750,326,0.916666666666667,0.916666666666667,0.916666666666667,1,0.5,0.0337423312883436,NA,NA
"SimKumar4easy","hurdle","GateOnly",750,326,0.916666666666667,0.916666666666667,0.916666666666667,1,0.5,0.0337423312883436,NA,NA
"SimKumar4easy","hurdle","Random",750,750,0.0176400028224005,0.0176400028224005,0.0176400028224005,0.0519182087994073,8.12917474277086e-06,0.000282240045158407,NA,NA
"SimKumar4easy","hurdle","DIFS_stage1only",1000,326,0.916666666666667,0.916666666666667,0.916666666666667,1,0.5,0.0337423312883436,NA,NA
"SimKumar4easy","hurdle","Seurat",1000,1000,0.916666666666667,0.916666666666667,0.916666666666667,1,0.5,0.011,NA,NA
"SimKumar4easy","hurdle","Seurat_gated",1000,326,0.916666666666667,0.916666666666667,0.916666666666667,1,0.5,0.0337423312883436,NA,NA
"SimKumar4easy","hurdle","FEAST",1000,1000,0.5,0.5,0.5,0.5,0.25,0.006,NA,NA
"SimKumar4easy","hurdle","DIFS",1000,326,0.916666666666667,0.916666666666667,0.916666666666667,1,0.5,0.0337423312883436,NA,NA
"SimKumar4easy","hurdle","GateOnly",1000,326,0.916666666666667,0.916666666666667,0.916666666666667,1,0.5,0.0337423312883436,NA,NA
"SimKumar4easy","hurdle","Random",1000,1000,0.0235200037632006,0.0235200037632006,0.0235200037632006,0.0687832809106082,1.92312565557292e-05,0.000282240045158407,NA,NA
"SimKumar4easy","hurdle","DIFS_stage1only",1500,326,0.916666666666667,0.916666666666667,0.916666666666667,1,0.5,0.0337423312883436,NA,NA
"SimKumar4easy","hurdle","Seurat",1500,1500,1,1,1,1,0.75,0.008,NA,NA
"SimKumar4easy","hurdle","Seurat_gated",1500,326,0.916666666666667,0.916666666666667,0.916666666666667,1,0.5,0.0337423312883436,NA,NA
"SimKumar4easy","hurdle","FEAST",1500,1500,0.583333333333333,0.583333333333333,0.583333333333333,0.75,0.25,0.00466666666666667,NA,NA
"SimKumar4easy","hurdle","DIFS",1500,326,0.916666666666667,0.916666666666667,0.916666666666667,1,0.5,0.0337423312883436,NA,NA
"SimKumar4easy","hurdle","GateOnly",1500,326,0.916666666666667,0.916666666666667,0.916666666666667,1,0.5,0.0337423312883436,NA,NA
"SimKumar4easy","hurdle","Random",1500,1500,0.0352800056448009,0.0352800056448009,0.0352800056448009,0.101862768121399,6.45839325920701e-05,0.000282240045158407,NA,NA
"SimKumar4easy","hurdle","DIFS_stage1only",2500,326,0.916666666666667,0.916666666666667,0.916666666666667,1,0.5,0.0337423312883436,NA,NA
"SimKumar4easy","hurdle","Seurat",2500,2500,1,1,1,1,0.75,0.0048,NA,NA
"SimKumar4easy","hurdle","Seurat_gated",2500,326,0.916666666666667,0.916666666666667,0.916666666666667,1,0.5,0.0337423312883436,NA,NA
"SimKumar4easy","hurdle","FEAST",2500,2500,0.75,0.75,0.75,0.75,0.5,0.0036,NA,NA
"SimKumar4easy","hurdle","DIFS",2500,326,0.916666666666667,0.916666666666667,0.916666666666667,1,0.5,0.0337423312883436,NA,NA
"SimKumar4easy","hurdle","GateOnly",2500,326,0.916666666666667,0.916666666666667,0.916666666666667,1,0.5,0.0337423312883436,NA,NA
"SimKumar4easy","hurdle","Random",2500,2500,0.0588000094080015,0.0588000094080015,0.0588000094080015,0.165469195394647,0.000295656823415092,0.000282240045158407,NA,NA
"SimKumar4easy","hurdle","DIFS_stage1only",NA,326,NA,NA,NA,NA,NA,NA,22,233
"SimKumar4easy","hurdle","Seurat",NA,42517,NA,NA,NA,NA,NA,NA,133,631
"SimKumar4easy","hurdle","Seurat_gated",NA,326,NA,NA,NA,NA,NA,NA,8,35
"SimKumar4easy","hurdle","FEAST",NA,42517,NA,NA,NA,NA,NA,NA,647,9072
"SimKumar4easy","level","DIFS_stage1only",100,100,0.583333333333333,0.583333333333333,0.583333333333333,1,0.25,0.07,NA,NA
"SimKumar4easy","level","Seurat",100,100,0.416666666666667,0.416666666666667,0.416666666666667,0.75,0,0.05,NA,NA
"SimKumar4easy","level","Seurat_gated",100,100,0.916666666666667,0.916666666666667,0.916666666666667,1,0.5,0.11,NA,NA
"SimKumar4easy","level","FEAST",100,100,0.333333333333333,0.333333333333333,0.333333333333333,0.25,0.25,0.04,NA,NA
"SimKumar4easy","level","DIFS",100,100,0.666666666666667,0.666666666666667,0.666666666666667,1,0.25,0.08,NA,NA
"SimKumar4easy","level","GateOnly",100,100,0.28118609406953,0.28118609406953,0.28118609406953,0.61980406280393,0.0289628150176309,0.0337423312883436,NA,NA
"SimKumar4easy","level","Random",100,100,0.00235200037632006,0.00235200037632006,0.00235200037632006,0.00703822073261268,1.89147065638525e-08,0.000282240045158407,NA,NA
"SimKumar4easy","level","DIFS_stage1only",200,200,0.666666666666667,0.666666666666667,0.666666666666667,1,0.25,0.04,NA,NA
"SimKumar4easy","level","Seurat",200,200,0.583333333333333,0.583333333333333,0.583333333333333,1,0,0.035,NA,NA
"SimKumar4easy","level","Seurat_gated",200,200,0.916666666666667,0.916666666666667,0.916666666666667,1,0.5,0.055,NA,NA
"SimKumar4easy","level","FEAST",200,200,0.416666666666667,0.416666666666667,0.416666666666667,0.5,0.25,0.025,NA,NA
"SimKumar4easy","level","DIFS",200,200,0.75,0.75,0.75,1,0.5,0.045,NA,NA
"SimKumar4easy","level","GateOnly",200,200,0.562372188139059,0.562372188139059,0.562372188139059,0.906033068866171,0.181944836088315,0.0337423312883436,NA,NA
"SimKumar4easy","level","Random",200,200,0.00470400075264012,0.00470400075264012,0.00470400075264012,0.0140405990641828,1.53452846611435e-07,0.000282240045158407,NA,NA
"SimKumar4easy","level","DIFS_stage1only",300,300,0.916666666666667,0.916666666666667,0.916666666666667,1,0.5,0.0366666666666667,NA,NA
"SimKumar4easy","level","Seurat",300,300,0.666666666666667,0.666666666666667,0.666666666666667,1,0.25,0.0266666666666667,NA,NA
"SimKumar4easy","level","Seurat_gated",300,300,0.916666666666667,0.916666666666667,0.916666666666667,1,0.5,0.0366666666666667,NA,NA
"SimKumar4easy","level","FEAST",300,300,0.416666666666667,0.416666666666667,0.416666666666667,0.5,0.25,0.0166666666666667,NA,NA
"SimKumar4easy","level","DIFS",300,300,0.916666666666667,0.916666666666667,0.916666666666667,1,0.5,0.0366666666666667,NA,NA
"SimKumar4easy","level","GateOnly",300,300,0.843558282208589,0.843558282208589,0.843558282208589,0.996810814879534,0.436353826142806,0.0337423312883436,NA,NA
"SimKumar4easy","level","Random",300,300,0.00705600112896018,0.00705600112896018,0.00705600112896018,0.0210072518296728,5.19903976800524e-07,0.000282240045158407,NA,NA
"SimKumar4easy","level","DIFS_stage1only",500,326,0.916666666666667,0.916666666666667,0.916666666666667,1,0.5,0.0337423312883436,NA,NA
"SimKumar4easy","level","Seurat",500,500,0.666666666666667,0.666666666666667,0.666666666666667,1,0.25,0.016,NA,NA
"SimKumar4easy","level","Seurat_gated",500,326,0.916666666666667,0.916666666666667,0.916666666666667,1,0.5,0.0337423312883436,NA,NA
"SimKumar4easy","level","FEAST",500,500,0.416666666666667,0.416666666666667,0.416666666666667,0.5,0.25,0.01,NA,NA
"SimKumar4easy","level","DIFS",500,326,0.916666666666667,0.916666666666667,0.916666666666667,1,0.5,0.0337423312883436,NA,NA
"SimKumar4easy","level","GateOnly",500,326,0.916666666666667,0.916666666666667,0.916666666666667,1,0.5,0.0337423312883436,NA,NA
"SimKumar4easy","level","Random",500,500,0.0117600018816003,0.0117600018816003,0.0117600018816003,0.0348338470840626,2.41094886719599e-06,0.000282240045158407,NA,NA
"SimKumar4easy","level","DIFS_stage1only",750,326,0.916666666666667,0.916666666666667,0.916666666666667,1,0.5,0.0337423312883436,NA,NA
"SimKumar4easy","level","Seurat",750,750,0.833333333333333,0.833333333333333,0.833333333333333,1,0.25,0.0133333333333333,NA,NA
"SimKumar4easy","level","Seurat_gated",750,326,0.916666666666667,0.916666666666667,0.916666666666667,1,0.5,0.0337423312883436,NA,NA
"SimKumar4easy","level","FEAST",750,750,0.5,0.5,0.5,0.5,0.25,0.008,NA,NA
"SimKumar4easy","level","DIFS",750,326,0.916666666666667,0.916666666666667,0.916666666666667,1,0.5,0.0337423312883436,NA,NA
"SimKumar4easy","level","GateOnly",750,326,0.916666666666667,0.916666666666667,0.916666666666667,1,0.5,0.0337423312883436,NA,NA
"SimKumar4easy","level","Random",750,750,0.0176400028224005,0.0176400028224005,0.0176400028224005,0.0519182087994073,8.12917474277086e-06,0.000282240045158407,NA,NA
"SimKumar4easy","level","DIFS_stage1only",1000,326,0.916666666666667,0.916666666666667,0.916666666666667,1,0.5,0.0337423312883436,NA,NA
"SimKumar4easy","level","Seurat",1000,1000,0.916666666666667,0.916666666666667,0.916666666666667,1,0.5,0.011,NA,NA
"SimKumar4easy","level","Seurat_gated",1000,326,0.916666666666667,0.916666666666667,0.916666666666667,1,0.5,0.0337423312883436,NA,NA
"SimKumar4easy","level","FEAST",1000,1000,0.5,0.5,0.5,0.5,0.25,0.006,NA,NA
"SimKumar4easy","level","DIFS",1000,326,0.916666666666667,0.916666666666667,0.916666666666667,1,0.5,0.0337423312883436,NA,NA
"SimKumar4easy","level","GateOnly",1000,326,0.916666666666667,0.916666666666667,0.916666666666667,1,0.5,0.0337423312883436,NA,NA
"SimKumar4easy","level","Random",1000,1000,0.0235200037632006,0.0235200037632006,0.0235200037632006,0.0687832809106082,1.92312565557292e-05,0.000282240045158407,NA,NA
"SimKumar4easy","level","DIFS_stage1only",1500,326,0.916666666666667,0.916666666666667,0.916666666666667,1,0.5,0.0337423312883436,NA,NA
"SimKumar4easy","level","Seurat",1500,1500,1,1,1,1,0.75,0.008,NA,NA
"SimKumar4easy","level","Seurat_gated",1500,326,0.916666666666667,0.916666666666667,0.916666666666667,1,0.5,0.0337423312883436,NA,NA
"SimKumar4easy","level","FEAST",1500,1500,0.583333333333333,0.583333333333333,0.583333333333333,0.75,0.25,0.00466666666666667,NA,NA
"SimKumar4easy","level","DIFS",1500,326,0.916666666666667,0.916666666666667,0.916666666666667,1,0.5,0.0337423312883436,NA,NA
"SimKumar4easy","level","GateOnly",1500,326,0.916666666666667,0.916666666666667,0.916666666666667,1,0.5,0.0337423312883436,NA,NA
"SimKumar4easy","level","Random",1500,1500,0.0352800056448009,0.0352800056448009,0.0352800056448009,0.101862768121399,6.45839325920701e-05,0.000282240045158407,NA,NA
"SimKumar4easy","level","DIFS_stage1only",2500,326,0.916666666666667,0.916666666666667,0.916666666666667,1,0.5,0.0337423312883436,NA,NA
"SimKumar4easy","level","Seurat",2500,2500,1,1,1,1,0.75,0.0048,NA,NA
"SimKumar4easy","level","Seurat_gated",2500,326,0.916666666666667,0.916666666666667,0.916666666666667,1,0.5,0.0337423312883436,NA,NA
"SimKumar4easy","level","FEAST",2500,2500,0.75,0.75,0.75,0.75,0.5,0.0036,NA,NA
"SimKumar4easy","level","DIFS",2500,326,0.916666666666667,0.916666666666667,0.916666666666667,1,0.5,0.0337423312883436,NA,NA
"SimKumar4easy","level","GateOnly",2500,326,0.916666666666667,0.916666666666667,0.916666666666667,1,0.5,0.0337423312883436,NA,NA
"SimKumar4easy","level","Random",2500,2500,0.0588000094080015,0.0588000094080015,0.0588000094080015,0.165469195394647,0.000295656823415092,0.000282240045158407,NA,NA
"SimKumar4easy","level","DIFS_stage1only",NA,326,NA,NA,NA,NA,NA,NA,22,233
"SimKumar4easy","level","Seurat",NA,42517,NA,NA,NA,NA,NA,NA,133,631
"SimKumar4easy","level","Seurat_gated",NA,326,NA,NA,NA,NA,NA,NA,8,35
"SimKumar4easy","level","FEAST",NA,42517,NA,NA,NA,NA,NA,NA,647,9072
"SimKumar4easy","detection","DIFS_stage1only",100,100,0,0,0,0,0,0,NA,NA
"SimKumar4easy","detection","Seurat",100,100,0,0,0,0,0,0,NA,NA
"SimKumar4easy","detection","Seurat_gated",100,100,0,0,0,0,0,0,NA,NA
"SimKumar4easy","detection","FEAST",100,100,0,0,0,0,0,0,NA,NA
"SimKumar4easy","detection","DIFS",100,100,0,0,0,0,0,0,NA,NA
"SimKumar4easy","detection","GateOnly",100,100,0,0,0,0,0,0,NA,NA
"SimKumar4easy","detection","Random",100,100,0.00235200037632006,0.00235200037632006,0.00235200037632006,0.0232750604369558,1.49685662258871e-06,0.00613872098219536,NA,NA
"SimKumar4easy","detection","DIFS_stage1only",200,200,0,0,0,0,0,0,NA,NA
"SimKumar4easy","detection","Seurat",200,200,0.025,0.010989010989011,0.00766283524904215,0.25,0,0.01,NA,NA
"SimKumar4easy","detection","Seurat_gated",200,200,0,0,0,0,0,0,NA,NA
"SimKumar4easy","detection","FEAST",200,200,0,0,0,0,0,0,NA,NA
"SimKumar4easy","detection","DIFS",200,200,0,0,0,0,0,0,NA,NA
"SimKumar4easy","detection","GateOnly",200,200,0,0,0,0,0,0,NA,NA
"SimKumar4easy","detection","Random",200,200,0.00470400075264012,0.00470400075264012,0.00470400075264012,0.0460614254056664,1.20086867439327e-05,0.00613872098219536,NA,NA
"SimKumar4easy","detection","DIFS_stage1only",300,300,0,0,0,0,0,0,NA,NA
"SimKumar4easy","detection","Seurat",300,300,0.025,0.021978021978022,0.0191570881226054,0.25,0,0.0166666666666667,NA,NA
"SimKumar4easy","detection","Seurat_gated",300,300,0,0,0,0,0,0,NA,NA
"SimKumar4easy","detection","FEAST",300,300,0,0,0,0,0,0,NA,NA
"SimKumar4easy","detection","DIFS",300,300,0,0,0,0,0,0,NA,NA
"SimKumar4easy","detection","GateOnly",300,300,0,0,0,0,0,0,NA,NA
"SimKumar4easy","detection","Random",300,300,0.00705600112896018,0.00705600112896018,0.00705600112896018,0.0683682370874475,4.02326494718535e-05,0.00613872098219536,NA,NA
"SimKumar4easy","detection","DIFS_stage1only",500,326,0,0,0,0,0,0,NA,NA
"SimKumar4easy","detection","Seurat",500,500,0.05,0.032967032967033,0.0268199233716475,0.25,0,0.014,NA,NA
"SimKumar4easy","detection","Seurat_gated",500,326,0,0,0,0,0,0,NA,NA
"SimKumar4easy","detection","FEAST",500,500,0,0,0,0,0,0,NA,NA
"SimKumar4easy","detection","DIFS",500,326,0,0,0,0,0,0,NA,NA
"SimKumar4easy","detection","GateOnly",500,326,0,0,0,0,0,0,NA,NA
"SimKumar4easy","detection","Random",500,500,0.0117600018816003,0.0117600018816003,0.0117600018816003,0.111579021434985,0.000182430849217732,0.00613872098219536,NA,NA
"SimKumar4easy","detection","DIFS_stage1only",750,326,0,0,0,0,0,0,NA,NA
"SimKumar4easy","detection","Seurat",750,750,0.05,0.032967032967033,0.0306513409961686,0.25,0,0.0106666666666667,NA,NA
"SimKumar4easy","detection","Seurat_gated",750,326,0,0,0,0,0,0,NA,NA
"SimKumar4easy","detection","FEAST",750,750,0.025,0.010989010989011,0.00383141762452107,0.25,0,0.00133333333333333,NA,NA
"SimKumar4easy","detection","DIFS",750,326,0,0,0,0,0,0,NA,NA
"SimKumar4easy","detection","GateOnly",750,326,0,0,0,0,0,0,NA,NA
"SimKumar4easy","detection","Random",750,750,0.0176400028224005,0.0176400028224005,0.0176400028224005,0.163052075548073,0.000598063289614282,0.00613872098219536,NA,NA
"SimKumar4easy","detection","DIFS_stage1only",1000,326,0,0,0,0,0,0,NA,NA
"SimKumar4easy","detection","Seurat",1000,1000,0.05,0.032967032967033,0.0306513409961686,0.25,0,0.008,NA,NA
"SimKumar4easy","detection","Seurat_gated",1000,326,0,0,0,0,0,0,NA,NA
"SimKumar4easy","detection","FEAST",1000,1000,0.025,0.010989010989011,0.00383141762452107,0.25,0,0.001,NA,NA
"SimKumar4easy","detection","DIFS",1000,326,0,0,0,0,0,0,NA,NA
"SimKumar4easy","detection","GateOnly",1000,326,0,0,0,0,0,0,NA,NA
"SimKumar4easy","detection","Random",1000,1000,0.0235200037632006,0.0235200037632006,0.0235200037632006,0.211825397913977,0.00137552287990069,0.00613872098219536,NA,NA
"SimKumar4easy","detection","DIFS_stage1only",1500,326,0,0,0,0,0,0,NA,NA
"SimKumar4easy","detection","Seurat",1500,1500,0.075,0.043956043956044,0.0459770114942529,0.5,0,0.008,NA,NA
"SimKumar4easy","detection","Seurat_gated",1500,326,0,0,0,0,0,0,NA,NA
"SimKumar4easy","detection","FEAST",1500,1500,0.125,0.0769230769230769,0.0306513409961686,0.5,0.25,0.00533333333333333,NA,NA
"SimKumar4easy","detection","DIFS",1500,326,0,0,0,0,0,0,NA,NA
"SimKumar4easy","detection","GateOnly",1500,326,0,0,0,0,0,0,NA,NA
"SimKumar4easy","detection","Random",1500,1500,0.0352800056448009,0.0352800056448009,0.0352800056448009,0.301774052904611,0.00436527864559165,0.00613872098219536,NA,NA
"SimKumar4easy","detection","DIFS_stage1only",2500,326,0,0,0,0,0,0,NA,NA
"SimKumar4easy","detection","Seurat",2500,2500,0.075,0.0659340659340659,0.0574712643678161,0.5,0,0.006,NA,NA
"SimKumar4easy","detection","Seurat_gated",2500,326,0,0,0,0,0,0,NA,NA
"SimKumar4easy","detection","FEAST",2500,2500,0.175,0.142857142857143,0.0727969348659004,0.5,0.5,0.0076,NA,NA
"SimKumar4easy","detection","DIFS",2500,326,0,0,0,0,0,0,NA,NA
"SimKumar4easy","detection","GateOnly",2500,326,0,0,0,0,0,0,NA,NA
"SimKumar4easy","detection","Random",2500,2500,0.0588000094080015,0.0588000094080015,0.0588000094080015,0.454505443847644,0.0178308825566901,0.00613872098219536,NA,NA
"SimKumar4easy","detection","DIFS_stage1only",NA,326,NA,NA,NA,NA,NA,NA,NA,NA
"SimKumar4easy","detection","Seurat",NA,42517,NA,NA,NA,NA,NA,NA,13425,20845
"SimKumar4easy","detection","Seurat_gated",NA,326,NA,NA,NA,NA,NA,NA,NA,NA
"SimKumar4easy","detection","FEAST",NA,42517,NA,NA,NA,NA,NA,NA,5008,11528
"SimKumar4easy","wilcox","DIFS_stage1only",100,100,0.583333333333333,0.583333333333333,0.583333333333333,1,0.25,0.07,NA,NA
"SimKumar4easy","wilcox","Seurat",100,100,0.416666666666667,0.416666666666667,0.416666666666667,0.75,0,0.05,NA,NA
"SimKumar4easy","wilcox","Seurat_gated",100,100,0.916666666666667,0.916666666666667,0.916666666666667,1,0.5,0.11,NA,NA
"SimKumar4easy","wilcox","FEAST",100,100,0.333333333333333,0.333333333333333,0.333333333333333,0.25,0.25,0.04,NA,NA
"SimKumar4easy","wilcox","DIFS",100,100,0.666666666666667,0.666666666666667,0.666666666666667,1,0.25,0.08,NA,NA
"SimKumar4easy","wilcox","GateOnly",100,100,0.28118609406953,0.28118609406953,0.28118609406953,0.61980406280393,0.0289628150176309,0.0337423312883436,NA,NA
"SimKumar4easy","wilcox","Random",100,100,0.00235200037632006,0.00235200037632006,0.00235200037632006,0.00703822073261268,1.89147065638525e-08,0.000282240045158407,NA,NA
"SimKumar4easy","wilcox","DIFS_stage1only",200,200,0.666666666666667,0.666666666666667,0.666666666666667,1,0.25,0.04,NA,NA
"SimKumar4easy","wilcox","Seurat",200,200,0.583333333333333,0.583333333333333,0.583333333333333,1,0,0.035,NA,NA
"SimKumar4easy","wilcox","Seurat_gated",200,200,0.916666666666667,0.916666666666667,0.916666666666667,1,0.5,0.055,NA,NA
"SimKumar4easy","wilcox","FEAST",200,200,0.416666666666667,0.416666666666667,0.416666666666667,0.5,0.25,0.025,NA,NA
"SimKumar4easy","wilcox","DIFS",200,200,0.75,0.75,0.75,1,0.5,0.045,NA,NA
"SimKumar4easy","wilcox","GateOnly",200,200,0.562372188139059,0.562372188139059,0.562372188139059,0.906033068866171,0.181944836088315,0.0337423312883436,NA,NA
"SimKumar4easy","wilcox","Random",200,200,0.00470400075264012,0.00470400075264012,0.00470400075264012,0.0140405990641828,1.53452846611435e-07,0.000282240045158407,NA,NA
"SimKumar4easy","wilcox","DIFS_stage1only",300,300,0.916666666666667,0.916666666666667,0.916666666666667,1,0.5,0.0366666666666667,NA,NA
"SimKumar4easy","wilcox","Seurat",300,300,0.666666666666667,0.666666666666667,0.666666666666667,1,0.25,0.0266666666666667,NA,NA
"SimKumar4easy","wilcox","Seurat_gated",300,300,0.916666666666667,0.916666666666667,0.916666666666667,1,0.5,0.0366666666666667,NA,NA
"SimKumar4easy","wilcox","FEAST",300,300,0.416666666666667,0.416666666666667,0.416666666666667,0.5,0.25,0.0166666666666667,NA,NA
"SimKumar4easy","wilcox","DIFS",300,300,0.916666666666667,0.916666666666667,0.916666666666667,1,0.5,0.0366666666666667,NA,NA
"SimKumar4easy","wilcox","GateOnly",300,300,0.843558282208589,0.843558282208589,0.843558282208589,0.996810814879534,0.436353826142806,0.0337423312883436,NA,NA
"SimKumar4easy","wilcox","Random",300,300,0.00705600112896018,0.00705600112896018,0.00705600112896018,0.0210072518296728,5.19903976800524e-07,0.000282240045158407,NA,NA
"SimKumar4easy","wilcox","DIFS_stage1only",500,326,0.916666666666667,0.916666666666667,0.916666666666667,1,0.5,0.0337423312883436,NA,NA
"SimKumar4easy","wilcox","Seurat",500,500,0.666666666666667,0.666666666666667,0.666666666666667,1,0.25,0.016,NA,NA
"SimKumar4easy","wilcox","Seurat_gated",500,326,0.916666666666667,0.916666666666667,0.916666666666667,1,0.5,0.0337423312883436,NA,NA
"SimKumar4easy","wilcox","FEAST",500,500,0.416666666666667,0.416666666666667,0.416666666666667,0.5,0.25,0.01,NA,NA
"SimKumar4easy","wilcox","DIFS",500,326,0.916666666666667,0.916666666666667,0.916666666666667,1,0.5,0.0337423312883436,NA,NA
"SimKumar4easy","wilcox","GateOnly",500,326,0.916666666666667,0.916666666666667,0.916666666666667,1,0.5,0.0337423312883436,NA,NA
"SimKumar4easy","wilcox","Random",500,500,0.0117600018816003,0.0117600018816003,0.0117600018816003,0.0348338470840626,2.41094886719599e-06,0.000282240045158407,NA,NA
"SimKumar4easy","wilcox","DIFS_stage1only",750,326,0.916666666666667,0.916666666666667,0.916666666666667,1,0.5,0.0337423312883436,NA,NA
"SimKumar4easy","wilcox","Seurat",750,750,0.833333333333333,0.833333333333333,0.833333333333333,1,0.25,0.0133333333333333,NA,NA
"SimKumar4easy","wilcox","Seurat_gated",750,326,0.916666666666667,0.916666666666667,0.916666666666667,1,0.5,0.0337423312883436,NA,NA
"SimKumar4easy","wilcox","FEAST",750,750,0.5,0.5,0.5,0.5,0.25,0.008,NA,NA
"SimKumar4easy","wilcox","DIFS",750,326,0.916666666666667,0.916666666666667,0.916666666666667,1,0.5,0.0337423312883436,NA,NA
"SimKumar4easy","wilcox","GateOnly",750,326,0.916666666666667,0.916666666666667,0.916666666666667,1,0.5,0.0337423312883436,NA,NA
"SimKumar4easy","wilcox","Random",750,750,0.0176400028224005,0.0176400028224005,0.0176400028224005,0.0519182087994073,8.12917474277086e-06,0.000282240045158407,NA,NA
"SimKumar4easy","wilcox","DIFS_stage1only",1000,326,0.916666666666667,0.916666666666667,0.916666666666667,1,0.5,0.0337423312883436,NA,NA
"SimKumar4easy","wilcox","Seurat",1000,1000,0.916666666666667,0.916666666666667,0.916666666666667,1,0.5,0.011,NA,NA
"SimKumar4easy","wilcox","Seurat_gated",1000,326,0.916666666666667,0.916666666666667,0.916666666666667,1,0.5,0.0337423312883436,NA,NA
"SimKumar4easy","wilcox","FEAST",1000,1000,0.5,0.5,0.5,0.5,0.25,0.006,NA,NA
"SimKumar4easy","wilcox","DIFS",1000,326,0.916666666666667,0.916666666666667,0.916666666666667,1,0.5,0.0337423312883436,NA,NA
"SimKumar4easy","wilcox","GateOnly",1000,326,0.916666666666667,0.916666666666667,0.916666666666667,1,0.5,0.0337423312883436,NA,NA
"SimKumar4easy","wilcox","Random",1000,1000,0.0235200037632006,0.0235200037632006,0.0235200037632006,0.0687832809106082,1.92312565557292e-05,0.000282240045158407,NA,NA
"SimKumar4easy","wilcox","DIFS_stage1only",1500,326,0.916666666666667,0.916666666666667,0.916666666666667,1,0.5,0.0337423312883436,NA,NA
"SimKumar4easy","wilcox","Seurat",1500,1500,1,1,1,1,0.75,0.008,NA,NA
"SimKumar4easy","wilcox","Seurat_gated",1500,326,0.916666666666667,0.916666666666667,0.916666666666667,1,0.5,0.0337423312883436,NA,NA
"SimKumar4easy","wilcox","FEAST",1500,1500,0.583333333333333,0.583333333333333,0.583333333333333,0.75,0.25,0.00466666666666667,NA,NA
"SimKumar4easy","wilcox","DIFS",1500,326,0.916666666666667,0.916666666666667,0.916666666666667,1,0.5,0.0337423312883436,NA,NA
"SimKumar4easy","wilcox","GateOnly",1500,326,0.916666666666667,0.916666666666667,0.916666666666667,1,0.5,0.0337423312883436,NA,NA
"SimKumar4easy","wilcox","Random",1500,1500,0.0352800056448009,0.0352800056448009,0.0352800056448009,0.101862768121399,6.45839325920701e-05,0.000282240045158407,NA,NA
"SimKumar4easy","wilcox","DIFS_stage1only",2500,326,0.916666666666667,0.916666666666667,0.916666666666667,1,0.5,0.0337423312883436,NA,NA
"SimKumar4easy","wilcox","Seurat",2500,2500,1,1,1,1,0.75,0.0048,NA,NA
"SimKumar4easy","wilcox","Seurat_gated",2500,326,0.916666666666667,0.916666666666667,0.916666666666667,1,0.5,0.0337423312883436,NA,NA
"SimKumar4easy","wilcox","FEAST",2500,2500,0.75,0.75,0.75,0.75,0.5,0.0036,NA,NA
"SimKumar4easy","wilcox","DIFS",2500,326,0.916666666666667,0.916666666666667,0.916666666666667,1,0.5,0.0337423312883436,NA,NA
"SimKumar4easy","wilcox","GateOnly",2500,326,0.916666666666667,0.916666666666667,0.916666666666667,1,0.5,0.0337423312883436,NA,NA
"SimKumar4easy","wilcox","Random",2500,2500,0.0588000094080015,0.0588000094080015,0.0588000094080015,0.165469195394647,0.000295656823415092,0.000282240045158407,NA,NA
"SimKumar4easy","wilcox","DIFS_stage1only",NA,326,NA,NA,NA,NA,NA,NA,22,233
"SimKumar4easy","wilcox","Seurat",NA,42517,NA,NA,NA,NA,NA,NA,133,631
"SimKumar4easy","wilcox","Seurat_gated",NA,326,NA,NA,NA,NA,NA,NA,8,35
"SimKumar4easy","wilcox","FEAST",NA,42517,NA,NA,NA,NA,NA,NA,647,9072
"SimKumar4hard","hurdle","DIFS_stage1only",100,100,0.75,0.75,0.75,0.75,0,0.03,NA,NA
"SimKumar4hard","hurdle","Seurat",100,100,0.25,0.25,0.25,0.25,0,0.01,NA,NA
"SimKumar4hard","hurdle","Seurat_gated",100,100,1,1,1,1,0,0.04,NA,NA
"SimKumar4hard","hurdle","FEAST",100,100,0,0,0,0,0,0,NA,NA
"SimKumar4hard","hurdle","DIFS",100,100,0.75,0.75,0.75,0.75,0,0.03,NA,NA
"SimKumar4hard","hurdle","GateOnly",100,100,0.307692307692308,0.307692307692308,0.307692307692308,0.307692307692308,0,0.0123076923076923,NA,NA
"SimKumar4hard","hurdle","Random",100,100,0.00235106032820802,0.00235106032820802,0.00235106032820802,0.00235106032820842,0,9.40424131283209e-05,NA,NA
"SimKumar4hard","hurdle","DIFS_stage1only",200,200,1,1,1,1,0,0.02,NA,NA
"SimKumar4hard","hurdle","Seurat",200,200,0.5,0.5,0.5,0.5,0,0.01,NA,NA
"SimKumar4hard","hurdle","Seurat_gated",200,200,1,1,1,1,0,0.02,NA,NA
"SimKumar4hard","hurdle","FEAST",200,200,0,0,0,0,0,0,NA,NA
"SimKumar4hard","hurdle","DIFS",200,200,1,1,1,1,0,0.02,NA,NA
"SimKumar4hard","hurdle","GateOnly",200,200,0.615384615384615,0.615384615384615,0.615384615384615,0.615384615384616,0,0.0123076923076923,NA,NA
"SimKumar4hard","hurdle","Random",200,200,0.00470212065641604,0.00470212065641604,0.00470212065641604,0.00470212065641651,0,9.40424131283209e-05,NA,NA
"SimKumar4hard","hurdle","DIFS_stage1only",300,300,1,1,1,1,0,0.0133333333333333,NA,NA
"SimKumar4hard","hurdle","Seurat",300,300,1,1,1,1,0,0.0133333333333333,NA,NA
"SimKumar4hard","hurdle","Seurat_gated",300,300,1,1,1,1,0,0.0133333333333333,NA,NA
"SimKumar4hard","hurdle","FEAST",300,300,0,0,0,0,0,0,NA,NA
"SimKumar4hard","hurdle","DIFS",300,300,1,1,1,1,0,0.0133333333333333,NA,NA
"SimKumar4hard","hurdle","GateOnly",300,300,0.923076923076923,0.923076923076923,0.923076923076923,0.923076923076923,0,0.0123076923076923,NA,NA
"SimKumar4hard","hurdle","Random",300,300,0.00705318098462407,0.00705318098462407,0.00705318098462407,0.00705318098462393,0,9.40424131283209e-05,NA,NA
"SimKumar4hard","hurdle","DIFS_stage1only",500,325,1,1,1,1,0,0.0123076923076923,NA,NA
"SimKumar4hard","hurdle","Seurat",500,500,1,1,1,1,0,0.008,NA,NA
"SimKumar4hard","hurdle","Seurat_gated",500,325,1,1,1,1,0,0.0123076923076923,NA,NA
"SimKumar4hard","hurdle","FEAST",500,500,0,0,0,0,0,0,NA,NA
"SimKumar4hard","hurdle","DIFS",500,327,1,1,1,1,0,0.0122324159021407,NA,NA
"SimKumar4hard","hurdle","GateOnly",500,325,1,1,1,1,0,0.0123076923076923,NA,NA
"SimKumar4hard","hurdle","Random",500,500,0.0117553016410401,0.0117553016410401,0.0117553016410401,0.0117553016410392,0,9.40424131283209e-05,NA,NA
"SimKumar4hard","hurdle","DIFS_stage1only",750,325,1,1,1,1,0,0.0123076923076923,NA,NA
"SimKumar4hard","hurdle","Seurat",750,750,1,1,1,1,0,0.00533333333333333,NA,NA
"SimKumar4hard","hurdle","Seurat_gated",750,325,1,1,1,1,0,0.0123076923076923,NA,NA
"SimKumar4hard","hurdle","FEAST",750,750,0,0,0,0,0,0,NA,NA
"SimKumar4hard","hurdle","DIFS",750,327,1,1,1,1,0,0.0122324159021407,NA,NA
"SimKumar4hard","hurdle","GateOnly",750,325,1,1,1,1,0,0.0123076923076923,NA,NA
"SimKumar4hard","hurdle","Random",750,750,0.0176329524615602,0.0176329524615602,0.0176329524615602,0.0176329524615593,0,9.40424131283209e-05,NA,NA
"SimKumar4hard","hurdle","DIFS_stage1only",1000,325,1,1,1,1,0,0.0123076923076923,NA,NA
"SimKumar4hard","hurdle","Seurat",1000,1000,1,1,1,1,0,0.004,NA,NA
"SimKumar4hard","hurdle","Seurat_gated",1000,325,1,1,1,1,0,0.0123076923076923,NA,NA
"SimKumar4hard","hurdle","FEAST",1000,1000,0,0,0,0,0,0,NA,NA
"SimKumar4hard","hurdle","DIFS",1000,327,1,1,1,1,0,0.0122324159021407,NA,NA
"SimKumar4hard","hurdle","GateOnly",1000,325,1,1,1,1,0,0.0123076923076923,NA,NA
"SimKumar4hard","hurdle","Random",1000,1000,0.0235106032820802,0.0235106032820802,0.0235106032820802,0.0235106032820802,0,9.40424131283209e-05,NA,NA
"SimKumar4hard","hurdle","DIFS_stage1only",1500,325,1,1,1,1,0,0.0123076923076923,NA,NA
"SimKumar4hard","hurdle","Seurat",1500,1500,1,1,1,1,0,0.00266666666666667,NA,NA
"SimKumar4hard","hurdle","Seurat_gated",1500,325,1,1,1,1,0,0.0123076923076923,NA,NA
"SimKumar4hard","hurdle","FEAST",1500,1500,0,0,0,0,0,0,NA,NA
"SimKumar4hard","hurdle","DIFS",1500,327,1,1,1,1,0,0.0122324159021407,NA,NA
"SimKumar4hard","hurdle","GateOnly",1500,325,1,1,1,1,0,0.0123076923076923,NA,NA
"SimKumar4hard","hurdle","Random",1500,1500,0.0352659049231203,0.0352659049231203,0.0352659049231203,0.0352659049231203,0,9.40424131283209e-05,NA,NA
"SimKumar4hard","hurdle","DIFS_stage1only",2500,325,1,1,1,1,0,0.0123076923076923,NA,NA
"SimKumar4hard","hurdle","Seurat",2500,2500,1,1,1,1,0,0.0016,NA,NA
"SimKumar4hard","hurdle","Seurat_gated",2500,325,1,1,1,1,0,0.0123076923076923,NA,NA
"SimKumar4hard","hurdle","FEAST",2500,2500,0,0,0,0,0,0,NA,NA
"SimKumar4hard","hurdle","DIFS",2500,327,1,1,1,1,0,0.0122324159021407,NA,NA
"SimKumar4hard","hurdle","GateOnly",2500,325,1,1,1,1,0,0.0123076923076923,NA,NA
"SimKumar4hard","hurdle","Random",2500,2500,0.0587765082052005,0.0587765082052005,0.0587765082052005,0.0587765082052005,0,9.40424131283209e-05,NA,NA
"SimKumar4hard","hurdle","DIFS_stage1only",NA,325,NA,NA,NA,NA,NA,NA,24,105
"SimKumar4hard","hurdle","Seurat",NA,42534,NA,NA,NA,NA,NA,NA,175,279
"SimKumar4hard","hurdle","Seurat_gated",NA,325,NA,NA,NA,NA,NA,NA,4,9
"SimKumar4hard","hurdle","FEAST",NA,42534,NA,NA,NA,NA,NA,NA,18275,31120
"SimKumar4hard","level","DIFS_stage1only",100,100,0.75,0.75,0.75,0.75,0,0.03,NA,NA
"SimKumar4hard","level","Seurat",100,100,0.25,0.25,0.25,0.25,0,0.01,NA,NA
"SimKumar4hard","level","Seurat_gated",100,100,1,1,1,1,0,0.04,NA,NA
"SimKumar4hard","level","FEAST",100,100,0,0,0,0,0,0,NA,NA
"SimKumar4hard","level","DIFS",100,100,0.75,0.75,0.75,0.75,0,0.03,NA,NA
"SimKumar4hard","level","GateOnly",100,100,0.307692307692308,0.307692307692308,0.307692307692308,0.307692307692308,0,0.0123076923076923,NA,NA
"SimKumar4hard","level","Random",100,100,0.00235106032820802,0.00235106032820802,0.00235106032820802,0.00235106032820842,0,9.40424131283209e-05,NA,NA
"SimKumar4hard","level","DIFS_stage1only",200,200,1,1,1,1,0,0.02,NA,NA
"SimKumar4hard","level","Seurat",200,200,0.5,0.5,0.5,0.5,0,0.01,NA,NA
"SimKumar4hard","level","Seurat_gated",200,200,1,1,1,1,0,0.02,NA,NA
"SimKumar4hard","level","FEAST",200,200,0,0,0,0,0,0,NA,NA
"SimKumar4hard","level","DIFS",200,200,1,1,1,1,0,0.02,NA,NA
"SimKumar4hard","level","GateOnly",200,200,0.615384615384615,0.615384615384615,0.615384615384615,0.615384615384616,0,0.0123076923076923,NA,NA
"SimKumar4hard","level","Random",200,200,0.00470212065641604,0.00470212065641604,0.00470212065641604,0.00470212065641651,0,9.40424131283209e-05,NA,NA
"SimKumar4hard","level","DIFS_stage1only",300,300,1,1,1,1,0,0.0133333333333333,NA,NA
"SimKumar4hard","level","Seurat",300,300,1,1,1,1,0,0.0133333333333333,NA,NA
"SimKumar4hard","level","Seurat_gated",300,300,1,1,1,1,0,0.0133333333333333,NA,NA
"SimKumar4hard","level","FEAST",300,300,0,0,0,0,0,0,NA,NA
"SimKumar4hard","level","DIFS",300,300,1,1,1,1,0,0.0133333333333333,NA,NA
"SimKumar4hard","level","GateOnly",300,300,0.923076923076923,0.923076923076923,0.923076923076923,0.923076923076923,0,0.0123076923076923,NA,NA
"SimKumar4hard","level","Random",300,300,0.00705318098462407,0.00705318098462407,0.00705318098462407,0.00705318098462393,0,9.40424131283209e-05,NA,NA
"SimKumar4hard","level","DIFS_stage1only",500,325,1,1,1,1,0,0.0123076923076923,NA,NA
"SimKumar4hard","level","Seurat",500,500,1,1,1,1,0,0.008,NA,NA
"SimKumar4hard","level","Seurat_gated",500,325,1,1,1,1,0,0.0123076923076923,NA,NA
"SimKumar4hard","level","FEAST",500,500,0,0,0,0,0,0,NA,NA
"SimKumar4hard","level","DIFS",500,327,1,1,1,1,0,0.0122324159021407,NA,NA
"SimKumar4hard","level","GateOnly",500,325,1,1,1,1,0,0.0123076923076923,NA,NA
"SimKumar4hard","level","Random",500,500,0.0117553016410401,0.0117553016410401,0.0117553016410401,0.0117553016410392,0,9.40424131283209e-05,NA,NA
"SimKumar4hard","level","DIFS_stage1only",750,325,1,1,1,1,0,0.0123076923076923,NA,NA
"SimKumar4hard","level","Seurat",750,750,1,1,1,1,0,0.00533333333333333,NA,NA
"SimKumar4hard","level","Seurat_gated",750,325,1,1,1,1,0,0.0123076923076923,NA,NA
"SimKumar4hard","level","FEAST",750,750,0,0,0,0,0,0,NA,NA
"SimKumar4hard","level","DIFS",750,327,1,1,1,1,0,0.0122324159021407,NA,NA
"SimKumar4hard","level","GateOnly",750,325,1,1,1,1,0,0.0123076923076923,NA,NA
"SimKumar4hard","level","Random",750,750,0.0176329524615602,0.0176329524615602,0.0176329524615602,0.0176329524615593,0,9.40424131283209e-05,NA,NA
"SimKumar4hard","level","DIFS_stage1only",1000,325,1,1,1,1,0,0.0123076923076923,NA,NA
"SimKumar4hard","level","Seurat",1000,1000,1,1,1,1,0,0.004,NA,NA
"SimKumar4hard","level","Seurat_gated",1000,325,1,1,1,1,0,0.0123076923076923,NA,NA
"SimKumar4hard","level","FEAST",1000,1000,0,0,0,0,0,0,NA,NA
"SimKumar4hard","level","DIFS",1000,327,1,1,1,1,0,0.0122324159021407,NA,NA
"SimKumar4hard","level","GateOnly",1000,325,1,1,1,1,0,0.0123076923076923,NA,NA
"SimKumar4hard","level","Random",1000,1000,0.0235106032820802,0.0235106032820802,0.0235106032820802,0.0235106032820802,0,9.40424131283209e-05,NA,NA
"SimKumar4hard","level","DIFS_stage1only",1500,325,1,1,1,1,0,0.0123076923076923,NA,NA
"SimKumar4hard","level","Seurat",1500,1500,1,1,1,1,0,0.00266666666666667,NA,NA
"SimKumar4hard","level","Seurat_gated",1500,325,1,1,1,1,0,0.0123076923076923,NA,NA
"SimKumar4hard","level","FEAST",1500,1500,0,0,0,0,0,0,NA,NA
"SimKumar4hard","level","DIFS",1500,327,1,1,1,1,0,0.0122324159021407,NA,NA
"SimKumar4hard","level","GateOnly",1500,325,1,1,1,1,0,0.0123076923076923,NA,NA
"SimKumar4hard","level","Random",1500,1500,0.0352659049231203,0.0352659049231203,0.0352659049231203,0.0352659049231203,0,9.40424131283209e-05,NA,NA
"SimKumar4hard","level","DIFS_stage1only",2500,325,1,1,1,1,0,0.0123076923076923,NA,NA
"SimKumar4hard","level","Seurat",2500,2500,1,1,1,1,0,0.0016,NA,NA
"SimKumar4hard","level","Seurat_gated",2500,325,1,1,1,1,0,0.0123076923076923,NA,NA
"SimKumar4hard","level","FEAST",2500,2500,0,0,0,0,0,0,NA,NA
"SimKumar4hard","level","DIFS",2500,327,1,1,1,1,0,0.0122324159021407,NA,NA
"SimKumar4hard","level","GateOnly",2500,325,1,1,1,1,0,0.0123076923076923,NA,NA
"SimKumar4hard","level","Random",2500,2500,0.0587765082052005,0.0587765082052005,0.0587765082052005,0.0587765082052005,0,9.40424131283209e-05,NA,NA
"SimKumar4hard","level","DIFS_stage1only",NA,325,NA,NA,NA,NA,NA,NA,24,105
"SimKumar4hard","level","Seurat",NA,42534,NA,NA,NA,NA,NA,NA,175,279
"SimKumar4hard","level","Seurat_gated",NA,325,NA,NA,NA,NA,NA,NA,4,9
"SimKumar4hard","level","FEAST",NA,42534,NA,NA,NA,NA,NA,NA,18275,31120
"SimKumar4hard","detection","DIFS_stage1only",100,100,0,0,0,0,0,0,NA,NA
"SimKumar4hard","detection","Seurat",100,100,0,0,0,0,0,0,NA,NA
"SimKumar4hard","detection","Seurat_gated",100,100,0,0,0,0,0,0,NA,NA
"SimKumar4hard","detection","FEAST",100,100,0,0,0,0,0,0,NA,NA
"SimKumar4hard","detection","DIFS",100,100,0,0,0,0,0,0,NA,NA
"SimKumar4hard","detection","GateOnly",100,100,0,0,0,0,0,0,NA,NA
"SimKumar4hard","detection","Random",100,100,0.00235106032820802,0.00235106032820802,0.00235106032820802,0.020374567388436,1.15271719818417e-06,0.00155169981661729,NA,NA
"SimKumar4hard","detection","DIFS_stage1only",200,200,0,0,0,0,0,0,NA,NA
"SimKumar4hard","detection","Seurat",200,200,0,0,0,0,0,0,NA,NA
"SimKumar4hard","detection","Seurat_gated",200,200,0,0,0,0,0,0,NA,NA
"SimKumar4hard","detection","FEAST",200,200,0,0,0,0,0,0,NA,NA
"SimKumar4hard","detection","DIFS",200,200,0,0,0,0,0,0,NA,NA
"SimKumar4hard","detection","GateOnly",200,200,0,0,0,0,0,0,NA,NA
"SimKumar4hard","detection","Random",200,200,0.00470212065641604,0.00470212065641604,0.00470212065641604,0.0403554577797152,9.25007335967494e-06,0.00155169981661729,NA,NA
"SimKumar4hard","detection","DIFS_stage1only",300,300,0,0,0,0,0,0,NA,NA
"SimKumar4hard","detection","Seurat",300,300,0,0,0,0,0,0,NA,NA
"SimKumar4hard","detection","Seurat_gated",300,300,0,0,0,0,0,0,NA,NA
"SimKumar4hard","detection","FEAST",300,300,0,0,0,0,0,0,NA,NA
"SimKumar4hard","detection","DIFS",300,300,0,0,0,0,0,0,NA,NA
"SimKumar4hard","detection","GateOnly",300,300,0,0,0,0,0,0,NA,NA
"SimKumar4hard","detection","Random",300,300,0.00705318098462407,0.00705318098462407,0.00705318098462407,0.0599497132453405,3.0998193240182e-05,0.00155169981661729,NA,NA
"SimKumar4hard","detection","DIFS_stage1only",500,325,0,0,0,0,0,0,NA,NA
"SimKumar4hard","detection","Seurat",500,500,0.0285714285714286,0.0169491525423729,0.0151515151515152,0.25,0,0.002,NA,NA
"SimKumar4hard","detection","Seurat_gated",500,325,0,0,0,0,0,0,NA,NA
"SimKumar4hard","detection","FEAST",500,500,0,0,0,0,0,0,NA,NA
"SimKumar4hard","detection","DIFS",500,327,0,0,0,0,0,0,NA,NA
"SimKumar4hard","detection","GateOnly",500,325,0,0,0,0,0,0,NA,NA
"SimKumar4hard","detection","Random",500,500,0.0117553016410401,0.0117553016410401,0.0117553016410401,0.0980059231044891,0.000140629108853805,0.00155169981661729,NA,NA
"SimKumar4hard","detection","DIFS_stage1only",750,325,0,0,0,0,0,0,NA,NA
"SimKumar4hard","detection","Seurat",750,750,0.0285714285714286,0.0169491525423729,0.0151515151515152,0.25,0,0.00133333333333333,NA,NA
"SimKumar4hard","detection","Seurat_gated",750,325,0,0,0,0,0,0,NA,NA
"SimKumar4hard","detection","FEAST",750,750,0,0,0,0,0,0,NA,NA
"SimKumar4hard","detection","DIFS",750,327,0,0,0,0,0,0,NA,NA
"SimKumar4hard","detection","GateOnly",750,325,0,0,0,0,0,0,NA,NA
"SimKumar4hard","detection","Random",750,750,0.0176329524615602,0.0176329524615602,0.0176329524615602,0.143522434056365,0.000461321665139721,0.00155169981661729,NA,NA
"SimKumar4hard","detection","DIFS_stage1only",1000,325,0,0,0,0,0,0,NA,NA
"SimKumar4hard","detection","Seurat",1000,1000,0.0571428571428571,0.0338983050847458,0.0303030303030303,0.5,0,0.002,NA,NA
"SimKumar4hard","detection","Seurat_gated",1000,325,0,0,0,0,0,0,NA,NA
"SimKumar4hard","detection","FEAST",1000,1000,0.0285714285714286,0.0169491525423729,0.0151515151515152,0.25,0,0.001,NA,NA
"SimKumar4hard","detection","DIFS",1000,327,0,0,0,0,0,0,NA,NA
"SimKumar4hard","detection","GateOnly",1000,325,0,0,0,0,0,0,NA,NA
"SimKumar4hard","detection","Random",1000,1000,0.0235106032820802,0.0235106032820802,0.0235106032820802,0.186851874113719,0.00106172202574902,0.00155169981661729,NA,NA
"SimKumar4hard","detection","DIFS_stage1only",1500,325,0,0,0,0,0,0,NA,NA
"SimKumar4hard","detection","Seurat",1500,1500,0.0857142857142857,0.0508474576271186,0.0454545454545455,0.75,0,0.002,NA,NA
"SimKumar4hard","detection","Seurat_gated",1500,325,0,0,0,0,0,0,NA,NA
"SimKumar4hard","detection","FEAST",1500,1500,0.0285714285714286,0.0169491525423729,0.0151515151515152,0.25,0,0.000666666666666667,NA,NA
"SimKumar4hard","detection","DIFS",1500,327,0,0,0,0,0,0,NA,NA
"SimKumar4hard","detection","GateOnly",1500,325,0,0,0,0,0,0,NA,NA
"SimKumar4hard","detection","Random",1500,1500,0.0352659049231203,0.0352659049231203,0.0352659049231203,0.267336672557021,0.00337402122926831,0.00155169981661729,NA,NA
"SimKumar4hard","detection","DIFS_stage1only",2500,325,0,0,0,0,0,0,NA,NA
"SimKumar4hard","detection","Seurat",2500,2500,0.0857142857142857,0.0677966101694915,0.0606060606060606,0.75,0,0.0016,NA,NA
"SimKumar4hard","detection","Seurat_gated",2500,325,0,0,0,0,0,0,NA,NA
"SimKumar4hard","detection","FEAST",2500,2500,0.0285714285714286,0.0169491525423729,0.0151515151515152,0.25,0,4e-04,NA,NA
"SimKumar4hard","detection","DIFS",2500,327,0,0,0,0,0,0,NA,NA
"SimKumar4hard","detection","GateOnly",2500,325,0,0,0,0,0,0,NA,NA
"SimKumar4hard","detection","Random",2500,2500,0.0587765082052005,0.0587765082052005,0.0587765082052005,0.40610643762909,0.0138222767372852,0.00155169981661729,NA,NA
"SimKumar4hard","detection","DIFS_stage1only",NA,325,NA,NA,NA,NA,NA,NA,NA,NA
"SimKumar4hard","detection","Seurat",NA,42534,NA,NA,NA,NA,NA,NA,10875,23361
"SimKumar4hard","detection","Seurat_gated",NA,325,NA,NA,NA,NA,NA,NA,NA,NA
"SimKumar4hard","detection","FEAST",NA,42534,NA,NA,NA,NA,NA,NA,26115,34517
"SimKumar4hard","wilcox","DIFS_stage1only",100,100,0.75,0.75,0.75,0.75,0,0.03,NA,NA
"SimKumar4hard","wilcox","Seurat",100,100,0.25,0.25,0.25,0.25,0,0.01,NA,NA
"SimKumar4hard","wilcox","Seurat_gated",100,100,1,1,1,1,0,0.04,NA,NA
"SimKumar4hard","wilcox","FEAST",100,100,0,0,0,0,0,0,NA,NA
"SimKumar4hard","wilcox","DIFS",100,100,0.75,0.75,0.75,0.75,0,0.03,NA,NA
"SimKumar4hard","wilcox","GateOnly",100,100,0.307692307692308,0.307692307692308,0.307692307692308,0.307692307692308,0,0.0123076923076923,NA,NA
"SimKumar4hard","wilcox","Random",100,100,0.00235106032820802,0.00235106032820802,0.00235106032820802,0.00235106032820842,0,9.40424131283209e-05,NA,NA
"SimKumar4hard","wilcox","DIFS_stage1only",200,200,1,1,1,1,0,0.02,NA,NA
"SimKumar4hard","wilcox","Seurat",200,200,0.5,0.5,0.5,0.5,0,0.01,NA,NA
"SimKumar4hard","wilcox","Seurat_gated",200,200,1,1,1,1,0,0.02,NA,NA
"SimKumar4hard","wilcox","FEAST",200,200,0,0,0,0,0,0,NA,NA
"SimKumar4hard","wilcox","DIFS",200,200,1,1,1,1,0,0.02,NA,NA
"SimKumar4hard","wilcox","GateOnly",200,200,0.615384615384615,0.615384615384615,0.615384615384615,0.615384615384616,0,0.0123076923076923,NA,NA
"SimKumar4hard","wilcox","Random",200,200,0.00470212065641604,0.00470212065641604,0.00470212065641604,0.00470212065641651,0,9.40424131283209e-05,NA,NA
"SimKumar4hard","wilcox","DIFS_stage1only",300,300,1,1,1,1,0,0.0133333333333333,NA,NA
"SimKumar4hard","wilcox","Seurat",300,300,1,1,1,1,0,0.0133333333333333,NA,NA
"SimKumar4hard","wilcox","Seurat_gated",300,300,1,1,1,1,0,0.0133333333333333,NA,NA
"SimKumar4hard","wilcox","FEAST",300,300,0,0,0,0,0,0,NA,NA
"SimKumar4hard","wilcox","DIFS",300,300,1,1,1,1,0,0.0133333333333333,NA,NA
"SimKumar4hard","wilcox","GateOnly",300,300,0.923076923076923,0.923076923076923,0.923076923076923,0.923076923076923,0,0.0123076923076923,NA,NA
"SimKumar4hard","wilcox","Random",300,300,0.00705318098462407,0.00705318098462407,0.00705318098462407,0.00705318098462393,0,9.40424131283209e-05,NA,NA
"SimKumar4hard","wilcox","DIFS_stage1only",500,325,1,1,1,1,0,0.0123076923076923,NA,NA
"SimKumar4hard","wilcox","Seurat",500,500,1,1,1,1,0,0.008,NA,NA
"SimKumar4hard","wilcox","Seurat_gated",500,325,1,1,1,1,0,0.0123076923076923,NA,NA
"SimKumar4hard","wilcox","FEAST",500,500,0,0,0,0,0,0,NA,NA
"SimKumar4hard","wilcox","DIFS",500,327,1,1,1,1,0,0.0122324159021407,NA,NA
"SimKumar4hard","wilcox","GateOnly",500,325,1,1,1,1,0,0.0123076923076923,NA,NA
"SimKumar4hard","wilcox","Random",500,500,0.0117553016410401,0.0117553016410401,0.0117553016410401,0.0117553016410392,0,9.40424131283209e-05,NA,NA
"SimKumar4hard","wilcox","DIFS_stage1only",750,325,1,1,1,1,0,0.0123076923076923,NA,NA
"SimKumar4hard","wilcox","Seurat",750,750,1,1,1,1,0,0.00533333333333333,NA,NA
"SimKumar4hard","wilcox","Seurat_gated",750,325,1,1,1,1,0,0.0123076923076923,NA,NA
"SimKumar4hard","wilcox","FEAST",750,750,0,0,0,0,0,0,NA,NA
"SimKumar4hard","wilcox","DIFS",750,327,1,1,1,1,0,0.0122324159021407,NA,NA
"SimKumar4hard","wilcox","GateOnly",750,325,1,1,1,1,0,0.0123076923076923,NA,NA
"SimKumar4hard","wilcox","Random",750,750,0.0176329524615602,0.0176329524615602,0.0176329524615602,0.0176329524615593,0,9.40424131283209e-05,NA,NA
"SimKumar4hard","wilcox","DIFS_stage1only",1000,325,1,1,1,1,0,0.0123076923076923,NA,NA
"SimKumar4hard","wilcox","Seurat",1000,1000,1,1,1,1,0,0.004,NA,NA
"SimKumar4hard","wilcox","Seurat_gated",1000,325,1,1,1,1,0,0.0123076923076923,NA,NA
"SimKumar4hard","wilcox","FEAST",1000,1000,0,0,0,0,0,0,NA,NA
"SimKumar4hard","wilcox","DIFS",1000,327,1,1,1,1,0,0.0122324159021407,NA,NA
"SimKumar4hard","wilcox","GateOnly",1000,325,1,1,1,1,0,0.0123076923076923,NA,NA
"SimKumar4hard","wilcox","Random",1000,1000,0.0235106032820802,0.0235106032820802,0.0235106032820802,0.0235106032820802,0,9.40424131283209e-05,NA,NA
"SimKumar4hard","wilcox","DIFS_stage1only",1500,325,1,1,1,1,0,0.0123076923076923,NA,NA
"SimKumar4hard","wilcox","Seurat",1500,1500,1,1,1,1,0,0.00266666666666667,NA,NA
"SimKumar4hard","wilcox","Seurat_gated",1500,325,1,1,1,1,0,0.0123076923076923,NA,NA
"SimKumar4hard","wilcox","FEAST",1500,1500,0,0,0,0,0,0,NA,NA
"SimKumar4hard","wilcox","DIFS",1500,327,1,1,1,1,0,0.0122324159021407,NA,NA
"SimKumar4hard","wilcox","GateOnly",1500,325,1,1,1,1,0,0.0123076923076923,NA,NA
"SimKumar4hard","wilcox","Random",1500,1500,0.0352659049231203,0.0352659049231203,0.0352659049231203,0.0352659049231203,0,9.40424131283209e-05,NA,NA
"SimKumar4hard","wilcox","DIFS_stage1only",2500,325,1,1,1,1,0,0.0123076923076923,NA,NA
"SimKumar4hard","wilcox","Seurat",2500,2500,1,1,1,1,0,0.0016,NA,NA
"SimKumar4hard","wilcox","Seurat_gated",2500,325,1,1,1,1,0,0.0123076923076923,NA,NA
"SimKumar4hard","wilcox","FEAST",2500,2500,0,0,0,0,0,0,NA,NA
"SimKumar4hard","wilcox","DIFS",2500,327,1,1,1,1,0,0.0122324159021407,NA,NA
"SimKumar4hard","wilcox","GateOnly",2500,325,1,1,1,1,0,0.0123076923076923,NA,NA
"SimKumar4hard","wilcox","Random",2500,2500,0.0587765082052005,0.0587765082052005,0.0587765082052005,0.0587765082052005,0,9.40424131283209e-05,NA,NA
"SimKumar4hard","wilcox","DIFS_stage1only",NA,325,NA,NA,NA,NA,NA,NA,24,105
"SimKumar4hard","wilcox","Seurat",NA,42534,NA,NA,NA,NA,NA,NA,175,279
"SimKumar4hard","wilcox","Seurat_gated",NA,325,NA,NA,NA,NA,NA,NA,4,9
"SimKumar4hard","wilcox","FEAST",NA,42534,NA,NA,NA,NA,NA,NA,18275,31120
"Trapnell","hurdle","DIFS_stage1only",100,100,0.037037037037037,0.137254901960784,0.127272727272727,0.333333333333333,0,0.07,NA,NA
"Trapnell","hurdle","Seurat",100,100,0.407407407407407,0.352941176470588,0.363636363636364,1,1,0.2,NA,NA
"Trapnell","hurdle","Seurat_gated",100,100,0.333333333333333,0.294117647058824,0.272727272727273,1,0.666666666666667,0.15,NA,NA
"Trapnell","hurdle","FEAST",100,100,0.259259259259259,0.196078431372549,0.181818181818182,1,0.333333333333333,0.1,NA,NA
"Trapnell","hurdle","DIFS",100,100,0.185185185185185,0.274509803921569,0.254545454545455,0.666666666666667,0.333333333333333,0.14,NA,NA
"Trapnell","hurdle","GateOnly",100,100,0.0525686977299881,0.0683111954459203,0.0656891495601173,0.388844414224304,0.00825246641904621,0.0361290322580645,NA,NA
"Trapnell","hurdle","Random",100,100,0.00301859454238107,0.00301859454238107,0.00301859454238107,0.0268360060130309,2.41107240777438e-06,0.00166022699830959,NA,NA
"Trapnell","hurdle","DIFS_stage1only",200,200,0.0740740740740741,0.196078431372549,0.2,0.666666666666667,0,0.055,NA,NA
"Trapnell","hurdle","Seurat",200,200,0.481481481481481,0.411764705882353,0.436363636363636,1,1,0.12,NA,NA
"Trapnell","hurdle","Seurat_gated",200,200,0.37037037037037,0.431372549019608,0.418181818181818,1,0.666666666666667,0.115,NA,NA
"Trapnell","hurdle","FEAST",200,200,0.296296296296296,0.235294117647059,0.218181818181818,1,0.333333333333333,0.06,NA,NA
"Trapnell","hurdle","DIFS",200,200,0.333333333333333,0.392156862745098,0.381818181818182,1,0.333333333333333,0.105,NA,NA
"Trapnell","hurdle","GateOnly",200,200,0.105137395459976,0.136622390891841,0.131378299120235,0.641258361831358,0.0554947542199823,0.0361290322580645,NA,NA
"Trapnell","hurdle","Random",200,200,0.00603718908476213,0.00603718908476213,0.00603718908476213,0.0530125174607026,1.92920806056646e-05,0.00166022699830959,NA,NA
"Trapnell","hurdle","DIFS_stage1only",300,300,0.185185185185185,0.294117647058824,0.290909090909091,1,0,0.0533333333333333,NA,NA
"Trapnell","hurdle","Seurat",300,300,0.481481481481481,0.411764705882353,0.436363636363636,1,1,0.08,NA,NA
"Trapnell","hurdle","Seurat_gated",300,300,0.407407407407407,0.509803921568627,0.490909090909091,1,0.666666666666667,0.09,NA,NA
"Trapnell","hurdle","FEAST",300,300,0.407407407407407,0.313725490196078,0.290909090909091,1,0.666666666666667,0.0533333333333333,NA,NA
"Trapnell","hurdle","DIFS",300,300,0.407407407407407,0.490196078431373,0.472727272727273,1,1,0.0866666666666667,NA,NA
"Trapnell","hurdle","GateOnly",300,300,0.157706093189964,0.204933586337761,0.197067448680352,0.799483608365514,0.152985562997539,0.0361290322580645,NA,NA
"Trapnell","hurdle","Random",300,300,0.0090557836271432,0.0090557836271432,0.0090557836271432,0.0785442210502195,6.44636029852208e-05,0.00166022699830959,NA,NA
"Trapnell","hurdle","DIFS_stage1only",500,500,0.296296296296296,0.392156862745098,0.381818181818182,1,0.333333333333333,0.042,NA,NA
"Trapnell","hurdle","Seurat",500,500,0.592592592592593,0.490196078431373,0.509090909090909,1,1,0.056,NA,NA
"Trapnell","hurdle","Seurat_gated",500,500,0.407407407407407,0.529411764705882,0.509090909090909,1,0.666666666666667,0.056,NA,NA
"Trapnell","hurdle","FEAST",500,500,0.481481481481481,0.372549019607843,0.345454545454545,1,0.666666666666667,0.038,NA,NA
"Trapnell","hurdle","DIFS",500,500,0.703703703703704,0.784313725490196,0.781818181818182,1,1,0.086,NA,NA
"Trapnell","hurdle","GateOnly",500,500,0.26284348864994,0.341555977229602,0.328445747800587,0.951086884467047,0.437395982206105,0.0361290322580645,NA,NA
"Trapnell","hurdle","Random",500,500,0.0150929727119053,0.0150929727119053,0.0150929727119053,0.127730496501953,0.000290760747978354,0.00166022699830959,NA,NA
"Trapnell","hurdle","DIFS_stage1only",750,750,0.407407407407407,0.529411764705882,0.509090909090909,1,0.666666666666667,0.0373333333333333,NA,NA
"Trapnell","hurdle","Seurat",750,750,0.666666666666667,0.529411764705882,0.545454545454545,1,1,0.04,NA,NA
"Trapnell","hurdle","Seurat_gated",750,750,0.407407407407407,0.529411764705882,0.509090909090909,1,0.666666666666667,0.0373333333333333,NA,NA
"Trapnell","hurdle","FEAST",750,750,0.481481481481481,0.392156862745098,0.363636363636364,1,0.666666666666667,0.0266666666666667,NA,NA
"Trapnell","hurdle","DIFS",750,750,0.851851851851852,0.92156862745098,0.927272727272727,1,1,0.068,NA,NA
"Trapnell","hurdle","GateOnly",750,750,0.39426523297491,0.512333965844402,0.49266862170088,0.9996662929023,0.664649671762571,0.0361290322580645,NA,NA
"Trapnell","hurdle","Random",750,750,0.022639459067858,0.022639459067858,0.022639459067858,0.185836674401722,0.000946903745648532,0.00166022699830959,NA,NA
"Trapnell","hurdle","DIFS_stage1only",1000,775,0.407407407407407,0.529411764705882,0.509090909090909,1,0.666666666666667,0.0361290322580645,NA,NA
"Trapnell","hurdle","Seurat",1000,1000,0.666666666666667,0.529411764705882,0.545454545454545,1,1,0.03,NA,NA
"Trapnell","hurdle","Seurat_gated",1000,775,0.407407407407407,0.529411764705882,0.509090909090909,1,0.666666666666667,0.0361290322580645,NA,NA
"Trapnell","hurdle","FEAST",1000,1000,0.555555555555556,0.490196078431373,0.472727272727273,1,0.666666666666667,0.026,NA,NA
"Trapnell","hurdle","DIFS",1000,1000,0.888888888888889,0.941176470588235,0.945454545454545,1,1,0.052,NA,NA
"Trapnell","hurdle","GateOnly",1000,775,0.407407407407407,0.529411764705882,0.509090909090909,1,0.666666666666667,0.0361290322580645,NA,NA
"Trapnell","hurdle","Random",1000,1000,0.0301859454238107,0.0301859454238107,0.0301859454238107,0.240385150614038,0.00216342445755957,0.00166022699830959,NA,NA
"Trapnell","hurdle","DIFS_stage1only",1500,775,0.407407407407407,0.529411764705882,0.509090909090909,1,0.666666666666667,0.0361290322580645,NA,NA
"Trapnell","hurdle","Seurat",1500,1500,0.666666666666667,0.529411764705882,0.545454545454545,1,1,0.02,NA,NA
"Trapnell","hurdle","Seurat_gated",1500,775,0.407407407407407,0.529411764705882,0.509090909090909,1,0.666666666666667,0.0361290322580645,NA,NA
"Trapnell","hurdle","FEAST",1500,1500,0.592592592592593,0.549019607843137,0.545454545454545,1,1,0.02,NA,NA
"Trapnell","hurdle","DIFS",1500,1170,0.888888888888889,0.941176470588235,0.945454545454545,1,1,0.0444444444444444,NA,NA
"Trapnell","hurdle","GateOnly",1500,775,0.407407407407407,0.529411764705882,0.509090909090909,1,0.666666666666667,0.0361290322580645,NA,NA
"Trapnell","hurdle","Random",1500,1500,0.045278918135716,0.045278918135716,0.045278918135716,0.339591890414788,0.00677486076137767,0.00166022699830959,NA,NA
"Trapnell","hurdle","DIFS_stage1only",2500,775,0.407407407407407,0.529411764705882,0.509090909090909,1,0.666666666666667,0.0361290322580645,NA,NA
"Trapnell","hurdle","Seurat",2500,2500,0.666666666666667,0.588235294117647,0.6,1,1,0.0132,NA,NA
"Trapnell","hurdle","Seurat_gated",2500,775,0.407407407407407,0.529411764705882,0.509090909090909,1,0.666666666666667,0.0361290322580645,NA,NA
"Trapnell","hurdle","FEAST",2500,2500,0.777777777777778,0.647058823529412,0.654545454545455,1,1,0.0144,NA,NA
"Trapnell","hurdle","DIFS",2500,1170,0.888888888888889,0.941176470588235,0.945454545454545,1,1,0.0444444444444444,NA,NA
"Trapnell","hurdle","GateOnly",2500,775,0.407407407407407,0.529411764705882,0.509090909090909,1,0.666666666666667,0.0361290322580645,NA,NA
"Trapnell","hurdle","Random",2500,2500,0.0754648635595267,0.0754648635595267,0.0754648635595267,0.503394100787535,0.0269426867738618,0.00166022699830959,NA,NA
"Trapnell","hurdle","DIFS_stage1only",NA,775,NA,NA,NA,NA,NA,NA,NA,NA
"Trapnell","hurdle","Seurat",NA,33128,NA,NA,NA,NA,NA,NA,390,3807
"Trapnell","hurdle","Seurat_gated",NA,775,NA,NA,NA,NA,NA,NA,NA,NA
"Trapnell","hurdle","FEAST",NA,33128,NA,NA,NA,NA,NA,NA,873,3033
"Trapnell","level","DIFS_stage1only",100,100,0.25,0.193548387096774,0.21875,0.666666666666667,0.333333333333333,0.07,NA,NA
"Trapnell","level","Seurat",100,100,0.25,0.193548387096774,0.1875,1,0,0.06,NA,NA
"Trapnell","level","Seurat_gated",100,100,0.625,0.387096774193548,0.40625,1,0.333333333333333,0.13,NA,NA
"Trapnell","level","FEAST",100,100,0.4375,0.354838709677419,0.375,1,0.333333333333333,0.12,NA,NA
"Trapnell","level","DIFS",100,100,0.5625,0.32258064516129,0.34375,1,0.333333333333333,0.11,NA,NA
"Trapnell","level","GateOnly",100,100,0.112903225806452,0.0957336108220604,0.0967741935483871,0.422607066489157,0.0351912535027626,0.0309677419354839,NA,NA
"Trapnell","level","Random",100,100,0.00301859454238107,0.00301859454238107,0.00301859454238107,0.0159349355746073,1.1397889532596e-06,0.000965950253561942,NA,NA
"Trapnell","level","DIFS_stage1only",200,200,0.375,0.32258064516129,0.34375,0.666666666666667,0.333333333333333,0.055,NA,NA
"Trapnell","level","Seurat",200,200,0.3125,0.258064516129032,0.25,1,0.333333333333333,0.04,NA,NA
"Trapnell","level","Seurat_gated",200,200,0.75,0.580645161290323,0.59375,1,0.666666666666667,0.095,NA,NA
"Trapnell","level","FEAST",200,200,0.4375,0.387096774193548,0.40625,1,0.333333333333333,0.065,NA,NA
"Trapnell","level","DIFS",200,200,0.75,0.580645161290323,0.59375,1,0.666666666666667,0.095,NA,NA
"Trapnell","level","GateOnly",200,200,0.225806451612903,0.191467221644121,0.193548387096774,0.629614983267611,0.159001509302845,0.0309677419354839,NA,NA
"Trapnell","level","Random",200,200,0.00603718908476213,0.00603718908476213,0.00603718908476213,0.0315427574714242,9.1200821451099e-06,0.000965950253561942,NA,NA
"Trapnell","level","DIFS_stage1only",300,300,0.4375,0.451612903225806,0.46875,0.666666666666667,0.333333333333333,0.05,NA,NA
"Trapnell","level","Seurat",300,300,0.3125,0.258064516129032,0.28125,1,0.333333333333333,0.03,NA,NA
"Trapnell","level","Seurat_gated",300,300,0.75,0.645161290322581,0.65625,1,0.666666666666667,0.07,NA,NA
"Trapnell","level","FEAST",300,300,0.4375,0.451612903225806,0.46875,1,0.333333333333333,0.05,NA,NA
"Trapnell","level","DIFS",300,300,0.75,0.67741935483871,0.6875,1,0.666666666666667,0.0733333333333333,NA,NA
"Trapnell","level","GateOnly",300,300,0.338709677419355,0.287200832466181,0.290322580645161,0.744942052741706,0.302881486098252,0.0309677419354839,NA,NA
"Trapnell","level","Random",300,300,0.0090557836271432,0.0090557836271432,0.0090557836271432,0.0468304086450763,3.04748561678276e-05,0.000965950253561942,NA,NA
"Trapnell","level","DIFS_stage1only",500,500,0.6875,0.645161290322581,0.65625,0.666666666666667,0.666666666666667,0.042,NA,NA
"Trapnell","level","Seurat",500,500,0.3125,0.290322580645161,0.3125,1,0.333333333333333,0.02,NA,NA
"Trapnell","level","Seurat_gated",500,500,0.875,0.741935483870968,0.75,1,0.666666666666667,0.048,NA,NA
"Trapnell","level","FEAST",500,500,0.5,0.483870967741935,0.5,1,0.333333333333333,0.032,NA,NA
"Trapnell","level","DIFS",500,500,0.875,0.870967741935484,0.875,1,0.666666666666667,0.056,NA,NA
"Trapnell","level","GateOnly",500,500,0.564516129032258,0.478668054110302,0.483870967741935,0.87648294658968,0.514196339733478,0.0309677419354839,NA,NA
"Trapnell","level","Random",500,500,0.0150929727119053,0.0150929727119053,0.0150929727119053,0.0764722836414437,0.000137462290433698,0.000965950253561942,NA,NA
"Trapnell","level","DIFS_stage1only",750,750,0.875,0.741935483870968,0.75,1,0.666666666666667,0.032,NA,NA
"Trapnell","level","Seurat",750,750,0.375,0.32258064516129,0.34375,1,0.333333333333333,0.0146666666666667,NA,NA
"Trapnell","level","Seurat_gated",750,750,0.875,0.741935483870968,0.75,1,0.666666666666667,0.032,NA,NA
"Trapnell","level","FEAST",750,750,0.5,0.516129032258065,0.53125,1,0.333333333333333,0.0226666666666667,NA,NA
"Trapnell","level","DIFS",750,750,1,1,1,1,0.666666666666667,0.0426666666666667,NA,NA
"Trapnell","level","GateOnly",750,750,0.846774193548387,0.718002081165453,0.725806451612903,0.98924702911803,0.664744682627345,0.0309677419354839,NA,NA
"Trapnell","level","Random",750,750,0.022639459067858,0.022639459067858,0.022639459067858,0.111842037528563,0.000447703993148466,0.000965950253561942,NA,NA
"Trapnell","level","DIFS_stage1only",1000,775,0.875,0.741935483870968,0.75,1,0.666666666666667,0.0309677419354839,NA,NA
"Trapnell","level","Seurat",1000,1000,0.375,0.354838709677419,0.375,1,0.333333333333333,0.012,NA,NA
"Trapnell","level","Seurat_gated",1000,775,0.875,0.741935483870968,0.75,1,0.666666666666667,0.0309677419354839,NA,NA
"Trapnell","level","FEAST",1000,1000,0.5625,0.580645161290323,0.59375,1,0.333333333333333,0.019,NA,NA
"Trapnell","level","DIFS",1000,1000,1,1,1,1,0.666666666666667,0.032,NA,NA
"Trapnell","level","GateOnly",1000,775,0.875,0.741935483870968,0.75,1,0.666666666666667,0.0309677419354839,NA,NA
"Trapnell","level","Random",1000,1000,0.0301859454238107,0.0301859454238107,0.0301859454238107,0.145434046403068,0.00102300438491587,0.000965950253561942,NA,NA
"Trapnell","level","DIFS_stage1only",1500,775,0.875,0.741935483870968,0.75,1,0.666666666666667,0.0309677419354839,NA,NA
"Trapnell","level","Seurat",1500,1500,0.375,0.354838709677419,0.375,1,0.333333333333333,0.008,NA,NA
"Trapnell","level","Seurat_gated",1500,775,0.875,0.741935483870968,0.75,1,0.666666666666667,0.0309677419354839,NA,NA
"Trapnell","level","FEAST",1500,1500,0.5625,0.612903225806452,0.625,1,0.333333333333333,0.0133333333333333,NA,NA
"Trapnell","level","DIFS",1500,1170,1,1,1,1,0.666666666666667,0.0273504273504274,NA,NA
"Trapnell","level","GateOnly",1500,775,0.875,0.741935483870968,0.75,1,0.666666666666667,0.0309677419354839,NA,NA
"Trapnell","level","Random",1500,1500,0.045278918135716,0.045278918135716,0.045278918135716,0.207655082061364,0.00320464407909673,0.000965950253561942,NA,NA
"Trapnell","level","DIFS_stage1only",2500,775,0.875,0.741935483870968,0.75,1,0.666666666666667,0.0309677419354839,NA,NA
"Trapnell","level","Seurat",2500,2500,0.4375,0.387096774193548,0.40625,1,0.333333333333333,0.0052,NA,NA
"Trapnell","level","Seurat_gated",2500,775,0.875,0.741935483870968,0.75,1,0.666666666666667,0.0309677419354839,NA,NA
"Trapnell","level","FEAST",2500,2500,0.625,0.645161290322581,0.65625,1,0.333333333333333,0.0084,NA,NA
"Trapnell","level","DIFS",2500,1170,1,1,1,1,0.666666666666667,0.0273504273504274,NA,NA
"Trapnell","level","GateOnly",2500,775,0.875,0.741935483870968,0.75,1,0.666666666666667,0.0309677419354839,NA,NA
"Trapnell","level","Random",2500,2500,0.0754648635595267,0.0754648635595267,0.0754648635595267,0.314587339844273,0.0127583979628768,0.000965950253561942,NA,NA
"Trapnell","level","DIFS_stage1only",NA,775,NA,NA,NA,NA,NA,NA,314,528
"Trapnell","level","Seurat",NA,33128,NA,NA,NA,NA,NA,NA,3174,6029
"Trapnell","level","Seurat_gated",NA,775,NA,NA,NA,NA,NA,NA,87,335
"Trapnell","level","FEAST",NA,33128,NA,NA,NA,NA,NA,NA,347,5308
"Trapnell","detection","DIFS_stage1only",100,100,0.0333333333333333,0.0133333333333333,0.00134770889487871,0.333333333333333,0,0.01,NA,NA
"Trapnell","detection","Seurat",100,100,0.1,0.0666666666666667,0.0148247978436658,1,0,0.11,NA,NA
"Trapnell","detection","Seurat_gated",100,100,0.0333333333333333,0.0133333333333333,0.00134770889487871,0.333333333333333,0,0.01,NA,NA
"Trapnell","detection","FEAST",100,100,0.0333333333333333,0.0133333333333333,0.0121293800539084,0.333333333333333,0,0.09,NA,NA
"Trapnell","detection","DIFS",100,100,0.0333333333333333,0.0133333333333333,0.00134770889487871,0.333333333333333,0,0.01,NA,NA
"Trapnell","detection","GateOnly",100,100,0.0043010752688172,0.00172043010752688,0.000173897921919833,0.0430107526881721,0,0.00129032258064516,NA,NA
"Trapnell","detection","Random",100,100,0.00301859454238107,0.00301859454238107,0.00301859454238107,0.0297831836426317,3.15365842022921e-06,0.0223979715044675,NA,NA
"Trapnell","detection","DIFS_stage1only",200,200,0.0333333333333333,0.0133333333333333,0.00134770889487871,0.333333333333333,0,0.005,NA,NA
"Trapnell","detection","Seurat",200,200,0.1,0.08,0.0242587601078167,1,0,0.09,NA,NA
"Trapnell","detection","Seurat_gated",200,200,0.0333333333333333,0.0133333333333333,0.00134770889487871,0.333333333333333,0,0.005,NA,NA
"Trapnell","detection","FEAST",200,200,0.0666666666666667,0.0533333333333333,0.0188679245283019,0.333333333333333,0,0.07,NA,NA
"Trapnell","detection","DIFS",200,200,0.0333333333333333,0.0133333333333333,0.00269541778975741,0.333333333333333,0,0.01,NA,NA
"Trapnell","detection","GateOnly",200,200,0.00860215053763441,0.00344086021505376,0.000347795843839666,0.0860215053763441,0,0.00129032258064516,NA,NA
"Trapnell","detection","Random",200,200,0.00603718908476213,0.00603718908476213,0.00603718908476213,0.0587656417154043,2.521182452268e-05,0.0223979715044675,NA,NA
"Trapnell","detection","DIFS_stage1only",300,300,0.0333333333333333,0.0133333333333333,0.00134770889487871,0.333333333333333,0,0.00333333333333333,NA,NA
"Trapnell","detection","Seurat",300,300,0.1,0.0933333333333333,0.0269541778975741,1,0,0.0666666666666667,NA,NA
"Trapnell","detection","Seurat_gated",300,300,0.0333333333333333,0.0133333333333333,0.00134770889487871,0.333333333333333,0,0.00333333333333333,NA,NA
"Trapnell","detection","FEAST",300,300,0.233333333333333,0.2,0.0431266846361186,1,0.333333333333333,0.106666666666667,NA,NA
"Trapnell","detection","DIFS",300,300,0.0666666666666667,0.04,0.00808625336927224,0.333333333333333,0,0.02,NA,NA
"Trapnell","detection","GateOnly",300,300,0.0129032258064516,0.00516129032258065,0.000521693765759499,0.129032258064516,0,0.00129032258064516,NA,NA
"Trapnell","detection","Random",300,300,0.0090557836271432,0.0090557836271432,0.0090557836271432,0.0869665673838609,8.41701423773088e-05,0.0223979715044675,NA,NA
"Trapnell","detection","DIFS_stage1only",500,500,0.0333333333333333,0.0133333333333333,0.00134770889487871,0.333333333333333,0,0.002,NA,NA
"Trapnell","detection","Seurat",500,500,0.133333333333333,0.133333333333333,0.0377358490566038,1,0,0.056,NA,NA
"Trapnell","detection","Seurat_gated",500,500,0.0333333333333333,0.0133333333333333,0.00134770889487871,0.333333333333333,0,0.002,NA,NA
"Trapnell","detection","FEAST",500,500,0.3,0.226666666666667,0.0566037735849057,1,0.666666666666667,0.084,NA,NA
"Trapnell","detection","DIFS",500,500,0.0666666666666667,0.0533333333333333,0.0242587601078167,0.333333333333333,0,0.036,NA,NA
"Trapnell","detection","GateOnly",500,500,0.021505376344086,0.00860215053763441,0.000869489609599165,0.21505376344086,0,0.00129032258064516,NA,NA
"Trapnell","detection","Random",500,500,0.0150929727119053,0.0150929727119053,0.0150929727119053,0.141098582667435,0.000378972929799003,0.0223979715044675,NA,NA
"Trapnell","detection","DIFS_stage1only",750,750,0.0333333333333333,0.0133333333333333,0.00134770889487871,0.333333333333333,0,0.00133333333333333,NA,NA
"Trapnell","detection","Seurat",750,750,0.266666666666667,0.24,0.0592991913746631,1,0.333333333333333,0.0586666666666667,NA,NA
"Trapnell","detection","Seurat_gated",750,750,0.0333333333333333,0.0133333333333333,0.00134770889487871,0.333333333333333,0,0.00133333333333333,NA,NA
"Trapnell","detection","FEAST",750,750,0.333333333333333,0.253333333333333,0.0700808625336927,1,0.666666666666667,0.0693333333333333,NA,NA
"Trapnell","detection","DIFS",750,750,0.1,0.08,0.0336927223719677,0.666666666666667,0,0.0333333333333333,NA,NA
"Trapnell","detection","GateOnly",750,750,0.032258064516129,0.0129032258064516,0.00130423441439875,0.32258064516129,0,0.00129032258064516,NA,NA
"Trapnell","detection","Random",750,750,0.022639459067858,0.022639459067858,0.022639459067858,0.204693843054005,0.00123140238649287,0.0223979715044675,NA,NA
"Trapnell","detection","DIFS_stage1only",1000,775,0.0333333333333333,0.0133333333333333,0.00134770889487871,0.333333333333333,0,0.00129032258064516,NA,NA
"Trapnell","detection","Seurat",1000,1000,0.266666666666667,0.24,0.0754716981132075,1,0.333333333333333,0.056,NA,NA
"Trapnell","detection","Seurat_gated",1000,775,0.0333333333333333,0.0133333333333333,0.00134770889487871,0.333333333333333,0,0.00129032258064516,NA,NA
"Trapnell","detection","FEAST",1000,1000,0.333333333333333,0.28,0.0929919137466307,1,0.666666666666667,0.069,NA,NA
"Trapnell","detection","DIFS",1000,1000,0.1,0.08,0.0336927223719677,0.666666666666667,0,0.025,NA,NA
"Trapnell","detection","GateOnly",1000,775,0.0333333333333333,0.0133333333333333,0.00134770889487871,0.333333333333333,0,0.00129032258064516,NA,NA
"Trapnell","detection","Random",1000,1000,0.0301859454238107,0.0301859454238107,0.0301859454238107,0.264019393023306,0.00280699399331384,0.0223979715044675,NA,NA
"Trapnell","detection","DIFS_stage1only",1500,775,0.0333333333333333,0.0133333333333333,0.00134770889487871,0.333333333333333,0,0.00129032258064516,NA,NA
"Trapnell","detection","Seurat",1500,1500,0.333333333333333,0.306666666666667,0.106469002695418,1,0.666666666666667,0.0526666666666667,NA,NA
"Trapnell","detection","Seurat_gated",1500,775,0.0333333333333333,0.0133333333333333,0.00134770889487871,0.333333333333333,0,0.00129032258064516,NA,NA
"Trapnell","detection","FEAST",1500,1500,0.4,0.333333333333333,0.134770889487871,1,0.666666666666667,0.0666666666666667,NA,NA
"Trapnell","detection","DIFS",1500,1170,0.1,0.08,0.0336927223719677,0.666666666666667,0,0.0213675213675214,NA,NA
"Trapnell","detection","GateOnly",1500,775,0.0333333333333333,0.0133333333333333,0.00134770889487871,0.333333333333333,0,0.00129032258064516,NA,NA
"Trapnell","detection","Random",1500,1500,0.045278918135716,0.045278918135716,0.045278918135716,0.37087471152101,0.00874907802012676,0.0223979715044675,NA,NA
"Trapnell","detection","DIFS_stage1only",2500,775,0.0333333333333333,0.0133333333333333,0.00134770889487871,0.333333333333333,0,0.00129032258064516,NA,NA
"Trapnell","detection","Seurat",2500,2500,0.366666666666667,0.36,0.150943396226415,1,0.666666666666667,0.0448,NA,NA
"Trapnell","detection","Seurat_gated",2500,775,0.0333333333333333,0.0133333333333333,0.00134770889487871,0.333333333333333,0,0.00129032258064516,NA,NA
"Trapnell","detection","FEAST",2500,2500,0.466666666666667,0.466666666666667,0.221024258760108,1,0.666666666666667,0.0656,NA,NA
"Trapnell","detection","DIFS",2500,1170,0.1,0.08,0.0336927223719677,0.666666666666667,0,0.0213675213675214,NA,NA
"Trapnell","detection","GateOnly",2500,775,0.0333333333333333,0.0133333333333333,0.00134770889487871,0.333333333333333,0,0.00129032258064516,NA,NA
"Trapnell","detection","Random",2500,2500,0.0754648635595267,0.0754648635595267,0.0754648635595267,0.543767681256874,0.0344530545177999,0.0223979715044675,NA,NA
"Trapnell","detection","DIFS_stage1only",NA,775,NA,NA,NA,NA,NA,NA,NA,NA
"Trapnell","detection","Seurat",NA,33128,NA,NA,NA,NA,NA,NA,5245,9934
"Trapnell","detection","Seurat_gated",NA,775,NA,NA,NA,NA,NA,NA,NA,NA
"Trapnell","detection","FEAST",NA,33128,NA,NA,NA,NA,NA,NA,2604,18422
"Trapnell","wilcox","DIFS_stage1only",100,100,0.125,0.148936170212766,0.137254901960784,0.666666666666667,0,0.07,NA,NA
"Trapnell","wilcox","Seurat",100,100,0.333333333333333,0.25531914893617,0.313725490196078,1,0.666666666666667,0.16,NA,NA
"Trapnell","wilcox","Seurat_gated",100,100,0.375,0.276595744680851,0.254901960784314,1,0.666666666666667,0.13,NA,NA
"Trapnell","wilcox","FEAST",100,100,0.291666666666667,0.191489361702128,0.176470588235294,1,0.333333333333333,0.09,NA,NA
"Trapnell","wilcox","DIFS",100,100,0.291666666666667,0.276595744680851,0.254901960784314,1,0.333333333333333,0.13,NA,NA
"Trapnell","wilcox","GateOnly",100,100,0.0913978494623656,0.0713795470144132,0.0657811511701455,0.527445794807731,0.0336825606274524,0.0335483870967742,NA,NA
"Trapnell","wilcox","Random",100,100,0.00301859454238107,0.00301859454238107,0.00301859454238107,0.0238622419104093,2.13794470788932e-06,0.00153948321661434,NA,NA
"Trapnell","wilcox","DIFS_stage1only",200,200,0.166666666666667,0.234042553191489,0.215686274509804,0.666666666666667,0.333333333333333,0.055,NA,NA
"Trapnell","wilcox","Seurat",200,200,0.416666666666667,0.340425531914894,0.392156862745098,1,0.666666666666667,0.1,NA,NA
"Trapnell","wilcox","Seurat_gated",200,200,0.5,0.446808510638298,0.411764705882353,1,0.666666666666667,0.105,NA,NA
"Trapnell","wilcox","FEAST",200,200,0.291666666666667,0.212765957446809,0.196078431372549,1,0.333333333333333,0.05,NA,NA
"Trapnell","wilcox","DIFS",200,200,0.416666666666667,0.404255319148936,0.372549019607843,1,0.666666666666667,0.095,NA,NA
"Trapnell","wilcox","GateOnly",200,200,0.182795698924731,0.142759094028826,0.131562302340291,0.782321979465853,0.178924104848412,0.0335483870967742,NA,NA
"Trapnell","wilcox","Random",200,200,0.00603718908476213,0.00603718908476213,0.00603718908476213,0.0471544355050177,1.70956223437296e-05,0.00153948321661434,NA,NA
"Trapnell","wilcox","DIFS_stage1only",300,300,0.291666666666667,0.319148936170213,0.294117647058824,1,0.666666666666667,0.05,NA,NA
"Trapnell","wilcox","Seurat",300,300,0.416666666666667,0.340425531914894,0.392156862745098,1,0.666666666666667,0.0666666666666667,NA,NA
"Trapnell","wilcox","Seurat_gated",300,300,0.666666666666667,0.531914893617021,0.490196078431373,1,1,0.0833333333333333,NA,NA
"Trapnell","wilcox","FEAST",300,300,0.458333333333333,0.297872340425532,0.274509803921569,1,0.333333333333333,0.0466666666666667,NA,NA
"Trapnell","wilcox","DIFS",300,300,0.541666666666667,0.48936170212766,0.470588235294118,1,0.666666666666667,0.08,NA,NA
"Trapnell","wilcox","GateOnly",300,300,0.274193548387097,0.21413864104324,0.197343453510436,0.902152703754081,0.387336870699615,0.0335483870967742,NA,NA
"Trapnell","wilcox","Random",300,300,0.0090557836271432,0.0090557836271432,0.0090557836271432,0.0698895953022761,5.7087230632312e-05,0.00153948321661434,NA,NA
"Trapnell","wilcox","DIFS_stage1only",500,500,0.458333333333333,0.425531914893617,0.392156862745098,1,0.666666666666667,0.04,NA,NA
"Trapnell","wilcox","Seurat",500,500,0.458333333333333,0.425531914893617,0.470588235294118,1,1,0.048,NA,NA
"Trapnell","wilcox","Seurat_gated",500,500,0.708333333333333,0.553191489361702,0.509803921568627,1,1,0.052,NA,NA
"Trapnell","wilcox","FEAST",500,500,0.5,0.361702127659574,0.333333333333333,1,0.666666666666667,0.034,NA,NA
"Trapnell","wilcox","DIFS",500,500,0.75,0.765957446808511,0.784313725490196,1,0.666666666666667,0.08,NA,NA
"Trapnell","wilcox","GateOnly",500,500,0.456989247311828,0.356897735072066,0.328905755850727,0.984762976412823,0.717284151151874,0.0335483870967742,NA,NA
"Trapnell","wilcox","Random",500,500,0.0150929727119053,0.0150929727119053,0.0150929727119053,0.113739527255161,0.000257154478477815,0.00153948321661434,NA,NA
"Trapnell","wilcox","DIFS_stage1only",750,750,0.708333333333333,0.553191489361702,0.509803921568627,1,1,0.0346666666666667,NA,NA
"Trapnell","wilcox","Seurat",750,750,0.5,0.468085106382979,0.509803921568627,1,1,0.0346666666666667,NA,NA
"Trapnell","wilcox","Seurat_gated",750,750,0.708333333333333,0.553191489361702,0.509803921568627,1,1,0.0346666666666667,NA,NA
"Trapnell","wilcox","FEAST",750,750,0.541666666666667,0.382978723404255,0.352941176470588,1,1,0.024,NA,NA
"Trapnell","wilcox","DIFS",750,750,0.958333333333333,0.914893617021277,0.92156862745098,1,1,0.0626666666666667,NA,NA
"Trapnell","wilcox","GateOnly",750,750,0.685483870967742,0.535346602608099,0.493358633776091,0.999990079441847,0.968731955439005,0.0335483870967742,NA,NA
"Trapnell","wilcox","Random",750,750,0.022639459067858,0.022639459067858,0.022639459067858,0.165640077468179,0.000836085493700964,0.00153948321661434,NA,NA
"Trapnell","wilcox","DIFS_stage1only",1000,775,0.708333333333333,0.553191489361702,0.509803921568627,1,1,0.0335483870967742,NA,NA
"Trapnell","wilcox","Seurat",1000,1000,0.5,0.468085106382979,0.509803921568627,1,1,0.026,NA,NA
"Trapnell","wilcox","Seurat_gated",1000,775,0.708333333333333,0.553191489361702,0.509803921568627,1,1,0.0335483870967742,NA,NA
"Trapnell","wilcox","FEAST",1000,1000,0.541666666666667,0.468085106382979,0.450980392156863,1,1,0.023,NA,NA
"Trapnell","wilcox","DIFS",1000,1000,0.958333333333333,0.936170212765957,0.941176470588235,1,1,0.048,NA,NA
"Trapnell","wilcox","GateOnly",1000,775,0.708333333333333,0.553191489361702,0.509803921568627,1,1,0.0335483870967742,NA,NA
"Trapnell","wilcox","Random",1000,1000,0.0301859454238107,0.0301859454238107,0.0301859454238107,0.214476532513642,0.00190707080748575,0.00153948321661434,NA,NA
"Trapnell","wilcox","DIFS_stage1only",1500,775,0.708333333333333,0.553191489361702,0.509803921568627,1,1,0.0335483870967742,NA,NA
"Trapnell","wilcox","Seurat",1500,1500,0.5,0.468085106382979,0.509803921568627,1,1,0.0173333333333333,NA,NA
"Trapnell","wilcox","Seurat_gated",1500,775,0.708333333333333,0.553191489361702,0.509803921568627,1,1,0.0335483870967742,NA,NA
"Trapnell","wilcox","FEAST",1500,1500,0.583333333333333,0.531914893617021,0.529411764705882,1,1,0.018,NA,NA
"Trapnell","wilcox","DIFS",1500,1170,0.958333333333333,0.936170212765957,0.941176470588235,1,1,0.041025641025641,NA,NA
"Trapnell","wilcox","GateOnly",1500,775,0.708333333333333,0.553191489361702,0.509803921568627,1,1,0.0335483870967742,NA,NA
"Trapnell","wilcox","Random",1500,1500,0.045278918135716,0.045278918135716,0.045278918135716,0.30364608883689,0.00595206849388205,0.00153948321661434,NA,NA
"Trapnell","wilcox","DIFS_stage1only",2500,775,0.708333333333333,0.553191489361702,0.509803921568627,1,1,0.0335483870967742,NA,NA
"Trapnell","wilcox","Seurat",2500,2500,0.583333333333333,0.531914893617021,0.568627450980392,1,1,0.0116,NA,NA
"Trapnell","wilcox","Seurat_gated",2500,775,0.708333333333333,0.553191489361702,0.509803921568627,1,1,0.0335483870967742,NA,NA
"Trapnell","wilcox","FEAST",2500,2500,0.708333333333333,0.659574468085106,0.647058823529412,1,1,0.0132,NA,NA
"Trapnell","wilcox","DIFS",2500,1170,0.958333333333333,0.936170212765957,0.941176470588235,1,1,0.041025641025641,NA,NA
"Trapnell","wilcox","GateOnly",2500,775,0.708333333333333,0.553191489361702,0.509803921568627,1,1,0.0335483870967742,NA,NA
"Trapnell","wilcox","Random",2500,2500,0.0754648635595267,0.0754648635595267,0.0754648635595267,0.452307528541097,0.0235087313069645,0.00153948321661434,NA,NA
"Trapnell","wilcox","DIFS_stage1only",NA,775,NA,NA,NA,NA,NA,NA,502,NA
"Trapnell","wilcox","Seurat",NA,33128,NA,NA,NA,NA,NA,NA,706,7332
"Trapnell","wilcox","Seurat_gated",NA,775,NA,NA,NA,NA,NA,NA,146,NA
"Trapnell","wilcox","FEAST",NA,33128,NA,NA,NA,NA,NA,NA,475,6134
"Zhengmix4eq","hurdle","DIFS_stage1only",100,100,0.5,0.367816091954023,0.29,1,0.75,0.58,NA,NA
"Zhengmix4eq","hurdle","Seurat",100,100,0.447368421052632,0.28735632183908,0.16,1,0.5,0.32,NA,NA
"Zhengmix4eq","hurdle","Seurat_gated",100,100,0.605263157894737,0.471264367816092,0.335,1,0.5,0.67,NA,NA
"Zhengmix4eq","hurdle","FEAST",100,100,0.763157894736842,0.586206896551724,0.31,1,1,0.62,NA,NA
"Zhengmix4eq","hurdle","DIFS",100,100,0.710526315789474,0.528735632183908,0.355,1,1,0.71,NA,NA
"Zhengmix4eq","hurdle","GateOnly",100,100,0.0516795865633075,0.0516795865633075,0.0516795865633075,0.412512361365495,0.0123250592995168,0.103359173126615,NA,NA
"Zhengmix4eq","hurdle","Random",100,100,0.00776096235933256,0.00776096235933256,0.00776096235933256,0.0749797813824129,5.23226428403482e-05,0.0155219247186651,NA,NA
"Zhengmix4eq","hurdle","DIFS_stage1only",200,200,0.684210526315789,0.540229885057471,0.44,1,1,0.44,NA,NA
"Zhengmix4eq","hurdle","Seurat",200,200,0.5,0.402298850574713,0.245,1,0.5,0.245,NA,NA
"Zhengmix4eq","hurdle","Seurat_gated",200,200,0.736842105263158,0.632183908045977,0.515,1,1,0.515,NA,NA
"Zhengmix4eq","hurdle","FEAST",200,200,1,0.862068965517241,0.58,1,1,0.58,NA,NA
"Zhengmix4eq","hurdle","DIFS",200,200,0.815789473684211,0.632183908045977,0.505,1,1,0.505,NA,NA
"Zhengmix4eq","hurdle","GateOnly",200,200,0.103359173126615,0.103359173126615,0.103359173126615,0.665021601916554,0.0755957702284142,0.103359173126615,NA,NA
"Zhengmix4eq","hurdle","Random",200,200,0.0155219247186651,0.0155219247186651,0.0155219247186651,0.144861300707313,0.000407928073153201,0.0155219247186651,NA,NA
"Zhengmix4eq","hurdle","DIFS_stage1only",300,300,0.710526315789474,0.586206896551724,0.53,1,1,0.353333333333333,NA,NA
"Zhengmix4eq","hurdle","Seurat",300,300,0.552631578947368,0.425287356321839,0.27,1,0.5,0.18,NA,NA
"Zhengmix4eq","hurdle","Seurat_gated",300,300,0.842105263157895,0.724137931034483,0.6,1,1,0.4,NA,NA
"Zhengmix4eq","hurdle","FEAST",300,300,1,0.96551724137931,0.735,1,1,0.49,NA,NA
"Zhengmix4eq","hurdle","DIFS",300,300,0.921052631578947,0.804597701149425,0.645,1,1,0.43,NA,NA
"Zhengmix4eq","hurdle","GateOnly",300,300,0.155038759689922,0.155038759689922,0.155038759689922,0.815282500822024,0.19263383190414,0.103359173126615,NA,NA
"Zhengmix4eq","hurdle","Random",300,300,0.0232828870779977,0.0232828870779977,0.0232828870779977,0.209955059855468,0.00132797599050633,0.0155219247186651,NA,NA
"Zhengmix4eq","hurdle","DIFS_stage1only",500,500,0.763157894736842,0.67816091954023,0.63,1,1,0.252,NA,NA
"Zhengmix4eq","hurdle","Seurat",500,500,0.605263157894737,0.471264367816092,0.325,1,0.5,0.13,NA,NA
"Zhengmix4eq","hurdle","Seurat_gated",500,500,0.868421052631579,0.770114942528736,0.675,1,1,0.27,NA,NA
"Zhengmix4eq","hurdle","FEAST",500,500,1,1,0.865,1,1,0.346,NA,NA
"Zhengmix4eq","hurdle","DIFS",500,500,0.921052631578947,0.850574712643678,0.74,1,1,0.296,NA,NA
"Zhengmix4eq","hurdle","GateOnly",500,500,0.258397932816538,0.258397932816538,0.258397932816538,0.950091259030772,0.499725955911782,0.103359173126615,NA,NA
"Zhengmix4eq","hurdle","Random",500,500,0.0388048117966628,0.0388048117966628,0.0388048117966628,0.326938705420224,0.00568321461001873,0.0155219247186651,NA,NA
"Zhengmix4eq","hurdle","DIFS_stage1only",750,750,0.789473684210526,0.71264367816092,0.72,1,1,0.192,NA,NA
"Zhengmix4eq","hurdle","Seurat",750,750,0.657894736842105,0.505747126436782,0.395,1,0.75,0.105333333333333,NA,NA
"Zhengmix4eq","hurdle","Seurat_gated",750,750,0.947368421052632,0.862068965517241,0.765,1,1,0.204,NA,NA
"Zhengmix4eq","hurdle","FEAST",750,750,1,1,0.925,1,1,0.246666666666667,NA,NA
"Zhengmix4eq","hurdle","DIFS",750,750,0.921052631578947,0.954022988505747,0.86,1,1,0.229333333333333,NA,NA
"Zhengmix4eq","hurdle","GateOnly",750,750,0.387596899224806,0.387596899224806,0.387596899224806,0.992689386799283,0.812551944179569,0.103359173126615,NA,NA
"Zhengmix4eq","hurdle","Random",750,750,0.0582072176949942,0.0582072176949942,0.0582072176949942,0.45114226588776,0.0173200829838279,0.0155219247186651,NA,NA
"Zhengmix4eq","hurdle","DIFS_stage1only",1000,1000,0.842105263157895,0.735632183908046,0.78,1,1,0.156,NA,NA
"Zhengmix4eq","hurdle","Seurat",1000,1000,0.710526315789474,0.597701149425287,0.46,1,1,0.092,NA,NA
"Zhengmix4eq","hurdle","Seurat_gated",1000,1000,0.973684210526316,0.908045977011494,0.805,1,1,0.161,NA,NA
"Zhengmix4eq","hurdle","FEAST",1000,1000,1,1,0.97,1,1,0.194,NA,NA
"Zhengmix4eq","hurdle","DIFS",1000,1000,0.947368421052632,0.977011494252874,0.925,1,1,0.185,NA,NA
"Zhengmix4eq","hurdle","GateOnly",1000,1000,0.516795865633075,0.516795865633075,0.516795865633075,0.999323216392354,0.956570996424795,0.103359173126615,NA,NA
"Zhengmix4eq","hurdle","Random",1000,1000,0.0776096235933256,0.0776096235933256,0.0776096235933256,0.554323281272777,0.0370047907313761,0.0155219247186651,NA,NA
"Zhengmix4eq","hurdle","DIFS_stage1only",1500,1500,0.947368421052632,0.896551724137931,0.91,1,1,0.121333333333333,NA,NA
"Zhengmix4eq","hurdle","Seurat",1500,1500,0.789473684210526,0.689655172413793,0.565,1,1,0.0753333333333333,NA,NA
"Zhengmix4eq","hurdle","Seurat_gated",1500,1500,0.973684210526316,0.96551724137931,0.85,1,1,0.113333333333333,NA,NA
"Zhengmix4eq","hurdle","FEAST",1500,1500,1,1,1,1,1,0.133333333333333,NA,NA
"Zhengmix4eq","hurdle","DIFS",1500,1500,0.973684210526316,0.988505747126437,0.99,1,1,0.132,NA,NA
"Zhengmix4eq","hurdle","GateOnly",1500,1500,0.775193798449612,0.775193798449612,0.775193798449612,0.999999695952359,0.999819864364124,0.103359173126615,NA,NA
"Zhengmix4eq","hurdle","Random",1500,1500,0.116414435389988,0.116414435389988,0.116414435389988,0.710074655877925,0.101129461740836,0.0155219247186651,NA,NA
"Zhengmix4eq","hurdle","DIFS_stage1only",2500,1935,1,1,1,1,1,0.103359173126615,NA,NA
"Zhengmix4eq","hurdle","Seurat",2500,2500,0.894736842105263,0.781609195402299,0.66,1,1,0.0528,NA,NA
"Zhengmix4eq","hurdle","Seurat_gated",2500,1935,1,1,1,1,1,0.103359173126615,NA,NA
"Zhengmix4eq","hurdle","FEAST",2500,2500,1,1,1,1,1,0.08,NA,NA
"Zhengmix4eq","hurdle","DIFS",2500,2023,1,1,1,1,1,0.0988630746416213,NA,NA
"Zhengmix4eq","hurdle","GateOnly",2500,1935,1,1,1,1,1,0.103359173126615,NA,NA
"Zhengmix4eq","hurdle","Random",2500,2500,0.194024058983314,0.194024058983314,0.194024058983314,0.88442724926564,0.304198044219898,0.0155219247186651,NA,NA
"Zhengmix4eq","hurdle","DIFS_stage1only",NA,1935,NA,NA,NA,NA,NA,NA,96,755
"Zhengmix4eq","hurdle","Seurat",NA,12885,NA,NA,NA,NA,NA,NA,160,1811
"Zhengmix4eq","hurdle","Seurat_gated",NA,1935,NA,NA,NA,NA,NA,NA,64,291
"Zhengmix4eq","hurdle","FEAST",NA,12885,NA,NA,NA,NA,NA,NA,26,112
"Zhengmix4eq","level","DIFS_stage1only",100,100,0.555555555555556,0.575757575757576,0.578947368421053,0.75,0.5,0.22,NA,NA
"Zhengmix4eq","level","Seurat",100,100,0.333333333333333,0.272727272727273,0.315789473684211,0.75,0.25,0.12,NA,NA
"Zhengmix4eq","level","Seurat_gated",100,100,0.555555555555556,0.606060606060606,0.631578947368421,0.75,0.5,0.24,NA,NA
"Zhengmix4eq","level","FEAST",100,100,0.888888888888889,0.878787878787879,0.868421052631579,1,0.5,0.33,NA,NA
"Zhengmix4eq","level","DIFS",100,100,0.611111111111111,0.727272727272727,0.736842105263158,0.75,0.5,0.28,NA,NA
"Zhengmix4eq","level","GateOnly",100,100,0.0516795865633075,0.0516795865633075,0.0516795865633075,0.19953927145803,0.00339181422918139,0.0196382428940568,NA,NA
"Zhengmix4eq","level","Random",100,100,0.00776096235933256,0.00776096235933256,0.00776096235933256,0.0341040040861065,1.42019837051688e-05,0.00294916569654637,NA,NA
"Zhengmix4eq","level","DIFS_stage1only",200,200,0.722222222222222,0.818181818181818,0.815789473684211,0.75,0.5,0.155,NA,NA
"Zhengmix4eq","level","Seurat",200,200,0.444444444444444,0.454545454545455,0.5,0.75,0.5,0.095,NA,NA
"Zhengmix4eq","level","Seurat_gated",200,200,0.666666666666667,0.787878787878788,0.815789473684211,0.75,0.5,0.155,NA,NA
"Zhengmix4eq","level","FEAST",200,200,0.944444444444444,0.96969696969697,0.973684210526316,1,0.5,0.185,NA,NA
"Zhengmix4eq","level","DIFS",200,200,0.666666666666667,0.818181818181818,0.842105263157895,0.75,0.5,0.16,NA,NA
"Zhengmix4eq","level","GateOnly",200,200,0.103359173126615,0.103359173126615,0.103359173126615,0.346314363976876,0.0212227500751159,0.0196382428940568,NA,NA
"Zhengmix4eq","level","Random",200,200,0.0155219247186651,0.0155219247186651,0.0155219247186651,0.0666090197333907,0.00011098362148809,0.00294916569654637,NA,NA
"Zhengmix4eq","level","DIFS_stage1only",300,300,0.833333333333333,0.909090909090909,0.921052631578947,1,0.5,0.116666666666667,NA,NA
"Zhengmix4eq","level","Seurat",300,300,0.5,0.484848484848485,0.526315789473684,0.75,0.5,0.0666666666666667,NA,NA
"Zhengmix4eq","level","Seurat_gated",300,300,0.722222222222222,0.818181818181818,0.842105263157895,0.75,0.5,0.106666666666667,NA,NA
"Zhengmix4eq","level","FEAST",300,300,1,1,1,1,0.5,0.126666666666667,NA,NA
"Zhengmix4eq","level","DIFS",300,300,0.777777777777778,0.878787878787879,0.894736842105263,1,0.5,0.113333333333333,NA,NA
"Zhengmix4eq","level","GateOnly",300,300,0.155038759689922,0.155038759689922,0.155038759689922,0.456532356354577,0.055396904867024,0.0196382428940568,NA,NA
"Zhengmix4eq","level","Random",300,300,0.0232828870779977,0.0232828870779977,0.0232828870779977,0.0975995253123164,0.000362169494208984,0.00294916569654637,NA,NA
"Zhengmix4eq","level","DIFS_stage1only",500,500,0.833333333333333,0.909090909090909,0.921052631578947,1,0.5,0.07,NA,NA
"Zhengmix4eq","level","Seurat",500,500,0.555555555555556,0.575757575757576,0.605263157894737,0.75,0.5,0.046,NA,NA
"Zhengmix4eq","level","Seurat_gated",500,500,0.777777777777778,0.848484848484849,0.868421052631579,0.75,0.5,0.066,NA,NA
"Zhengmix4eq","level","FEAST",500,500,1,1,1,1,0.5,0.076,NA,NA
"Zhengmix4eq","level","DIFS",500,500,0.833333333333333,0.909090909090909,0.921052631578947,1,0.5,0.07,NA,NA
"Zhengmix4eq","level","GateOnly",500,500,0.258397932816538,0.258397932816537,0.258397932816538,0.60867645689083,0.153005205075074,0.0196382428940568,NA,NA
"Zhengmix4eq","level","Random",500,500,0.0388048117966628,0.0388048117966628,0.0388048117966628,0.155353734582892,0.00155776834332083,0.00294916569654637,NA,NA
"Zhengmix4eq","level","DIFS_stage1only",750,750,0.833333333333333,0.909090909090909,0.921052631578947,1,0.5,0.0466666666666667,NA,NA
"Zhengmix4eq","level","Seurat",750,750,0.611111111111111,0.727272727272727,0.763157894736842,0.75,0.5,0.0386666666666667,NA,NA
"Zhengmix4eq","level","Seurat_gated",750,750,0.888888888888889,0.909090909090909,0.921052631578947,0.75,0.5,0.0466666666666667,NA,NA
"Zhengmix4eq","level","FEAST",750,750,1,1,1,1,0.5,0.0506666666666667,NA,NA
"Zhengmix4eq","level","DIFS",750,750,0.833333333333333,0.909090909090909,0.921052631578947,1,0.5,0.0466666666666667,NA,NA
"Zhengmix4eq","level","GateOnly",750,750,0.387596899224806,0.387596899224806,0.387596899224806,0.729879219567734,0.277148121136313,0.0196382428940568,NA,NA
"Zhengmix4eq","level","Random",750,750,0.0582072176949942,0.0582072176949942,0.0582072176949942,0.220371576872484,0.00477945832552634,0.00294916569654637,NA,NA
"Zhengmix4eq","level","DIFS_stage1only",1000,1000,0.888888888888889,0.939393939393939,0.947368421052632,1,0.5,0.036,NA,NA
"Zhengmix4eq","level","Seurat",1000,1000,0.666666666666667,0.757575757575758,0.789473684210526,0.75,0.5,0.03,NA,NA
"Zhengmix4eq","level","Seurat_gated",1000,1000,0.888888888888889,0.909090909090909,0.921052631578947,0.75,0.5,0.035,NA,NA
"Zhengmix4eq","level","FEAST",1000,1000,1,1,1,1,0.5,0.038,NA,NA
"Zhengmix4eq","level","DIFS",1000,1000,0.888888888888889,0.939393939393939,0.947368421052632,1,0.5,0.036,NA,NA
"Zhengmix4eq","level","GateOnly",1000,1000,0.516795865633075,0.516795865633075,0.516795865633075,0.814141309851715,0.372018025743103,0.0196382428940568,NA,NA
"Zhengmix4eq","level","Random",1000,1000,0.0776096235933256,0.0776096235933256,0.0776096235933256,0.278372421895098,0.0102855094942203,0.00294916569654637,NA,NA
"Zhengmix4eq","level","DIFS_stage1only",1500,1500,1,1,1,1,0.5,0.0253333333333333,NA,NA
"Zhengmix4eq","level","Seurat",1500,1500,0.777777777777778,0.848484848484849,0.868421052631579,0.75,0.5,0.022,NA,NA
"Zhengmix4eq","level","Seurat_gated",1500,1500,0.944444444444444,0.939393939393939,0.947368421052632,1,0.5,0.024,NA,NA
"Zhengmix4eq","level","FEAST",1500,1500,1,1,1,1,0.5,0.0253333333333333,NA,NA
"Zhengmix4eq","level","DIFS",1500,1500,0.944444444444444,0.96969696969697,0.973684210526316,1,0.5,0.0246666666666667,NA,NA
"Zhengmix4eq","level","GateOnly",1500,1500,0.775193798449612,0.775193798449612,0.775193798449612,0.931045446684076,0.480333312920363,0.0196382428940568,NA,NA
"Zhengmix4eq","level","Random",1500,1500,0.116414435389988,0.116414435389988,0.116414435389988,0.376814396841138,0.0285651818042545,0.00294916569654637,NA,NA
"Zhengmix4eq","level","DIFS_stage1only",2500,1935,1,1,1,1,0.5,0.0196382428940568,NA,NA
"Zhengmix4eq","level","Seurat",2500,2500,0.888888888888889,0.909090909090909,0.921052631578947,0.75,0.5,0.014,NA,NA
"Zhengmix4eq","level","Seurat_gated",2500,1935,1,1,1,1,0.5,0.0196382428940568,NA,NA
"Zhengmix4eq","level","FEAST",2500,2500,1,1,1,1,0.5,0.0152,NA,NA
"Zhengmix4eq","level","DIFS",2500,2023,1,1,1,1,0.5,0.0187839841819081,NA,NA
"Zhengmix4eq","level","GateOnly",2500,1935,1,1,1,1,0.5,0.0196382428940568,NA,NA
"Zhengmix4eq","level","Random",2500,2500,0.194024058983314,0.194024058983314,0.194024058983314,0.522206709423747,0.0893991065649245,0.00294916569654637,NA,NA
"Zhengmix4eq","level","DIFS_stage1only",NA,1935,NA,NA,NA,NA,NA,NA,81,242
"Zhengmix4eq","level","Seurat",NA,12885,NA,NA,NA,NA,NA,NA,282,1688
"Zhengmix4eq","level","Seurat_gated",NA,1935,NA,NA,NA,NA,NA,NA,71,615
"Zhengmix4eq","level","FEAST",NA,12885,NA,NA,NA,NA,NA,NA,34,68
"Zhengmix4eq","detection","DIFS_stage1only",100,100,0.421052631578947,0.377777777777778,0.350746268656716,1,0.5,0.47,NA,NA
"Zhengmix4eq","detection","Seurat",100,100,0.5,0.3,0.23134328358209,1,0.5,0.31,NA,NA
"Zhengmix4eq","detection","Seurat_gated",100,100,0.605263157894737,0.466666666666667,0.447761194029851,1,0.5,0.6,NA,NA
"Zhengmix4eq","detection","FEAST",100,100,0.736842105263158,0.577777777777778,0.462686567164179,1,1,0.62,NA,NA
"Zhengmix4eq","detection","DIFS",100,100,0.710526315789474,0.577777777777778,0.477611940298507,1,1,0.64,NA,NA
"Zhengmix4eq","detection","GateOnly",100,100,0.0516795865633075,0.0516795865633075,0.0516795865633075,0.412512361365495,0.0123250592995168,0.069250645994832,NA,NA
"Zhengmix4eq","detection","Random",100,100,0.00776096235933256,0.00776096235933256,0.00776096235933256,0.0749797813824129,5.23226428403482e-05,0.0103996895615056,NA,NA
"Zhengmix4eq","detection","DIFS_stage1only",200,200,0.631578947368421,0.544444444444444,0.537313432835821,1,1,0.36,NA,NA
"Zhengmix4eq","detection","Seurat",200,200,0.552631578947368,0.4,0.335820895522388,1,0.5,0.225,NA,NA
"Zhengmix4eq","detection","Seurat_gated",200,200,0.736842105263158,0.633333333333333,0.641791044776119,1,1,0.43,NA,NA
"Zhengmix4eq","detection","FEAST",200,200,0.973684210526316,0.877777777777778,0.858208955223881,1,1,0.575,NA,NA
"Zhengmix4eq","detection","DIFS",200,200,0.815789473684211,0.666666666666667,0.634328358208955,1,1,0.425,NA,NA
"Zhengmix4eq","detection","GateOnly",200,200,0.103359173126615,0.103359173126615,0.103359173126615,0.665021601916554,0.0755957702284142,0.069250645994832,NA,NA
"Zhengmix4eq","detection","Random",200,200,0.0155219247186651,0.0155219247186651,0.0155219247186651,0.144861300707313,0.000407928073153201,0.0103996895615056,NA,NA
"Zhengmix4eq","detection","DIFS_stage1only",300,300,0.657894736842105,0.6,0.634328358208955,1,1,0.283333333333333,NA,NA
"Zhengmix4eq","detection","Seurat",300,300,0.578947368421053,0.422222222222222,0.373134328358209,1,0.5,0.166666666666667,NA,NA
"Zhengmix4eq","detection","Seurat_gated",300,300,0.815789473684211,0.688888888888889,0.716417910447761,1,1,0.32,NA,NA
"Zhengmix4eq","detection","FEAST",300,300,1,0.977777777777778,0.977611940298508,1,1,0.436666666666667,NA,NA
"Zhengmix4eq","detection","DIFS",300,300,0.947368421052632,0.866666666666667,0.858208955223881,1,1,0.383333333333333,NA,NA
"Zhengmix4eq","detection","GateOnly",300,300,0.155038759689922,0.155038759689922,0.155038759689922,0.815282500822024,0.19263383190414,0.069250645994832,NA,NA
"Zhengmix4eq","detection","Random",300,300,0.0232828870779977,0.0232828870779977,0.0232828870779977,0.209955059855468,0.00132797599050633,0.0103996895615056,NA,NA
"Zhengmix4eq","detection","DIFS_stage1only",500,500,0.789473684210526,0.733333333333333,0.73134328358209,1,1,0.196,NA,NA
"Zhengmix4eq","detection","Seurat",500,500,0.605263157894737,0.455555555555556,0.432835820895522,1,0.5,0.116,NA,NA
"Zhengmix4eq","detection","Seurat_gated",500,500,0.868421052631579,0.744444444444444,0.761194029850746,1,1,0.204,NA,NA
"Zhengmix4eq","detection","FEAST",500,500,1,1,1,1,1,0.268,NA,NA
"Zhengmix4eq","detection","DIFS",500,500,1,0.922222222222222,0.932835820895522,1,1,0.25,NA,NA
"Zhengmix4eq","detection","GateOnly",500,500,0.258397932816538,0.258397932816537,0.258397932816537,0.950091259030772,0.499725955911782,0.069250645994832,NA,NA
"Zhengmix4eq","detection","Random",500,500,0.0388048117966628,0.0388048117966628,0.0388048117966628,0.326938705420224,0.00568321461001873,0.0103996895615056,NA,NA
"Zhengmix4eq","detection","DIFS_stage1only",750,750,0.842105263157895,0.777777777777778,0.791044776119403,1,1,0.141333333333333,NA,NA
"Zhengmix4eq","detection","Seurat",750,750,0.631578947368421,0.522222222222222,0.507462686567164,1,0.75,0.0906666666666667,NA,NA
"Zhengmix4eq","detection","Seurat_gated",750,750,0.973684210526316,0.788888888888889,0.813432835820896,1,1,0.145333333333333,NA,NA
"Zhengmix4eq","detection","FEAST",750,750,1,1,1,1,1,0.178666666666667,NA,NA
"Zhengmix4eq","detection","DIFS",750,750,1,1,0.992537313432836,1,1,0.177333333333333,NA,NA
"Zhengmix4eq","detection","GateOnly",750,750,0.387596899224806,0.387596899224806,0.387596899224806,0.992689386799283,0.812551944179569,0.069250645994832,NA,NA
"Zhengmix4eq","detection","Random",750,750,0.0582072176949942,0.0582072176949942,0.0582072176949942,0.45114226588776,0.0173200829838279,0.0103996895615056,NA,NA
"Zhengmix4eq","detection","DIFS_stage1only",1000,1000,0.868421052631579,0.8,0.82089552238806,1,1,0.11,NA,NA
"Zhengmix4eq","detection","Seurat",1000,1000,0.710526315789474,0.6,0.574626865671642,1,1,0.077,NA,NA
"Zhengmix4eq","detection","Seurat_gated",1000,1000,1,0.833333333333333,0.843283582089552,1,1,0.113,NA,NA
"Zhengmix4eq","detection","FEAST",1000,1000,1,1,1,1,1,0.134,NA,NA
"Zhengmix4eq","detection","DIFS",1000,1000,1,1,1,1,1,0.134,NA,NA
"Zhengmix4eq","detection","GateOnly",1000,1000,0.516795865633075,0.516795865633075,0.516795865633075,0.999323216392354,0.956570996424795,0.069250645994832,NA,NA
"Zhengmix4eq","detection","Random",1000,1000,0.0776096235933256,0.0776096235933256,0.0776096235933256,0.554323281272777,0.0370047907313761,0.0103996895615056,NA,NA
"Zhengmix4eq","detection","DIFS_stage1only",1500,1500,0.947368421052632,0.933333333333333,0.940298507462687,1,1,0.084,NA,NA
"Zhengmix4eq","detection","Seurat",1500,1500,0.763157894736842,0.655555555555556,0.671641791044776,1,1,0.06,NA,NA
"Zhengmix4eq","detection","Seurat_gated",1500,1500,1,0.877777777777778,0.902985074626866,1,1,0.0806666666666667,NA,NA
"Zhengmix4eq","detection","FEAST",1500,1500,1,1,1,1,1,0.0893333333333333,NA,NA
"Zhengmix4eq","detection","DIFS",1500,1500,1,1,1,1,1,0.0893333333333333,NA,NA
"Zhengmix4eq","detection","GateOnly",1500,1500,0.775193798449612,0.775193798449612,0.775193798449612,0.999999695952359,0.999819864364124,0.069250645994832,NA,NA
"Zhengmix4eq","detection","Random",1500,1500,0.116414435389988,0.116414435389988,0.116414435389988,0.710074655877925,0.101129461740836,0.0103996895615056,NA,NA
"Zhengmix4eq","detection","DIFS_stage1only",2500,1935,1,1,1,1,1,0.069250645994832,NA,NA
"Zhengmix4eq","detection","Seurat",2500,2500,0.894736842105263,0.722222222222222,0.753731343283582,1,1,0.0404,NA,NA
"Zhengmix4eq","detection","Seurat_gated",2500,1935,1,1,1,1,1,0.069250645994832,NA,NA
"Zhengmix4eq","detection","FEAST",2500,2500,1,1,1,1,1,0.0536,NA,NA
"Zhengmix4eq","detection","DIFS",2500,2023,1,1,1,1,1,0.0662382600098863,NA,NA
"Zhengmix4eq","detection","GateOnly",2500,1935,1,1,1,1,1,0.069250645994832,NA,NA
"Zhengmix4eq","detection","Random",2500,2500,0.194024058983314,0.194024058983314,0.194024058983314,0.88442724926564,0.304198044219898,0.0103996895615056,NA,NA
"Zhengmix4eq","detection","DIFS_stage1only",NA,1935,NA,NA,NA,NA,NA,NA,131,606
"Zhengmix4eq","detection","Seurat",NA,12885,NA,NA,NA,NA,NA,NA,84,1845
"Zhengmix4eq","detection","Seurat_gated",NA,1935,NA,NA,NA,NA,NA,NA,41,296
"Zhengmix4eq","detection","FEAST",NA,12885,NA,NA,NA,NA,NA,NA,24,117
"Zhengmix4eq","wilcox","DIFS_stage1only",100,100,0.447368421052632,0.36046511627907,0.29,1,0.75,0.58,NA,NA
"Zhengmix4eq","wilcox","Seurat",100,100,0.421052631578947,0.313953488372093,0.16,0.75,0.5,0.32,NA,NA
"Zhengmix4eq","wilcox","Seurat_gated",100,100,0.526315789473684,0.476744186046512,0.335,1,0.5,0.67,NA,NA
"Zhengmix4eq","wilcox","FEAST",100,100,0.763157894736842,0.569767441860465,0.31,1,1,0.62,NA,NA
"Zhengmix4eq","wilcox","DIFS",100,100,0.684210526315789,0.523255813953488,0.355,1,1,0.71,NA,NA
"Zhengmix4eq","wilcox","GateOnly",100,100,0.0516795865633075,0.0516795865633075,0.0516795865633075,0.412512361365495,0.0123250592995168,0.103359173126615,NA,NA
"Zhengmix4eq","wilcox","Random",100,100,0.00776096235933256,0.00776096235933256,0.00776096235933256,0.0749797813824129,5.23226428403482e-05,0.0155219247186651,NA,NA
"Zhengmix4eq","wilcox","DIFS_stage1only",200,200,0.657894736842105,0.523255813953488,0.44,1,1,0.44,NA,NA
"Zhengmix4eq","wilcox","Seurat",200,200,0.473684210526316,0.383720930232558,0.245,0.75,0.5,0.245,NA,NA
"Zhengmix4eq","wilcox","Seurat_gated",200,200,0.684210526315789,0.627906976744186,0.515,1,0.75,0.515,NA,NA
"Zhengmix4eq","wilcox","FEAST",200,200,1,0.848837209302326,0.58,1,1,0.58,NA,NA
"Zhengmix4eq","wilcox","DIFS",200,200,0.763157894736842,0.616279069767442,0.505,1,1,0.505,NA,NA
"Zhengmix4eq","wilcox","GateOnly",200,200,0.103359173126615,0.103359173126615,0.103359173126615,0.665021601916554,0.0755957702284142,0.103359173126615,NA,NA
"Zhengmix4eq","wilcox","Random",200,200,0.0155219247186651,0.0155219247186651,0.0155219247186651,0.144861300707313,0.000407928073153201,0.0155219247186651,NA,NA
"Zhengmix4eq","wilcox","DIFS_stage1only",300,300,0.684210526315789,0.581395348837209,0.53,1,1,0.353333333333333,NA,NA
"Zhengmix4eq","wilcox","Seurat",300,300,0.473684210526316,0.418604651162791,0.27,0.75,0.5,0.18,NA,NA
"Zhengmix4eq","wilcox","Seurat_gated",300,300,0.789473684210526,0.709302325581395,0.6,1,1,0.4,NA,NA
"Zhengmix4eq","wilcox","FEAST",300,300,1,0.953488372093023,0.735,1,1,0.49,NA,NA
"Zhengmix4eq","wilcox","DIFS",300,300,0.894736842105263,0.790697674418605,0.645,1,1,0.43,NA,NA
"Zhengmix4eq","wilcox","GateOnly",300,300,0.155038759689922,0.155038759689922,0.155038759689922,0.815282500822024,0.19263383190414,0.103359173126615,NA,NA
"Zhengmix4eq","wilcox","Random",300,300,0.0232828870779977,0.0232828870779977,0.0232828870779977,0.209955059855468,0.00132797599050633,0.0155219247186651,NA,NA
"Zhengmix4eq","wilcox","DIFS_stage1only",500,500,0.736842105263158,0.662790697674419,0.63,1,1,0.252,NA,NA
"Zhengmix4eq","wilcox","Seurat",500,500,0.526315789473684,0.465116279069767,0.325,1,0.5,0.13,NA,NA
"Zhengmix4eq","wilcox","Seurat_gated",500,500,0.815789473684211,0.755813953488372,0.675,1,1,0.27,NA,NA
"Zhengmix4eq","wilcox","FEAST",500,500,1,1,0.865,1,1,0.346,NA,NA
"Zhengmix4eq","wilcox","DIFS",500,500,0.894736842105263,0.86046511627907,0.74,1,1,0.296,NA,NA
"Zhengmix4eq","wilcox","GateOnly",500,500,0.258397932816538,0.258397932816537,0.258397932816538,0.950091259030772,0.499725955911782,0.103359173126615,NA,NA
"Zhengmix4eq","wilcox","Random",500,500,0.0388048117966628,0.0388048117966628,0.0388048117966628,0.326938705420224,0.00568321461001873,0.0155219247186651,NA,NA
"Zhengmix4eq","wilcox","DIFS_stage1only",750,750,0.763157894736842,0.697674418604651,0.72,1,1,0.192,NA,NA
"Zhengmix4eq","wilcox","Seurat",750,750,0.578947368421053,0.5,0.395,1,0.5,0.105333333333333,NA,NA
"Zhengmix4eq","wilcox","Seurat_gated",750,750,0.921052631578947,0.848837209302326,0.765,1,1,0.204,NA,NA
"Zhengmix4eq","wilcox","FEAST",750,750,1,1,0.925,1,1,0.246666666666667,NA,NA
"Zhengmix4eq","wilcox","DIFS",750,750,0.921052631578947,0.953488372093023,0.86,1,1,0.229333333333333,NA,NA
"Zhengmix4eq","wilcox","GateOnly",750,750,0.387596899224806,0.387596899224806,0.387596899224806,0.992689386799283,0.812551944179569,0.103359173126615,NA,NA
"Zhengmix4eq","wilcox","Random",750,750,0.0582072176949942,0.0582072176949942,0.0582072176949942,0.45114226588776,0.0173200829838279,0.0155219247186651,NA,NA
"Zhengmix4eq","wilcox","DIFS_stage1only",1000,1000,0.815789473684211,0.720930232558139,0.78,1,1,0.156,NA,NA
"Zhengmix4eq","wilcox","Seurat",1000,1000,0.657894736842105,0.593023255813954,0.46,1,0.75,0.092,NA,NA
"Zhengmix4eq","wilcox","Seurat_gated",1000,1000,0.973684210526316,0.895348837209302,0.805,1,1,0.161,NA,NA
"Zhengmix4eq","wilcox","FEAST",1000,1000,1,1,0.97,1,1,0.194,NA,NA
"Zhengmix4eq","wilcox","DIFS",1000,1000,0.947368421052632,0.976744186046512,0.925,1,1,0.185,NA,NA
"Zhengmix4eq","wilcox","GateOnly",1000,1000,0.516795865633075,0.516795865633075,0.516795865633075,0.999323216392354,0.956570996424795,0.103359173126615,NA,NA
"Zhengmix4eq","wilcox","Random",1000,1000,0.0776096235933256,0.0776096235933256,0.0776096235933256,0.554323281272777,0.0370047907313761,0.0155219247186651,NA,NA
"Zhengmix4eq","wilcox","DIFS_stage1only",1500,1500,0.973684210526316,0.906976744186046,0.91,1,1,0.121333333333333,NA,NA
"Zhengmix4eq","wilcox","Seurat",1500,1500,0.736842105263158,0.686046511627907,0.565,1,1,0.0753333333333333,NA,NA
"Zhengmix4eq","wilcox","Seurat_gated",1500,1500,0.973684210526316,0.965116279069767,0.85,1,1,0.113333333333333,NA,NA
"Zhengmix4eq","wilcox","FEAST",1500,1500,1,1,1,1,1,0.133333333333333,NA,NA
"Zhengmix4eq","wilcox","DIFS",1500,1500,0.973684210526316,0.988372093023256,0.99,1,1,0.132,NA,NA
"Zhengmix4eq","wilcox","GateOnly",1500,1500,0.775193798449612,0.775193798449612,0.775193798449612,0.999999695952359,0.999819864364124,0.103359173126615,NA,NA
"Zhengmix4eq","wilcox","Random",1500,1500,0.116414435389988,0.116414435389988,0.116414435389988,0.710074655877925,0.101129461740836,0.0155219247186651,NA,NA
"Zhengmix4eq","wilcox","DIFS_stage1only",2500,1935,1,1,1,1,1,0.103359173126615,NA,NA
"Zhengmix4eq","wilcox","Seurat",2500,2500,0.868421052631579,0.779069767441861,0.66,1,1,0.0528,NA,NA
"Zhengmix4eq","wilcox","Seurat_gated",2500,1935,1,1,1,1,1,0.103359173126615,NA,NA
"Zhengmix4eq","wilcox","FEAST",2500,2500,1,1,1,1,1,0.08,NA,NA
"Zhengmix4eq","wilcox","DIFS",2500,2023,1,1,1,1,1,0.0988630746416213,NA,NA
"Zhengmix4eq","wilcox","GateOnly",2500,1935,1,1,1,1,1,0.103359173126615,NA,NA
"Zhengmix4eq","wilcox","Random",2500,2500,0.194024058983314,0.194024058983314,0.194024058983314,0.88442724926564,0.304198044219898,0.0155219247186651,NA,NA
"Zhengmix4eq","wilcox","DIFS_stage1only",NA,1935,NA,NA,NA,NA,NA,NA,124,957
"Zhengmix4eq","wilcox","Seurat",NA,12885,NA,NA,NA,NA,NA,NA,331,1845
"Zhengmix4eq","wilcox","Seurat_gated",NA,1935,NA,NA,NA,NA,NA,NA,71,405
"Zhengmix4eq","wilcox","FEAST",NA,12885,NA,NA,NA,NA,NA,NA,26,112
"Zhengmix8eq","hurdle","DIFS_stage1only",100,100,0.446808510638298,0.433333333333333,0.246913580246914,1,0.571428571428571,0.6,NA,NA
"Zhengmix8eq","hurdle","Seurat",100,100,0.617021276595745,0.533333333333333,0.234567901234568,0.857142857142857,0.428571428571429,0.57,NA,NA
"Zhengmix8eq","hurdle","Seurat_gated",100,100,0.659574468085106,0.644444444444444,0.333333333333333,0.857142857142857,0.428571428571429,0.81,NA,NA
"Zhengmix8eq","hurdle","FEAST",100,100,0.659574468085106,0.688888888888889,0.300411522633745,0.857142857142857,0.428571428571429,0.73,NA,NA
"Zhengmix8eq","hurdle","DIFS",100,100,0.702127659574468,0.622222222222222,0.296296296296296,1,0.571428571428571,0.72,NA,NA
"Zhengmix8eq","hurdle","GateOnly",100,100,0.0438692695766615,0.0406123086535458,0.0418464908728368,0.255576628468935,0.00452821915746862,0.101686972820993,NA,NA
"Zhengmix8eq","hurdle","Random",100,100,0.00769171602184447,0.00769171602184447,0.00769171602184447,0.051321035976897,2.48705538153218e-05,0.0186908699330821,NA,NA
"Zhengmix8eq","hurdle","DIFS_stage1only",200,200,0.51063829787234,0.533333333333333,0.325102880658436,1,0.571428571428571,0.395,NA,NA
"Zhengmix8eq","hurdle","Seurat",200,200,0.680851063829787,0.611111111111111,0.275720164609054,0.857142857142857,0.428571428571429,0.335,NA,NA
"Zhengmix8eq","hurdle","Seurat_gated",200,200,0.723404255319149,0.722222222222222,0.497942386831276,0.857142857142857,0.428571428571429,0.605,NA,NA
"Zhengmix8eq","hurdle","FEAST",200,200,0.74468085106383,0.866666666666667,0.534979423868313,0.857142857142857,0.571428571428571,0.65,NA,NA
"Zhengmix8eq","hurdle","DIFS",200,200,0.723404255319149,0.722222222222222,0.440329218106996,1,0.571428571428571,0.535,NA,NA
"Zhengmix8eq","hurdle","GateOnly",200,200,0.0877385391533231,0.0812246173070915,0.0836929817456736,0.437492607829794,0.0289267192852297,0.101686972820993,NA,NA
"Zhengmix8eq","hurdle","Random",200,200,0.0153834320436889,0.0153834320436889,0.0153834320436889,0.0998710072345722,0.000194479176436776,0.0186908699330821,NA,NA
"Zhengmix8eq","hurdle","DIFS_stage1only",300,300,0.553191489361702,0.555555555555556,0.37037037037037,1,0.571428571428571,0.3,NA,NA
"Zhengmix8eq","hurdle","Seurat",300,300,0.702127659574468,0.666666666666667,0.34156378600823,0.857142857142857,0.571428571428571,0.276666666666667,NA,NA
"Zhengmix8eq","hurdle","Seurat_gated",300,300,0.765957446808511,0.755555555555556,0.567901234567901,1,0.428571428571429,0.46,NA,NA
"Zhengmix8eq","hurdle","FEAST",300,300,0.829787234042553,0.911111111111111,0.699588477366255,1,0.571428571428571,0.566666666666667,NA,NA
"Zhengmix8eq","hurdle","DIFS",300,300,0.765957446808511,0.755555555555556,0.510288065843621,1,0.714285714285714,0.413333333333333,NA,NA
"Zhengmix8eq","hurdle","GateOnly",300,300,0.131607808729985,0.121836925960637,0.12553947261851,0.567821335903901,0.0769688988805101,0.101686972820993,NA,NA
"Zhengmix8eq","hurdle","Random",300,300,0.0230751480655334,0.0230751480655334,0.0230751480655334,0.145797947424365,0.000635038999624735,0.0186908699330821,NA,NA
"Zhengmix8eq","hurdle","DIFS_stage1only",500,500,0.723404255319149,0.677777777777778,0.481481481481481,1,0.571428571428571,0.234,NA,NA
"Zhengmix8eq","hurdle","Seurat",500,500,0.723404255319149,0.744444444444444,0.432098765432099,0.857142857142857,0.571428571428571,0.21,NA,NA
"Zhengmix8eq","hurdle","Seurat_gated",500,500,0.829787234042553,0.788888888888889,0.670781893004115,1,0.571428571428571,0.326,NA,NA
"Zhengmix8eq","hurdle","FEAST",500,500,0.914893617021277,0.955555555555556,0.864197530864197,1,0.714285714285714,0.42,NA,NA
"Zhengmix8eq","hurdle","DIFS",500,500,0.787234042553192,0.877777777777778,0.666666666666667,1,0.714285714285714,0.324,NA,NA
"Zhengmix8eq","hurdle","GateOnly",500,500,0.219346347883308,0.203061543267729,0.209232454364184,0.731972053629085,0.219212400766148,0.101686972820993,NA,NA
"Zhengmix8eq","hurdle","Random",500,500,0.0384585801092224,0.0384585801092224,0.0384585801092224,0.230338332383967,0.00273481790845931,0.0186908699330821,NA,NA
"Zhengmix8eq","hurdle","DIFS_stage1only",750,750,0.74468085106383,0.711111111111111,0.534979423868313,1,0.571428571428571,0.173333333333333,NA,NA
"Zhengmix8eq","hurdle","Seurat",750,750,0.765957446808511,0.833333333333333,0.522633744855967,0.857142857142857,0.571428571428571,0.169333333333333,NA,NA
"Zhengmix8eq","hurdle","Seurat_gated",750,750,0.829787234042553,0.811111111111111,0.716049382716049,1,0.571428571428571,0.232,NA,NA
"Zhengmix8eq","hurdle","FEAST",750,750,0.957446808510638,0.977777777777778,0.925925925925926,1,0.857142857142857,0.3,NA,NA
"Zhengmix8eq","hurdle","DIFS",750,750,0.914893617021277,0.944444444444444,0.818930041152263,1,0.714285714285714,0.265333333333333,NA,NA
"Zhengmix8eq","hurdle","GateOnly",750,750,0.329019521824962,0.304592314901593,0.313848681546276,0.842184714063136,0.403584755507857,0.101686972820993,NA,NA
"Zhengmix8eq","hurdle","Random",750,750,0.0576878701638336,0.0576878701638336,0.0576878701638335,0.323618995165041,0.00840330724624634,0.0186908699330821,NA,NA
"Zhengmix8eq","hurdle","DIFS_stage1only",1000,1000,0.808510638297872,0.766666666666667,0.621399176954732,1,0.571428571428571,0.151,NA,NA
"Zhengmix8eq","hurdle","Seurat",1000,1000,0.765957446808511,0.833333333333333,0.57201646090535,0.857142857142857,0.571428571428571,0.139,NA,NA
"Zhengmix8eq","hurdle","Seurat_gated",1000,1000,0.829787234042553,0.811111111111111,0.744855967078189,1,0.571428571428571,0.181,NA,NA
"Zhengmix8eq","hurdle","FEAST",1000,1000,0.957446808510638,0.977777777777778,0.946502057613169,1,0.857142857142857,0.23,NA,NA
"Zhengmix8eq","hurdle","DIFS",1000,1000,0.957446808510638,0.966666666666667,0.909465020576132,1,0.857142857142857,0.221,NA,NA
"Zhengmix8eq","hurdle","GateOnly",1000,1000,0.438692695766616,0.406123086535458,0.418464908728368,0.905539794758718,0.535138384928546,0.101686972820993,NA,NA
"Zhengmix8eq","hurdle","Random",1000,1000,0.0769171602184447,0.0769171602184447,0.0769171602184447,0.404808061917074,0.0181096539041424,0.0186908699330821,NA,NA
"Zhengmix8eq","hurdle","DIFS_stage1only",1500,1500,0.872340425531915,0.811111111111111,0.728395061728395,1,0.714285714285714,0.118,NA,NA
"Zhengmix8eq","hurdle","Seurat",1500,1500,0.808510638297872,0.866666666666667,0.646090534979424,0.857142857142857,0.571428571428571,0.104666666666667,NA,NA
"Zhengmix8eq","hurdle","Seurat_gated",1500,1500,0.914893617021277,0.855555555555556,0.802469135802469,1,0.714285714285714,0.13,NA,NA
"Zhengmix8eq","hurdle","FEAST",1500,1500,1,1,0.987654320987654,1,0.857142857142857,0.16,NA,NA
"Zhengmix8eq","hurdle","DIFS",1500,1500,1,0.988888888888889,0.967078189300412,1,0.857142857142857,0.156666666666667,NA,NA
"Zhengmix8eq","hurdle","GateOnly",1500,1500,0.658039043649923,0.609184629803186,0.627697363092552,0.973673071497337,0.660734040125811,0.101686972820993,NA,NA
"Zhengmix8eq","hurdle","Random",1500,1500,0.115375740327667,0.115375740327667,0.115375740327667,0.537067713240296,0.0504223269124731,0.0186908699330821,NA,NA
"Zhengmix8eq","hurdle","DIFS_stage1only",2500,2134,0.936170212765957,0.866666666666667,0.893004115226337,1,0.714285714285714,0.101686972820993,NA,NA
"Zhengmix8eq","hurdle","Seurat",2500,2500,0.851063829787234,0.922222222222222,0.720164609053498,1,0.571428571428571,0.07,NA,NA
"Zhengmix8eq","hurdle","Seurat_gated",2500,2134,0.936170212765957,0.866666666666667,0.893004115226337,1,0.714285714285714,0.101686972820993,NA,NA
"Zhengmix8eq","hurdle","FEAST",2500,2500,1,1,1,1,0.857142857142857,0.0972,NA,NA
"Zhengmix8eq","hurdle","DIFS",2500,2259,1,1,1,1,0.857142857142857,0.107569721115538,NA,NA
"Zhengmix8eq","hurdle","GateOnly",2500,2134,0.936170212765957,0.866666666666667,0.893004115226337,1,0.714285714285714,0.101686972820993,NA,NA
"Zhengmix8eq","hurdle","Random",2500,2500,0.192292900546112,0.192292900546112,0.192292900546112,0.714273623808155,0.158356963930078,0.0186908699330821,NA,NA
"Zhengmix8eq","hurdle","DIFS_stage1only",NA,2134,NA,NA,NA,NA,NA,NA,199,849
"Zhengmix8eq","hurdle","Seurat",NA,13001,NA,NA,NA,NA,NA,NA,56,1203
"Zhengmix8eq","hurdle","Seurat_gated",NA,2134,NA,NA,NA,NA,NA,NA,37,406
"Zhengmix8eq","hurdle","FEAST",NA,13001,NA,NA,NA,NA,NA,NA,29,267
"Zhengmix8eq","level","DIFS_stage1only",100,100,0.4,0.457142857142857,0.488888888888889,0.666666666666667,0.333333333333333,0.22,NA,NA
"Zhengmix8eq","level","Seurat",100,100,0.5,0.4,0.444444444444444,1,0.666666666666667,0.2,NA,NA
"Zhengmix8eq","level","Seurat_gated",100,100,0.7,0.6,0.644444444444444,1,1,0.29,NA,NA
"Zhengmix8eq","level","FEAST",100,100,0.8,0.657142857142857,0.622222222222222,1,1,0.28,NA,NA
"Zhengmix8eq","level","DIFS",100,100,0.7,0.6,0.622222222222222,1,1,0.28,NA,NA
"Zhengmix8eq","level","GateOnly",100,100,0.0468603561387067,0.0468603561387067,0.0458190148911798,0.269626882733709,0.00376234270044465,0.0206185567010309,NA,NA
"Zhengmix8eq","level","Random",100,100,0.00769171602184447,0.00769171602184447,0.00769171602184447,0.050029342146476,1.9895325462211e-05,0.00346127220983001,NA,NA
"Zhengmix8eq","level","DIFS_stage1only",200,200,0.55,0.542857142857143,0.577777777777778,1,0.333333333333333,0.13,NA,NA
"Zhengmix8eq","level","Seurat",200,200,0.7,0.514285714285714,0.555555555555556,1,1,0.125,NA,NA
"Zhengmix8eq","level","Seurat_gated",200,200,0.75,0.771428571428571,0.8,1,1,0.18,NA,NA
"Zhengmix8eq","level","FEAST",200,200,0.9,0.857142857142857,0.888888888888889,1,1,0.2,NA,NA
"Zhengmix8eq","level","DIFS",200,200,0.7,0.657142857142857,0.733333333333333,1,1,0.165,NA,NA
"Zhengmix8eq","level","GateOnly",200,200,0.0937207122774133,0.0937207122774133,0.0916380297823597,0.468289620954436,0.0244791971887352,0.0206185567010309,NA,NA
"Zhengmix8eq","level","Random",200,200,0.0153834320436889,0.0153834320436889,0.0153834320436889,0.0976175121513158,0.00015583624348586,0.00346127220983001,NA,NA
"Zhengmix8eq","level","DIFS_stage1only",300,300,0.55,0.571428571428571,0.622222222222222,1,0.333333333333333,0.0933333333333333,NA,NA
"Zhengmix8eq","level","Seurat",300,300,0.7,0.542857142857143,0.6,1,1,0.09,NA,NA
"Zhengmix8eq","level","Seurat_gated",300,300,0.8,0.8,0.822222222222222,1,1,0.123333333333333,NA,NA
"Zhengmix8eq","level","FEAST",300,300,0.95,0.914285714285714,0.933333333333333,1,1,0.14,NA,NA
"Zhengmix8eq","level","DIFS",300,300,0.75,0.714285714285714,0.777777777777778,1,1,0.116666666666667,NA,NA
"Zhengmix8eq","level","GateOnly",300,300,0.14058106841612,0.14058106841612,0.13745704467354,0.614662736393784,0.0665818613444295,0.0206185567010309,NA,NA
"Zhengmix8eq","level","Random",300,300,0.0230751480655334,0.0230751480655334,0.0230751480655334,0.1428831307928,0.000509742775443142,0.00346127220983001,NA,NA
"Zhengmix8eq","level","DIFS_stage1only",500,500,0.7,0.742857142857143,0.777777777777778,1,1,0.07,NA,NA
"Zhengmix8eq","level","Seurat",500,500,0.7,0.628571428571429,0.688888888888889,1,1,0.062,NA,NA
"Zhengmix8eq","level","Seurat_gated",500,500,0.8,0.828571428571429,0.844444444444444,1,1,0.076,NA,NA
"Zhengmix8eq","level","FEAST",500,500,1,1,1,1,1,0.09,NA,NA
"Zhengmix8eq","level","DIFS",500,500,0.9,0.857142857142857,0.888888888888889,1,1,0.08,NA,NA
"Zhengmix8eq","level","GateOnly",500,500,0.234301780693533,0.234301780693533,0.229095074455899,0.801841609752475,0.200586829938452,0.0206185567010309,NA,NA
"Zhengmix8eq","level","Random",500,500,0.0384585801092224,0.0384585801092224,0.0384585801092224,0.226893232024696,0.00220327621315575,0.00346127220983001,NA,NA
"Zhengmix8eq","level","DIFS_stage1only",750,750,0.75,0.771428571428571,0.8,1,1,0.048,NA,NA
"Zhengmix8eq","level","Seurat",750,750,0.75,0.742857142857143,0.8,1,1,0.048,NA,NA
"Zhengmix8eq","level","Seurat_gated",750,750,0.9,0.885714285714286,0.888888888888889,1,1,0.0533333333333333,NA,NA
"Zhengmix8eq","level","FEAST",750,750,1,1,1,1,1,0.06,NA,NA
"Zhengmix8eq","level","DIFS",750,750,0.9,0.914285714285714,0.933333333333333,1,1,0.056,NA,NA
"Zhengmix8eq","level","GateOnly",750,750,0.3514526710403,0.3514526710403,0.343642611683849,0.919363907761758,0.405510530510823,0.0206185567010309,NA,NA
"Zhengmix8eq","level","Random",750,750,0.0576878701638336,0.0576878701638336,0.0576878701638336,0.320742299065493,0.00680351339285634,0.00346127220983001,NA,NA
"Zhengmix8eq","level","DIFS_stage1only",1000,1000,0.9,0.885714285714286,0.888888888888889,1,1,0.04,NA,NA
"Zhengmix8eq","level","Seurat",1000,1000,0.75,0.771428571428571,0.822222222222222,1,1,0.037,NA,NA
"Zhengmix8eq","level","Seurat_gated",1000,1000,0.9,0.885714285714286,0.888888888888889,1,1,0.04,NA,NA
"Zhengmix8eq","level","FEAST",1000,1000,1,1,1,1,1,0.045,NA,NA
"Zhengmix8eq","level","DIFS",1000,1000,0.9,0.942857142857143,0.955555555555556,1,1,0.043,NA,NA
"Zhengmix8eq","level","GateOnly",1000,1000,0.468603561387067,0.468603561387066,0.458190148911798,0.971280374681802,0.600831684003512,0.0206185567010309,NA,NA
"Zhengmix8eq","level","Random",1000,1000,0.0769171602184447,0.0769171602184447,0.0769171602184447,0.403550940654305,0.0147406729708669,0.00346127220983001,NA,NA
"Zhengmix8eq","level","DIFS_stage1only",1500,1500,0.9,0.914285714285714,0.911111111111111,1,1,0.0273333333333333,NA,NA
"Zhengmix8eq","level","Seurat",1500,1500,0.8,0.8,0.844444444444444,1,1,0.0253333333333333,NA,NA
"Zhengmix8eq","level","Seurat_gated",1500,1500,0.95,0.914285714285714,0.911111111111111,1,1,0.0273333333333333,NA,NA
"Zhengmix8eq","level","FEAST",1500,1500,1,1,1,1,1,0.03,NA,NA
"Zhengmix8eq","level","DIFS",1500,1500,0.95,0.971428571428571,0.977777777777778,1,1,0.0293333333333333,NA,NA
"Zhengmix8eq","level","GateOnly",1500,1500,0.7029053420806,0.7029053420806,0.687285223367698,0.998472306469599,0.893512741284621,0.0206185567010309,NA,NA
"Zhengmix8eq","level","Random",1500,1500,0.115375740327667,0.115375740327667,0.115375740327667,0.541088745271868,0.0415395473822022,0.00346127220983001,NA,NA
"Zhengmix8eq","level","DIFS_stage1only",2500,2134,1,1,0.977777777777778,1,1,0.0206185567010309,NA,NA
"Zhengmix8eq","level","Seurat",2500,2500,0.9,0.885714285714286,0.911111111111111,1,1,0.0164,NA,NA
"Zhengmix8eq","level","Seurat_gated",2500,2134,1,1,0.977777777777778,1,1,0.0206185567010309,NA,NA
"Zhengmix8eq","level","FEAST",2500,2500,1,1,1,1,1,0.018,NA,NA
"Zhengmix8eq","level","DIFS",2500,2259,1,1,1,1,1,0.0199203187250996,NA,NA
"Zhengmix8eq","level","GateOnly",2500,2134,1,1,0.977777777777778,1,1,0.0206185567010309,NA,NA
"Zhengmix8eq","level","Random",2500,2500,0.192292900546112,0.192292900546112,0.192292900546112,0.73150075268601,0.134431946241112,0.00346127220983001,NA,NA
"Zhengmix8eq","level","DIFS_stage1only",NA,2134,NA,NA,NA,NA,NA,NA,119,770
"Zhengmix8eq","level","Seurat",NA,13001,NA,NA,NA,NA,NA,NA,100,1325
"Zhengmix8eq","level","Seurat_gated",NA,2134,NA,NA,NA,NA,NA,NA,61,272
"Zhengmix8eq","level","FEAST",NA,13001,NA,NA,NA,NA,NA,NA,46,83
"Zhengmix8eq","detection","DIFS_stage1only",100,100,0.510204081632653,0.461538461538462,0.261467889908257,1,1,0.57,NA,NA
"Zhengmix8eq","detection","Seurat",100,100,0.673469387755102,0.549450549450549,0.256880733944954,0.75,0.375,0.56,NA,NA
"Zhengmix8eq","detection","Seurat_gated",100,100,0.693877551020408,0.648351648351648,0.353211009174312,1,0.5,0.77,NA,NA
"Zhengmix8eq","detection","FEAST",100,100,0.755102040816326,0.736263736263736,0.339449541284404,1,1,0.74,NA,NA
"Zhengmix8eq","detection","DIFS",100,100,0.775510204081633,0.637362637362637,0.31651376146789,1,1,0.69,NA,NA
"Zhengmix8eq","detection","GateOnly",100,100,0.0439913547424593,0.0396510705789056,0.0417014178482068,0.32033398363346,0.00581426142720856,0.0909090909090909,NA,NA
"Zhengmix8eq","detection","Random",100,100,0.00769171602184447,0.00769171602184447,0.00769171602184447,0.0634316022096204,3.53658733753679e-05,0.016767940927621,NA,NA
"Zhengmix8eq","detection","DIFS_stage1only",200,200,0.591836734693878,0.56043956043956,0.36697247706422,1,1,0.4,NA,NA
"Zhengmix8eq","detection","Seurat",200,200,0.714285714285714,0.637362637362637,0.298165137614679,1,0.5,0.325,NA,NA
"Zhengmix8eq","detection","Seurat_gated",200,200,0.714285714285714,0.725274725274725,0.504587155963303,1,0.5,0.55,NA,NA
"Zhengmix8eq","detection","FEAST",200,200,0.836734693877551,0.901098901098901,0.605504587155963,1,1,0.66,NA,NA
"Zhengmix8eq","detection","DIFS",200,200,0.795918367346939,0.802197802197802,0.490825688073394,1,1,0.535,NA,NA
"Zhengmix8eq","detection","GateOnly",200,200,0.0879827094849186,0.0793021411578113,0.0834028356964137,0.542511835504086,0.0375421169153175,0.0909090909090909,NA,NA
"Zhengmix8eq","detection","Random",200,200,0.0153834320436889,0.0153834320436889,0.0153834320436889,0.12307290501434,0.000276409320660807,0.016767940927621,NA,NA
"Zhengmix8eq","detection","DIFS_stage1only",300,300,0.673469387755102,0.626373626373626,0.426605504587156,1,1,0.31,NA,NA
"Zhengmix8eq","detection","Seurat",300,300,0.73469387755102,0.692307692307692,0.36697247706422,1,0.625,0.266666666666667,NA,NA
"Zhengmix8eq","detection","Seurat_gated",300,300,0.775510204081633,0.758241758241758,0.573394495412844,1,0.5,0.416666666666667,NA,NA
"Zhengmix8eq","detection","FEAST",300,300,0.897959183673469,0.945054945054945,0.761467889908257,1,1,0.553333333333333,NA,NA
"Zhengmix8eq","detection","DIFS",300,300,0.857142857142857,0.835164835164835,0.582568807339449,1,1,0.423333333333333,NA,NA
"Zhengmix8eq","detection","GateOnly",300,300,0.131974064227378,0.118953211736717,0.125104253544621,0.695174118347536,0.101066651473676,0.0909090909090909,NA,NA
"Zhengmix8eq","detection","Random",300,300,0.0230751480655334,0.0230751480655334,0.0230751480655334,0.179134305028708,0.000902100451771028,0.016767940927621,NA,NA
"Zhengmix8eq","detection","DIFS_stage1only",500,500,0.816326530612245,0.725274725274725,0.532110091743119,1,1,0.232,NA,NA
"Zhengmix8eq","detection","Seurat",500,500,0.755102040816326,0.791208791208791,0.454128440366972,1,0.625,0.198,NA,NA
"Zhengmix8eq","detection","Seurat_gated",500,500,0.857142857142857,0.802197802197802,0.68348623853211,1,1,0.298,NA,NA
"Zhengmix8eq","detection","FEAST",500,500,0.938775510204082,0.967032967032967,0.912844036697248,1,1,0.398,NA,NA
"Zhengmix8eq","detection","DIFS",500,500,0.897959183673469,0.945054945054945,0.743119266055046,1,1,0.324,NA,NA
"Zhengmix8eq","detection","GateOnly",500,500,0.219956773712297,0.198255352894528,0.208507089241034,0.869133662638409,0.295391411412944,0.0909090909090909,NA,NA
"Zhengmix8eq","detection","Random",500,500,0.0384585801092224,0.0384585801092224,0.0384585801092224,0.281306363350286,0.0038807436984309,0.016767940927621,NA,NA
"Zhengmix8eq","detection","DIFS_stage1only",750,750,0.857142857142857,0.769230769230769,0.582568807339449,1,1,0.169333333333333,NA,NA
"Zhengmix8eq","detection","Seurat",750,750,0.755102040816326,0.857142857142857,0.55045871559633,1,0.625,0.16,NA,NA
"Zhengmix8eq","detection","Seurat_gated",750,750,0.857142857142857,0.802197802197802,0.711009174311927,1,1,0.206666666666667,NA,NA
"Zhengmix8eq","detection","FEAST",750,750,0.979591836734694,0.989010989010989,0.981651376146789,1,1,0.285333333333333,NA,NA
"Zhengmix8eq","detection","DIFS",750,750,0.979591836734694,0.989010989010989,0.880733944954128,1,1,0.256,NA,NA
"Zhengmix8eq","detection","GateOnly",750,750,0.329935160568445,0.297383029341792,0.312760633861551,0.957919789964775,0.562949537165043,0.0909090909090909,NA,NA
"Zhengmix8eq","detection","Random",750,750,0.0576878701638335,0.0576878701638336,0.0576878701638336,0.392233134413824,0.011907393574199,0.016767940927621,NA,NA
"Zhengmix8eq","detection","DIFS_stage1only",1000,1000,0.918367346938776,0.802197802197802,0.651376146788991,1,1,0.142,NA,NA
"Zhengmix8eq","detection","Seurat",1000,1000,0.755102040816326,0.857142857142857,0.591743119266055,1,0.625,0.129,NA,NA
"Zhengmix8eq","detection","Seurat_gated",1000,1000,0.857142857142857,0.802197802197802,0.729357798165138,1,1,0.159,NA,NA
"Zhengmix8eq","detection","FEAST",1000,1000,0.979591836734694,0.989010989010989,0.995412844036697,1,1,0.217,NA,NA
"Zhengmix8eq","detection","DIFS",1000,1000,1,1,1,1,1,0.218,NA,NA
"Zhengmix8eq","detection","GateOnly",1000,1000,0.439913547424593,0.396510705789056,0.417014178482068,0.988081422635222,0.769432903509267,0.0909090909090909,NA,NA
"Zhengmix8eq","detection","Random",1000,1000,0.0769171602184447,0.0769171602184447,0.0769171602184447,0.486885853855005,0.0256221121732772,0.016767940927621,NA,NA
"Zhengmix8eq","detection","DIFS_stage1only",1500,1500,0.938775510204082,0.835164835164835,0.747706422018349,1,1,0.108666666666667,NA,NA
"Zhengmix8eq","detection","Seurat",1500,1500,0.857142857142857,0.912087912087912,0.660550458715596,1,0.75,0.096,NA,NA
"Zhengmix8eq","detection","Seurat_gated",1500,1500,0.877551020408163,0.813186813186813,0.761467889908257,1,1,0.110666666666667,NA,NA
"Zhengmix8eq","detection","FEAST",1500,1500,1,1,1,1,1,0.145333333333333,NA,NA
"Zhengmix8eq","detection","DIFS",1500,1500,1,1,1,1,1,0.145333333333333,NA,NA
"Zhengmix8eq","detection","GateOnly",1500,1500,0.65987032113689,0.594766058683584,0.625521267723103,0.999576900912548,0.964064248479569,0.0909090909090909,NA,NA
"Zhengmix8eq","detection","Random",1500,1500,0.115375740327667,0.115375740327667,0.115375740327667,0.636064171708183,0.0710997011735145,0.016767940927621,NA,NA
"Zhengmix8eq","detection","DIFS_stage1only",2500,2134,0.938775510204082,0.846153846153846,0.889908256880734,1,1,0.0909090909090909,NA,NA
"Zhengmix8eq","detection","Seurat",2500,2500,0.877551020408163,0.934065934065934,0.73394495412844,1,1,0.064,NA,NA
"Zhengmix8eq","detection","Seurat_gated",2500,2134,0.938775510204082,0.846153846153846,0.889908256880734,1,1,0.0909090909090909,NA,NA
"Zhengmix8eq","detection","FEAST",2500,2500,1,1,1,1,1,0.0872,NA,NA
"Zhengmix8eq","detection","DIFS",2500,2259,1,1,1,1,1,0.0965028773793714,NA,NA
"Zhengmix8eq","detection","GateOnly",2500,2134,0.938775510204082,0.846153846153846,0.889908256880734,1,1,0.0909090909090909,NA,NA
"Zhengmix8eq","detection","Random",2500,2500,0.192292900546112,0.192292900546112,0.192292900546112,0.820513556429787,0.221476584132865,0.016767940927621,NA,NA
"Zhengmix8eq","detection","DIFS_stage1only",NA,2134,NA,NA,NA,NA,NA,NA,85,500
"Zhengmix8eq","detection","Seurat",NA,13001,NA,NA,NA,NA,NA,NA,56,1203
"Zhengmix8eq","detection","Seurat_gated",NA,2134,NA,NA,NA,NA,NA,NA,37,363
"Zhengmix8eq","detection","FEAST",NA,13001,NA,NA,NA,NA,NA,NA,27,136
"Zhengmix8eq","wilcox","DIFS_stage1only",100,100,0.425531914893617,0.431818181818182,0.246913580246914,1,0.571428571428571,0.6,NA,NA
"Zhengmix8eq","wilcox","Seurat",100,100,0.574468085106383,0.522727272727273,0.234567901234568,0.857142857142857,0.428571428571429,0.57,NA,NA
"Zhengmix8eq","wilcox","Seurat_gated",100,100,0.638297872340426,0.625,0.333333333333333,0.857142857142857,0.428571428571429,0.81,NA,NA
"Zhengmix8eq","wilcox","FEAST",100,100,0.659574468085106,0.659090909090909,0.300411522633745,0.857142857142857,0.428571428571429,0.73,NA,NA
"Zhengmix8eq","wilcox","DIFS",100,100,0.680851063829787,0.590909090909091,0.296296296296296,1,0.571428571428571,0.72,NA,NA
"Zhengmix8eq","wilcox","GateOnly",100,100,0.0438692695766615,0.0420678197154298,0.0418464908728368,0.255576628468935,0.00452821915746862,0.101686972820993,NA,NA
"Zhengmix8eq","wilcox","Random",100,100,0.00769171602184447,0.00769171602184447,0.00769171602184447,0.051321035976897,2.48705538153218e-05,0.0186908699330821,NA,NA
"Zhengmix8eq","wilcox","DIFS_stage1only",200,200,0.51063829787234,0.534090909090909,0.325102880658436,1,0.571428571428571,0.395,NA,NA
"Zhengmix8eq","wilcox","Seurat",200,200,0.659574468085106,0.579545454545455,0.275720164609054,0.857142857142857,0.428571428571429,0.335,NA,NA
"Zhengmix8eq","wilcox","Seurat_gated",200,200,0.723404255319149,0.715909090909091,0.497942386831276,0.857142857142857,0.428571428571429,0.605,NA,NA
"Zhengmix8eq","wilcox","FEAST",200,200,0.74468085106383,0.829545454545455,0.534979423868313,0.857142857142857,0.571428571428571,0.65,NA,NA
"Zhengmix8eq","wilcox","DIFS",200,200,0.702127659574468,0.715909090909091,0.440329218106996,1,0.571428571428571,0.535,NA,NA
"Zhengmix8eq","wilcox","GateOnly",200,200,0.0877385391533231,0.0841356394308597,0.0836929817456736,0.437492607829794,0.0289267192852297,0.101686972820993,NA,NA
"Zhengmix8eq","wilcox","Random",200,200,0.0153834320436889,0.0153834320436889,0.0153834320436889,0.0998710072345722,0.000194479176436776,0.0186908699330821,NA,NA
"Zhengmix8eq","wilcox","DIFS_stage1only",300,300,0.553191489361702,0.556818181818182,0.37037037037037,1,0.571428571428571,0.3,NA,NA
"Zhengmix8eq","wilcox","Seurat",300,300,0.680851063829787,0.659090909090909,0.34156378600823,0.857142857142857,0.571428571428571,0.276666666666667,NA,NA
"Zhengmix8eq","wilcox","Seurat_gated",300,300,0.765957446808511,0.75,0.567901234567901,1,0.428571428571429,0.46,NA,NA
"Zhengmix8eq","wilcox","FEAST",300,300,0.829787234042553,0.897727272727273,0.699588477366255,1,0.571428571428571,0.566666666666667,NA,NA
"Zhengmix8eq","wilcox","DIFS",300,300,0.74468085106383,0.772727272727273,0.510288065843621,1,0.714285714285714,0.413333333333333,NA,NA
"Zhengmix8eq","wilcox","GateOnly",300,300,0.131607808729985,0.12620345914629,0.12553947261851,0.567821335903901,0.0769688988805101,0.101686972820993,NA,NA
"Zhengmix8eq","wilcox","Random",300,300,0.0230751480655334,0.0230751480655334,0.0230751480655334,0.145797947424365,0.000635038999624735,0.0186908699330821,NA,NA
"Zhengmix8eq","wilcox","DIFS_stage1only",500,500,0.702127659574468,0.647727272727273,0.481481481481481,1,0.571428571428571,0.234,NA,NA
"Zhengmix8eq","wilcox","Seurat",500,500,0.723404255319149,0.704545454545455,0.432098765432099,0.857142857142857,0.571428571428571,0.21,NA,NA
"Zhengmix8eq","wilcox","Seurat_gated",500,500,0.829787234042553,0.795454545454545,0.670781893004115,1,0.571428571428571,0.326,NA,NA
"Zhengmix8eq","wilcox","FEAST",500,500,0.914893617021277,0.954545454545455,0.864197530864197,1,0.714285714285714,0.42,NA,NA
"Zhengmix8eq","wilcox","DIFS",500,500,0.765957446808511,0.863636363636364,0.666666666666667,1,0.714285714285714,0.324,NA,NA
"Zhengmix8eq","wilcox","GateOnly",500,500,0.219346347883308,0.210339098577149,0.209232454364184,0.731972053629085,0.219212400766148,0.101686972820993,NA,NA
"Zhengmix8eq","wilcox","Random",500,500,0.0384585801092224,0.0384585801092224,0.0384585801092224,0.230338332383967,0.00273481790845931,0.0186908699330821,NA,NA
"Zhengmix8eq","wilcox","DIFS_stage1only",750,750,0.723404255319149,0.704545454545455,0.534979423868313,1,0.571428571428571,0.173333333333333,NA,NA
"Zhengmix8eq","wilcox","Seurat",750,750,0.765957446808511,0.784090909090909,0.522633744855967,0.857142857142857,0.571428571428571,0.169333333333333,NA,NA
"Zhengmix8eq","wilcox","Seurat_gated",750,750,0.829787234042553,0.818181818181818,0.716049382716049,1,0.571428571428571,0.232,NA,NA
"Zhengmix8eq","wilcox","FEAST",750,750,0.957446808510638,0.977272727272727,0.925925925925926,1,0.857142857142857,0.3,NA,NA
"Zhengmix8eq","wilcox","DIFS",750,750,0.893617021276596,0.943181818181818,0.818930041152263,1,0.714285714285714,0.265333333333333,NA,NA
"Zhengmix8eq","wilcox","GateOnly",750,750,0.329019521824962,0.315508647865724,0.313848681546276,0.842184714063136,0.403584755507857,0.101686972820993,NA,NA
"Zhengmix8eq","wilcox","Random",750,750,0.0576878701638336,0.0576878701638335,0.0576878701638335,0.323618995165041,0.00840330724624634,0.0186908699330821,NA,NA
"Zhengmix8eq","wilcox","DIFS_stage1only",1000,1000,0.787234042553192,0.772727272727273,0.621399176954732,1,0.571428571428571,0.151,NA,NA
"Zhengmix8eq","wilcox","Seurat",1000,1000,0.765957446808511,0.795454545454545,0.57201646090535,0.857142857142857,0.571428571428571,0.139,NA,NA
"Zhengmix8eq","wilcox","Seurat_gated",1000,1000,0.829787234042553,0.818181818181818,0.744855967078189,1,0.571428571428571,0.181,NA,NA
"Zhengmix8eq","wilcox","FEAST",1000,1000,0.957446808510638,0.977272727272727,0.946502057613169,1,0.857142857142857,0.23,NA,NA
"Zhengmix8eq","wilcox","DIFS",1000,1000,0.936170212765957,0.965909090909091,0.909465020576132,1,0.857142857142857,0.221,NA,NA
"Zhengmix8eq","wilcox","GateOnly",1000,1000,0.438692695766616,0.420678197154298,0.418464908728368,0.905539794758718,0.535138384928546,0.101686972820993,NA,NA
"Zhengmix8eq","wilcox","Random",1000,1000,0.0769171602184447,0.0769171602184447,0.0769171602184447,0.404808061917074,0.0181096539041424,0.0186908699330821,NA,NA
"Zhengmix8eq","wilcox","DIFS_stage1only",1500,1500,0.851063829787234,0.840909090909091,0.728395061728395,1,0.714285714285714,0.118,NA,NA
"Zhengmix8eq","wilcox","Seurat",1500,1500,0.808510638297872,0.840909090909091,0.646090534979424,0.857142857142857,0.571428571428571,0.104666666666667,NA,NA
"Zhengmix8eq","wilcox","Seurat_gated",1500,1500,0.914893617021277,0.875,0.802469135802469,1,0.714285714285714,0.13,NA,NA
"Zhengmix8eq","wilcox","FEAST",1500,1500,1,1,0.987654320987654,1,0.857142857142857,0.16,NA,NA
"Zhengmix8eq","wilcox","DIFS",1500,1500,0.978723404255319,0.988636363636364,0.967078189300412,1,0.857142857142857,0.156666666666667,NA,NA
"Zhengmix8eq","wilcox","GateOnly",1500,1500,0.658039043649923,0.631017295731448,0.627697363092552,0.973673071497337,0.660734040125811,0.101686972820993,NA,NA
"Zhengmix8eq","wilcox","Random",1500,1500,0.115375740327667,0.115375740327667,0.115375740327667,0.537067713240296,0.0504223269124731,0.0186908699330821,NA,NA
"Zhengmix8eq","wilcox","DIFS_stage1only",2500,2134,0.936170212765957,0.897727272727273,0.893004115226337,1,0.714285714285714,0.101686972820993,NA,NA
"Zhengmix8eq","wilcox","Seurat",2500,2500,0.851063829787234,0.897727272727273,0.720164609053498,1,0.571428571428571,0.07,NA,NA
"Zhengmix8eq","wilcox","Seurat_gated",2500,2134,0.936170212765957,0.897727272727273,0.893004115226337,1,0.714285714285714,0.101686972820993,NA,NA
"Zhengmix8eq","wilcox","FEAST",2500,2500,1,1,1,1,0.857142857142857,0.0972,NA,NA
"Zhengmix8eq","wilcox","DIFS",2500,2259,1,1,1,1,0.857142857142857,0.107569721115538,NA,NA
"Zhengmix8eq","wilcox","GateOnly",2500,2134,0.936170212765957,0.897727272727273,0.893004115226337,1,0.714285714285714,0.101686972820993,NA,NA
"Zhengmix8eq","wilcox","Random",2500,2500,0.192292900546112,0.192292900546112,0.192292900546112,0.714273623808155,0.158356963930078,0.0186908699330821,NA,NA
"Zhengmix8eq","wilcox","DIFS_stage1only",NA,2134,NA,NA,NA,NA,NA,NA,199,1036
"Zhengmix8eq","wilcox","Seurat",NA,13001,NA,NA,NA,NA,NA,NA,59,1203
"Zhengmix8eq","wilcox","Seurat_gated",NA,2134,NA,NA,NA,NA,NA,NA,50,406
"Zhengmix8eq","wilcox","FEAST",NA,13001,NA,NA,NA,NA,NA,NA,36,267
