"dataset","list","gene","type","rank_in_type"
"Baron","hurdle","CELA3A","acinar",1
"Baron","hurdle","CTRB1","acinar",2
"Baron","hurdle","CTRB2","acinar",3
"Baron","hurdle","PRSS2","acinar",4
"Baron","hurdle","REG1A","acinar",5
"Baron","hurdle","PRSS1","acinar",6
"Baron","hurdle","CLPS","acinar",7
"Baron","hurdle","CELA3B","acinar",8
"Baron","hurdle","PLA2G1B","acinar",9
"Baron","hurdle","CPA1","acinar",10
"Baron","hurdle","SPINK1","acinar",11
"Baron","hurdle","CPA2","acinar",12
"Baron","hurdle","CTRC","acinar",13
"Baron","hurdle","PNLIPRP1","acinar",14
"Baron","hurdle","CELA2A","acinar",15
"Baron","hurdle","CPB1","acinar",16
"Baron","hurdle","SYCN","acinar",17
"Baron","hurdle","KLK1","acinar",18
"Baron","hurdle","PNLIPRP2","acinar",19
"Baron","hurdle","PRSS3","acinar",20
"Baron","hurdle","PNLIP","acinar",21
"Baron","hurdle","REG1B","acinar",22
"Baron","hurdle","GP2","acinar",23
"Baron","hurdle","CUZD1","acinar",24
"Baron","hurdle","RPL10","acinar",25
"Baron","hurdle","TIMP1","activated_stellate",1
"Baron","hurdle","COL1A1","activated_stellate",2
"Baron","hurdle","COL6A3","activated_stellate",3
"Baron","hurdle","COL6A1","activated_stellate",4
"Baron","hurdle","COL6A2","activated_stellate",5
"Baron","hurdle","BGN","activated_stellate",6
"Baron","hurdle","SFRP2","activated_stellate",7
"Baron","hurdle","COL1A2","activated_stellate",8
"Baron","hurdle","CRLF1","activated_stellate",9
"Baron","hurdle","MMP14","activated_stellate",10
"Baron","hurdle","PDGFRB","activated_stellate",11
"Baron","hurdle","MMP2","activated_stellate",12
"Baron","hurdle","THBS2","activated_stellate",13
"Baron","hurdle","AEBP1","activated_stellate",14
"Baron","hurdle","EMILIN1","activated_stellate",15
"Baron","hurdle","VCAN","activated_stellate",16
"Baron","hurdle","COL5A1","activated_stellate",17
"Baron","hurdle","COL3A1","activated_stellate",18
"Baron","hurdle","SPARC","activated_stellate",19
"Baron","hurdle","FKBP10","activated_stellate",20
"Baron","hurdle","SERPINH1","activated_stellate",21
"Baron","hurdle","PRRX1","activated_stellate",22
"Baron","hurdle","FMOD","activated_stellate",23
"Baron","hurdle","TIMP3","activated_stellate",24
"Baron","hurdle","FN1","activated_stellate",25
"Baron","hurdle","GCG","alpha",1
"Baron","hurdle","TTR","alpha",2
"Baron","hurdle","CLU","alpha",3
"Baron","hurdle","GC","alpha",4
"Baron","hurdle","IRX2","alpha",5
"Baron","hurdle","TMEM176B","alpha",6
"Baron","hurdle","PCSK2","alpha",7
"Baron","hurdle","TMEM176A","alpha",8
"Baron","hurdle","GPX3","alpha",9
"Baron","hurdle","TM4SF4","alpha",10
"Baron","hurdle","VGF","alpha",11
"Baron","hurdle","ALDH1A1","alpha",12
"Baron","hurdle","SLC7A2","alpha",13
"Baron","hurdle","CD99","alpha",14
"Baron","hurdle","CHGA","alpha",15
"Baron","hurdle","RNASEK","alpha",16
"Baron","hurdle","PCSK1N","alpha",17
"Baron","hurdle","RGS4","alpha",18
"Baron","hurdle","MUC13","alpha",19
"Baron","hurdle","F10","alpha",20
"Baron","hurdle","FEV","alpha",21
"Baron","hurdle","SCG5","alpha",22
"Baron","hurdle","CYSTM1","alpha",23
"Baron","hurdle","FXYD5","alpha",24
"Baron","hurdle","CST3","alpha",25
"Baron","hurdle","INS","beta",1
"Baron","hurdle","IAPP","beta",2
"Baron","hurdle","ADCYAP1","beta",3
"Baron","hurdle","HADH","beta",4
"Baron","hurdle","IGF2","beta",5
"Baron","hurdle","PCSK1","beta",6
"Baron","hurdle","DLK1","beta",7
"Baron","hurdle","GNAS","beta",8
"Baron","hurdle","MAFA","beta",9
"Baron","hurdle","UCHL1","beta",10
"Baron","hurdle","ERO1B","beta",11
"Baron","hurdle","GAD2","beta",12
"Baron","hurdle","CPE","beta",13
"Baron","hurdle","CDKN1C","beta",14
"Baron","hurdle","C1QL1","beta",15
"Baron","hurdle","ELMO1","beta",16
"Baron","hurdle","NPTX2","beta",17
"Baron","hurdle","ABCC8","beta",18
"Baron","hurdle","MEG3","beta",19
"Baron","hurdle","PEMT","beta",20
"Baron","hurdle","STX1A","beta",21
"Baron","hurdle","NKX6.1","beta",22
"Baron","hurdle","EEF1A2","beta",23
"Baron","hurdle","C1orf127","beta",24
"Baron","hurdle","HOPX","beta",25
"Baron","hurdle","SST","delta",1
"Baron","hurdle","RBP4","delta",2
"Baron","hurdle","LEPR","delta",3
"Baron","hurdle","SEC11C","delta",4
"Baron","hurdle","LY6H","delta",5
"Baron","hurdle","PCSK1","delta",6
"Baron","hurdle","NLRP1","delta",7
"Baron","hurdle","RGS2","delta",8
"Baron","hurdle","DHRS2","delta",9
"Baron","hurdle","HHEX","delta",10
"Baron","hurdle","PCP4","delta",11
"Baron","hurdle","DPYSL3","delta",12
"Baron","hurdle","BAIAP3","delta",13
"Baron","hurdle","AQP3","delta",14
"Baron","hurdle","GABRB3","delta",15
"Baron","hurdle","MAP1B","delta",16
"Baron","hurdle","ARFGEF3","delta",17
"Baron","hurdle","GCH1","delta",18
"Baron","hurdle","EDN3","delta",19
"Baron","hurdle","TACSTD2","ductal",1
"Baron","hurdle","KRT19","ductal",2
"Baron","hurdle","KRT7","ductal",3
"Baron","hurdle","ANXA4","ductal",4
"Baron","hurdle","ANXA2","ductal",5
"Baron","hurdle","SERINC2","ductal",6
"Baron","hurdle","PRSS8","ductal",7
"Baron","hurdle","LCN2","ductal",8
"Baron","hurdle","TPM1","ductal",9
"Baron","hurdle","CFB","ductal",10
"Baron","hurdle","S100A11","ductal",11
"Baron","hurdle","SDC4","ductal",12
"Baron","hurdle","MMP7","ductal",13
"Baron","hurdle","PMEPA1","ductal",14
"Baron","hurdle","S100A14","ductal",15
"Baron","hurdle","KRT18","ductal",16
"Baron","hurdle","C3","ductal",17
"Baron","hurdle","TINAGL1","ductal",18
"Baron","hurdle","CLDN1","ductal",19
"Baron","hurdle","TMSB4X","ductal",20
"Baron","hurdle","LGALS4","ductal",21
"Baron","hurdle","CD24","ductal",22
"Baron","hurdle","SERPING1","ductal",23
"Baron","hurdle","TMSB10","ductal",24
"Baron","hurdle","KRT8","ductal",25
"Baron","hurdle","PLVAP","endothelial",1
"Baron","hurdle","PODXL","endothelial",2
"Baron","hurdle","FKBP1A","endothelial",3
"Baron","hurdle","PECAM1","endothelial",4
"Baron","hurdle","CD93","endothelial",5
"Baron","hurdle","RGCC","endothelial",6
"Baron","hurdle","ENG","endothelial",7
"Baron","hurdle","ACVRL1","endothelial",8
"Baron","hurdle","FLT1","endothelial",9
"Baron","hurdle","KDR","endothelial",10
"Baron","hurdle","SOX18","endothelial",11
"Baron","hurdle","PCAT19","endothelial",12
"Baron","hurdle","ESAM","endothelial",13
"Baron","hurdle","TCF4","endothelial",14
"Baron","hurdle","ROBO4","endothelial",15
"Baron","hurdle","HSPG2","endothelial",16
"Baron","hurdle","TIE1","endothelial",17
"Baron","hurdle","STC1","endothelial",18
"Baron","hurdle","ESM1","endothelial",19
"Baron","hurdle","TP53I11","endothelial",20
"Baron","hurdle","ADGRL4","endothelial",21
"Baron","hurdle","EGFL7","endothelial",22
"Baron","hurdle","ETS1","endothelial",23
"Baron","hurdle","VWF","endothelial",24
"Baron","hurdle","PPAP2B","endothelial",25
"Baron","hurdle","GHRL","epsilon",1
"Baron","hurdle","ACSL1","epsilon",2
"Baron","hurdle","FRZB","epsilon",3
"Baron","hurdle","SPTSSB","epsilon",4
"Baron","hurdle","FGF14","epsilon",5
"Baron","hurdle","TRNP1","epsilon",6
"Baron","hurdle","NNMT","epsilon",7
"Baron","hurdle","LY6H","epsilon",8
"Baron","hurdle","SEZ6L","epsilon",9
"Baron","hurdle","HEPACAM2","epsilon",10
"Baron","hurdle","APOH","epsilon",11
"Baron","hurdle","TM4SF5","epsilon",12
"Baron","hurdle","VTN","epsilon",13
"Baron","hurdle","PLAC8","epsilon",14
"Baron","hurdle","CLU","epsilon",15
"Baron","hurdle","MS4A8","epsilon",16
"Baron","hurdle","VSTM2L","epsilon",17
"Baron","hurdle","TFF3","epsilon",18
"Baron","hurdle","MDFIC","epsilon",19
"Baron","hurdle","OLFML3","epsilon",20
"Baron","hurdle","ACOT7","epsilon",21
"Baron","hurdle","ASGR1","epsilon",22
"Baron","hurdle","HOMER1","epsilon",23
"Baron","hurdle","NRD1","epsilon",24
"Baron","hurdle","ITM2C","epsilon",25
"Baron","hurdle","PPY","gamma",1
"Baron","hurdle","AQP3","gamma",2
"Baron","hurdle","STMN2","gamma",3
"Baron","hurdle","PPY2P","gamma",4
"Baron","hurdle","PAX6","gamma",5
"Baron","hurdle","PCSK1N","gamma",6
"Baron","hurdle","MEIS2","gamma",7
"Baron","hurdle","CARTPT","gamma",8
"Baron","hurdle","CARD11","gamma",9
"Baron","hurdle","SERTM1","gamma",10
"Baron","hurdle","DPYSL3","gamma",11
"Baron","hurdle","FXYD2","gamma",12
"Baron","hurdle","CHRM3","gamma",13
"Baron","hurdle","TM4SF4","gamma",14
"Baron","hurdle","CHGB","gamma",15
"Baron","hurdle","ENTPD2","gamma",16
"Baron","hurdle","SCG2","gamma",17
"Baron","hurdle","SLC6A4","gamma",18
"Baron","hurdle","ID2","gamma",19
"Baron","hurdle","PEG10","gamma",20
"Baron","hurdle","PLEKHB1","gamma",21
"Baron","hurdle","KCNG1","gamma",22
"Baron","hurdle","NBL1","gamma",23
"Baron","hurdle","MALAT1","gamma",24
"Baron","hurdle","PTP4A3","gamma",25
"Baron","hurdle","CTSB","macrophage",1
"Baron","hurdle","CD68","macrophage",2
"Baron","hurdle","CTSD","macrophage",3
"Baron","hurdle","ACP5","macrophage",4
"Baron","hurdle","GPX1","macrophage",5
"Baron","hurdle","FUCA1","macrophage",6
"Baron","hurdle","CD74","macrophage",7
"Baron","hurdle","TYROBP","macrophage",8
"Baron","hurdle","CTSL","macrophage",9
"Baron","hurdle","SDS","macrophage",10
"Baron","hurdle","CTSS","macrophage",11
"Baron","hurdle","HLA.DRA","macrophage",12
"Baron","hurdle","LAPTM5","macrophage",13
"Baron","hurdle","C1QC","macrophage",14
"Baron","hurdle","SPI1","macrophage",15
"Baron","hurdle","ITGB2","macrophage",16
"Baron","hurdle","FCER1G","macrophage",17
"Baron","hurdle","GM2A","macrophage",18
"Baron","hurdle","GPNMB","macrophage",19
"Baron","hurdle","LSP1","macrophage",20
"Baron","hurdle","HLA.DRB1","macrophage",21
"Baron","hurdle","C1QB","macrophage",22
"Baron","hurdle","HLA.DPA1","macrophage",23
"Baron","hurdle","CD53","macrophage",24
"Baron","hurdle","CSF1R","macrophage",25
"Baron","hurdle","GATA2","mast",1
"Baron","hurdle","TPSAB1","mast",2
"Baron","hurdle","TPSB2","mast",3
"Baron","hurdle","CPA3","mast",4
"Baron","hurdle","NSMCE1","mast",5
"Baron","hurdle","CD22","mast",6
"Baron","hurdle","LTC4S","mast",7
"Baron","hurdle","RGS1","mast",8
"Baron","hurdle","LAPTM5","mast",9
"Baron","hurdle","IL4R","mast",10
"Baron","hurdle","MS4A2","mast",11
"Baron","hurdle","RAC2","mast",12
"Baron","hurdle","KIT","mast",13
"Baron","hurdle","CAPG","mast",14
"Baron","hurdle","SRGN","mast",15
"Baron","hurdle","AHNAK","mast",16
"Baron","hurdle","ARHGDIB","mast",17
"Baron","hurdle","SAMSN1","mast",18
"Baron","hurdle","ALOX5AP","mast",19
"Baron","hurdle","GLUL","mast",20
"Baron","hurdle","PRKCB","mast",21
"Baron","hurdle","CD37","mast",22
"Baron","hurdle","BTK","mast",23
"Baron","hurdle","KRT1","mast",24
"Baron","hurdle","S100A4","mast",25
"Baron","hurdle","EPAS1","quiescent_stellate",1
"Baron","hurdle","C11orf96","quiescent_stellate",2
"Baron","hurdle","ADCY3","quiescent_stellate",3
"Baron","hurdle","IGFBP4","quiescent_stellate",4
"Baron","hurdle","NDUFA4L2","quiescent_stellate",5
"Baron","hurdle","PDGFRB","quiescent_stellate",6
"Baron","hurdle","KLF9","quiescent_stellate",7
"Baron","hurdle","IFITM2","quiescent_stellate",8
"Baron","hurdle","RGS5","quiescent_stellate",9
"Baron","hurdle","IL24","quiescent_stellate",10
"Baron","hurdle","EDNRA","quiescent_stellate",11
"Baron","hurdle","COL3A1","quiescent_stellate",12
"Baron","hurdle","COL6A2","quiescent_stellate",13
"Baron","hurdle","EDNRB","quiescent_stellate",14
"Baron","hurdle","ADIRF","quiescent_stellate",15
"Baron","hurdle","IFITM1","quiescent_stellate",16
"Baron","hurdle","GJA4","quiescent_stellate",17
"Baron","hurdle","BGN","quiescent_stellate",18
"Baron","hurdle","ADAMTS4","quiescent_stellate",19
"Baron","hurdle","AKR1B1","quiescent_stellate",20
"Baron","hurdle","NOTCH3","quiescent_stellate",21
"Baron","hurdle","CSRP2","quiescent_stellate",22
"Baron","hurdle","CRISPLD2","quiescent_stellate",23
"Baron","hurdle","KCNE4","quiescent_stellate",24
"Baron","hurdle","SPARC","quiescent_stellate",25
"Baron","hurdle","DAG1","schwann",1
"Baron","hurdle","SOX10","schwann",2
"Baron","hurdle","CRYAB","schwann",3
"Baron","hurdle","RCAN1","schwann",4
"Baron","hurdle","PDLIM4","schwann",5
"Baron","hurdle","PMP22","schwann",6
"Baron","hurdle","GPM6B","schwann",7
"Baron","hurdle","NGFR","schwann",8
"Baron","hurdle","CDH19","schwann",9
"Baron","hurdle","ATOX1","schwann",10
"Baron","hurdle","ITGB8","schwann",11
"Baron","hurdle","GLUL","schwann",12
"Baron","hurdle","TIMP3","schwann",13
"Baron","hurdle","ST6GALNAC2","schwann",14
"Baron","hurdle","DKK3","schwann",15
"Baron","hurdle","SEMA3C","schwann",16
"Baron","hurdle","LGALS3","schwann",17
"Baron","hurdle","EHBP1","schwann",18
"Baron","hurdle","GDNF","schwann",19
"Baron","hurdle","GAP43","schwann",20
"Baron","hurdle","SOX2","schwann",21
"Baron","hurdle","TSPAN11","schwann",22
"Baron","hurdle","COL9A3","schwann",23
"Baron","hurdle","GPC1","schwann",24
"Baron","hurdle","ID4","schwann",25
"Baron","level","REG1A","acinar",1
"Baron","level","CTRB2","acinar",2
"Baron","level","CELA3A","acinar",3
"Baron","level","PRSS2","acinar",4
"Baron","level","CTRB1","acinar",5
"Baron","level","PRSS1","acinar",6
"Baron","level","RPL10","acinar",7
"Baron","level","CLPS","acinar",8
"Baron","level","SPINK1","acinar",9
"Baron","level","PLA2G1B","acinar",10
"Baron","level","CPA1","acinar",11
"Baron","level","CELA3B","acinar",12
"Baron","level","REG1B","acinar",13
"Baron","level","EEF1A1","acinar",14
"Baron","level","ACTG1","acinar",15
"Baron","level","RPS2","acinar",16
"Baron","level","RPL18A","acinar",17
"Baron","level","EEF1B2","acinar",18
"Baron","level","RPS12","acinar",19
"Baron","level","RPL29","acinar",20
"Baron","level","RPS5","acinar",21
"Baron","level","CPB1","acinar",22
"Baron","level","FTH1","acinar",23
"Baron","level","RPLP0","acinar",24
"Baron","level","PRSS3","acinar",25
"Baron","level","TIMP1","activated_stellate",1
"Baron","level","COL6A1","activated_stellate",2
"Baron","level","COL1A1","activated_stellate",3
"Baron","level","MMP14","activated_stellate",4
"Baron","level","IGFBP7","activated_stellate",5
"Baron","level","INHBA","activated_stellate",6
"Baron","level","COL6A2","activated_stellate",7
"Baron","level","CALU","activated_stellate",8
"Baron","level","NBL1","activated_stellate",9
"Baron","level","SERPINH1","activated_stellate",10
"Baron","level","IGFBP5","activated_stellate",11
"Baron","level","SPON2","activated_stellate",12
"Baron","level","IER3","activated_stellate",13
"Baron","level","BGN","activated_stellate",14
"Baron","level","ITGB1","activated_stellate",15
"Baron","level","MYH9","activated_stellate",16
"Baron","level","TMSB10","activated_stellate",17
"Baron","level","CALD1","activated_stellate",18
"Baron","level","COL6A3","activated_stellate",19
"Baron","level","COL18A1","activated_stellate",20
"Baron","level","FN1","activated_stellate",21
"Baron","level","VIM","activated_stellate",22
"Baron","level","TIMP3","activated_stellate",23
"Baron","level","COL1A2","activated_stellate",24
"Baron","level","C11orf96","activated_stellate",25
"Baron","level","GCG","alpha",1
"Baron","level","TTR","alpha",2
"Baron","level","CLU","alpha",3
"Baron","level","RNASEK","alpha",4
"Baron","level","CD99","alpha",5
"Baron","level","CST3","alpha",6
"Baron","level","TMEM176B","alpha",7
"Baron","level","CYSTM1","alpha",8
"Baron","level","PCSK2","alpha",9
"Baron","level","GPX3","alpha",10
"Baron","level","ALDH1A1","alpha",11
"Baron","level","SPINT2","alpha",12
"Baron","level","HLA.A","alpha",13
"Baron","level","TMEM176A","alpha",14
"Baron","level","SLC7A2","alpha",15
"Baron","level","B2M","alpha",16
"Baron","level","FXYD5","alpha",17
"Baron","level","CHGA","alpha",18
"Baron","level","VGF","alpha",19
"Baron","level","PDK4","alpha",20
"Baron","level","TM4SF4","alpha",21
"Baron","level","CRYBA2","alpha",22
"Baron","level","MUC13","alpha",23
"Baron","level","SERPINA1","alpha",24
"Baron","level","LOXL4","alpha",25
"Baron","level","INS","beta",1
"Baron","level","IAPP","beta",2
"Baron","level","GNAS","beta",3
"Baron","level","CDKN1C","beta",4
"Baron","level","HADH","beta",5
"Baron","level","DLK1","beta",6
"Baron","level","ADCYAP1","beta",7
"Baron","level","SST","delta",1
"Baron","level","SEC11C","delta",2
"Baron","level","RBP4","delta",3
"Baron","level","ANXA2","ductal",1
"Baron","level","S100A11","ductal",2
"Baron","level","TMSB4X","ductal",3
"Baron","level","TMSB10","ductal",4
"Baron","level","ACTN4","ductal",5
"Baron","level","KRT8","ductal",6
"Baron","level","ATP1A1","ductal",7
"Baron","level","TPM1","ductal",8
"Baron","level","ANXA4","ductal",9
"Baron","level","CTSD","ductal",10
"Baron","level","TAGLN2","ductal",11
"Baron","level","HMGA1","ductal",12
"Baron","level","KRT18","ductal",13
"Baron","level","HLA.B","ductal",14
"Baron","level","ITGB1","ductal",15
"Baron","level","TACSTD2","ductal",16
"Baron","level","SAT1","ductal",17
"Baron","level","S100A6","ductal",18
"Baron","level","KRT19","ductal",19
"Baron","level","CD24","ductal",20
"Baron","level","S100A10","ductal",21
"Baron","level","ELF3","ductal",22
"Baron","level","HLA.C","ductal",23
"Baron","level","ACTB","ductal",24
"Baron","level","SERINC2","ductal",25
"Baron","level","FKBP1A","endothelial",1
"Baron","level","INSR","endothelial",2
"Baron","level","TP53I11","endothelial",3
"Baron","level","PODXL","endothelial",4
"Baron","level","PNP","endothelial",5
"Baron","level","GNAI2","endothelial",6
"Baron","level","CLIC4","endothelial",7
"Baron","level","APP","endothelial",8
"Baron","level","HYAL2","endothelial",9
"Baron","level","GPX1","endothelial",10
"Baron","level","ETS1","endothelial",11
"Baron","level","EGFL7","endothelial",12
"Baron","level","IGFBP7","endothelial",13
"Baron","level","PRSS23","endothelial",14
"Baron","level","TCF4","endothelial",15
"Baron","level","PTMA","endothelial",16
"Baron","level","HSPG2","endothelial",17
"Baron","level","VWA1","endothelial",18
"Baron","level","SLC9A3R2","endothelial",19
"Baron","level","TMSB10","endothelial",20
"Baron","level","POMP","endothelial",21
"Baron","level","ENG","endothelial",22
"Baron","level","CD9","endothelial",23
"Baron","level","CCDC85B","endothelial",24
"Baron","level","IVNS1ABP","endothelial",25
"Baron","level","GHRL","epsilon",1
"Baron","level","ACSL1","epsilon",2
"Baron","level","SPTSSB","epsilon",3
"Baron","level","TRNP1","epsilon",4
"Baron","level","SEZ6L","epsilon",5
"Baron","level","HEPACAM2","epsilon",6
"Baron","level","NNMT","epsilon",7
"Baron","level","LY6H","epsilon",8
"Baron","level","CLU","epsilon",9
"Baron","level","FRZB","epsilon",10
"Baron","level","SEPW1","epsilon",11
"Baron","level","PTP4A1","epsilon",12
"Baron","level","PPY","gamma",1
"Baron","level","AQP3","gamma",2
"Baron","level","PCSK1N","gamma",3
"Baron","level","PAX6","gamma",4
"Baron","level","MALAT1","gamma",5
"Baron","level","CLU","gamma",6
"Baron","level","SCG2","gamma",7
"Baron","level","CHGB","gamma",8
"Baron","level","PEG10","gamma",9
"Baron","level","CARTPT","gamma",10
"Baron","level","CTSB","macrophage",1
"Baron","level","CTSD","macrophage",2
"Baron","level","CD68","macrophage",3
"Baron","level","FUCA1","macrophage",4
"Baron","level","GPX1","macrophage",5
"Baron","level","CTSL","macrophage",6
"Baron","level","ACP5","macrophage",7
"Baron","level","CD74","macrophage",8
"Baron","level","PSAP","macrophage",9
"Baron","level","CTSS","macrophage",10
"Baron","level","GRINA","macrophage",11
"Baron","level","GM2A","macrophage",12
"Baron","level","FTH1","macrophage",13
"Baron","level","GRN","macrophage",14
"Baron","level","NPC2","macrophage",15
"Baron","level","ASAH1","macrophage",16
"Baron","level","CD14","macrophage",17
"Baron","level","LIPA","macrophage",18
"Baron","level","NINJ1","macrophage",19
"Baron","level","MGAT1","macrophage",20
"Baron","level","GPNMB","macrophage",21
"Baron","level","CYP27A1","macrophage",22
"Baron","level","FTL","macrophage",23
"Baron","level","HLA.DRA","macrophage",24
"Baron","level","FCGRT","macrophage",25
"Baron","level","NSMCE1","mast",1
"Baron","level","GATA2","mast",2
"Baron","level","IL4R","mast",3
"Baron","level","GLUL","mast",4
"Baron","level","FOXP1","mast",5
"Baron","level","LTC4S","mast",6
"Baron","level","CAPG","mast",7
"Baron","level","AHNAK","mast",8
"Baron","level","VWA5A","mast",9
"Baron","level","RAC2","mast",10
"Baron","level","RHOG","mast",11
"Baron","level","PTPN6","mast",12
"Baron","level","NDST2","mast",13
"Baron","level","SLC45A3","mast",14
"Baron","level","SH3BGRL3","mast",15
"Baron","level","NDRG2","mast",16
"Baron","level","ARHGDIB","mast",17
"Baron","level","VIM","mast",18
"Baron","level","ALOX5","mast",19
"Baron","level","CD9","mast",20
"Baron","level","DUSP6","mast",21
"Baron","level","FOSL2","mast",22
"Baron","level","RPS27","mast",23
"Baron","level","ARRB2","mast",24
"Baron","level","RGS2","mast",25
"Baron","level","EPAS1","quiescent_stellate",1
"Baron","level","AKR1B1","quiescent_stellate",2
"Baron","level","IFITM2","quiescent_stellate",3
"Baron","level","KLF9","quiescent_stellate",4
"Baron","level","C11orf96","quiescent_stellate",5
"Baron","level","CD59","quiescent_stellate",6
"Baron","level","ADCY3","quiescent_stellate",7
"Baron","level","MAPKAPK2","quiescent_stellate",8
"Baron","level","IGFBP4","quiescent_stellate",9
"Baron","level","CTSL","quiescent_stellate",10
"Baron","level","IGFBP7","quiescent_stellate",11
"Baron","level","PTMA","quiescent_stellate",12
"Baron","level","ADIRF","quiescent_stellate",13
"Baron","level","IFITM3","quiescent_stellate",14
"Baron","level","IFITM1","quiescent_stellate",15
"Baron","level","TFPI","quiescent_stellate",16
"Baron","level","CEBPB","quiescent_stellate",17
"Baron","level","CSRP2","quiescent_stellate",18
"Baron","level","NR2F2","quiescent_stellate",19
"Baron","level","RHOQ","quiescent_stellate",20
"Baron","level","ID3","quiescent_stellate",21
"Baron","level","CSNK1E","quiescent_stellate",22
"Baron","level","HIF1A","quiescent_stellate",23
"Baron","level","TIMP1","quiescent_stellate",24
"Baron","level","LDHB","quiescent_stellate",25
"Baron","level","DAG1","schwann",1
"Baron","level","RCAN1","schwann",2
"Baron","level","PDLIM4","schwann",3
"Baron","level","ATOX1","schwann",4
"Baron","level","CRYAB","schwann",5
"Baron","level","GLUL","schwann",6
"Baron","level","S100A6","schwann",7
"Baron","level","CD59","schwann",8
"Baron","level","EHBP1","schwann",9
"Baron","level","ID4","schwann",10
"Baron","level","PMP22","schwann",11
"Baron","level","CTNNA1","schwann",12
"Baron","level","LGALS3","schwann",13
"Baron","level","PSAP","schwann",14
"Baron","level","TIMP3","schwann",15
"Baron","level","NGFR","schwann",16
"Baron","level","ANXA5","schwann",17
"Baron","level","RHOC","schwann",18
"Baron","level","GPC1","schwann",19
"Baron","level","MAP1B","schwann",20
"Baron","level","PEA15","schwann",21
"Baron","level","CD9","schwann",22
"Baron","level","DKK3","schwann",23
"Baron","level","FTL","schwann",24
"Baron","level","PMEPA1","schwann",25
"Baron","detection","PNLIPRP2","acinar",1
"Baron","detection","PNLIPRP1","acinar",2
"Baron","detection","KLK1","acinar",3
"Baron","detection","SYCN","acinar",4
"Baron","detection","CPA2","acinar",5
"Baron","detection","CTRC","acinar",6
"Baron","detection","GP2","acinar",7
"Baron","detection","PNLIP","acinar",8
"Baron","detection","CTRL","acinar",9
"Baron","detection","CELA2A","acinar",10
"Baron","detection","CELA2B","acinar",11
"Baron","detection","CUZD1","acinar",12
"Baron","detection","MGST1","acinar",13
"Baron","detection","CELA3B","acinar",14
"Baron","detection","RNASE1","acinar",15
"Baron","detection","REG1P","acinar",16
"Baron","detection","CLPS","acinar",17
"Baron","detection","PLA2G1B","acinar",18
"Baron","detection","CPB1","acinar",19
"Baron","detection","FOXD2","acinar",20
"Baron","detection","PRSS3","acinar",21
"Baron","detection","ANPEP","acinar",22
"Baron","detection","CPA1","acinar",23
"Baron","detection","CEL","acinar",24
"Baron","detection","PRSS1","acinar",25
"Baron","detection","COL6A3","activated_stellate",1
"Baron","detection","SFRP2","activated_stellate",2
"Baron","detection","CRLF1","activated_stellate",3
"Baron","detection","PDGFRB","activated_stellate",4
"Baron","detection","COL1A2","activated_stellate",5
"Baron","detection","THBS2","activated_stellate",6
"Baron","detection","MMP2","activated_stellate",7
"Baron","detection","COL6A2","activated_stellate",8
"Baron","detection","EMILIN1","activated_stellate",9
"Baron","detection","BGN","activated_stellate",10
"Baron","detection","AEBP1","activated_stellate",11
"Baron","detection","VCAN","activated_stellate",12
"Baron","detection","COL3A1","activated_stellate",13
"Baron","detection","SPARC","activated_stellate",14
"Baron","detection","PRRX1","activated_stellate",15
"Baron","detection","COL5A1","activated_stellate",16
"Baron","detection","CYGB","activated_stellate",17
"Baron","detection","FMOD","activated_stellate",18
"Baron","detection","COL1A1","activated_stellate",19
"Baron","detection","COL15A1","activated_stellate",20
"Baron","detection","LUM","activated_stellate",21
"Baron","detection","LOXL2","activated_stellate",22
"Baron","detection","MFGE8","activated_stellate",23
"Baron","detection","ADAMTS12","activated_stellate",24
"Baron","detection","COL5A2","activated_stellate",25
"Baron","detection","GC","alpha",1
"Baron","detection","IRX2","alpha",2
"Baron","detection","TM4SF4","alpha",3
"Baron","detection","F10","alpha",4
"Baron","detection","FEV","alpha",5
"Baron","detection","MUC13","alpha",6
"Baron","detection","RGS4","alpha",7
"Baron","detection","TMEM176B","alpha",8
"Baron","detection","TMEM176A","alpha",9
"Baron","detection","VSTM2L","alpha",10
"Baron","detection","PCSK2","alpha",11
"Baron","detection","GPX3","alpha",12
"Baron","detection","SMIM24","alpha",13
"Baron","detection","VGF","alpha",14
"Baron","detection","ARX","alpha",15
"Baron","detection","PAPPA2","alpha",16
"Baron","detection","PCSK1N","alpha",17
"Baron","detection","LOXL4","alpha",18
"Baron","detection","CHGA","alpha",19
"Baron","detection","CHGB","alpha",20
"Baron","detection","SCG5","alpha",21
"Baron","detection","CRYBA2","alpha",22
"Baron","detection","GCG","alpha",23
"Baron","detection","TTR","alpha",24
"Baron","detection","KCTD12","alpha",25
"Baron","detection","ADCYAP1","beta",1
"Baron","detection","HADH","beta",2
"Baron","detection","IGF2","beta",3
"Baron","detection","PCSK1","beta",4
"Baron","detection","MAFA","beta",5
"Baron","detection","DLK1","beta",6
"Baron","detection","IAPP","beta",7
"Baron","detection","UCHL1","beta",8
"Baron","detection","ELMO1","beta",9
"Baron","detection","C1QL1","beta",10
"Baron","detection","MEG3","beta",11
"Baron","detection","PCSK1N","beta",12
"Baron","detection","ERO1B","beta",13
"Baron","detection","GAD2","beta",14
"Baron","detection","C1orf127","beta",15
"Baron","detection","NPTX2","beta",16
"Baron","detection","HOPX","beta",17
"Baron","detection","G6PC2","beta",18
"Baron","detection","EEF1A2","beta",19
"Baron","detection","PDX1","beta",20
"Baron","detection","ABCC8","beta",21
"Baron","detection","SYT13","beta",22
"Baron","detection","NKX6.1","beta",23
"Baron","detection","VAT1L","beta",24
"Baron","detection","RGS16","beta",25
"Baron","detection","LEPR","delta",1
"Baron","detection","RBP4","delta",2
"Baron","detection","LY6H","delta",3
"Baron","detection","PCSK1","delta",4
"Baron","detection","HHEX","delta",5
"Baron","detection","DHRS2","delta",6
"Baron","detection","DPYSL3","delta",7
"Baron","detection","PCP4","delta",8
"Baron","detection","NLRP1","delta",9
"Baron","detection","RGS2","delta",10
"Baron","detection","BAIAP3","delta",11
"Baron","detection","SEC11C","delta",12
"Baron","detection","AQP3","delta",13
"Baron","detection","CHGB","delta",14
"Baron","detection","GABRB3","delta",15
"Baron","detection","SERPINA1","delta",16
"Baron","detection","PCSK1N","delta",17
"Baron","detection","MIR7.3HG","delta",18
"Baron","detection","GPX3","delta",19
"Baron","detection","UCP2","delta",20
"Baron","detection","ARFGEF3","delta",21
"Baron","detection","BEX1","delta",22
"Baron","detection","SST","delta",23
"Baron","detection","MAP1B","delta",24
"Baron","detection","UCHL1","delta",25
"Baron","detection","TACSTD2","ductal",1
"Baron","detection","KRT7","ductal",2
"Baron","detection","KRT19","ductal",3
"Baron","detection","MMP7","ductal",4
"Baron","detection","CFB","ductal",5
"Baron","detection","S100A14","ductal",6
"Baron","detection","TINAGL1","ductal",7
"Baron","detection","PRSS8","ductal",8
"Baron","detection","LCN2","ductal",9
"Baron","detection","LGALS4","ductal",10
"Baron","detection","C3","ductal",11
"Baron","detection","PPAP2C","ductal",12
"Baron","detection","CFTR","ductal",13
"Baron","detection","SDC4","ductal",14
"Baron","detection","SERPING1","ductal",15
"Baron","detection","CLDN1","ductal",16
"Baron","detection","SERINC2","ductal",17
"Baron","detection","SERPINA5","ductal",18
"Baron","detection","SLC4A4","ductal",19
"Baron","detection","CDC42EP1","ductal",20
"Baron","detection","PMEPA1","ductal",21
"Baron","detection","MALL","ductal",22
"Baron","detection","CCL2","ductal",23
"Baron","detection","LAD1","ductal",24
"Baron","detection","ANXA4","ductal",25
"Baron","detection","PLVAP","endothelial",1
"Baron","detection","CD93","endothelial",2
"Baron","detection","PECAM1","endothelial",3
"Baron","detection","FLT1","endothelial",4
"Baron","detection","KDR","endothelial",5
"Baron","detection","SOX18","endothelial",6
"Baron","detection","PCAT19","endothelial",7
"Baron","detection","ACVRL1","endothelial",8
"Baron","detection","ROBO4","endothelial",9
"Baron","detection","ESAM","endothelial",10
"Baron","detection","TIE1","endothelial",11
"Baron","detection","RGCC","endothelial",12
"Baron","detection","ADGRL4","endothelial",13
"Baron","detection","ESM1","endothelial",14
"Baron","detection","PODXL","endothelial",15
"Baron","detection","ENG","endothelial",16
"Baron","detection","VWF","endothelial",17
"Baron","detection","ECSCR","endothelial",18
"Baron","detection","S1PR1","endothelial",19
"Baron","detection","CLDN5","endothelial",20
"Baron","detection","STC1","endothelial",21
"Baron","detection","PXDN","endothelial",22
"Baron","detection","SEMA3F","endothelial",23
"Baron","detection","SPARC","endothelial",24
"Baron","detection","IFI27","endothelial",25
"Baron","detection","GHRL","epsilon",1
"Baron","detection","FRZB","epsilon",2
"Baron","detection","ACSL1","epsilon",3
"Baron","detection","SPTSSB","epsilon",4
"Baron","detection","TM4SF5","epsilon",5
"Baron","detection","FGF14","epsilon",6
"Baron","detection","LY6H","epsilon",7
"Baron","detection","MDFIC","epsilon",8
"Baron","detection","NNMT","epsilon",9
"Baron","detection","BHMT","epsilon",10
"Baron","detection","PLAC8","epsilon",11
"Baron","detection","OLFML3","epsilon",12
"Baron","detection","MS4A8","epsilon",13
"Baron","detection","VTN","epsilon",14
"Baron","detection","VSTM2L","epsilon",15
"Baron","detection","APOH","epsilon",16
"Baron","detection","SERPINA1","epsilon",17
"Baron","detection","HEPACAM2","epsilon",18
"Baron","detection","TM4SF4","epsilon",19
"Baron","detection","CALB1","epsilon",20
"Baron","detection","SEZ6L","epsilon",21
"Baron","detection","PDE2A","epsilon",22
"Baron","detection","PODXL2","epsilon",23
"Baron","detection","CALY","epsilon",24
"Baron","detection","SOX9","epsilon",25
"Baron","detection","PPY","gamma",1
"Baron","detection","PPY2P","gamma",2
"Baron","detection","CARTPT","gamma",3
"Baron","detection","SERTM1","gamma",4
"Baron","detection","CARD11","gamma",5
"Baron","detection","DPYSL3","gamma",6
"Baron","detection","TM4SF4","gamma",7
"Baron","detection","STMN2","gamma",8
"Baron","detection","AQP3","gamma",9
"Baron","detection","KCNG1","gamma",10
"Baron","detection","CHRM3","gamma",11
"Baron","detection","SLC6A4","gamma",12
"Baron","detection","PLEKHB1","gamma",13
"Baron","detection","ENTPD2","gamma",14
"Baron","detection","ARX","gamma",15
"Baron","detection","FXYD2","gamma",16
"Baron","detection","MEIS2","gamma",17
"Baron","detection","PAX6","gamma",18
"Baron","detection","ETV1","gamma",19
"Baron","detection","GCNT3","gamma",20
"Baron","detection","PTPRN","gamma",21
"Baron","detection","NBL1","gamma",22
"Baron","detection","PTP4A3","gamma",23
"Baron","detection","PEG10","gamma",24
"Baron","detection","CHGB","gamma",25
"Baron","detection","TYROBP","macrophage",1
"Baron","detection","C1QC","macrophage",2
"Baron","detection","SDS","macrophage",3
"Baron","detection","ITGB2","macrophage",4
"Baron","detection","SPI1","macrophage",5
"Baron","detection","FCER1G","macrophage",6
"Baron","detection","C1QB","macrophage",7
"Baron","detection","CD53","macrophage",8
"Baron","detection","LAPTM5","macrophage",9
"Baron","detection","CSF1R","macrophage",10
"Baron","detection","HCK","macrophage",11
"Baron","detection","C1QA","macrophage",12
"Baron","detection","LSP1","macrophage",13
"Baron","detection","PLA2G7","macrophage",14
"Baron","detection","ALOX5AP","macrophage",15
"Baron","detection","HLA.DRA","macrophage",16
"Baron","detection","MPEG1","macrophage",17
"Baron","detection","TNFRSF1B","macrophage",18
"Baron","detection","HLA.DMB","macrophage",19
"Baron","detection","FGL2","macrophage",20
"Baron","detection","LCP1","macrophage",21
"Baron","detection","CD300A","macrophage",22
"Baron","detection","ADAMDEC1","macrophage",23
"Baron","detection","CYBB","macrophage",24
"Baron","detection","MS4A7","macrophage",25
"Baron","detection","TPSB2","mast",1
"Baron","detection","TPSAB1","mast",2
"Baron","detection","CPA3","mast",3
"Baron","detection","CD22","mast",4
"Baron","detection","LAPTM5","mast",5
"Baron","detection","MS4A2","mast",6
"Baron","detection","RGS1","mast",7
"Baron","detection","KIT","mast",8
"Baron","detection","GATA2","mast",9
"Baron","detection","ALOX5AP","mast",10
"Baron","detection","SRGN","mast",11
"Baron","detection","CD37","mast",12
"Baron","detection","KRT1","mast",13
"Baron","detection","SAMSN1","mast",14
"Baron","detection","HPGDS","mast",15
"Baron","detection","PRKCB","mast",16
"Baron","detection","LTC4S","mast",17
"Baron","detection","BTK","mast",18
"Baron","detection","S100A4","mast",19
"Baron","detection","CALB2","mast",20
"Baron","detection","TYROBP","mast",21
"Baron","detection","FCER1G","mast",22
"Baron","detection","LAT","mast",23
"Baron","detection","RAC2","mast",24
"Baron","detection","SIGLEC17P","mast",25
"Baron","detection","PDGFRB","quiescent_stellate",1
"Baron","detection","NDUFA4L2","quiescent_stellate",2
"Baron","detection","IL24","quiescent_stellate",3
"Baron","detection","COL3A1","quiescent_stellate",4
"Baron","detection","RGS5","quiescent_stellate",5
"Baron","detection","COL6A2","quiescent_stellate",6
"Baron","detection","EDNRA","quiescent_stellate",7
"Baron","detection","EDNRB","quiescent_stellate",8
"Baron","detection","ADCY3","quiescent_stellate",9
"Baron","detection","C11orf96","quiescent_stellate",10
"Baron","detection","BGN","quiescent_stellate",11
"Baron","detection","IGFBP4","quiescent_stellate",12
"Baron","detection","CRISPLD2","quiescent_stellate",13
"Baron","detection","GJA4","quiescent_stellate",14
"Baron","detection","SPARC","quiescent_stellate",15
"Baron","detection","ADAMTS4","quiescent_stellate",16
"Baron","detection","CYGB","quiescent_stellate",17
"Baron","detection","COL4A1","quiescent_stellate",18
"Baron","detection","NOTCH3","quiescent_stellate",19
"Baron","detection","COL1A2","quiescent_stellate",20
"Baron","detection","ENG","quiescent_stellate",21
"Baron","detection","KCNE4","quiescent_stellate",22
"Baron","detection","KLF9","quiescent_stellate",23
"Baron","detection","TBX3","quiescent_stellate",24
"Baron","detection","COL18A1","quiescent_stellate",25
"Baron","detection","SOX10","schwann",1
"Baron","detection","CDH19","schwann",2
"Baron","detection","NGFR","schwann",3
"Baron","detection","SOX2","schwann",4
"Baron","detection","PMP22","schwann",5
"Baron","detection","CRYAB","schwann",6
"Baron","detection","SEMA3C","schwann",7
"Baron","detection","GPM6B","schwann",8
"Baron","detection","DKK3","schwann",9
"Baron","detection","COL9A3","schwann",10
"Baron","detection","AXL","schwann",11
"Baron","detection","MIA","schwann",12
"Baron","detection","GDNF","schwann",13
"Baron","detection","TSPAN11","schwann",14
"Baron","detection","ASPA","schwann",15
"Baron","detection","FOXD3","schwann",16
"Baron","detection","ST6GALNAC2","schwann",17
"Baron","detection","SPARC","schwann",18
"Baron","detection","TIMP3","schwann",19
"Baron","detection","MMP14","schwann",20
"Baron","detection","PLAUR","schwann",21
"Baron","detection","HSPB2","schwann",22
"Baron","detection","GPC1","schwann",23
"Baron","detection","NES","schwann",24
"Baron","detection","COL8A1","schwann",25
"Baron","wilcox","CELA3A","acinar",1
"Baron","wilcox","CTRB1","acinar",2
"Baron","wilcox","PRSS1","acinar",3
"Baron","wilcox","CELA3B","acinar",4
"Baron","wilcox","CTRB2","acinar",5
"Baron","wilcox","PLA2G1B","acinar",6
"Baron","wilcox","PRSS2","acinar",7
"Baron","wilcox","CLPS","acinar",8
"Baron","wilcox","CPA2","acinar",9
"Baron","wilcox","CTRC","acinar",10
"Baron","wilcox","CPA1","acinar",11
"Baron","wilcox","REG1A","acinar",12
"Baron","wilcox","PNLIPRP1","acinar",13
"Baron","wilcox","SPINK1","acinar",14
"Baron","wilcox","CELA2A","acinar",15
"Baron","wilcox","CPB1","acinar",16
"Baron","wilcox","SYCN","acinar",17
"Baron","wilcox","KLK1","acinar",18
"Baron","wilcox","PNLIP","acinar",19
"Baron","wilcox","PRSS3","acinar",20
"Baron","wilcox","RPL10","acinar",21
"Baron","wilcox","PNLIPRP2","acinar",22
"Baron","wilcox","REG1B","acinar",23
"Baron","wilcox","CD44","acinar",24
"Baron","wilcox","IL32","acinar",25
"Baron","wilcox","COL6A2","activated_stellate",1
"Baron","wilcox","COL6A1","activated_stellate",2
"Baron","wilcox","BGN","activated_stellate",3
"Baron","wilcox","MMP14","activated_stellate",4
"Baron","wilcox","COL1A1","activated_stellate",5
"Baron","wilcox","TIMP1","activated_stellate",6
"Baron","wilcox","COL6A3","activated_stellate",7
"Baron","wilcox","SPARC","activated_stellate",8
"Baron","wilcox","PDGFRB","activated_stellate",9
"Baron","wilcox","C11orf96","activated_stellate",10
"Baron","wilcox","SERPINH1","activated_stellate",11
"Baron","wilcox","COL1A2","activated_stellate",12
"Baron","wilcox","IGFBP4","activated_stellate",13
"Baron","wilcox","IGFBP7","activated_stellate",14
"Baron","wilcox","AEBP1","activated_stellate",15
"Baron","wilcox","LGALS1","activated_stellate",16
"Baron","wilcox","CALD1","activated_stellate",17
"Baron","wilcox","COL3A1","activated_stellate",18
"Baron","wilcox","MMP2","activated_stellate",19
"Baron","wilcox","FKBP10","activated_stellate",20
"Baron","wilcox","EMILIN1","activated_stellate",21
"Baron","wilcox","PXDN","activated_stellate",22
"Baron","wilcox","SFRP2","activated_stellate",23
"Baron","wilcox","CRLF1","activated_stellate",24
"Baron","wilcox","SERPINE1","activated_stellate",25
"Baron","wilcox","TTR","alpha",1
"Baron","wilcox","GCG","alpha",2
"Baron","wilcox","CLU","alpha",3
"Baron","wilcox","TMEM176B","alpha",4
"Baron","wilcox","GPX3","alpha",5
"Baron","wilcox","GC","alpha",6
"Baron","wilcox","PCSK2","alpha",7
"Baron","wilcox","TMEM176A","alpha",8
"Baron","wilcox","IRX2","alpha",9
"Baron","wilcox","VGF","alpha",10
"Baron","wilcox","CD99","alpha",11
"Baron","wilcox","TM4SF4","alpha",12
"Baron","wilcox","RNASEK","alpha",13
"Baron","wilcox","ALDH1A1","alpha",14
"Baron","wilcox","SLC7A2","alpha",15
"Baron","wilcox","SCG5","alpha",16
"Baron","wilcox","CYSTM1","alpha",17
"Baron","wilcox","CST3","alpha",18
"Baron","wilcox","CHGA","alpha",19
"Baron","wilcox","SPINT2","alpha",20
"Baron","wilcox","RGS4","alpha",21
"Baron","wilcox","PCSK1N","alpha",22
"Baron","wilcox","CHGB","alpha",23
"Baron","wilcox","MUC13","alpha",24
"Baron","wilcox","EMC10","alpha",25
"Baron","wilcox","INS","beta",1
"Baron","wilcox","IAPP","beta",2
"Baron","wilcox","HADH","beta",3
"Baron","wilcox","ADCYAP1","beta",4
"Baron","wilcox","PCSK1","beta",5
"Baron","wilcox","UCHL1","beta",6
"Baron","wilcox","IGF2","beta",7
"Baron","wilcox","GNAS","beta",8
"Baron","wilcox","GAD2","beta",9
"Baron","wilcox","ERO1B","beta",10
"Baron","wilcox","CPE","beta",11
"Baron","wilcox","EEF1A2","beta",12
"Baron","wilcox","C1QL1","beta",13
"Baron","wilcox","SCGN","beta",14
"Baron","wilcox","PEMT","beta",15
"Baron","wilcox","DLK1","beta",16
"Baron","wilcox","ABCC8","beta",17
"Baron","wilcox","PPP1R1A","beta",18
"Baron","wilcox","PAPSS2","beta",19
"Baron","wilcox","STX1A","beta",20
"Baron","wilcox","GSN","beta",21
"Baron","wilcox","MAFA","beta",22
"Baron","wilcox","CDKN1C","beta",23
"Baron","wilcox","SLC30A8","beta",24
"Baron","wilcox","G6PC2","beta",25
"Baron","wilcox","SST","delta",1
"Baron","wilcox","RBP4","delta",2
"Baron","wilcox","SEC11C","delta",3
"Baron","wilcox","NLRP1","delta",4
"Baron","wilcox","PCSK1","delta",5
"Baron","wilcox","LEPR","delta",6
"Baron","wilcox","PCP4","delta",7
"Baron","wilcox","DHRS2","delta",8
"Baron","wilcox","AQP3","delta",9
"Baron","wilcox","RGS2","delta",10
"Baron","wilcox","MAP1B","delta",11
"Baron","wilcox","ARFGEF3","delta",12
"Baron","wilcox","LY6H","delta",13
"Baron","wilcox","GCH1","delta",14
"Baron","wilcox","GABRB3","delta",15
"Baron","wilcox","BAIAP3","delta",16
"Baron","wilcox","DPYSL3","delta",17
"Baron","wilcox","HHEX","delta",18
"Baron","wilcox","EDN3","delta",19
"Baron","wilcox","TACSTD2","ductal",1
"Baron","wilcox","KRT7","ductal",2
"Baron","wilcox","KRT19","ductal",3
"Baron","wilcox","S100A11","ductal",4
"Baron","wilcox","TMSB4X","ductal",5
"Baron","wilcox","CD24","ductal",6
"Baron","wilcox","SDC4","ductal",7
"Baron","wilcox","ANXA2","ductal",8
"Baron","wilcox","KRT18","ductal",9
"Baron","wilcox","SERINC2","ductal",10
"Baron","wilcox","PMEPA1","ductal",11
"Baron","wilcox","TMSB10","ductal",12
"Baron","wilcox","PRSS8","ductal",13
"Baron","wilcox","ZFP36L1","ductal",14
"Baron","wilcox","LCN2","ductal",15
"Baron","wilcox","KRT8","ductal",16
"Baron","wilcox","TPM1","ductal",17
"Baron","wilcox","CFB","ductal",18
"Baron","wilcox","TM4SF1","ductal",19
"Baron","wilcox","CDC42EP1","ductal",20
"Baron","wilcox","SOX4","ductal",21
"Baron","wilcox","CLDN4","ductal",22
"Baron","wilcox","S100A10","ductal",23
"Baron","wilcox","ANXA4","ductal",24
"Baron","wilcox","SAT1","ductal",25
"Baron","wilcox","PLVAP","endothelial",1
"Baron","wilcox","ENG","endothelial",2
"Baron","wilcox","PECAM1","endothelial",3
"Baron","wilcox","FKBP1A","endothelial",4
"Baron","wilcox","CD93","endothelial",5
"Baron","wilcox","PODXL","endothelial",6
"Baron","wilcox","PXDN","endothelial",7
"Baron","wilcox","RGCC","endothelial",8
"Baron","wilcox","ACVRL1","endothelial",9
"Baron","wilcox","SPARC","endothelial",10
"Baron","wilcox","FLT1","endothelial",11
"Baron","wilcox","HSPG2","endothelial",12
"Baron","wilcox","STC1","endothelial",13
"Baron","wilcox","TCF4","endothelial",14
"Baron","wilcox","ESAM","endothelial",15
"Baron","wilcox","ETS1","endothelial",16
"Baron","wilcox","COL4A1","endothelial",17
"Baron","wilcox","ITGA5","endothelial",18
"Baron","wilcox","EGFL7","endothelial",19
"Baron","wilcox","TMSB10","endothelial",20
"Baron","wilcox","PTMA","endothelial",21
"Baron","wilcox","SOX18","endothelial",22
"Baron","wilcox","PPAP2B","endothelial",23
"Baron","wilcox","KDR","endothelial",24
"Baron","wilcox","PCAT19","endothelial",25
"Baron","wilcox","GHRL","epsilon",1
"Baron","wilcox","ACSL1","epsilon",2
"Baron","wilcox","CLU","epsilon",3
"Baron","wilcox","FRZB","epsilon",4
"Baron","wilcox","SPTSSB","epsilon",5
"Baron","wilcox","FGF14","epsilon",6
"Baron","wilcox","VSTM2L","epsilon",7
"Baron","wilcox","NNMT","epsilon",8
"Baron","wilcox","TM4SF4","epsilon",9
"Baron","wilcox","S100A6","epsilon",10
"Baron","wilcox","ITM2C","epsilon",11
"Baron","wilcox","SEZ6L","epsilon",12
"Baron","wilcox","CALY","epsilon",13
"Baron","wilcox","EMC10","epsilon",14
"Baron","wilcox","PLAC8","epsilon",15
"Baron","wilcox","FOXA2","epsilon",16
"Baron","wilcox","NGFRAP1","epsilon",17
"Baron","wilcox","HEPACAM2","epsilon",18
"Baron","wilcox","APLP1","epsilon",19
"Baron","wilcox","LY6H","epsilon",20
"Baron","wilcox","SERPINA1","epsilon",21
"Baron","wilcox","SMOC1","epsilon",22
"Baron","wilcox","SST","epsilon",23
"Baron","wilcox","SPINK1","epsilon",24
"Baron","wilcox","PODXL2","epsilon",25
"Baron","wilcox","PPY","gamma",1
"Baron","wilcox","PCSK1N","gamma",2
"Baron","wilcox","AQP3","gamma",3
"Baron","wilcox","PAX6","gamma",4
"Baron","wilcox","FXYD2","gamma",5
"Baron","wilcox","STMN2","gamma",6
"Baron","wilcox","CHGB","gamma",7
"Baron","wilcox","SCG2","gamma",8
"Baron","wilcox","TM4SF4","gamma",9
"Baron","wilcox","MEIS2","gamma",10
"Baron","wilcox","MALAT1","gamma",11
"Baron","wilcox","PEG10","gamma",12
"Baron","wilcox","NBL1","gamma",13
"Baron","wilcox","ID2","gamma",14
"Baron","wilcox","NPDC1","gamma",15
"Baron","wilcox","TMOD1","gamma",16
"Baron","wilcox","EGR1","gamma",17
"Baron","wilcox","PTP4A3","gamma",18
"Baron","wilcox","DPYSL3","gamma",19
"Baron","wilcox","ALDH1A1","gamma",20
"Baron","wilcox","FGFR1","gamma",21
"Baron","wilcox","ARX","gamma",22
"Baron","wilcox","BTG2","gamma",23
"Baron","wilcox","CARD11","gamma",24
"Baron","wilcox","PLXNB2","gamma",25
"Baron","wilcox","TYROBP","macrophage",1
"Baron","wilcox","CD68","macrophage",2
"Baron","wilcox","GPX1","macrophage",3
"Baron","wilcox","CD74","macrophage",4
"Baron","wilcox","LAPTM5","macrophage",5
"Baron","wilcox","CTSB","macrophage",6
"Baron","wilcox","SPI1","macrophage",7
"Baron","wilcox","ACP5","macrophage",8
"Baron","wilcox","HLA.DRA","macrophage",9
"Baron","wilcox","CTSD","macrophage",10
"Baron","wilcox","FTL","macrophage",11
"Baron","wilcox","SRGN","macrophage",12
"Baron","wilcox","GRN","macrophage",13
"Baron","wilcox","MMP14","macrophage",14
"Baron","wilcox","FCER1G","macrophage",15
"Baron","wilcox","NPC2","macrophage",16
"Baron","wilcox","PSAP","macrophage",17
"Baron","wilcox","SDS","macrophage",18
"Baron","wilcox","TMSB4X","macrophage",19
"Baron","wilcox","ITGB2","macrophage",20
"Baron","wilcox","CTSS","macrophage",21
"Baron","wilcox","FTH1","macrophage",22
"Baron","wilcox","LCP1","macrophage",23
"Baron","wilcox","HLA.DRB1","macrophage",24
"Baron","wilcox","CAPG","macrophage",25
"Baron","wilcox","TPSAB1","mast",1
"Baron","wilcox","TPSB2","mast",2
"Baron","wilcox","LAPTM5","mast",3
"Baron","wilcox","SRGN","mast",4
"Baron","wilcox","GATA2","mast",5
"Baron","wilcox","VIM","mast",6
"Baron","wilcox","CPA3","mast",7
"Baron","wilcox","RGS1","mast",8
"Baron","wilcox","AHNAK","mast",9
"Baron","wilcox","RPS27","mast",10
"Baron","wilcox","CAPG","mast",11
"Baron","wilcox","IL4R","mast",12
"Baron","wilcox","GLUL","mast",13
"Baron","wilcox","CD22","mast",14
"Baron","wilcox","KIT","mast",15
"Baron","wilcox","ALOX5AP","mast",16
"Baron","wilcox","TPT1","mast",17
"Baron","wilcox","ARHGDIB","mast",18
"Baron","wilcox","RPL23","mast",19
"Baron","wilcox","EEF1A1","mast",20
"Baron","wilcox","RPS29","mast",21
"Baron","wilcox","RAC2","mast",22
"Baron","wilcox","NSMCE1","mast",23
"Baron","wilcox","NDRG2","mast",24
"Baron","wilcox","SH3BGRL3","mast",25
"Baron","wilcox","C11orf96","quiescent_stellate",1
"Baron","wilcox","IGFBP4","quiescent_stellate",2
"Baron","wilcox","IFITM2","quiescent_stellate",3
"Baron","wilcox","PDGFRB","quiescent_stellate",4
"Baron","wilcox","IFITM3","quiescent_stellate",5
"Baron","wilcox","EPAS1","quiescent_stellate",6
"Baron","wilcox","COL6A2","quiescent_stellate",7
"Baron","wilcox","IGFBP7","quiescent_stellate",8
"Baron","wilcox","COL18A1","quiescent_stellate",9
"Baron","wilcox","COL3A1","quiescent_stellate",10
"Baron","wilcox","BGN","quiescent_stellate",11
"Baron","wilcox","SPARC","quiescent_stellate",12
"Baron","wilcox","NDUFA4L2","quiescent_stellate",13
"Baron","wilcox","KLF9","quiescent_stellate",14
"Baron","wilcox","COL6A1","quiescent_stellate",15
"Baron","wilcox","CEBPB","quiescent_stellate",16
"Baron","wilcox","ADCY3","quiescent_stellate",17
"Baron","wilcox","SERPINH1","quiescent_stellate",18
"Baron","wilcox","COL4A1","quiescent_stellate",19
"Baron","wilcox","NOTCH3","quiescent_stellate",20
"Baron","wilcox","IFITM1","quiescent_stellate",21
"Baron","wilcox","IL24","quiescent_stellate",22
"Baron","wilcox","ADAMTS4","quiescent_stellate",23
"Baron","wilcox","KCNE4","quiescent_stellate",24
"Baron","wilcox","CALD1","quiescent_stellate",25
"Baron","wilcox","SOX10","schwann",1
"Baron","wilcox","CRYAB","schwann",2
"Baron","wilcox","DAG1","schwann",3
"Baron","wilcox","PLAUR","schwann",4
"Baron","wilcox","MMP14","schwann",5
"Baron","wilcox","S100A6","schwann",6
"Baron","wilcox","PMP22","schwann",7
"Baron","wilcox","CTNNA1","schwann",8
"Baron","wilcox","PDLIM4","schwann",9
"Baron","wilcox","SPARC","schwann",10
"Baron","wilcox","CD9","schwann",11
"Baron","wilcox","PMEPA1","schwann",12
"Baron","wilcox","DKK3","schwann",13
"Baron","wilcox","TIMP3","schwann",14
"Baron","wilcox","LGALS3","schwann",15
"Baron","wilcox","GPC1","schwann",16
"Baron","wilcox","PSAP","schwann",17
"Baron","wilcox","RHOC","schwann",18
"Baron","wilcox","NGFR","schwann",19
"Baron","wilcox","CSNK1E","schwann",20
"Baron","wilcox","AXL","schwann",21
"Baron","wilcox","RCAN1","schwann",22
"Baron","wilcox","CD59","schwann",23
"Baron","wilcox","RHOA","schwann",24
"Baron","wilcox","EHBP1","schwann",25
"Darmanis","hurdle","SLC1A2","astrocytes",1
"Darmanis","hurdle","GPR98","astrocytes",2
"Darmanis","hurdle","SLC1A3","astrocytes",3
"Darmanis","hurdle","ATP1A2","astrocytes",4
"Darmanis","hurdle","AQP4","astrocytes",5
"Darmanis","hurdle","GJA1","astrocytes",6
"Darmanis","hurdle","AGXT2L1","astrocytes",7
"Darmanis","hurdle","ATP1B2","astrocytes",8
"Darmanis","hurdle","GPR37L1","astrocytes",9
"Darmanis","hurdle","FGFR3","astrocytes",10
"Darmanis","hurdle","SPARCL1","astrocytes",11
"Darmanis","hurdle","F3","astrocytes",12
"Darmanis","hurdle","AGT","astrocytes",13
"Darmanis","hurdle","MLC1","astrocytes",14
"Darmanis","hurdle","SLCO1C1","astrocytes",15
"Darmanis","hurdle","LRRC16A","astrocytes",16
"Darmanis","hurdle","CST3","astrocytes",17
"Darmanis","hurdle","SLC25A18","astrocytes",18
"Darmanis","hurdle","ACSBG1","astrocytes",19
"Darmanis","hurdle","ALDH1L1","astrocytes",20
"Darmanis","hurdle","SFXN5","astrocytes",21
"Darmanis","hurdle","SLC4A4","astrocytes",22
"Darmanis","hurdle","PPAP2B","astrocytes",23
"Darmanis","hurdle","MGST1","astrocytes",24
"Darmanis","hurdle","BMPR1B","astrocytes",25
"Darmanis","hurdle","IFITM1","endothelial",1
"Darmanis","hurdle","APOLD1","endothelial",2
"Darmanis","hurdle","CFH","endothelial",3
"Darmanis","hurdle","ITIH5","endothelial",4
"Darmanis","hurdle","EPAS1","endothelial",5
"Darmanis","hurdle","B2M","endothelial",6
"Darmanis","hurdle","NFKBIA","endothelial",7
"Darmanis","hurdle","IFITM3","endothelial",8
"Darmanis","hurdle","CEBPD","endothelial",9
"Darmanis","hurdle","LGALS1","endothelial",10
"Darmanis","hurdle","TM4SF18","endothelial",11
"Darmanis","hurdle","PTRF","endothelial",12
"Darmanis","hurdle","TM4SF1","endothelial",13
"Darmanis","hurdle","SOD2","endothelial",14
"Darmanis","hurdle","FOXC1","endothelial",15
"Darmanis","hurdle","FOSB","endothelial",16
"Darmanis","hurdle","FN1","endothelial",17
"Darmanis","hurdle","MSX1","endothelial",18
"Darmanis","hurdle","SDPR","endothelial",19
"Darmanis","hurdle","TPM1","endothelial",20
"Darmanis","hurdle","KLF4","endothelial",21
"Darmanis","hurdle","TACC1","endothelial",22
"Darmanis","hurdle","PEAR1","endothelial",23
"Darmanis","hurdle","HNRNPUL1","endothelial",24
"Darmanis","hurdle","ANXA1","endothelial",25
"Darmanis","hurdle","DCX","fetal_quiescent",1
"Darmanis","hurdle","SOX4","fetal_quiescent",2
"Darmanis","hurdle","TUBA1A","fetal_quiescent",3
"Darmanis","hurdle","SOX11","fetal_quiescent",4
"Darmanis","hurdle","CD24","fetal_quiescent",5
"Darmanis","hurdle","STMN2","fetal_quiescent",6
"Darmanis","hurdle","NEUROD6","fetal_quiescent",7
"Darmanis","hurdle","MAP1B","fetal_quiescent",8
"Darmanis","hurdle","SATB2","fetal_quiescent",9
"Darmanis","hurdle","STMN1","fetal_quiescent",10
"Darmanis","hurdle","NREP","fetal_quiescent",11
"Darmanis","hurdle","DPYSL3","fetal_quiescent",12
"Darmanis","hurdle","TMSB15A","fetal_quiescent",13
"Darmanis","hurdle","BCL11A","fetal_quiescent",14
"Darmanis","hurdle","ZNF238","fetal_quiescent",15
"Darmanis","hurdle","TMSB10","fetal_quiescent",16
"Darmanis","hurdle","MLLT11","fetal_quiescent",17
"Darmanis","hurdle","HN1","fetal_quiescent",18
"Darmanis","hurdle","SRGAP1","fetal_quiescent",19
"Darmanis","hurdle","MN1","fetal_quiescent",20
"Darmanis","hurdle","SLA","fetal_quiescent",21
"Darmanis","hurdle","ADRA2A","fetal_quiescent",22
"Darmanis","hurdle","CXADR","fetal_quiescent",23
"Darmanis","hurdle","CRMP1","fetal_quiescent",24
"Darmanis","hurdle","NNAT","fetal_quiescent",25
"Darmanis","hurdle","TOP2A","fetal_replicating",1
"Darmanis","hurdle","NUSAP1","fetal_replicating",2
"Darmanis","hurdle","TFAP2C","fetal_replicating",3
"Darmanis","hurdle","RRM2","fetal_replicating",4
"Darmanis","hurdle","MKI67","fetal_replicating",5
"Darmanis","hurdle","CENPF","fetal_replicating",6
"Darmanis","hurdle","CDK1","fetal_replicating",7
"Darmanis","hurdle","KIAA0101","fetal_replicating",8
"Darmanis","hurdle","ASPM","fetal_replicating",9
"Darmanis","hurdle","TNC","fetal_replicating",10
"Darmanis","hurdle","HJURP","fetal_replicating",11
"Darmanis","hurdle","BIRC5","fetal_replicating",12
"Darmanis","hurdle","PBK","fetal_replicating",13
"Darmanis","hurdle","MLF1IP","fetal_replicating",14
"Darmanis","hurdle","NDC80","fetal_replicating",15
"Darmanis","hurdle","ATAD2","fetal_replicating",16
"Darmanis","hurdle","SYNE2","fetal_replicating",17
"Darmanis","hurdle","HNRNPH1","fetal_replicating",18
"Darmanis","hurdle","CELSR1","fetal_replicating",19
"Darmanis","hurdle","AURKB","fetal_replicating",20
"Darmanis","hurdle","CASC5","fetal_replicating",21
"Darmanis","hurdle","HIST1H4C","fetal_replicating",22
"Darmanis","hurdle","ECT2","fetal_replicating",23
"Darmanis","hurdle","KIF23","fetal_replicating",24
"Darmanis","hurdle","EOMES","fetal_replicating",25
"Darmanis","hurdle","SCG2","hybrid",1
"Darmanis","hurdle","KCNT2","hybrid",2
"Darmanis","hurdle","ERBB4","hybrid",3
"Darmanis","hurdle","GRIK2","hybrid",4
"Darmanis","hurdle","FGF12","hybrid",5
"Darmanis","hurdle","GPRASP1","hybrid",6
"Darmanis","hurdle","COL21A1","hybrid",7
"Darmanis","hurdle","NRIP3","hybrid",8
"Darmanis","hurdle","CNTNAP2","hybrid",9
"Darmanis","hurdle","VIP","hybrid",10
"Darmanis","hurdle","ENTPD3","hybrid",11
"Darmanis","hurdle","KCNIP4","hybrid",12
"Darmanis","hurdle","HTR2C","hybrid",13
"Darmanis","hurdle","ITGA8","hybrid",14
"Darmanis","hurdle","AP1S2","hybrid",15
"Darmanis","hurdle","CNTN1","hybrid",16
"Darmanis","hurdle","CCDC66","hybrid",17
"Darmanis","hurdle","BCAN","hybrid",18
"Darmanis","hurdle","SIRT2","hybrid",19
"Darmanis","hurdle","RBBP7","hybrid",20
"Darmanis","hurdle","ATP10D","hybrid",21
"Darmanis","hurdle","VPS13A","hybrid",22
"Darmanis","hurdle","SLC10A4","hybrid",23
"Darmanis","hurdle","ATAD2B","hybrid",24
"Darmanis","hurdle","NPY1R","hybrid",25
"Darmanis","hurdle","HLA-DRB1","microglia",1
"Darmanis","hurdle","CCL4","microglia",2
"Darmanis","hurdle","B3GNT5","microglia",3
"Darmanis","hurdle","CD74","microglia",4
"Darmanis","hurdle","P2RX4","microglia",5
"Darmanis","hurdle","CCL3","microglia",6
"Darmanis","hurdle","C3","microglia",7
"Darmanis","hurdle","CD53","microglia",8
"Darmanis","hurdle","OLR1","microglia",9
"Darmanis","hurdle","LILRB4","microglia",10
"Darmanis","hurdle","ITGAX","microglia",11
"Darmanis","hurdle","ETS2","microglia",12
"Darmanis","hurdle","GPR183","microglia",13
"Darmanis","hurdle","CSF3R","microglia",14
"Darmanis","hurdle","LPCAT2","microglia",15
"Darmanis","hurdle","LAPTM5","microglia",16
"Darmanis","hurdle","CD14","microglia",17
"Darmanis","hurdle","FCGR3A","microglia",18
"Darmanis","hurdle","MSR1","microglia",19
"Darmanis","hurdle","LCP1","microglia",20
"Darmanis","hurdle","A2M","microglia",21
"Darmanis","hurdle","ALOX5AP","microglia",22
"Darmanis","hurdle","PLEK","microglia",23
"Darmanis","hurdle","IL1B","microglia",24
"Darmanis","hurdle","GPX1","microglia",25
"Darmanis","hurdle","MEG3","neurons",1
"Darmanis","hurdle","SNAP25","neurons",2
"Darmanis","hurdle","TMEM130","neurons",3
"Darmanis","hurdle","ATP1B1","neurons",4
"Darmanis","hurdle","GABRB2","neurons",5
"Darmanis","hurdle","GABRG2","neurons",6
"Darmanis","hurdle","VSNL1","neurons",7
"Darmanis","hurdle","GABRA1","neurons",8
"Darmanis","hurdle","THY1","neurons",9
"Darmanis","hurdle","SYT1","neurons",10
"Darmanis","hurdle","CHGB","neurons",11
"Darmanis","hurdle","SYNPR","neurons",12
"Darmanis","hurdle","SCN2A","neurons",13
"Darmanis","hurdle","CELF4","neurons",14
"Darmanis","hurdle","SCG2","neurons",15
"Darmanis","hurdle","CCK","neurons",16
"Darmanis","hurdle","CAMK2A","neurons",17
"Darmanis","hurdle","UNC80","neurons",18
"Darmanis","hurdle","NRXN3","neurons",19
"Darmanis","hurdle","DNM1","neurons",20
"Darmanis","hurdle","SV2A","neurons",21
"Darmanis","hurdle","PNMA2","neurons",22
"Darmanis","hurdle","RIMS2","neurons",23
"Darmanis","hurdle","GPRASP1","neurons",24
"Darmanis","hurdle","PCSK2","neurons",25
"Darmanis","hurdle","PLP1","oligodendrocytes",1
"Darmanis","hurdle","CNP","oligodendrocytes",2
"Darmanis","hurdle","TMEM144","oligodendrocytes",3
"Darmanis","hurdle","ENPP2","oligodendrocytes",4
"Darmanis","hurdle","TF","oligodendrocytes",5
"Darmanis","hurdle","QDPR","oligodendrocytes",6
"Darmanis","hurdle","ERMN","oligodendrocytes",7
"Darmanis","hurdle","CLDND1","oligodendrocytes",8
"Darmanis","hurdle","PIP4K2A","oligodendrocytes",9
"Darmanis","hurdle","DBNDD2","oligodendrocytes",10
"Darmanis","hurdle","SLC12A2","oligodendrocytes",11
"Darmanis","hurdle","CLDN11","oligodendrocytes",12
"Darmanis","hurdle","UGT8","oligodendrocytes",13
"Darmanis","hurdle","SCD","oligodendrocytes",14
"Darmanis","hurdle","OPALIN","oligodendrocytes",15
"Darmanis","hurdle","KLK6","oligodendrocytes",16
"Darmanis","hurdle","MAG","oligodendrocytes",17
"Darmanis","hurdle","MBP","oligodendrocytes",18
"Darmanis","hurdle","CNDP1","oligodendrocytes",19
"Darmanis","hurdle","SEPT4","oligodendrocytes",20
"Darmanis","hurdle","MOBP","oligodendrocytes",21
"Darmanis","hurdle","RNASE1","oligodendrocytes",22
"Darmanis","hurdle","EVI2A","oligodendrocytes",23
"Darmanis","hurdle","SOX2-OT","oligodendrocytes",24
"Darmanis","hurdle","CRYAB","oligodendrocytes",25
"Darmanis","hurdle","LHFPL3","OPC",1
"Darmanis","hurdle","CLEC2D","OPC",2
"Darmanis","hurdle","LRRK2","OPC",3
"Darmanis","hurdle","RAB31","OPC",4
"Darmanis","hurdle","C1orf129","OPC",5
"Darmanis","hurdle","PDGFRA","OPC",6
"Darmanis","hurdle","SEMA5A","OPC",7
"Darmanis","hurdle","XYLT1","OPC",8
"Darmanis","hurdle","CRISPLD2","OPC",9
"Darmanis","hurdle","PCDH15","OPC",10
"Darmanis","hurdle","IL1RAP","OPC",11
"Darmanis","hurdle","MEGF11","OPC",12
"Darmanis","hurdle","ALDH1B1","OPC",13
"Darmanis","hurdle","PDZD2","OPC",14
"Darmanis","hurdle","BLM","OPC",15
"Darmanis","hurdle","PTPRZ1","OPC",16
"Darmanis","hurdle","FLJ43390","OPC",17
"Darmanis","hurdle","HAS2","OPC",18
"Darmanis","hurdle","GALR1","OPC",19
"Darmanis","hurdle","GPR34","OPC",20
"Darmanis","hurdle","LUZP2","OPC",21
"Darmanis","hurdle","APOD","OPC",22
"Darmanis","hurdle","C5orf64","OPC",23
"Darmanis","hurdle","TNR","OPC",24
"Darmanis","hurdle","FKBP5","OPC",25
"Darmanis","level","SLC1A2","astrocytes",1
"Darmanis","level","ATP1B2","astrocytes",2
"Darmanis","level","SLC1A3","astrocytes",3
"Darmanis","level","GPR98","astrocytes",4
"Darmanis","level","ATP1A2","astrocytes",5
"Darmanis","level","SPARCL1","astrocytes",6
"Darmanis","level","CPE","astrocytes",7
"Darmanis","level","AQP4","astrocytes",8
"Darmanis","level","GPR37L1","astrocytes",9
"Darmanis","level","CLU","astrocytes",10
"Darmanis","level","GJA1","astrocytes",11
"Darmanis","level","GLUL","astrocytes",12
"Darmanis","level","GLUD1","astrocytes",13
"Darmanis","level","CST3","astrocytes",14
"Darmanis","level","LRRC16A","astrocytes",15
"Darmanis","level","NTRK2","astrocytes",16
"Darmanis","level","AHCYL1","astrocytes",17
"Darmanis","level","F3","astrocytes",18
"Darmanis","level","C1orf61","astrocytes",19
"Darmanis","level","MACF1","astrocytes",20
"Darmanis","level","ALDOC","astrocytes",21
"Darmanis","level","DST","astrocytes",22
"Darmanis","level","DTNA","astrocytes",23
"Darmanis","level","AGXT2L1","astrocytes",24
"Darmanis","level","PON2","astrocytes",25
"Darmanis","level","B2M","endothelial",1
"Darmanis","level","CFH","endothelial",2
"Darmanis","level","NFKBIA","endothelial",3
"Darmanis","level","SOD2","endothelial",4
"Darmanis","level","EPAS1","endothelial",5
"Darmanis","level","FOSB","endothelial",6
"Darmanis","level","TPM1","endothelial",7
"Darmanis","level","IFITM3","endothelial",8
"Darmanis","level","TACC1","endothelial",9
"Darmanis","level","APOLD1","endothelial",10
"Darmanis","level","SERF2","endothelial",11
"Darmanis","level","JUND","endothelial",12
"Darmanis","level","EIF1","endothelial",13
"Darmanis","level","FN1","endothelial",14
"Darmanis","level","TM4SF18","endothelial",15
"Darmanis","level","KLF6","endothelial",16
"Darmanis","level","LGALS1","endothelial",17
"Darmanis","level","ATP1B3","endothelial",18
"Darmanis","level","PODXL","endothelial",19
"Darmanis","level","PTPRB","endothelial",20
"Darmanis","level","TIMP3","endothelial",21
"Darmanis","level","MYL6","endothelial",22
"Darmanis","level","DDIT3","endothelial",23
"Darmanis","level","NR4A1","endothelial",24
"Darmanis","level","KIAA1199","endothelial",25
"Darmanis","level","TUBA1A","fetal_quiescent",1
"Darmanis","level","SOX4","fetal_quiescent",2
"Darmanis","level","DCX","fetal_quiescent",3
"Darmanis","level","MAP1B","fetal_quiescent",4
"Darmanis","level","SOX11","fetal_quiescent",5
"Darmanis","level","STMN1","fetal_quiescent",6
"Darmanis","level","STMN2","fetal_quiescent",7
"Darmanis","level","NREP","fetal_quiescent",8
"Darmanis","level","ZNF238","fetal_quiescent",9
"Darmanis","level","MARCKS","fetal_quiescent",10
"Darmanis","level","CXADR","fetal_quiescent",11
"Darmanis","level","DPYSL3","fetal_quiescent",12
"Darmanis","level","MLLT11","fetal_quiescent",13
"Darmanis","level","TMSB10","fetal_quiescent",14
"Darmanis","level","CD24","fetal_quiescent",15
"Darmanis","level","SRGAP1","fetal_quiescent",16
"Darmanis","level","RPS19","fetal_quiescent",17
"Darmanis","level","CRMP1","fetal_quiescent",18
"Darmanis","level","RPS4X","fetal_quiescent",19
"Darmanis","level","CEP170","fetal_quiescent",20
"Darmanis","level","HDAC2","fetal_quiescent",21
"Darmanis","level","TTC28","fetal_quiescent",22
"Darmanis","level","SSBP2","fetal_quiescent",23
"Darmanis","level","RPL4","fetal_quiescent",24
"Darmanis","level","HN1","fetal_quiescent",25
"Darmanis","level","NUSAP1","fetal_replicating",1
"Darmanis","level","HNRNPH1","fetal_replicating",2
"Darmanis","level","TOP2A","fetal_replicating",3
"Darmanis","level","ASPM","fetal_replicating",4
"Darmanis","level","HIST1H4C","fetal_replicating",5
"Darmanis","level","ATAD2","fetal_replicating",6
"Darmanis","level","NDC80","fetal_replicating",7
"Darmanis","level","SKA2","fetal_replicating",8
"Darmanis","level","RRM2","fetal_replicating",9
"Darmanis","level","CCND2","fetal_replicating",10
"Darmanis","level","KIAA0101","fetal_replicating",11
"Darmanis","level","MLF1IP","fetal_replicating",12
"Darmanis","level","CKAP2","fetal_replicating",13
"Darmanis","level","PTPRS","fetal_replicating",14
"Darmanis","level","PBK","fetal_replicating",15
"Darmanis","level","MARCKS","fetal_replicating",16
"Darmanis","level","BIRC5","fetal_replicating",17
"Darmanis","level","TRA2A","fetal_replicating",18
"Darmanis","level","SMC2","fetal_replicating",19
"Darmanis","level","MRE11A","fetal_replicating",20
"Darmanis","level","SYNE2","fetal_replicating",21
"Darmanis","level","CDK1","fetal_replicating",22
"Darmanis","level","HMGN2","fetal_replicating",23
"Darmanis","level","TUBA1A","fetal_replicating",24
"Darmanis","level","SRSF6","fetal_replicating",25
"Darmanis","level","ERBB4","hybrid",1
"Darmanis","level","B3GNT5","microglia",1
"Darmanis","level","P2RX4","microglia",2
"Darmanis","level","GPX1","microglia",3
"Darmanis","level","ETS2","microglia",4
"Darmanis","level","CCL4","microglia",5
"Darmanis","level","LOC338758","microglia",6
"Darmanis","level","HLA-DRB1","microglia",7
"Darmanis","level","A2M","microglia",8
"Darmanis","level","HIF1A","microglia",9
"Darmanis","level","EPB41L2","microglia",10
"Darmanis","level","LPCAT2","microglia",11
"Darmanis","level","SERPINB9","microglia",12
"Darmanis","level","CD14","microglia",13
"Darmanis","level","CMTM6","microglia",14
"Darmanis","level","SOAT1","microglia",15
"Darmanis","level","SGK1","microglia",16
"Darmanis","level","CCL3","microglia",17
"Darmanis","level","SOCS6","microglia",18
"Darmanis","level","LHFPL2","microglia",19
"Darmanis","level","B2M","microglia",20
"Darmanis","level","CD74","microglia",21
"Darmanis","level","CD83","microglia",22
"Darmanis","level","USP53","microglia",23
"Darmanis","level","LILRB4","microglia",24
"Darmanis","level","CTSB","microglia",25
"Darmanis","level","ATP1B1","neurons",1
"Darmanis","level","SNAP25","neurons",2
"Darmanis","level","MEG3","neurons",3
"Darmanis","level","SYT1","neurons",4
"Darmanis","level","GNAS","neurons",5
"Darmanis","level","NGFRAP1","neurons",6
"Darmanis","level","ALDOA","neurons",7
"Darmanis","level","ATPIF1","neurons",8
"Darmanis","level","USP11","neurons",9
"Darmanis","level","TSPAN7","neurons",10
"Darmanis","level","PEBP1","neurons",11
"Darmanis","level","PAR-SN","neurons",12
"Darmanis","level","SCN2A","neurons",13
"Darmanis","level","CALM1","neurons",14
"Darmanis","level","MDH1","neurons",15
"Darmanis","level","AHI1","neurons",16
"Darmanis","level","UCHL1","neurons",17
"Darmanis","level","BEX1","neurons",18
"Darmanis","level","GPI","neurons",19
"Darmanis","level","SCG2","neurons",20
"Darmanis","level","THY1","neurons",21
"Darmanis","level","MYT1L","neurons",22
"Darmanis","level","SERINC1","neurons",23
"Darmanis","level","OXR1","neurons",24
"Darmanis","level","GRIA2","neurons",25
"Darmanis","level","CNP","oligodendrocytes",1
"Darmanis","level","PLP1","oligodendrocytes",2
"Darmanis","level","SLC12A2","oligodendrocytes",3
"Darmanis","level","QDPR","oligodendrocytes",4
"Darmanis","level","CLDND1","oligodendrocytes",5
"Darmanis","level","SCD","oligodendrocytes",6
"Darmanis","level","PIP4K2A","oligodendrocytes",7
"Darmanis","level","TMEM144","oligodendrocytes",8
"Darmanis","level","ENPP2","oligodendrocytes",9
"Darmanis","level","TF","oligodendrocytes",10
"Darmanis","level","SOX2-OT","oligodendrocytes",11
"Darmanis","level","MBP","oligodendrocytes",12
"Darmanis","level","LAMP2","oligodendrocytes",13
"Darmanis","level","CRYAB","oligodendrocytes",14
"Darmanis","level","SEPT4","oligodendrocytes",15
"Darmanis","level","SLAIN1","oligodendrocytes",16
"Darmanis","level","DBNDD2","oligodendrocytes",17
"Darmanis","level","SEPT7","oligodendrocytes",18
"Darmanis","level","GPM6B","oligodendrocytes",19
"Darmanis","level","ERMN","oligodendrocytes",20
"Darmanis","level","QKI","oligodendrocytes",21
"Darmanis","level","PCDH9","oligodendrocytes",22
"Darmanis","level","CLDN11","oligodendrocytes",23
"Darmanis","level","CNTN2","oligodendrocytes",24
"Darmanis","level","TTLL7","oligodendrocytes",25
"Darmanis","level","PTPRZ1","OPC",1
"Darmanis","level","CHD1","OPC",2
"Darmanis","level","RAB31","OPC",3
"Darmanis","level","GPCPD1","OPC",4
"Darmanis","level","CLOCK","OPC",5
"Darmanis","level","PDZD2","OPC",6
"Darmanis","level","MKLN1","OPC",7
"Darmanis","level","SEMA5A","OPC",8
"Darmanis","level","LRRK2","OPC",9
"Darmanis","level","GPSM2","OPC",10
"Darmanis","level","SEPT2","OPC",11
"Darmanis","level","KIAA2018","OPC",12
"Darmanis","level","EGR1","OPC",13
"Darmanis","level","MARCKS","OPC",14
"Darmanis","level","USP24","OPC",15
"Darmanis","level","COQ10B","OPC",16
"Darmanis","level","NCAM2","OPC",17
"Darmanis","level","C1orf129","OPC",18
"Darmanis","level","NUP153","OPC",19
"Darmanis","level","CNN3","OPC",20
"Darmanis","level","CHORDC1","OPC",21
"Darmanis","level","PER2","OPC",22
"Darmanis","level","FOS","OPC",23
"Darmanis","level","C3orf70","OPC",24
"Darmanis","level","PCMTD2","OPC",25
"Darmanis","detection","ACSBG1","astrocytes",1
"Darmanis","detection","FGFR3","astrocytes",2
"Darmanis","detection","AGXT2L1","astrocytes",3
"Darmanis","detection","SLC25A18","astrocytes",4
"Darmanis","detection","SLC39A12","astrocytes",5
"Darmanis","detection","SLC14A1","astrocytes",6
"Darmanis","detection","SLC13A5","astrocytes",7
"Darmanis","detection","SLCO1C1","astrocytes",8
"Darmanis","detection","COL5A3","astrocytes",9
"Darmanis","detection","PBXIP1","astrocytes",10
"Darmanis","detection","MLC1","astrocytes",11
"Darmanis","detection","PRODH","astrocytes",12
"Darmanis","detection","SDC4","astrocytes",13
"Darmanis","detection","ACBD7","astrocytes",14
"Darmanis","detection","RANBP3L","astrocytes",15
"Darmanis","detection","AGT","astrocytes",16
"Darmanis","detection","GJA1","astrocytes",17
"Darmanis","detection","MGST1","astrocytes",18
"Darmanis","detection","TPD52L1","astrocytes",19
"Darmanis","detection","APOE","astrocytes",20
"Darmanis","detection","GJB6","astrocytes",21
"Darmanis","detection","MRVI1","astrocytes",22
"Darmanis","detection","ATP13A4","astrocytes",23
"Darmanis","detection","PAMR1","astrocytes",24
"Darmanis","detection","SLC4A4","astrocytes",25
"Darmanis","detection","IFITM1","endothelial",1
"Darmanis","detection","ITIH5","endothelial",2
"Darmanis","detection","APOLD1","endothelial",3
"Darmanis","detection","TM4SF1","endothelial",4
"Darmanis","detection","GNG11","endothelial",5
"Darmanis","detection","FOXC1","endothelial",6
"Darmanis","detection","PEAR1","endothelial",7
"Darmanis","detection","ANXA1","endothelial",8
"Darmanis","detection","CEBPD","endothelial",9
"Darmanis","detection","PTRF","endothelial",10
"Darmanis","detection","SDPR","endothelial",11
"Darmanis","detection","ESAM","endothelial",12
"Darmanis","detection","MSX1","endothelial",13
"Darmanis","detection","TBX3","endothelial",14
"Darmanis","detection","TGM2","endothelial",15
"Darmanis","detection","IL6","endothelial",16
"Darmanis","detection","CDKN1A","endothelial",17
"Darmanis","detection","KLF2","endothelial",18
"Darmanis","detection","KLF4","endothelial",19
"Darmanis","detection","EMP1","endothelial",20
"Darmanis","detection","ITGA1","endothelial",21
"Darmanis","detection","VAMP5","endothelial",22
"Darmanis","detection","FOXF1","endothelial",23
"Darmanis","detection","ANXA3","endothelial",24
"Darmanis","detection","ANXA2","endothelial",25
"Darmanis","detection","NEUROD6","fetal_quiescent",1
"Darmanis","detection","CD24","fetal_quiescent",2
"Darmanis","detection","TMSB15A","fetal_quiescent",3
"Darmanis","detection","MEX3A","fetal_quiescent",4
"Darmanis","detection","NEUROD2","fetal_quiescent",5
"Darmanis","detection","SLA","fetal_quiescent",6
"Darmanis","detection","SATB2","fetal_quiescent",7
"Darmanis","detection","BCL11A","fetal_quiescent",8
"Darmanis","detection","MN1","fetal_quiescent",9
"Darmanis","detection","SOX11","fetal_quiescent",10
"Darmanis","detection","ADRA2A","fetal_quiescent",11
"Darmanis","detection","DCX","fetal_quiescent",12
"Darmanis","detection","CSRP2","fetal_quiescent",13
"Darmanis","detection","NNAT","fetal_quiescent",14
"Darmanis","detection","ST8SIA2","fetal_quiescent",15
"Darmanis","detection","DPYSL3","fetal_quiescent",16
"Darmanis","detection","EPHA3","fetal_quiescent",17
"Darmanis","detection","NKAIN1","fetal_quiescent",18
"Darmanis","detection","STMN2","fetal_quiescent",19
"Darmanis","detection","POTEE","fetal_quiescent",20
"Darmanis","detection","C6orf115","fetal_quiescent",21
"Darmanis","detection","NELL2","fetal_quiescent",22
"Darmanis","detection","PAFAH1B3","fetal_quiescent",23
"Darmanis","detection","DPYSL5","fetal_quiescent",24
"Darmanis","detection","BACH2","fetal_quiescent",25
"Darmanis","detection","TFAP2C","fetal_replicating",1
"Darmanis","detection","TNC","fetal_replicating",2
"Darmanis","detection","MKI67","fetal_replicating",3
"Darmanis","detection","TOP2A","fetal_replicating",4
"Darmanis","detection","CENPF","fetal_replicating",5
"Darmanis","detection","EOMES","fetal_replicating",6
"Darmanis","detection","HIST1H1B","fetal_replicating",7
"Darmanis","detection","ECT2","fetal_replicating",8
"Darmanis","detection","GJC1","fetal_replicating",9
"Darmanis","detection","CDK1","fetal_replicating",10
"Darmanis","detection","RRM2","fetal_replicating",11
"Darmanis","detection","WEE1","fetal_replicating",12
"Darmanis","detection","LOC100507206","fetal_replicating",13
"Darmanis","detection","AURKB","fetal_replicating",14
"Darmanis","detection","IQGAP2","fetal_replicating",15
"Darmanis","detection","KIAA0101","fetal_replicating",16
"Darmanis","detection","BIRC5","fetal_replicating",17
"Darmanis","detection","PBK","fetal_replicating",18
"Darmanis","detection","UBE2C","fetal_replicating",19
"Darmanis","detection","MMS22L","fetal_replicating",20
"Darmanis","detection","NRG1","fetal_replicating",21
"Darmanis","detection","ZNF300","fetal_replicating",22
"Darmanis","detection","SYNE2","fetal_replicating",23
"Darmanis","detection","FANCD2","fetal_replicating",24
"Darmanis","detection","ZNF572","fetal_replicating",25
"Darmanis","detection","CCK","hybrid",1
"Darmanis","detection","ADARB2","hybrid",2
"Darmanis","detection","SCG2","hybrid",3
"Darmanis","detection","NCAM2","hybrid",4
"Darmanis","detection","NR2F2","hybrid",5
"Darmanis","detection","SLC24A3","hybrid",6
"Darmanis","detection","SYNPR","hybrid",7
"Darmanis","detection","KCNT2","hybrid",8
"Darmanis","detection","GRIK2","hybrid",9
"Darmanis","detection","IGF1","hybrid",10
"Darmanis","detection","GABRB2","hybrid",11
"Darmanis","detection","WWP1","hybrid",12
"Darmanis","detection","GABRA1","hybrid",13
"Darmanis","detection","CALB2","hybrid",14
"Darmanis","detection","CXCL14","hybrid",15
"Darmanis","detection","CNTNAP2","hybrid",16
"Darmanis","detection","DOCK10","hybrid",17
"Darmanis","detection","GAD1","hybrid",18
"Darmanis","detection","GPRASP1","hybrid",19
"Darmanis","detection","GAD2","hybrid",20
"Darmanis","detection","UNC80","hybrid",21
"Darmanis","detection","OPCML","hybrid",22
"Darmanis","detection","NRIP3","hybrid",23
"Darmanis","detection","CIT","hybrid",24
"Darmanis","detection","CHRM3","hybrid",25
"Darmanis","detection","C1QA","microglia",1
"Darmanis","detection","LAPTM5","microglia",2
"Darmanis","detection","ITGAX","microglia",3
"Darmanis","detection","HCLS1","microglia",4
"Darmanis","detection","LCP1","microglia",5
"Darmanis","detection","CD86","microglia",6
"Darmanis","detection","CD53","microglia",7
"Darmanis","detection","TYROBP","microglia",8
"Darmanis","detection","ALOX5AP","microglia",9
"Darmanis","detection","C3","microglia",10
"Darmanis","detection","C1QC","microglia",11
"Darmanis","detection","CYBB","microglia",12
"Darmanis","detection","C3AR1","microglia",13
"Darmanis","detection","TBXAS1","microglia",14
"Darmanis","detection","OLR1","microglia",15
"Darmanis","detection","RGS10","microglia",16
"Darmanis","detection","PTPRC","microglia",17
"Darmanis","detection","BCL2A1","microglia",18
"Darmanis","detection","PLEK","microglia",19
"Darmanis","detection","FCGR3A","microglia",20
"Darmanis","detection","GPR183","microglia",21
"Darmanis","detection","C5AR1","microglia",22
"Darmanis","detection","ADAM28","microglia",23
"Darmanis","detection","C1QB","microglia",24
"Darmanis","detection","CLEC7A","microglia",25
"Darmanis","detection","TMEM130","neurons",1
"Darmanis","detection","GABRG2","neurons",2
"Darmanis","detection","CKMT1B","neurons",3
"Darmanis","detection","GABRB2","neurons",4
"Darmanis","detection","GABRA1","neurons",5
"Darmanis","detection","SYNPR","neurons",6
"Darmanis","detection","SEZ6L2","neurons",7
"Darmanis","detection","SYN1","neurons",8
"Darmanis","detection","SYP","neurons",9
"Darmanis","detection","CAMK2B","neurons",10
"Darmanis","detection","CELF4","neurons",11
"Darmanis","detection","VSNL1","neurons",12
"Darmanis","detection","GPRASP1","neurons",13
"Darmanis","detection","CCK","neurons",14
"Darmanis","detection","CHGB","neurons",15
"Darmanis","detection","CHD5","neurons",16
"Darmanis","detection","RIMS2","neurons",17
"Darmanis","detection","PTPRN","neurons",18
"Darmanis","detection","THY1","neurons",19
"Darmanis","detection","CORO6","neurons",20
"Darmanis","detection","DNM1","neurons",21
"Darmanis","detection","ABCA5","neurons",22
"Darmanis","detection","NRXN3","neurons",23
"Darmanis","detection","SLC12A5","neurons",24
"Darmanis","detection","UNC80","neurons",25
"Darmanis","detection","MAG","oligodendrocytes",1
"Darmanis","detection","UGT8","oligodendrocytes",2
"Darmanis","detection","KLK6","oligodendrocytes",3
"Darmanis","detection","RNASE1","oligodendrocytes",4
"Darmanis","detection","C11orf9","oligodendrocytes",5
"Darmanis","detection","OPALIN","oligodendrocytes",6
"Darmanis","detection","ERMN","oligodendrocytes",7
"Darmanis","detection","CNDP1","oligodendrocytes",8
"Darmanis","detection","ST18","oligodendrocytes",9
"Darmanis","detection","GJB1","oligodendrocytes",10
"Darmanis","detection","ABCA8","oligodendrocytes",11
"Darmanis","detection","CARNS1","oligodendrocytes",12
"Darmanis","detection","ADAMTS4","oligodendrocytes",13
"Darmanis","detection","CDH19","oligodendrocytes",14
"Darmanis","detection","BCAS1","oligodendrocytes",15
"Darmanis","detection","MOBP","oligodendrocytes",16
"Darmanis","detection","SLCO1A2","oligodendrocytes",17
"Darmanis","detection","MOG","oligodendrocytes",18
"Darmanis","detection","HHIP","oligodendrocytes",19
"Darmanis","detection","LPAR1","oligodendrocytes",20
"Darmanis","detection","PPP1R14A","oligodendrocytes",21
"Darmanis","detection","GPR37","oligodendrocytes",22
"Darmanis","detection","CLDN11","oligodendrocytes",23
"Darmanis","detection","APOD","oligodendrocytes",24
"Darmanis","detection","ANLN","oligodendrocytes",25
"Darmanis","detection","LHFPL3","OPC",1
"Darmanis","detection","B3GNT7","OPC",2
"Darmanis","detection","KLRC2","OPC",3
"Darmanis","detection","XYLT1","OPC",4
"Darmanis","detection","CRISPLD2","OPC",5
"Darmanis","detection","PDGFRA","OPC",6
"Darmanis","detection","HAS2","OPC",7
"Darmanis","detection","IL1RAP","OPC",8
"Darmanis","detection","LRRK2","OPC",9
"Darmanis","detection","SAPCD2","OPC",10
"Darmanis","detection","C5orf64","OPC",11
"Darmanis","detection","GPR34","OPC",12
"Darmanis","detection","BLM","OPC",13
"Darmanis","detection","C1orf129","OPC",14
"Darmanis","detection","CALCRL","OPC",15
"Darmanis","detection","TNR","OPC",16
"Darmanis","detection","OLIG1","OPC",17
"Darmanis","detection","HLA-DRA","OPC",18
"Darmanis","detection","KLF4","OPC",19
"Darmanis","detection","FKBP5","OPC",20
"Darmanis","detection","MEGF11","OPC",21
"Darmanis","detection","APOD","OPC",22
"Darmanis","detection","PCDH15","OPC",23
"Darmanis","detection","RAB31","OPC",24
"Darmanis","detection","CA10","OPC",25
"Darmanis","wilcox","SLC1A2","astrocytes",1
"Darmanis","wilcox","AGXT2L1","astrocytes",2
"Darmanis","wilcox","GPR98","astrocytes",3
"Darmanis","wilcox","GJA1","astrocytes",4
"Darmanis","wilcox","ATP1A2","astrocytes",5
"Darmanis","wilcox","SLC1A3","astrocytes",6
"Darmanis","wilcox","AQP4","astrocytes",7
"Darmanis","wilcox","FGFR3","astrocytes",8
"Darmanis","wilcox","SPARCL1","astrocytes",9
"Darmanis","wilcox","ATP1B2","astrocytes",10
"Darmanis","wilcox","AGT","astrocytes",11
"Darmanis","wilcox","SLCO1C1","astrocytes",12
"Darmanis","wilcox","F3","astrocytes",13
"Darmanis","wilcox","LRRC16A","astrocytes",14
"Darmanis","wilcox","SLC4A4","astrocytes",15
"Darmanis","wilcox","GPR37L1","astrocytes",16
"Darmanis","wilcox","BMPR1B","astrocytes",17
"Darmanis","wilcox","SLC25A18","astrocytes",18
"Darmanis","wilcox","CLU","astrocytes",19
"Darmanis","wilcox","PPAP2B","astrocytes",20
"Darmanis","wilcox","ATP13A4","astrocytes",21
"Darmanis","wilcox","CPE","astrocytes",22
"Darmanis","wilcox","RANBP3L","astrocytes",23
"Darmanis","wilcox","NTRK2","astrocytes",24
"Darmanis","wilcox","ACSBG1","astrocytes",25
"Darmanis","wilcox","IFITM1","endothelial",1
"Darmanis","wilcox","B2M","endothelial",2
"Darmanis","wilcox","CEBPD","endothelial",3
"Darmanis","wilcox","APOLD1","endothelial",4
"Darmanis","wilcox","KLF4","endothelial",5
"Darmanis","wilcox","LGALS1","endothelial",6
"Darmanis","wilcox","TIMP3","endothelial",7
"Darmanis","wilcox","TACC1","endothelial",8
"Darmanis","wilcox","EIF1","endothelial",9
"Darmanis","wilcox","NFKBIA","endothelial",10
"Darmanis","wilcox","IFITM3","endothelial",11
"Darmanis","wilcox","CALD1","endothelial",12
"Darmanis","wilcox","ITIH5","endothelial",13
"Darmanis","wilcox","ZFP36","endothelial",14
"Darmanis","wilcox","ZFP36L1","endothelial",15
"Darmanis","wilcox","PTRF","endothelial",16
"Darmanis","wilcox","JUND","endothelial",17
"Darmanis","wilcox","NR4A1","endothelial",18
"Darmanis","wilcox","ARHGAP29","endothelial",19
"Darmanis","wilcox","MSX1","endothelial",20
"Darmanis","wilcox","SPARC","endothelial",21
"Darmanis","wilcox","FN1","endothelial",22
"Darmanis","wilcox","AHNAK","endothelial",23
"Darmanis","wilcox","CDKN1A","endothelial",24
"Darmanis","wilcox","TM4SF1","endothelial",25
"Darmanis","wilcox","DCX","fetal_quiescent",1
"Darmanis","wilcox","TUBA1A","fetal_quiescent",2
"Darmanis","wilcox","CD24","fetal_quiescent",3
"Darmanis","wilcox","MAP1B","fetal_quiescent",4
"Darmanis","wilcox","SOX4","fetal_quiescent",5
"Darmanis","wilcox","STMN2","fetal_quiescent",6
"Darmanis","wilcox","SOX11","fetal_quiescent",7
"Darmanis","wilcox","STMN1","fetal_quiescent",8
"Darmanis","wilcox","NEUROD6","fetal_quiescent",9
"Darmanis","wilcox","NREP","fetal_quiescent",10
"Darmanis","wilcox","SATB2","fetal_quiescent",11
"Darmanis","wilcox","TMSB10","fetal_quiescent",12
"Darmanis","wilcox","BCL11A","fetal_quiescent",13
"Darmanis","wilcox","DPYSL3","fetal_quiescent",14
"Darmanis","wilcox","MLLT11","fetal_quiescent",15
"Darmanis","wilcox","CXADR","fetal_quiescent",16
"Darmanis","wilcox","TMSB15A","fetal_quiescent",17
"Darmanis","wilcox","HN1","fetal_quiescent",18
"Darmanis","wilcox","NNAT","fetal_quiescent",19
"Darmanis","wilcox","RPS19","fetal_quiescent",20
"Darmanis","wilcox","SLA","fetal_quiescent",21
"Darmanis","wilcox","RPLP0","fetal_quiescent",22
"Darmanis","wilcox","MN1","fetal_quiescent",23
"Darmanis","wilcox","SRGAP1","fetal_quiescent",24
"Darmanis","wilcox","CRMP1","fetal_quiescent",25
"Darmanis","wilcox","TFAP2C","fetal_replicating",1
"Darmanis","wilcox","HNRNPH1","fetal_replicating",2
"Darmanis","wilcox","SYNE2","fetal_replicating",3
"Darmanis","wilcox","LOC100506421","fetal_replicating",4
"Darmanis","wilcox","TNC","fetal_replicating",5
"Darmanis","wilcox","CENPF","fetal_replicating",6
"Darmanis","wilcox","SRSF6","fetal_replicating",7
"Darmanis","wilcox","SOX11","fetal_replicating",8
"Darmanis","wilcox","CCND2","fetal_replicating",9
"Darmanis","wilcox","MARCKS","fetal_replicating",10
"Darmanis","wilcox","NNAT","fetal_replicating",11
"Darmanis","wilcox","EGR1","fetal_replicating",12
"Darmanis","wilcox","CREB5","fetal_replicating",13
"Darmanis","wilcox","PER2","fetal_replicating",14
"Darmanis","wilcox","ECT2","fetal_replicating",15
"Darmanis","wilcox","CKS2","fetal_replicating",16
"Darmanis","wilcox","HMGB2","fetal_replicating",17
"Darmanis","wilcox","PTPRS","fetal_replicating",18
"Darmanis","wilcox","ITGB8","fetal_replicating",19
"Darmanis","wilcox","MMS22L","fetal_replicating",20
"Darmanis","wilcox","EZH2","fetal_replicating",21
"Darmanis","wilcox","PPP1CB","fetal_replicating",22
"Darmanis","wilcox","NFIA","fetal_replicating",23
"Darmanis","wilcox","FABP7","fetal_replicating",24
"Darmanis","wilcox","TOP2A","fetal_replicating",25
"Darmanis","wilcox","KCNT2","hybrid",1
"Darmanis","wilcox","SCG2","hybrid",2
"Darmanis","wilcox","ERBB4","hybrid",3
"Darmanis","wilcox","GRIK2","hybrid",4
"Darmanis","wilcox","FGF12","hybrid",5
"Darmanis","wilcox","NRIP3","hybrid",6
"Darmanis","wilcox","CNTNAP2","hybrid",7
"Darmanis","wilcox","GPRASP1","hybrid",8
"Darmanis","wilcox","VIP","hybrid",9
"Darmanis","wilcox","AP1S2","hybrid",10
"Darmanis","wilcox","COL21A1","hybrid",11
"Darmanis","wilcox","KCNIP4","hybrid",12
"Darmanis","wilcox","ENTPD3","hybrid",13
"Darmanis","wilcox","CNTN1","hybrid",14
"Darmanis","wilcox","VPS13A","hybrid",15
"Darmanis","wilcox","OXR1","hybrid",16
"Darmanis","wilcox","CAND1","hybrid",17
"Darmanis","wilcox","RMND5A","hybrid",18
"Darmanis","wilcox","NPY1R","hybrid",19
"Darmanis","wilcox","CCDC66","hybrid",20
"Darmanis","wilcox","HSD17B4","hybrid",21
"Darmanis","wilcox","HTR2C","hybrid",22
"Darmanis","wilcox","ITGA8","hybrid",23
"Darmanis","wilcox","SLC10A4","hybrid",24
"Darmanis","wilcox","ZNF268","hybrid",25
"Darmanis","wilcox","ITGAX","microglia",1
"Darmanis","wilcox","C3","microglia",2
"Darmanis","wilcox","LAPTM5","microglia",3
"Darmanis","wilcox","CD74","microglia",4
"Darmanis","wilcox","GPR183","microglia",5
"Darmanis","wilcox","B4GALT1","microglia",6
"Darmanis","wilcox","SPP1","microglia",7
"Darmanis","wilcox","CD53","microglia",8
"Darmanis","wilcox","OLR1","microglia",9
"Darmanis","wilcox","ALOX5AP","microglia",10
"Darmanis","wilcox","PLEK","microglia",11
"Darmanis","wilcox","B2M","microglia",12
"Darmanis","wilcox","CCL3","microglia",13
"Darmanis","wilcox","LCP1","microglia",14
"Darmanis","wilcox","PTPRC","microglia",15
"Darmanis","wilcox","SRGN","microglia",16
"Darmanis","wilcox","CCL4","microglia",17
"Darmanis","wilcox","HCLS1","microglia",18
"Darmanis","wilcox","ZFP36L2","microglia",19
"Darmanis","wilcox","CYBB","microglia",20
"Darmanis","wilcox","ADAM28","microglia",21
"Darmanis","wilcox","ADORA3","microglia",22
"Darmanis","wilcox","A2M","microglia",23
"Darmanis","wilcox","KCTD12","microglia",24
"Darmanis","wilcox","SGK1","microglia",25
"Darmanis","wilcox","MEG3","neurons",1
"Darmanis","wilcox","TMEM130","neurons",2
"Darmanis","wilcox","SNAP25","neurons",3
"Darmanis","wilcox","GABRB2","neurons",4
"Darmanis","wilcox","GABRG2","neurons",5
"Darmanis","wilcox","VSNL1","neurons",6
"Darmanis","wilcox","GABRA1","neurons",7
"Darmanis","wilcox","THY1","neurons",8
"Darmanis","wilcox","ATP1B1","neurons",9
"Darmanis","wilcox","SYT1","neurons",10
"Darmanis","wilcox","CELF4","neurons",11
"Darmanis","wilcox","SCG2","neurons",12
"Darmanis","wilcox","UNC80","neurons",13
"Darmanis","wilcox","SYNPR","neurons",14
"Darmanis","wilcox","SV2A","neurons",15
"Darmanis","wilcox","SCN2A","neurons",16
"Darmanis","wilcox","NRXN3","neurons",17
"Darmanis","wilcox","SLC22A17","neurons",18
"Darmanis","wilcox","CAMK2A","neurons",19
"Darmanis","wilcox","DNM1","neurons",20
"Darmanis","wilcox","CCK","neurons",21
"Darmanis","wilcox","CHGB","neurons",22
"Darmanis","wilcox","PNMA2","neurons",23
"Darmanis","wilcox","RIMS2","neurons",24
"Darmanis","wilcox","GABBR2","neurons",25
"Darmanis","wilcox","PLP1","oligodendrocytes",1
"Darmanis","wilcox","TMEM144","oligodendrocytes",2
"Darmanis","wilcox","ENPP2","oligodendrocytes",3
"Darmanis","wilcox","ERMN","oligodendrocytes",4
"Darmanis","wilcox","TF","oligodendrocytes",5
"Darmanis","wilcox","PIP4K2A","oligodendrocytes",6
"Darmanis","wilcox","UGT8","oligodendrocytes",7
"Darmanis","wilcox","CLDND1","oligodendrocytes",8
"Darmanis","wilcox","CLDN11","oligodendrocytes",9
"Darmanis","wilcox","CNP","oligodendrocytes",10
"Darmanis","wilcox","RNASE1","oligodendrocytes",11
"Darmanis","wilcox","EVI2A","oligodendrocytes",12
"Darmanis","wilcox","OPALIN","oligodendrocytes",13
"Darmanis","wilcox","QDPR","oligodendrocytes",14
"Darmanis","wilcox","SCD","oligodendrocytes",15
"Darmanis","wilcox","ANLN","oligodendrocytes",16
"Darmanis","wilcox","MOBP","oligodendrocytes",17
"Darmanis","wilcox","CRYAB","oligodendrocytes",18
"Darmanis","wilcox","BCAS1","oligodendrocytes",19
"Darmanis","wilcox","MBP","oligodendrocytes",20
"Darmanis","wilcox","GPR37","oligodendrocytes",21
"Darmanis","wilcox","SLAIN1","oligodendrocytes",22
"Darmanis","wilcox","CNDP1","oligodendrocytes",23
"Darmanis","wilcox","FAM107B","oligodendrocytes",24
"Darmanis","wilcox","CAPN3","oligodendrocytes",25
"Darmanis","wilcox","LHFPL3","OPC",1
"Darmanis","wilcox","LRRK2","OPC",2
"Darmanis","wilcox","XYLT1","OPC",3
"Darmanis","wilcox","RAB31","OPC",4
"Darmanis","wilcox","PDGFRA","OPC",5
"Darmanis","wilcox","IL1RAP","OPC",6
"Darmanis","wilcox","SEMA5A","OPC",7
"Darmanis","wilcox","APOD","OPC",8
"Darmanis","wilcox","PTPRZ1","OPC",9
"Darmanis","wilcox","CRISPLD2","OPC",10
"Darmanis","wilcox","LUZP2","OPC",11
"Darmanis","wilcox","TNR","OPC",12
"Darmanis","wilcox","VCAN","OPC",13
"Darmanis","wilcox","PCDH15","OPC",14
"Darmanis","wilcox","MEGF11","OPC",15
"Darmanis","wilcox","FKBP5","OPC",16
"Darmanis","wilcox","FLJ43390","OPC",17
"Darmanis","wilcox","CCDC50","OPC",18
"Darmanis","wilcox","BLM","OPC",19
"Darmanis","wilcox","SOX6","OPC",20
"Darmanis","wilcox","PER2","OPC",21
"Darmanis","wilcox","ANXA5","OPC",22
"Darmanis","wilcox","PDZD2","OPC",23
"Darmanis","wilcox","HAS2","OPC",24
"Darmanis","wilcox","KCNJ16","OPC",25
"Fletcher","hurdle","Ces2b","1",1
"Fletcher","hurdle","Krt5","1",2
"Fletcher","hurdle","Slc6a6","1",3
"Fletcher","hurdle","Krt14","1",4
"Fletcher","hurdle","Car12","1",5
"Fletcher","hurdle","Apoe","1",6
"Fletcher","hurdle","Krt17","1",7
"Fletcher","hurdle","Dst","1",8
"Fletcher","hurdle","Fxyd3","1",9
"Fletcher","hurdle","Trp63","1",10
"Fletcher","hurdle","Rps27","1",11
"Fletcher","hurdle","Col17a1","1",12
"Fletcher","hurdle","Gclm","1",13
"Fletcher","hurdle","Col23a1","1",14
"Fletcher","hurdle","Cbr2","1",15
"Fletcher","hurdle","Sema3d","1",16
"Fletcher","hurdle","Lamb3","1",17
"Fletcher","hurdle","Sparc","1",18
"Fletcher","hurdle","Ccnd2","1",19
"Fletcher","hurdle","Sema5a","1",20
"Fletcher","hurdle","Efemp1","1",21
"Fletcher","hurdle","Snai2","1",22
"Fletcher","hurdle","Nrcam","1",23
"Fletcher","hurdle","Cyr61","1",24
"Fletcher","hurdle","Ptpre","1",25
"Fletcher","hurdle","LOC102633765","10",1
"Fletcher","hurdle","Zmynd8","10",2
"Fletcher","hurdle","Ldhb","10",3
"Fletcher","hurdle","Rcor1","10",4
"Fletcher","hurdle","Tex15","10",5
"Fletcher","hurdle","Qdpr","10",6
"Fletcher","hurdle","Ssbp2","10",7
"Fletcher","hurdle","Ebf1","10",8
"Fletcher","hurdle","Crabp1","10",9
"Fletcher","hurdle","LOC102632564","10",10
"Fletcher","hurdle","Sox11","10",11
"Fletcher","hurdle","Myt1l","10",12
"Fletcher","hurdle","Map1b","10",13
"Fletcher","hurdle","Ptchd1","10",14
"Fletcher","hurdle","LOC102639908","10",15
"Fletcher","hurdle","Rbm11","10",16
"Fletcher","hurdle","Cotl1","10",17
"Fletcher","hurdle","Rab3c","10",18
"Fletcher","hurdle","Ebf2","10",19
"Fletcher","hurdle","Dpysl2","10",20
"Fletcher","hurdle","Hdac2","10",21
"Fletcher","hurdle","Ncam1","10",22
"Fletcher","hurdle","Bach2","10",23
"Fletcher","hurdle","Sertad2","10",24
"Fletcher","hurdle","Id4","10",25
"Fletcher","hurdle","LOC102640743","11",1
"Fletcher","hurdle","Kit","11",2
"Fletcher","hurdle","Trpm5","11",3
"Fletcher","hurdle","Rplp0","11",4
"Fletcher","hurdle","Hpgds","11",5
"Fletcher","hurdle","LOC102637959","11",6
"Fletcher","hurdle","Gata6","11",7
"Fletcher","hurdle","Cdkn1c","11",8
"Fletcher","hurdle","Cd44","11",9
"Fletcher","hurdle","Rpl14","11",10
"Fletcher","hurdle","Sptb","11",11
"Fletcher","hurdle","Wfdc18","11",12
"Fletcher","hurdle","Itga9","11",13
"Fletcher","hurdle","Nme1","11",14
"Fletcher","hurdle","Rpl18a","11",15
"Fletcher","hurdle","Svopl","11",16
"Fletcher","hurdle","Chil1","11",17
"Fletcher","hurdle","Hnrnpa1","11",18
"Fletcher","hurdle","Npm1","11",19
"Fletcher","hurdle","Smoc2","11",20
"Fletcher","hurdle","D630045J12Rik","11",21
"Fletcher","hurdle","Nexn","11",22
"Fletcher","hurdle","Ddx46","11",23
"Fletcher","hurdle","Tjp2","11",24
"Fletcher","hurdle","Pou2f3","11",25
"Fletcher","hurdle","Slc1a2","12",1
"Fletcher","hurdle","Stoml3","12",2
"Fletcher","hurdle","Omp","12",3
"Fletcher","hurdle","Gnal","12",4
"Fletcher","hurdle","Hfe","12",5
"Fletcher","hurdle","Plekhb1","12",6
"Fletcher","hurdle","Vwa3a","12",7
"Fletcher","hurdle","Gng13","12",8
"Fletcher","hurdle","Stom","12",9
"Fletcher","hurdle","Calm1","12",10
"Fletcher","hurdle","Gnb1","12",11
"Fletcher","hurdle","Fam213b","12",12
"Fletcher","hurdle","Faim2","12",13
"Fletcher","hurdle","Jakmip1","12",14
"Fletcher","hurdle","S100a5","12",15
"Fletcher","hurdle","Stxbp5l","12",16
"Fletcher","hurdle","Chga","12",17
"Fletcher","hurdle","Umodl1","12",18
"Fletcher","hurdle","Ctxn3","12",19
"Fletcher","hurdle","Spef2","12",20
"Fletcher","hurdle","Nrn1l","12",21
"Fletcher","hurdle","Acbd7","12",22
"Fletcher","hurdle","Tusc5","12",23
"Fletcher","hurdle","Gm581","12",24
"Fletcher","hurdle","Pde4a","12",25
"Fletcher","hurdle","Smchd1","14",1
"Fletcher","hurdle","Grp","14",2
"Fletcher","hurdle","Lhx2","14",3
"Fletcher","hurdle","Selm","14",4
"Fletcher","hurdle","Elavl4","14",5
"Fletcher","hurdle","Crabp1","14",6
"Fletcher","hurdle","Sox11","14",7
"Fletcher","hurdle","Baz1a","14",8
"Fletcher","hurdle","Ptma","14",9
"Fletcher","hurdle","Mapk4","14",10
"Fletcher","hurdle","Cdyl2","14",11
"Fletcher","hurdle","Twf1","14",12
"Fletcher","hurdle","Mss51","14",13
"Fletcher","hurdle","Nebl","14",14
"Fletcher","hurdle","Epb4.1","14",15
"Fletcher","hurdle","Zmynd8","14",16
"Fletcher","hurdle","Thsd7b","14",17
"Fletcher","hurdle","Nhlh2","14",18
"Fletcher","hurdle","Clmn","14",19
"Fletcher","hurdle","Fezf1","14",20
"Fletcher","hurdle","Bcl11b","14",21
"Fletcher","hurdle","Col9a2","14",22
"Fletcher","hurdle","Mdm1","14",23
"Fletcher","hurdle","Nrep","14",24
"Fletcher","hurdle","Tmem57","14",25
"Fletcher","hurdle","Stap1","15",1
"Fletcher","hurdle","Pam","15",2
"Fletcher","hurdle","Coch","15",3
"Fletcher","hurdle","Rcan2","15",4
"Fletcher","hurdle","Gm933","15",5
"Fletcher","hurdle","Moxd1","15",6
"Fletcher","hurdle","Ascl3","15",7
"Fletcher","hurdle","LOC102640720","15",8
"Fletcher","hurdle","Galnt13","15",9
"Fletcher","hurdle","Cftr","15",10
"Fletcher","hurdle","Fgf10","15",11
"Fletcher","hurdle","Ociad2","15",12
"Fletcher","hurdle","Atp7a","15",13
"Fletcher","hurdle","Cd24a","15",14
"Fletcher","hurdle","Tfcp2l1","15",15
"Fletcher","hurdle","4930469K13Rik","15",16
"Fletcher","hurdle","Hepacam2","15",17
"Fletcher","hurdle","Lcp2","15",18
"Fletcher","hurdle","Tmprss13","15",19
"Fletcher","hurdle","Dmrt2","15",20
"Fletcher","hurdle","Dgki","15",21
"Fletcher","hurdle","LOC102640638","15",22
"Fletcher","hurdle","Atp7b","15",23
"Fletcher","hurdle","Atp6v0d2","15",24
"Fletcher","hurdle","Bsnd","15",25
"Fletcher","hurdle","Neurod1","2",1
"Fletcher","hurdle","Dlgap5","2",2
"Fletcher","hurdle","Rbm24","2",3
"Fletcher","hurdle","Stil","2",4
"Fletcher","hurdle","Gadd45a","2",5
"Fletcher","hurdle","Cep152","2",6
"Fletcher","hurdle","Hmgb2","2",7
"Fletcher","hurdle","Kif15","2",8
"Fletcher","hurdle","Hmmr","2",9
"Fletcher","hurdle","Hmgn2","2",10
"Fletcher","hurdle","Scg2","2",11
"Fletcher","hurdle","Itga4","2",12
"Fletcher","hurdle","Ccp110","2",13
"Fletcher","hurdle","Mfng","2",14
"Fletcher","hurdle","Dnase2a","2",15
"Fletcher","hurdle","Sox11","2",16
"Fletcher","hurdle","Elavl4","2",17
"Fletcher","hurdle","Mdm1","2",18
"Fletcher","hurdle","2810417H13Rik","2",19
"Fletcher","hurdle","Casc5","2",20
"Fletcher","hurdle","Top2a","2",21
"Fletcher","hurdle","Mex3a","2",22
"Fletcher","hurdle","Cenpf","2",23
"Fletcher","hurdle","Ptma","2",24
"Fletcher","hurdle","Cbx3","2",25
"Fletcher","hurdle","Cenpf","3",1
"Fletcher","hurdle","H2afz","3",2
"Fletcher","hurdle","Hmgn2","3",3
"Fletcher","hurdle","Birc5","3",4
"Fletcher","hurdle","Ube2c","3",5
"Fletcher","hurdle","Hmgb2","3",6
"Fletcher","hurdle","Casc5","3",7
"Fletcher","hurdle","Ascl1","3",8
"Fletcher","hurdle","Prc1","3",9
"Fletcher","hurdle","Top2a","3",10
"Fletcher","hurdle","Nsl1","3",11
"Fletcher","hurdle","Tpx2","3",12
"Fletcher","hurdle","Rrm2","3",13
"Fletcher","hurdle","Uhrf1","3",14
"Fletcher","hurdle","Kif11","3",15
"Fletcher","hurdle","Hes6","3",16
"Fletcher","hurdle","Aspm","3",17
"Fletcher","hurdle","Spc24","3",18
"Fletcher","hurdle","Mki67","3",19
"Fletcher","hurdle","Smc2","3",20
"Fletcher","hurdle","Gas2l3","3",21
"Fletcher","hurdle","Atp6v1g3","3",22
"Fletcher","hurdle","Pbk","3",23
"Fletcher","hurdle","Cdca8","3",24
"Fletcher","hurdle","Hmmr","3",25
"Fletcher","hurdle","Hykk","4",1
"Fletcher","hurdle","Cyp1a2","4",2
"Fletcher","hurdle","Cyp2g1","4",3
"Fletcher","hurdle","Agr2","4",4
"Fletcher","hurdle","Muc2.1","4",5
"Fletcher","hurdle","Sec14l3","4",6
"Fletcher","hurdle","Pon1","4",7
"Fletcher","hurdle","Cyp2a5","4",8
"Fletcher","hurdle","Sec14l2","4",9
"Fletcher","hurdle","Ppp1r16b","4",10
"Fletcher","hurdle","Gldn","4",11
"Fletcher","hurdle","Cd36","4",12
"Fletcher","hurdle","Abca13","4",13
"Fletcher","hurdle","Muc16","4",14
"Fletcher","hurdle","Il33","4",15
"Fletcher","hurdle","Atp13a5","4",16
"Fletcher","hurdle","Dab2","4",17
"Fletcher","hurdle","AU021092","4",18
"Fletcher","hurdle","Cyb5","4",19
"Fletcher","hurdle","Rfk","4",20
"Fletcher","hurdle","Mgst1","4",21
"Fletcher","hurdle","Cyp2j6","4",22
"Fletcher","hurdle","Nadk2","4",23
"Fletcher","hurdle","Lpgat1","4",24
"Fletcher","hurdle","Svopl","4",25
"Fletcher","hurdle","Gstm1","5",1
"Fletcher","hurdle","Cyp2f2","5",2
"Fletcher","hurdle","Fos","5",3
"Fletcher","hurdle","Gstm2","5",4
"Fletcher","hurdle","Cbr2","5",5
"Fletcher","hurdle","Prdx6","5",6
"Fletcher","hurdle","Scgb1c1","5",7
"Fletcher","hurdle","Ugt2a1","5",8
"Fletcher","hurdle","Zfp36","5",9
"Fletcher","hurdle","Aox3","5",10
"Fletcher","hurdle","Irf1","5",11
"Fletcher","hurdle","Egr1","5",12
"Fletcher","hurdle","Zfp36l1","5",13
"Fletcher","hurdle","Fth1","5",14
"Fletcher","hurdle","Ptn","5",15
"Fletcher","hurdle","Ephx1","5",16
"Fletcher","hurdle","Bhlhe40","5",17
"Fletcher","hurdle","Prdx1","5",18
"Fletcher","hurdle","Ces1d","5",19
"Fletcher","hurdle","Gpm6a","5",20
"Fletcher","hurdle","Aox2","5",21
"Fletcher","hurdle","Fosb","5",22
"Fletcher","hurdle","Plscr1","5",23
"Fletcher","hurdle","Epas1","5",24
"Fletcher","hurdle","Lypd2","5",25
"Fletcher","hurdle","Fam203a","7",1
"Fletcher","hurdle","Cyp2a5","7",2
"Fletcher","hurdle","Cyp2g1","7",3
"Fletcher","hurdle","Rgs5","7",4
"Fletcher","hurdle","Ptp4a1","7",5
"Fletcher","hurdle","Sec14l3","7",6
"Fletcher","hurdle","Mgst1","7",7
"Fletcher","hurdle","Fgf20","7",8
"Fletcher","hurdle","Abca13","7",9
"Fletcher","hurdle","Krt18","7",10
"Fletcher","hurdle","Gldn","7",11
"Fletcher","hurdle","Prdx6","7",12
"Fletcher","hurdle","Cyb5","7",13
"Fletcher","hurdle","Ugt2a1","7",14
"Fletcher","hurdle","Agr2","7",15
"Fletcher","hurdle","Por","7",16
"Fletcher","hurdle","Cyp2j6","7",17
"Fletcher","hurdle","Ugt2a2","7",18
"Fletcher","hurdle","Trim36","7",19
"Fletcher","hurdle","Sod1","7",20
"Fletcher","hurdle","Krt8","7",21
"Fletcher","hurdle","Cdc14b","7",22
"Fletcher","hurdle","Sftpd","7",23
"Fletcher","hurdle","Plat","7",24
"Fletcher","hurdle","F2rl1","7",25
"Fletcher","hurdle","Slc35d2","8",1
"Fletcher","hurdle","Rps27","8",2
"Fletcher","hurdle","Man2a2","8",3
"Fletcher","hurdle","Prex2","8",4
"Fletcher","hurdle","Apoe","8",5
"Fletcher","hurdle","Sdc4","8",6
"Fletcher","hurdle","Sept10","8",7
"Fletcher","hurdle","Tsku","8",8
"Fletcher","hurdle","Scgb1c1","8",9
"Fletcher","hurdle","Ugt2a1","8",10
"Fletcher","hurdle","Cbr2","8",11
"Fletcher","hurdle","Zbtb34","8",12
"Fletcher","hurdle","Aqp3","8",13
"Fletcher","hurdle","Vit","8",14
"Fletcher","hurdle","Foxo1","8",15
"Fletcher","hurdle","Kat6a","8",16
"Fletcher","hurdle","Gas1","8",17
"Fletcher","hurdle","Cfdp1","8",18
"Fletcher","hurdle","Notch2","8",19
"Fletcher","hurdle","Srd5a2","8",20
"Fletcher","hurdle","Myh9","8",21
"Fletcher","hurdle","Slc6a6","8",22
"Fletcher","hurdle","Cyp2f2","8",23
"Fletcher","hurdle","Gpm6a","8",24
"Fletcher","hurdle","Tceal8","8",25
"Fletcher","hurdle","Gap43","9",1
"Fletcher","hurdle","Ncam1","9",2
"Fletcher","hurdle","Stmn2","9",3
"Fletcher","hurdle","Tuba1a","9",4
"Fletcher","hurdle","Gnb1","9",5
"Fletcher","hurdle","Rtn1","9",6
"Fletcher","hurdle","Fstl5","9",7
"Fletcher","hurdle","Dpysl3","9",8
"Fletcher","hurdle","Gng8","9",9
"Fletcher","hurdle","Prune2","9",10
"Fletcher","hurdle","Trim66","9",11
"Fletcher","hurdle","Flrt1","9",12
"Fletcher","hurdle","Map1b","9",13
"Fletcher","hurdle","Stmn1","9",14
"Fletcher","hurdle","Gm11223","9",15
"Fletcher","hurdle","Calb2","9",16
"Fletcher","hurdle","Syt11","9",17
"Fletcher","hurdle","Scn9a","9",18
"Fletcher","hurdle","Cntn4","9",19
"Fletcher","hurdle","Mef2b","9",20
"Fletcher","hurdle","Dcx","9",21
"Fletcher","hurdle","Arhgdig","9",22
"Fletcher","hurdle","Vim","9",23
"Fletcher","hurdle","Rnf144a","9",24
"Fletcher","hurdle","Spock1","9",25
"Fletcher","level","Slc6a6","1",1
"Fletcher","level","Rps27","1",2
"Fletcher","level","Dst","1",3
"Fletcher","level","Gstm1","1",4
"Fletcher","level","Cbr2","1",5
"Fletcher","level","Apoe","1",6
"Fletcher","level","Krt17","1",7
"Fletcher","level","Snai2","1",8
"Fletcher","level","Adam28","1",9
"Fletcher","level","Fos","1",10
"Fletcher","level","Egr1","1",11
"Fletcher","level","Ece1","1",12
"Fletcher","level","Fth1","1",13
"Fletcher","level","Aqp3","1",14
"Fletcher","level","Btg2","1",15
"Fletcher","level","Klf6","1",16
"Fletcher","level","Ifitm3","1",17
"Fletcher","level","Sema5a","1",18
"Fletcher","level","Gclm","1",19
"Fletcher","level","Hpgd","1",20
"Fletcher","level","Jun","1",21
"Fletcher","level","Krt14","1",22
"Fletcher","level","Dusp1","1",23
"Fletcher","level","TrnS1","1",24
"Fletcher","level","Mt1","1",25
"Fletcher","level","LOC102633765","10",1
"Fletcher","level","Zmynd8","10",2
"Fletcher","level","Ldhb","10",3
"Fletcher","level","Ssbp2","10",4
"Fletcher","level","Sox11","10",5
"Fletcher","level","Map1b","10",6
"Fletcher","level","Qdpr","10",7
"Fletcher","level","Tex15","10",8
"Fletcher","level","Rcor1","10",9
"Fletcher","level","LOC102639908","10",10
"Fletcher","level","Ebf1","10",11
"Fletcher","level","Dpysl2","10",12
"Fletcher","level","Rab3c","10",13
"Fletcher","level","Tshz1","10",14
"Fletcher","level","Spin1","10",15
"Fletcher","level","Hdac2","10",16
"Fletcher","level","Myt1l","10",17
"Fletcher","level","Cpsf6","10",18
"Fletcher","level","Abcd2","10",19
"Fletcher","level","Gnb1","10",20
"Fletcher","level","Tecpr2","10",21
"Fletcher","level","Dpysl3","10",22
"Fletcher","level","Ncam1","10",23
"Fletcher","level","Crabp1","10",24
"Fletcher","level","Pkm","10",25
"Fletcher","level","Rplp0","11",1
"Fletcher","level","Hpgds","11",2
"Fletcher","level","Rpl14","11",3
"Fletcher","level","Rpl18a","11",4
"Fletcher","level","Npm1","11",5
"Fletcher","level","D630045J12Rik","11",6
"Fletcher","level","Rpl7","11",7
"Fletcher","level","Hnrnpa1","11",8
"Fletcher","level","Eef1a1","11",9
"Fletcher","level","Rpl5","11",10
"Fletcher","level","Ddx46","11",11
"Fletcher","level","Btg2","11",12
"Fletcher","level","Rpl3","11",13
"Fletcher","level","Rps5","11",14
"Fletcher","level","Eef1b2","11",15
"Fletcher","level","Osbpl6","11",16
"Fletcher","level","Rpsa","11",17
"Fletcher","level","Rpl4","11",18
"Fletcher","level","Svopl","11",19
"Fletcher","level","Ift52","11",20
"Fletcher","level","Cdk6","11",21
"Fletcher","level","Acnat1","11",22
"Fletcher","level","Rps3","11",23
"Fletcher","level","Ppp1cb","11",24
"Fletcher","level","Wbp5","11",25
"Fletcher","level","Slc1a2","12",1
"Fletcher","level","Stoml3","12",2
"Fletcher","level","Gnal","12",3
"Fletcher","level","Omp","12",4
"Fletcher","level","Calm1","12",5
"Fletcher","level","Gnb1","12",6
"Fletcher","level","Plekhb1","12",7
"Fletcher","level","Gng13","12",8
"Fletcher","level","Vwa3a","12",9
"Fletcher","level","Fam213b","12",10
"Fletcher","level","S100a5","12",11
"Fletcher","level","Stom","12",12
"Fletcher","level","Faim2","12",13
"Fletcher","level","Map1b","12",14
"Fletcher","level","Fstl5","12",15
"Fletcher","level","Serpine2","12",16
"Fletcher","level","Cmip","12",17
"Fletcher","level","Flrt1","12",18
"Fletcher","level","Gm581","12",19
"Fletcher","level","Ptp4a3","12",20
"Fletcher","level","Syt11","12",21
"Fletcher","level","Manea","12",22
"Fletcher","level","Gm10432","12",23
"Fletcher","level","Dcdc2a","12",24
"Fletcher","level","Chga","12",25
"Fletcher","level","Smchd1","14",1
"Fletcher","level","Sox11","14",2
"Fletcher","level","Ptma","14",3
"Fletcher","level","Twf1","14",4
"Fletcher","level","Elavl4","14",5
"Fletcher","level","Zmynd8","14",6
"Fletcher","level","Nebl","14",7
"Fletcher","level","Lhx2","14",8
"Fletcher","level","Selm","14",9
"Fletcher","level","Map1b","14",10
"Fletcher","level","Baz1a","14",11
"Fletcher","level","Clmn","14",12
"Fletcher","level","Tuba1a","14",13
"Fletcher","level","Tshz1","14",14
"Fletcher","level","Epb4.1","14",15
"Fletcher","level","Crabp1","14",16
"Fletcher","level","Dpysl2","14",17
"Fletcher","level","Tmem57","14",18
"Fletcher","level","Bcl2l1","14",19
"Fletcher","level","Zfp644","14",20
"Fletcher","level","Hist1h2bc","14",21
"Fletcher","level","Nras","14",22
"Fletcher","level","Bcl11b","14",23
"Fletcher","level","Marcks","14",24
"Fletcher","level","Ckmt1","14",25
"Fletcher","level","Stap1","15",1
"Fletcher","level","Pam","15",2
"Fletcher","level","Coch","15",3
"Fletcher","level","Ociad2","15",4
"Fletcher","level","Fgf10","15",5
"Fletcher","level","Rcan2","15",6
"Fletcher","level","Iqgap1","15",7
"Fletcher","level","Moxd1","15",8
"Fletcher","level","Ascl3","15",9
"Fletcher","level","Atp7a","15",10
"Fletcher","level","Gm933","15",11
"Fletcher","level","Tfcp2l1","15",12
"Fletcher","level","Tmprss13","15",13
"Fletcher","level","Cd24a","15",14
"Fletcher","level","Galnt13","15",15
"Fletcher","level","LOC102640720","15",16
"Fletcher","level","Cftr","15",17
"Fletcher","level","Atp7b","15",18
"Fletcher","level","Cpeb3","15",19
"Fletcher","level","Tceb2","15",20
"Fletcher","level","Slc12a2","15",21
"Fletcher","level","4930469K13Rik","15",22
"Fletcher","level","Slc25a36","15",23
"Fletcher","level","Lcp2","15",24
"Fletcher","level","Atp6v0b","15",25
"Fletcher","level","Dlgap5","2",1
"Fletcher","level","Hmmr","2",2
"Fletcher","level","Hmgn2","2",3
"Fletcher","level","Hmgb2","2",4
"Fletcher","level","Kif15","2",5
"Fletcher","level","Sox11","2",6
"Fletcher","level","Ptma","2",7
"Fletcher","level","Cbx3","2",8
"Fletcher","level","Cenpf","2",9
"Fletcher","level","Casc5","2",10
"Fletcher","level","H2afz","2",11
"Fletcher","level","Ccp110","2",12
"Fletcher","level","Birc5","2",13
"Fletcher","level","Prc1","2",14
"Fletcher","level","Spc24","2",15
"Fletcher","level","Racgap1","2",16
"Fletcher","level","Ube2c","2",17
"Fletcher","level","Nap1l1","2",18
"Fletcher","level","Neurod1","2",19
"Fletcher","level","Dnase2a","2",20
"Fletcher","level","Sass6","2",21
"Fletcher","level","Ucp2","2",22
"Fletcher","level","Rbm24","2",23
"Fletcher","level","2810417H13Rik","2",24
"Fletcher","level","Elavl4","2",25
"Fletcher","level","Cenpf","3",1
"Fletcher","level","H2afz","3",2
"Fletcher","level","Hmgn2","3",3
"Fletcher","level","Birc5","3",4
"Fletcher","level","Hmgb2","3",5
"Fletcher","level","Ube2c","3",6
"Fletcher","level","Casc5","3",7
"Fletcher","level","Nsl1","3",8
"Fletcher","level","Prc1","3",9
"Fletcher","level","Spc24","3",10
"Fletcher","level","Hmgb1","3",11
"Fletcher","level","Gas2l3","3",12
"Fletcher","level","Kif11","3",13
"Fletcher","level","Tpx2","3",14
"Fletcher","level","Kif15","3",15
"Fletcher","level","Npm1","3",16
"Fletcher","level","Mcm5","3",17
"Fletcher","level","Rplp0","3",18
"Fletcher","level","Hes6","3",19
"Fletcher","level","Ptma","3",20
"Fletcher","level","Hdgf","3",21
"Fletcher","level","Gad2","3",22
"Fletcher","level","Cdk4","3",23
"Fletcher","level","Ran","3",24
"Fletcher","level","Rpl5","3",25
"Fletcher","level","Hykk","4",1
"Fletcher","level","Cyp2g1","4",2
"Fletcher","level","Agr2","4",3
"Fletcher","level","Sec14l3","4",4
"Fletcher","level","Ppp1r16b","4",5
"Fletcher","level","Cyp2a5","4",6
"Fletcher","level","Cyb5","4",7
"Fletcher","level","Pon1","4",8
"Fletcher","level","Rfk","4",9
"Fletcher","level","Cyp1a2","4",10
"Fletcher","level","Akr1a1","4",11
"Fletcher","level","A830018L16Rik","4",12
"Fletcher","level","Cbr2","4",13
"Fletcher","level","Svopl","4",14
"Fletcher","level","Prdx1","4",15
"Fletcher","level","Skp1a","4",16
"Fletcher","level","Krt18","4",17
"Fletcher","level","Sec14l2","4",18
"Fletcher","level","Pgrmc1","4",19
"Fletcher","level","Ugt2a1","4",20
"Fletcher","level","Cyp2f2","4",21
"Fletcher","level","Mgst1","4",22
"Fletcher","level","Por","4",23
"Fletcher","level","Adi1","4",24
"Fletcher","level","Cisd1","4",25
"Fletcher","level","Gstm1","5",1
"Fletcher","level","Cyp2f2","5",2
"Fletcher","level","Fos","5",3
"Fletcher","level","Prdx6","5",4
"Fletcher","level","Cbr2","5",5
"Fletcher","level","Gstm2","5",6
"Fletcher","level","Fth1","5",7
"Fletcher","level","Btg2","5",8
"Fletcher","level","Egr1","5",9
"Fletcher","level","Prdx1","5",10
"Fletcher","level","Mt1","5",11
"Fletcher","level","Sdc4","5",12
"Fletcher","level","Sod1","5",13
"Fletcher","level","Ugt2a1","5",14
"Fletcher","level","Atox1","5",15
"Fletcher","level","Scgb1c1","5",16
"Fletcher","level","Aox3","5",17
"Fletcher","level","Irf1","5",18
"Fletcher","level","Akr1a1","5",19
"Fletcher","level","Zfp36","5",20
"Fletcher","level","Aqp3","5",21
"Fletcher","level","Ubc","5",22
"Fletcher","level","Fosb","5",23
"Fletcher","level","Atf3","5",24
"Fletcher","level","Ece1","5",25
"Fletcher","level","Ptp4a1","7",1
"Fletcher","level","Cyp2a5","7",2
"Fletcher","level","Cyp2g1","7",3
"Fletcher","level","Rgs5","7",4
"Fletcher","level","Krt18","7",5
"Fletcher","level","Cyb5","7",6
"Fletcher","level","Prdx6","7",7
"Fletcher","level","Sec14l3","7",8
"Fletcher","level","Trim36","7",9
"Fletcher","level","Sod1","7",10
"Fletcher","level","Mgst1","7",11
"Fletcher","level","Actb","7",12
"Fletcher","level","Por","7",13
"Fletcher","level","Ugt2a1","7",14
"Fletcher","level","Cbr2","7",15
"Fletcher","level","Agr2","7",16
"Fletcher","level","Gabarapl1","7",17
"Fletcher","level","Akr1a1","7",18
"Fletcher","level","Ugt2a2","7",19
"Fletcher","level","Sdc4","7",20
"Fletcher","level","Krt8","7",21
"Fletcher","level","Fos","7",22
"Fletcher","level","Cyp2f2","7",23
"Fletcher","level","Rbm47","7",24
"Fletcher","level","Fbxo32","7",25
"Fletcher","level","Rps27","8",1
"Fletcher","level","Sept10","8",2
"Fletcher","level","Sdc4","8",3
"Fletcher","level","Cbr2","8",4
"Fletcher","level","Myh9","8",5
"Fletcher","level","Yipf4","8",6
"Fletcher","level","Ugt2a1","8",7
"Fletcher","level","Cfdp1","8",8
"Fletcher","level","Prdx1","8",9
"Fletcher","level","Foxo1","8",10
"Fletcher","level","Gstm1","8",11
"Fletcher","level","Aqp3","8",12
"Fletcher","level","Kat6a","8",13
"Fletcher","level","Tceal8","8",14
"Fletcher","level","Gas5","8",15
"Fletcher","level","Slc6a6","8",16
"Fletcher","level","Scgb1c1","8",17
"Fletcher","level","Cyp2f2","8",18
"Fletcher","level","Chd9","8",19
"Fletcher","level","Fxr1","8",20
"Fletcher","level","Ctnnd2","8",21
"Fletcher","level","Malat1","8",22
"Fletcher","level","Gtf2h5","8",23
"Fletcher","level","Fth1","8",24
"Fletcher","level","Spry2","8",25
"Fletcher","level","Gnb1","9",1
"Fletcher","level","Tuba1a","9",2
"Fletcher","level","Ncam1","9",3
"Fletcher","level","Map1b","9",4
"Fletcher","level","Stmn2","9",5
"Fletcher","level","Dpysl3","9",6
"Fletcher","level","Syt11","9",7
"Fletcher","level","Sox11","9",8
"Fletcher","level","Gap43","9",9
"Fletcher","level","Calm1","9",10
"Fletcher","level","Stmn1","9",11
"Fletcher","level","Gm11223","9",12
"Fletcher","level","Ptprs","9",13
"Fletcher","level","Fstl5","9",14
"Fletcher","level","Rtn1","9",15
"Fletcher","level","Dpysl2","9",16
"Fletcher","level","Flrt1","9",17
"Fletcher","level","Sub1","9",18
"Fletcher","level","Mgst3","9",19
"Fletcher","level","Gsk3b","9",20
"Fletcher","level","Clasp2","9",21
"Fletcher","level","LOC102634078","9",22
"Fletcher","level","Prune2","9",23
"Fletcher","level","Tubb3","9",24
"Fletcher","level","Calm3","9",25
"Fletcher","detection","Krt5","1",1
"Fletcher","detection","Fxyd3","1",2
"Fletcher","detection","Car12","1",3
"Fletcher","detection","Krt14","1",4
"Fletcher","detection","Col17a1","1",5
"Fletcher","detection","Trp63","1",6
"Fletcher","detection","Col23a1","1",7
"Fletcher","detection","Sparc","1",8
"Fletcher","detection","Sema3d","1",9
"Fletcher","detection","TrnD","1",10
"Fletcher","detection","Rps19-ps6","1",11
"Fletcher","detection","Gm11361","1",12
"Fletcher","detection","Lamb3","1",13
"Fletcher","detection","Rps3a2","1",14
"Fletcher","detection","Gm9385","1",15
"Fletcher","detection","Gm4332","1",16
"Fletcher","detection","4631405K08Rik","1",17
"Fletcher","detection","Pltp","1",18
"Fletcher","detection","Gm10116","1",19
"Fletcher","detection","Itgb4","1",20
"Fletcher","detection","Ccl20","1",21
"Fletcher","detection","Rpl23a-ps3","1",22
"Fletcher","detection","Krt17","1",23
"Fletcher","detection","Igfbp4","1",24
"Fletcher","detection","Gm5075","1",25
"Fletcher","detection","LOC102632564","10",1
"Fletcher","detection","LOC102634850","10",2
"Fletcher","detection","Arl14epl","10",3
"Fletcher","detection","Crabp1","10",4
"Fletcher","detection","LOC102637313","10",5
"Fletcher","detection","Ptchd1","10",6
"Fletcher","detection","Fezf1","10",7
"Fletcher","detection","Cxcr4","10",8
"Fletcher","detection","Aff3","10",9
"Fletcher","detection","Rcor1","10",10
"Fletcher","detection","Pcolce2","10",11
"Fletcher","detection","Lhx2","10",12
"Fletcher","detection","Myot","10",13
"Fletcher","detection","Cotl1","10",14
"Fletcher","detection","Elavl3","10",15
"Fletcher","detection","Arhgdig","10",16
"Fletcher","detection","LOC102631887","10",17
"Fletcher","detection","Spink5","10",18
"Fletcher","detection","Med12l","10",19
"Fletcher","detection","Thpo","10",20
"Fletcher","detection","Gap43","10",21
"Fletcher","detection","Ebf3","10",22
"Fletcher","detection","Myt1l","10",23
"Fletcher","detection","Atf5","10",24
"Fletcher","detection","Emx2","10",25
"Fletcher","detection","Kit","11",1
"Fletcher","detection","Sct","11",2
"Fletcher","detection","LOC632241","11",3
"Fletcher","detection","Gata6","11",4
"Fletcher","detection","Sptb","11",5
"Fletcher","detection","Rbm24","11",6
"Fletcher","detection","Cd44","11",7
"Fletcher","detection","Cited4","11",8
"Fletcher","detection","Pou2f3","11",9
"Fletcher","detection","Myb","11",10
"Fletcher","detection","Espn","11",11
"Fletcher","detection","Smoc2","11",12
"Fletcher","detection","Chdh","11",13
"Fletcher","detection","Nme1","11",14
"Fletcher","detection","Gm8789","11",15
"Fletcher","detection","Zfp217","11",16
"Fletcher","detection","Trpm5","11",17
"Fletcher","detection","Cldn10","11",18
"Fletcher","detection","Foxi1","11",19
"Fletcher","detection","Svopl","11",20
"Fletcher","detection","Prmt1","11",21
"Fletcher","detection","Hip1r","11",22
"Fletcher","detection","9430076C15Rik","11",23
"Fletcher","detection","Cdk2","11",24
"Fletcher","detection","Tes","11",25
"Fletcher","detection","Nrn1l","12",1
"Fletcher","detection","Umodl1","12",2
"Fletcher","detection","Jakmip1","12",3
"Fletcher","detection","Tusc5","12",4
"Fletcher","detection","Tmem74bos","12",5
"Fletcher","detection","Kcnc4","12",6
"Fletcher","detection","Ctxn3","12",7
"Fletcher","detection","Ccdc33","12",8
"Fletcher","detection","Cnga2","12",9
"Fletcher","detection","Acbd7","12",10
"Fletcher","detection","Dyrk4","12",11
"Fletcher","detection","Lrguk","12",12
"Fletcher","detection","Cartpt","12",13
"Fletcher","detection","Gm16119","12",14
"Fletcher","detection","Pde4a","12",15
"Fletcher","detection","Ttll6","12",16
"Fletcher","detection","Gadl1","12",17
"Fletcher","detection","Lpcat4","12",18
"Fletcher","detection","Enkur","12",19
"Fletcher","detection","Spef2","12",20
"Fletcher","detection","Fam81b","12",21
"Fletcher","detection","1110017D15Rik","12",22
"Fletcher","detection","Stoml3","12",23
"Fletcher","detection","Syt1","12",24
"Fletcher","detection","Fhad1","12",25
"Fletcher","detection","Grp","14",1
"Fletcher","detection","Cdyl2","14",2
"Fletcher","detection","Col9a2","14",3
"Fletcher","detection","Crabp1","14",4
"Fletcher","detection","Thsd7b","14",5
"Fletcher","detection","Cxcr4","14",6
"Fletcher","detection","Nhlh1","14",7
"Fletcher","detection","Mss51","14",8
"Fletcher","detection","Nhlh2","14",9
"Fletcher","detection","Fezf1","14",10
"Fletcher","detection","Cnpy1","14",11
"Fletcher","detection","Olig2","14",12
"Fletcher","detection","Kcnh8","14",13
"Fletcher","detection","Neurod1","14",14
"Fletcher","detection","Gng8","14",15
"Fletcher","detection","Lhx2","14",16
"Fletcher","detection","LOC102632564","14",17
"Fletcher","detection","Prex1","14",18
"Fletcher","detection","Selm","14",19
"Fletcher","detection","Dpysl5","14",20
"Fletcher","detection","Ebf3","14",21
"Fletcher","detection","Mapk4","14",22
"Fletcher","detection","Dynlrb2","14",23
"Fletcher","detection","Scg2","14",24
"Fletcher","detection","Mex3a","14",25
"Fletcher","detection","Dmrt2","15",1
"Fletcher","detection","LOC102640638","15",2
"Fletcher","detection","LOC102631514","15",3
"Fletcher","detection","Clcnka","15",4
"Fletcher","detection","Hepacam2","15",5
"Fletcher","detection","Atp6v0d2","15",6
"Fletcher","detection","Nt5e","15",7
"Fletcher","detection","Cspg5","15",8
"Fletcher","detection","Muc20","15",9
"Fletcher","detection","Foxi1","15",10
"Fletcher","detection","Gm933","15",11
"Fletcher","detection","Gng4","15",12
"Fletcher","detection","Foxi2","15",13
"Fletcher","detection","Plcg2","15",14
"Fletcher","detection","LOC102640720","15",15
"Fletcher","detection","Cftr","15",16
"Fletcher","detection","Scnn1b","15",17
"Fletcher","detection","Dgki","15",18
"Fletcher","detection","Moxd1","15",19
"Fletcher","detection","2610042L04Rik","15",20
"Fletcher","detection","Ascl3","15",21
"Fletcher","detection","Lcp2","15",22
"Fletcher","detection","Galnt13","15",23
"Fletcher","detection","Pde11a","15",24
"Fletcher","detection","Rcan2","15",25
"Fletcher","detection","Neurod1","2",1
"Fletcher","detection","Scg2","2",2
"Fletcher","detection","Neurog1","2",3
"Fletcher","detection","Mfng","2",4
"Fletcher","detection","Stil","2",5
"Fletcher","detection","Cdca8","2",6
"Fletcher","detection","Rbm24","2",7
"Fletcher","detection","Asf1b","2",8
"Fletcher","detection","Miat","2",9
"Fletcher","detection","Sgol1","2",10
"Fletcher","detection","Cep152","2",11
"Fletcher","detection","Spc25","2",12
"Fletcher","detection","Nuf2","2",13
"Fletcher","detection","Dlx3","2",14
"Fletcher","detection","Pbk","2",15
"Fletcher","detection","Ada","2",16
"Fletcher","detection","Poc1a","2",17
"Fletcher","detection","St18","2",18
"Fletcher","detection","Esco2","2",19
"Fletcher","detection","Kif4","2",20
"Fletcher","detection","Cdca3","2",21
"Fletcher","detection","Bub1","2",22
"Fletcher","detection","Elovl2","2",23
"Fletcher","detection","Ccna2","2",24
"Fletcher","detection","Rcor2","2",25
"Fletcher","detection","Ascl1","3",1
"Fletcher","detection","Rrm2","3",2
"Fletcher","detection","Aspm","3",3
"Fletcher","detection","Rfc4","3",4
"Fletcher","detection","Atp6v1g3","3",5
"Fletcher","detection","1190002F15Rik","3",6
"Fletcher","detection","Knstrn","3",7
"Fletcher","detection","Top2a","3",8
"Fletcher","detection","Tmprss4","3",9
"Fletcher","detection","Cenpm","3",10
"Fletcher","detection","Uhrf1","3",11
"Fletcher","detection","Sgol1","3",12
"Fletcher","detection","Cenpa","3",13
"Fletcher","detection","Cdca3","3",14
"Fletcher","detection","Dbf4","3",15
"Fletcher","detection","Kit","3",16
"Fletcher","detection","Esco2","3",17
"Fletcher","detection","Nusap1","3",18
"Fletcher","detection","Ndc80","3",19
"Fletcher","detection","Smc2","3",20
"Fletcher","detection","Dctpp1","3",21
"Fletcher","detection","Pbk","3",22
"Fletcher","detection","C330027C09Rik","3",23
"Fletcher","detection","Cdc20","3",24
"Fletcher","detection","Ccnb2","3",25
"Fletcher","detection","Gldn","4",1
"Fletcher","detection","Cyp1a2","4",2
"Fletcher","detection","Muc2","4",3
"Fletcher","detection","AU021092","4",4
"Fletcher","detection","Muc16","4",5
"Fletcher","detection","Muc2.1","4",6
"Fletcher","detection","Abca13","4",7
"Fletcher","detection","Dab2","4",8
"Fletcher","detection","Nipal1","4",9
"Fletcher","detection","Il33","4",10
"Fletcher","detection","Cd36","4",11
"Fletcher","detection","Gchfr","4",12
"Fletcher","detection","Sec14l2","4",13
"Fletcher","detection","Cyp2j6","4",14
"Fletcher","detection","Tmem213","4",15
"Fletcher","detection","Atp13a5","4",16
"Fletcher","detection","Cyp4f15","4",17
"Fletcher","detection","Tyro3","4",18
"Fletcher","detection","Tex33","4",19
"Fletcher","detection","Nadk2","4",20
"Fletcher","detection","Myo5c","4",21
"Fletcher","detection","Lgmn","4",22
"Fletcher","detection","Gipc2","4",23
"Fletcher","detection","Fbp2","4",24
"Fletcher","detection","Pon1","4",25
"Fletcher","detection","Gstm2-ps1","5",1
"Fletcher","detection","Cebpd","5",2
"Fletcher","detection","Il6","5",3
"Fletcher","detection","Lypd2","5",4
"Fletcher","detection","Bhlhe40","5",5
"Fletcher","detection","Hspb1","5",6
"Fletcher","detection","Cyr61","5",7
"Fletcher","detection","Ephx1","5",8
"Fletcher","detection","Fmo1","5",9
"Fletcher","detection","Aox2","5",10
"Fletcher","detection","Mgst1","5",11
"Fletcher","detection","Slc26a7","5",12
"Fletcher","detection","Socs3","5",13
"Fletcher","detection","Ifi27l2a","5",14
"Fletcher","detection","Rhoc","5",15
"Fletcher","detection","Mettl7a1","5",16
"Fletcher","detection","Anxa2","5",17
"Fletcher","detection","Scgb1c1","5",18
"Fletcher","detection","Aldoc","5",19
"Fletcher","detection","Arhgdib","5",20
"Fletcher","detection","Zfp36","5",21
"Fletcher","detection","Gpm6a","5",22
"Fletcher","detection","Hes1","5",23
"Fletcher","detection","Slc25a25","5",24
"Fletcher","detection","Zfp36l1","5",25
"Fletcher","detection","Fgf20","7",1
"Fletcher","detection","Abca13","7",2
"Fletcher","detection","Gldn","7",3
"Fletcher","detection","Cyp2a4","7",4
"Fletcher","detection","Plat","7",5
"Fletcher","detection","Cyp2j6","7",6
"Fletcher","detection","Sec14l2","7",7
"Fletcher","detection","Sftpd","7",8
"Fletcher","detection","Cldn4","7",9
"Fletcher","detection","Pdlim4","7",10
"Fletcher","detection","Tyro3","7",11
"Fletcher","detection","Rhoc","7",12
"Fletcher","detection","LOC101056163","7",13
"Fletcher","detection","Hey1","7",14
"Fletcher","detection","Tsku","7",15
"Fletcher","detection","Rhod","7",16
"Fletcher","detection","Cdh26","7",17
"Fletcher","detection","Rhov","7",18
"Fletcher","detection","Ppic","7",19
"Fletcher","detection","Tmod1","7",20
"Fletcher","detection","Rgs5","7",21
"Fletcher","detection","Myo5c","7",22
"Fletcher","detection","Gchfr","7",23
"Fletcher","detection","Il33","7",24
"Fletcher","detection","Atp6v1c2","7",25
"Fletcher","detection","Apoe","8",1
"Fletcher","detection","Srd5a2","8",2
"Fletcher","detection","Vit","8",3
"Fletcher","detection","Tsku","8",4
"Fletcher","detection","Fmo6","8",5
"Fletcher","detection","Trp63","8",6
"Fletcher","detection","Scgb1c1","8",7
"Fletcher","detection","Aqp5","8",8
"Fletcher","detection","Gpm6a","8",9
"Fletcher","detection","Gas1","8",10
"Fletcher","detection","Ephx1","8",11
"Fletcher","detection","Ptn","8",12
"Fletcher","detection","Thbs1","8",13
"Fletcher","detection","Hpgd","8",14
"Fletcher","detection","Camk1g","8",15
"Fletcher","detection","Ptrf","8",16
"Fletcher","detection","Esr1","8",17
"Fletcher","detection","Rassf2","8",18
"Fletcher","detection","Reep1","8",19
"Fletcher","detection","Cyr61","8",20
"Fletcher","detection","Aox2","8",21
"Fletcher","detection","Slc26a7","8",22
"Fletcher","detection","Ugt2a1","8",23
"Fletcher","detection","Ccnd2","8",24
"Fletcher","detection","Aqp4","8",25
"Fletcher","detection","Mef2b","9",1
"Fletcher","detection","Cpeb1","9",2
"Fletcher","detection","Arhgdig","9",3
"Fletcher","detection","Cntn4","9",4
"Fletcher","detection","Gap43","9",5
"Fletcher","detection","Nhlh1","9",6
"Fletcher","detection","Ptpdc1","9",7
"Fletcher","detection","Calb2","9",8
"Fletcher","detection","Trim66","9",9
"Fletcher","detection","Gng8","9",10
"Fletcher","detection","Aplp1","9",11
"Fletcher","detection","Atf5","9",12
"Fletcher","detection","Rd3","9",13
"Fletcher","detection","Kif5a","9",14
"Fletcher","detection","Clgn","9",15
"Fletcher","detection","Rnf144a","9",16
"Fletcher","detection","Gm581","9",17
"Fletcher","detection","Vim","9",18
"Fletcher","detection","Spock1","9",19
"Fletcher","detection","Homer2","9",20
"Fletcher","detection","Stmn3","9",21
"Fletcher","detection","Add2","9",22
"Fletcher","detection","Rtp2","9",23
"Fletcher","detection","Rtp1","9",24
"Fletcher","detection","Uchl1","9",25
"Fletcher","wilcox","Krt5","1",1
"Fletcher","wilcox","Car12","1",2
"Fletcher","wilcox","Slc6a6","1",3
"Fletcher","wilcox","Krt14","1",4
"Fletcher","wilcox","Krt17","1",5
"Fletcher","wilcox","Apoe","1",6
"Fletcher","wilcox","Trp63","1",7
"Fletcher","wilcox","Fxyd3","1",8
"Fletcher","wilcox","Dst","1",9
"Fletcher","wilcox","Rps27","1",10
"Fletcher","wilcox","Col17a1","1",11
"Fletcher","wilcox","Ccnd2","1",12
"Fletcher","wilcox","Col23a1","1",13
"Fletcher","wilcox","Efemp1","1",14
"Fletcher","wilcox","Gclm","1",15
"Fletcher","wilcox","Nrcam","1",16
"Fletcher","wilcox","Lamb3","1",17
"Fletcher","wilcox","Sema3d","1",18
"Fletcher","wilcox","Cyr61","1",19
"Fletcher","wilcox","Crim1","1",20
"Fletcher","wilcox","Dapl1","1",21
"Fletcher","wilcox","F3","1",22
"Fletcher","wilcox","Hpgd","1",23
"Fletcher","wilcox","Ifitm3","1",24
"Fletcher","wilcox","Itgb4","1",25
"Fletcher","wilcox","Ldhb","10",1
"Fletcher","wilcox","Rcor1","10",2
"Fletcher","wilcox","Ebf1","10",3
"Fletcher","wilcox","Qdpr","10",4
"Fletcher","wilcox","Crabp1","10",5
"Fletcher","wilcox","LOC102632564","10",6
"Fletcher","wilcox","Zmynd8","10",7
"Fletcher","wilcox","Ssbp2","10",8
"Fletcher","wilcox","Cotl1","10",9
"Fletcher","wilcox","LOC102633765","10",10
"Fletcher","wilcox","Ebf2","10",11
"Fletcher","wilcox","Myt1l","10",12
"Fletcher","wilcox","Spin1","10",13
"Fletcher","wilcox","Dpysl2","10",14
"Fletcher","wilcox","Sertad2","10",15
"Fletcher","wilcox","Hdac2","10",16
"Fletcher","wilcox","Ebf3","10",17
"Fletcher","wilcox","Cpsf6","10",18
"Fletcher","wilcox","Tshz1","10",19
"Fletcher","wilcox","Dpysl3","10",20
"Fletcher","wilcox","Sox11","10",21
"Fletcher","wilcox","Ell3","10",22
"Fletcher","wilcox","Fezf1","10",23
"Fletcher","wilcox","Tex15","10",24
"Fletcher","wilcox","Med12l","10",25
"Fletcher","wilcox","Kit","11",1
"Fletcher","wilcox","Rpl14","11",2
"Fletcher","wilcox","Rplp0","11",3
"Fletcher","wilcox","Rpl18a","11",4
"Fletcher","wilcox","Svopl","11",5
"Fletcher","wilcox","Npm1","11",6
"Fletcher","wilcox","Nme1","11",7
"Fletcher","wilcox","Rpl3","11",8
"Fletcher","wilcox","Hnrnpa1","11",9
"Fletcher","wilcox","Tes","11",10
"Fletcher","wilcox","Rbm24","11",11
"Fletcher","wilcox","Sox9","11",12
"Fletcher","wilcox","Rgs5","11",13
"Fletcher","wilcox","Rpsa","11",14
"Fletcher","wilcox","Eef1b2","11",15
"Fletcher","wilcox","Ppp1cb","11",16
"Fletcher","wilcox","Ddx46","11",17
"Fletcher","wilcox","G3bp1","11",18
"Fletcher","wilcox","Rps3","11",19
"Fletcher","wilcox","Cdk6","11",20
"Fletcher","wilcox","Cd44","11",21
"Fletcher","wilcox","Tjp2","11",22
"Fletcher","wilcox","Smoc2","11",23
"Fletcher","wilcox","Chchd3","11",24
"Fletcher","wilcox","Zfp266","11",25
"Fletcher","wilcox","Stoml3","12",1
"Fletcher","wilcox","Omp","12",2
"Fletcher","wilcox","Calm1","12",3
"Fletcher","wilcox","Gnal","12",4
"Fletcher","wilcox","Plekhb1","12",5
"Fletcher","wilcox","Gng13","12",6
"Fletcher","wilcox","Stom","12",7
"Fletcher","wilcox","Jakmip1","12",8
"Fletcher","wilcox","Fam213b","12",9
"Fletcher","wilcox","Gnb1","12",10
"Fletcher","wilcox","Acbd7","12",11
"Fletcher","wilcox","Cnga2","12",12
"Fletcher","wilcox","Pde4a","12",13
"Fletcher","wilcox","Ctxn3","12",14
"Fletcher","wilcox","Gm581","12",15
"Fletcher","wilcox","Chga","12",16
"Fletcher","wilcox","Cntn4","12",17
"Fletcher","wilcox","Sult1d1","12",18
"Fletcher","wilcox","Serpine2","12",19
"Fletcher","wilcox","Ak1","12",20
"Fletcher","wilcox","Syt1","12",21
"Fletcher","wilcox","Lrguk","12",22
"Fletcher","wilcox","Fgf12","12",23
"Fletcher","wilcox","Nsg1","12",24
"Fletcher","wilcox","Clgn","12",25
"Fletcher","wilcox","Twf1","14",1
"Fletcher","wilcox","Smchd1","14",2
"Fletcher","wilcox","Lhx2","14",3
"Fletcher","wilcox","Crabp1","14",4
"Fletcher","wilcox","Ptma","14",5
"Fletcher","wilcox","Sox11","14",6
"Fletcher","wilcox","Selm","14",7
"Fletcher","wilcox","Cdyl2","14",8
"Fletcher","wilcox","Thsd7b","14",9
"Fletcher","wilcox","Mapk4","14",10
"Fletcher","wilcox","Elavl4","14",11
"Fletcher","wilcox","Fezf1","14",12
"Fletcher","wilcox","Grp","14",13
"Fletcher","wilcox","Baz1a","14",14
"Fletcher","wilcox","Nrep","14",15
"Fletcher","wilcox","Mdm1","14",16
"Fletcher","wilcox","Nhlh2","14",17
"Fletcher","wilcox","Epb4.1","14",18
"Fletcher","wilcox","Qdpr","14",19
"Fletcher","wilcox","Clmn","14",20
"Fletcher","wilcox","Rnf182","14",21
"Fletcher","wilcox","Nhlh1","14",22
"Fletcher","wilcox","Enc1","14",23
"Fletcher","wilcox","Bcl2l1","14",24
"Fletcher","wilcox","Mex3a","14",25
"Fletcher","wilcox","Pam","15",1
"Fletcher","wilcox","Stap1","15",2
"Fletcher","wilcox","Ascl3","15",3
"Fletcher","wilcox","Cftr","15",4
"Fletcher","wilcox","Hepacam2","15",5
"Fletcher","wilcox","LOC102640720","15",6
"Fletcher","wilcox","Dgki","15",7
"Fletcher","wilcox","Tfcp2l1","15",8
"Fletcher","wilcox","Atp7a","15",9
"Fletcher","wilcox","Cd24a","15",10
"Fletcher","wilcox","Moxd1","15",11
"Fletcher","wilcox","Gm933","15",12
"Fletcher","wilcox","Dmrt2","15",13
"Fletcher","wilcox","Coch","15",14
"Fletcher","wilcox","Tmprss13","15",15
"Fletcher","wilcox","Iqgap1","15",16
"Fletcher","wilcox","Galnt13","15",17
"Fletcher","wilcox","Rcan2","15",18
"Fletcher","wilcox","Foxi1","15",19
"Fletcher","wilcox","P2ry14","15",20
"Fletcher","wilcox","Pfkp","15",21
"Fletcher","wilcox","LOC102640638","15",22
"Fletcher","wilcox","Slc12a2","15",23
"Fletcher","wilcox","Myo1b","15",24
"Fletcher","wilcox","Scnn1a","15",25
"Fletcher","wilcox","Neurod1","2",1
"Fletcher","wilcox","Rbm24","2",2
"Fletcher","wilcox","Cep152","2",3
"Fletcher","wilcox","Ccp110","2",4
"Fletcher","wilcox","Scg2","2",5
"Fletcher","wilcox","Mdm1","2",6
"Fletcher","wilcox","Stil","2",7
"Fletcher","wilcox","Mfng","2",8
"Fletcher","wilcox","Elavl4","2",9
"Fletcher","wilcox","Hmgb2","2",10
"Fletcher","wilcox","Hmgn2","2",11
"Fletcher","wilcox","Mex3a","2",12
"Fletcher","wilcox","Sox11","2",13
"Fletcher","wilcox","Ptma","2",14
"Fletcher","wilcox","Dnase2a","2",15
"Fletcher","wilcox","Gadd45a","2",16
"Fletcher","wilcox","Smarcd2","2",17
"Fletcher","wilcox","2810417H13Rik","2",18
"Fletcher","wilcox","Tmem2","2",19
"Fletcher","wilcox","Mybl1","2",20
"Fletcher","wilcox","Mki67","2",21
"Fletcher","wilcox","Mdk","2",22
"Fletcher","wilcox","Cdca8","2",23
"Fletcher","wilcox","Smc4","2",24
"Fletcher","wilcox","H2afz","2",25
"Fletcher","wilcox","H2afz","3",1
"Fletcher","wilcox","Hmgn2","3",2
"Fletcher","wilcox","Top2a","3",3
"Fletcher","wilcox","Hmgb2","3",4
"Fletcher","wilcox","Uhrf1","3",5
"Fletcher","wilcox","Smc2","3",6
"Fletcher","wilcox","Rrm2","3",7
"Fletcher","wilcox","Mki67","3",8
"Fletcher","wilcox","Hmgb1","3",9
"Fletcher","wilcox","Rfc4","3",10
"Fletcher","wilcox","Cdk4","3",11
"Fletcher","wilcox","Kit","3",12
"Fletcher","wilcox","Hes6","3",13
"Fletcher","wilcox","Impdh2","3",14
"Fletcher","wilcox","Rrm1","3",15
"Fletcher","wilcox","Tmprss4","3",16
"Fletcher","wilcox","Mybl1","3",17
"Fletcher","wilcox","Ascl1","3",18
"Fletcher","wilcox","2810417H13Rik","3",19
"Fletcher","wilcox","Pbk","3",20
"Fletcher","wilcox","Ccnd1","3",21
"Fletcher","wilcox","Ccp110","3",22
"Fletcher","wilcox","Hdgf","3",23
"Fletcher","wilcox","Mycl","3",24
"Fletcher","wilcox","Cks1b","3",25
"Fletcher","wilcox","Cyp1a2","4",1
"Fletcher","wilcox","Sec14l3","4",2
"Fletcher","wilcox","Pon1","4",3
"Fletcher","wilcox","Gldn","4",4
"Fletcher","wilcox","Cyp2g1","4",5
"Fletcher","wilcox","Abca13","4",6
"Fletcher","wilcox","Agr2","4",7
"Fletcher","wilcox","Muc2.1","4",8
"Fletcher","wilcox","Muc16","4",9
"Fletcher","wilcox","Cyp2a5","4",10
"Fletcher","wilcox","Il33","4",11
"Fletcher","wilcox","Sec14l2","4",12
"Fletcher","wilcox","Atp13a5","4",13
"Fletcher","wilcox","Cyb5","4",14
"Fletcher","wilcox","Cd36","4",15
"Fletcher","wilcox","Mgst1","4",16
"Fletcher","wilcox","Cyp2j6","4",17
"Fletcher","wilcox","Lpgat1","4",18
"Fletcher","wilcox","AU021092","4",19
"Fletcher","wilcox","Por","4",20
"Fletcher","wilcox","Ppp1r16b","4",21
"Fletcher","wilcox","Tyro3","4",22
"Fletcher","wilcox","Nadk2","4",23
"Fletcher","wilcox","Cdh26","4",24
"Fletcher","wilcox","Pgrmc1","4",25
"Fletcher","wilcox","Gstm1","5",1
"Fletcher","wilcox","Cyp2f2","5",2
"Fletcher","wilcox","Gstm2","5",3
"Fletcher","wilcox","Scgb1c1","5",4
"Fletcher","wilcox","Prdx6","5",5
"Fletcher","wilcox","Ptn","5",6
"Fletcher","wilcox","Bhlhe40","5",7
"Fletcher","wilcox","Zfp36","5",8
"Fletcher","wilcox","Ephx1","5",9
"Fletcher","wilcox","Irf1","5",10
"Fletcher","wilcox","Fos","5",11
"Fletcher","wilcox","Fth1","5",12
"Fletcher","wilcox","Ces1d","5",13
"Fletcher","wilcox","Ugt2a1","5",14
"Fletcher","wilcox","Aox2","5",15
"Fletcher","wilcox","Fosb","5",16
"Fletcher","wilcox","Zfp36l1","5",17
"Fletcher","wilcox","Gpm6a","5",18
"Fletcher","wilcox","Lypd2","5",19
"Fletcher","wilcox","Epas1","5",20
"Fletcher","wilcox","Mt1","5",21
"Fletcher","wilcox","Slc25a25","5",22
"Fletcher","wilcox","Clu","5",23
"Fletcher","wilcox","Atf3","5",24
"Fletcher","wilcox","Tst","5",25
"Fletcher","wilcox","Ptp4a1","7",1
"Fletcher","wilcox","Cyp2a5","7",2
"Fletcher","wilcox","Cyp2g1","7",3
"Fletcher","wilcox","Rgs5","7",4
"Fletcher","wilcox","Abca13","7",5
"Fletcher","wilcox","Krt18","7",6
"Fletcher","wilcox","Mgst1","7",7
"Fletcher","wilcox","Sec14l3","7",8
"Fletcher","wilcox","Agr2","7",9
"Fletcher","wilcox","Ugt2a2","7",10
"Fletcher","wilcox","Cyp2j6","7",11
"Fletcher","wilcox","Gldn","7",12
"Fletcher","wilcox","Por","7",13
"Fletcher","wilcox","Sod1","7",14
"Fletcher","wilcox","Krt8","7",15
"Fletcher","wilcox","Cyb5","7",16
"Fletcher","wilcox","Actb","7",17
"Fletcher","wilcox","Blvrb","7",18
"Fletcher","wilcox","Sult1c1","7",19
"Fletcher","wilcox","Sec14l2","7",20
"Fletcher","wilcox","Nupr1","7",21
"Fletcher","wilcox","F2rl1","7",22
"Fletcher","wilcox","Tst","7",23
"Fletcher","wilcox","Pon3","7",24
"Fletcher","wilcox","Gabarapl1","7",25
"Fletcher","wilcox","Rps27","8",1
"Fletcher","wilcox","Tsku","8",2
"Fletcher","wilcox","Apoe","8",3
"Fletcher","wilcox","Scgb1c1","8",4
"Fletcher","wilcox","Notch2","8",5
"Fletcher","wilcox","Ugt2a1","8",6
"Fletcher","wilcox","Myh9","8",7
"Fletcher","wilcox","Slc6a6","8",8
"Fletcher","wilcox","Malat1","8",9
"Fletcher","wilcox","Vit","8",10
"Fletcher","wilcox","Fth1","8",11
"Fletcher","wilcox","Srd5a2","8",12
"Fletcher","wilcox","Aqp3","8",13
"Fletcher","wilcox","Gpm6a","8",14
"Fletcher","wilcox","Sdc4","8",15
"Fletcher","wilcox","Fmo6","8",16
"Fletcher","wilcox","Ces1d","8",17
"Fletcher","wilcox","Ptn","8",18
"Fletcher","wilcox","Spry2","8",19
"Fletcher","wilcox","Cbr2","8",20
"Fletcher","wilcox","Gas1","8",21
"Fletcher","wilcox","Hes1","8",22
"Fletcher","wilcox","Cyp2f2","8",23
"Fletcher","wilcox","Gja1","8",24
"Fletcher","wilcox","Dapl1","8",25
"Fletcher","wilcox","Gap43","9",1
"Fletcher","wilcox","Stmn2","9",2
"Fletcher","wilcox","Tuba1a","9",3
"Fletcher","wilcox","Gng8","9",4
"Fletcher","wilcox","Trim66","9",5
"Fletcher","wilcox","Ncam1","9",6
"Fletcher","wilcox","Stmn1","9",7
"Fletcher","wilcox","Gm11223","9",8
"Fletcher","wilcox","Rtn1","9",9
"Fletcher","wilcox","Calb2","9",10
"Fletcher","wilcox","Dpysl3","9",11
"Fletcher","wilcox","Prune2","9",12
"Fletcher","wilcox","Vim","9",13
"Fletcher","wilcox","Dcx","9",14
"Fletcher","wilcox","Spock1","9",15
"Fletcher","wilcox","Arhgdig","9",16
"Fletcher","wilcox","Cntn4","9",17
"Fletcher","wilcox","Gnb1","9",18
"Fletcher","wilcox","Scn9a","9",19
"Fletcher","wilcox","Flrt1","9",20
"Fletcher","wilcox","Atf5","9",21
"Fletcher","wilcox","Mgst3","9",22
"Fletcher","wilcox","Stmn3","9",23
"Fletcher","wilcox","Gm581","9",24
"Fletcher","wilcox","Fstl5","9",25
"Koh","hurdle","ENSG00000156574.9","H7_derived_APS",1
"Koh","hurdle","ENSG00000143951.15","H7_derived_APS",2
"Koh","hurdle","ENSG00000185155.11","H7_derived_APS",3
"Koh","hurdle","ENSG00000147869.4","H7_derived_APS",4
"Koh","hurdle","ENSG00000280707.2","H7_derived_APS",5
"Koh","hurdle","ENSG00000163508.12","H7_derived_APS",6
"Koh","hurdle","ENSG00000164687.10","H7_derived_APS",7
"Koh","hurdle","ENSG00000104371.4","H7_derived_APS",8
"Koh","hurdle","ENSG00000185885.15","H7_derived_APS",9
"Koh","hurdle","ENSG00000164458.9","H7_derived_APS",10
"Koh","hurdle","ENSG00000104267.9","H7_derived_APS",11
"Koh","hurdle","ENSG00000153363.12","H7_derived_APS",12
"Koh","hurdle","ENSG00000115758.12","H7_derived_APS",13
"Koh","hurdle","ENSG00000174469.17","H7_derived_APS",14
"Koh","hurdle","ENSG00000240563.1","H7_derived_APS",15
"Koh","hurdle","ENSG00000107984.9","H7_derived_APS",16
"Koh","hurdle","ENSG00000118640.10","H7_derived_APS",17
"Koh","hurdle","ENSG00000072210.18","H7_derived_APS",18
"Koh","hurdle","ENSG00000165732.12","H7_derived_APS",19
"Koh","hurdle","ENSG00000249532.3","H7_derived_APS",20
"Koh","hurdle","ENSG00000137285.9","H7_derived_APS",21
"Koh","hurdle","ENSG00000010278.11","H7_derived_APS",22
"Koh","hurdle","ENSG00000148834.12","H7_derived_APS",23
"Koh","hurdle","ENSG00000251637.6","H7_derived_APS",24
"Koh","hurdle","ENSG00000183943.5","H7_derived_APS",25
"Koh","hurdle","ENSG00000136698.8","H7_derived_D2LtM",1
"Koh","hurdle","ENSG00000172201.10","H7_derived_D2LtM",2
"Koh","hurdle","ENSG00000016082.14","H7_derived_D2LtM",3
"Koh","hurdle","ENSG00000113196.2","H7_derived_D2LtM",4
"Koh","hurdle","ENSG00000115738.9","H7_derived_D2LtM",5
"Koh","hurdle","ENSG00000117318.8","H7_derived_D2LtM",6
"Koh","hurdle","ENSG00000283060.1","H7_derived_D2LtM",7
"Koh","hurdle","ENSG00000184304.14","H7_derived_D2LtM",8
"Koh","hurdle","ENSG00000170542.5","H7_derived_D2LtM",9
"Koh","hurdle","ENSG00000181744.8","H7_derived_D2LtM",10
"Koh","hurdle","ENSG00000170381.12","H7_derived_D2LtM",11
"Koh","hurdle","ENSG00000138814.16","H7_derived_D2LtM",12
"Koh","hurdle","ENSG00000136383.6","H7_derived_D2LtM",13
"Koh","hurdle","ENSG00000228253.1","H7_derived_D2LtM",14
"Koh","hurdle","ENSG00000123119.11","H7_derived_D2LtM",15
"Koh","hurdle","ENSG00000164619.8","H7_derived_D2LtM",16
"Koh","hurdle","ENSG00000124145.6","H7_derived_D2LtM",17
"Koh","hurdle","ENSG00000198886.2","H7_derived_D2LtM",18
"Koh","hurdle","ENSG00000198712.1","H7_derived_D2LtM",19
"Koh","hurdle","ENSG00000164292.12","H7_derived_D2LtM",20
"Koh","hurdle","ENSG00000248527.1","H7_derived_D2LtM",21
"Koh","hurdle","ENSG00000146457.14","H7_derived_D2LtM",22
"Koh","hurdle","ENSG00000169045.17","H7_derived_D2LtM",23
"Koh","hurdle","ENSG00000198899.2","H7_derived_D2LtM",24
"Koh","hurdle","ENSG00000213639.9","H7_derived_D2LtM",25
"Koh","hurdle","ENSG00000113361.12","H7_derived_D5CntrlDrmmtm",1
"Koh","hurdle","ENSG00000021645.18","H7_derived_D5CntrlDrmmtm",2
"Koh","hurdle","ENSG00000077943.7","H7_derived_D5CntrlDrmmtm",3
"Koh","hurdle","ENSG00000121039.9","H7_derived_D5CntrlDrmmtm",4
"Koh","hurdle","ENSG00000144857.14","H7_derived_D5CntrlDrmmtm",5
"Koh","hurdle","ENSG00000145721.11","H7_derived_D5CntrlDrmmtm",6
"Koh","hurdle","ENSG00000078018.19","H7_derived_D5CntrlDrmmtm",7
"Koh","hurdle","ENSG00000166426.7","H7_derived_D5CntrlDrmmtm",8
"Koh","hurdle","ENSG00000026025.13","H7_derived_D5CntrlDrmmtm",9
"Koh","hurdle","ENSG00000079215.13","H7_derived_D5CntrlDrmmtm",10
"Koh","hurdle","ENSG00000118257.16","H7_derived_D5CntrlDrmmtm",11
"Koh","hurdle","ENSG00000166450.12","H7_derived_D5CntrlDrmmtm",12
"Koh","hurdle","ENSG00000018625.14","H7_derived_D5CntrlDrmmtm",13
"Koh","hurdle","ENSG00000130066.16","H7_derived_D5CntrlDrmmtm",14
"Koh","hurdle","ENSG00000182670.13","H7_derived_D5CntrlDrmmtm",15
"Koh","hurdle","ENSG00000171914.14","H7_derived_D5CntrlDrmmtm",16
"Koh","hurdle","ENSG00000251562.7","H7_derived_D5CntrlDrmmtm",17
"Koh","hurdle","ENSG00000143924.18","H7_derived_D5CntrlDrmmtm",18
"Koh","hurdle","ENSG00000139163.15","H7_derived_D5CntrlDrmmtm",19
"Koh","hurdle","ENSG00000198300.12","H7_derived_D5CntrlDrmmtm",20
"Koh","hurdle","ENSG00000166135.13","H7_derived_D5CntrlDrmmtm",21
"Koh","hurdle","ENSG00000113369.8","H7_derived_D5CntrlDrmmtm",22
"Koh","hurdle","ENSG00000145147.19","H7_derived_D5CntrlDrmmtm",23
"Koh","hurdle","ENSG00000154639.18","H7_derived_D5CntrlDrmmtm",24
"Koh","hurdle","ENSG00000146374.13","H7_derived_DLL1pPXM",1
"Koh","hurdle","ENSG00000164761.8","H7_derived_DLL1pPXM",2
"Koh","hurdle","ENSG00000151379.3","H7_derived_DLL1pPXM",3
"Koh","hurdle","ENSG00000006128.11","H7_derived_DLL1pPXM",4
"Koh","hurdle","ENSG00000105991.7","H7_derived_DLL1pPXM",5
"Koh","hurdle","ENSG00000049249.8","H7_derived_DLL1pPXM",6
"Koh","hurdle","ENSG00000249036.1","H7_derived_DLL1pPXM",7
"Koh","hurdle","ENSG00000260834.1","H7_derived_DLL1pPXM",8
"Koh","hurdle","ENSG00000213694.3","H7_derived_DLL1pPXM",9
"Koh","hurdle","ENSG00000139318.7","H7_derived_DLL1pPXM",10
"Koh","hurdle","ENSG00000120093.11","H7_derived_DLL1pPXM",11
"Koh","hurdle","ENSG00000142556.18","H7_derived_DLL1pPXM",12
"Koh","hurdle","ENSG00000136928.5","H7_derived_DLL1pPXM",13
"Koh","hurdle","ENSG00000155158.20","H7_derived_DLL1pPXM",14
"Koh","hurdle","ENSG00000005020.12","H7_derived_DLL1pPXM",15
"Koh","hurdle","ENSG00000085871.8","H7_derived_DLL1pPXM",16
"Koh","hurdle","ENSG00000175426.10","H7_derived_DLL1pPXM",17
"Koh","hurdle","ENSG00000114115.9","H7_derived_DLL1pPXM",18
"Koh","hurdle","ENSG00000121966.6","H7_derived_DLL1pPXM",19
"Koh","hurdle","ENSG00000164318.17","H7_derived_DLL1pPXM",20
"Koh","hurdle","ENSG00000260266.1","H7_derived_DLL1pPXM",21
"Koh","hurdle","ENSG00000096696.13","H7_derived_DLL1pPXM",22
"Koh","hurdle","ENSG00000128918.14","H7_derived_DLL1pPXM",23
"Koh","hurdle","ENSG00000181467.3","H7_derived_DLL1pPXM",24
"Koh","hurdle","ENSG00000106484.14","H7_derived_DLL1pPXM",25
"Koh","hurdle","ENSG00000147223.5","H7_derived_ESMT",1
"Koh","hurdle","ENSG00000135678.11","H7_derived_ESMT",2
"Koh","hurdle","ENSG00000053438.8","H7_derived_ESMT",3
"Koh","hurdle","ENSG00000275428.2","H7_derived_ESMT",4
"Koh","hurdle","ENSG00000221866.9","H7_derived_ESMT",5
"Koh","hurdle","ENSG00000185585.19","H7_derived_ESMT",6
"Koh","hurdle","ENSG00000124212.5","H7_derived_ESMT",7
"Koh","hurdle","ENSG00000104435.13","H7_derived_ESMT",8
"Koh","hurdle","ENSG00000005102.12","H7_derived_ESMT",9
"Koh","hurdle","ENSG00000156298.12","H7_derived_ESMT",10
"Koh","hurdle","ENSG00000229183.8","H7_derived_ESMT",11
"Koh","hurdle","ENSG00000197769.5","H7_derived_ESMT",12
"Koh","hurdle","ENSG00000256713.7","H7_derived_ESMT",13
"Koh","hurdle","ENSG00000150687.11","H7_derived_ESMT",14
"Koh","hurdle","ENSG00000115525.16","H7_derived_ESMT",15
"Koh","hurdle","ENSG00000149294.16","H7_derived_ESMT",16
"Koh","hurdle","ENSG00000123191.14","H7_derived_ESMT",17
"Koh","hurdle","ENSG00000197321.14","H7_derived_ESMT",18
"Koh","hurdle","ENSG00000182718.16","H7_derived_ESMT",19
"Koh","hurdle","ENSG00000108821.13","H7_derived_ESMT",20
"Koh","hurdle","ENSG00000099194.5","H7_derived_ESMT",21
"Koh","hurdle","ENSG00000066468.20","H7_derived_ESMT",22
"Koh","hurdle","ENSG00000149591.16","H7_derived_ESMT",23
"Koh","hurdle","ENSG00000120594.16","H7_derived_ESMT",24
"Koh","hurdle","ENSG00000198960.10","H7_derived_ESMT",25
"Koh","hurdle","ENSG00000280623.1","H7_derived_MPS",1
"Koh","hurdle","ENSG00000055732.12","H7_derived_MPS",2
"Koh","hurdle","ENSG00000153363.12","H7_derived_MPS",3
"Koh","hurdle","ENSG00000251637.6","H7_derived_MPS",4
"Koh","hurdle","ENSG00000156966.6","H7_derived_MPS",5
"Koh","hurdle","ENSG00000136603.13","H7_derived_MPS",6
"Koh","hurdle","ENSG00000277641.2","H7_derived_MPS",7
"Koh","hurdle","ENSG00000185885.15","H7_derived_MPS",8
"Koh","hurdle","ENSG00000170542.5","H7_derived_MPS",9
"Koh","hurdle","ENSG00000148834.12","H7_derived_MPS",10
"Koh","hurdle","ENSG00000164458.9","H7_derived_MPS",11
"Koh","hurdle","ENSG00000128294.15","H7_derived_MPS",12
"Koh","hurdle","ENSG00000177565.15","H7_derived_MPS",13
"Koh","hurdle","ENSG00000140022.9","H7_derived_MPS",14
"Koh","hurdle","ENSG00000164687.10","H7_derived_MPS",15
"Koh","hurdle","ENSG00000124532.14","H7_derived_MPS",16
"Koh","hurdle","ENSG00000108379.9","H7_derived_MPS",17
"Koh","hurdle","ENSG00000165186.10","H7_derived_MPS",18
"Koh","hurdle","ENSG00000165527.6","H7_derived_MPS",19
"Koh","hurdle","ENSG00000129682.13","H7_derived_MPS",20
"Koh","hurdle","ENSG00000240563.1","H7_derived_MPS",21
"Koh","hurdle","ENSG00000164300.15","H7_derived_MPS",22
"Koh","hurdle","ENSG00000107984.9","H7_derived_MPS",23
"Koh","hurdle","ENSG00000104371.4","H7_derived_MPS",24
"Koh","hurdle","ENSG00000111110.11","H7_derived_MPS",25
"Koh","hurdle","ENSG00000168542.12","H7_derived_Sclrtm",1
"Koh","hurdle","ENSG00000099260.10","H7_derived_Sclrtm",2
"Koh","hurdle","ENSG00000152785.6","H7_derived_Sclrtm",3
"Koh","hurdle","ENSG00000169122.11","H7_derived_Sclrtm",4
"Koh","hurdle","ENSG00000092607.13","H7_derived_Sclrtm",5
"Koh","hurdle","ENSG00000128573.23","H7_derived_Sclrtm",6
"Koh","hurdle","ENSG00000174136.11","H7_derived_Sclrtm",7
"Koh","hurdle","ENSG00000139219.17","H7_derived_Sclrtm",8
"Koh","hurdle","ENSG00000185070.10","H7_derived_Sclrtm",9
"Koh","hurdle","ENSG00000115461.4","H7_derived_Sclrtm",10
"Koh","hurdle","ENSG00000187068.2","H7_derived_Sclrtm",11
"Koh","hurdle","ENSG00000105894.11","H7_derived_Sclrtm",12
"Koh","hurdle","ENSG00000092969.11","H7_derived_Sclrtm",13
"Koh","hurdle","ENSG00000277443.1","H7_derived_Sclrtm",14
"Koh","hurdle","ENSG00000138696.10","H7_derived_Sclrtm",15
"Koh","hurdle","ENSG00000106333.12","H7_derived_Sclrtm",16
"Koh","hurdle","ENSG00000164161.9","H7_derived_Sclrtm",17
"Koh","hurdle","ENSG00000176692.5","H7_derived_Sclrtm",18
"Koh","hurdle","ENSG00000104332.11","H7_derived_Sclrtm",19
"Koh","hurdle","ENSG00000138829.10","H7_derived_Sclrtm",20
"Koh","hurdle","ENSG00000114861.18","H7_derived_Sclrtm",21
"Koh","hurdle","ENSG00000162944.10","H7_derived_Sclrtm",22
"Koh","hurdle","ENSG00000180730.4","H7_derived_Sclrtm",23
"Koh","hurdle","ENSG00000137831.14","H7_derived_Sclrtm",24
"Koh","hurdle","ENSG00000176887.6","H7_derived_Sclrtm",25
"Koh","hurdle","ENSG00000152137.6","H7_dreived_D2.25_Smtmrs",1
"Koh","hurdle","ENSG00000061492.11","H7_dreived_D2.25_Smtmrs",2
"Koh","hurdle","ENSG00000180616.8","H7_dreived_D2.25_Smtmrs",3
"Koh","hurdle","ENSG00000171345.13","H7_dreived_D2.25_Smtmrs",4
"Koh","hurdle","ENSG00000261604.1","H7_dreived_D2.25_Smtmrs",5
"Koh","hurdle","ENSG00000159251.6","H7_dreived_D2.25_Smtmrs",6
"Koh","hurdle","ENSG00000075388.3","H7_dreived_D2.25_Smtmrs",7
"Koh","hurdle","ENSG00000182718.16","H7_dreived_D2.25_Smtmrs",8
"Koh","hurdle","ENSG00000155657.24","H7_dreived_D2.25_Smtmrs",9
"Koh","hurdle","ENSG00000158710.14","H7_dreived_D2.25_Smtmrs",10
"Koh","hurdle","ENSG00000166963.12","H7_dreived_D2.25_Smtmrs",11
"Koh","hurdle","ENSG00000088986.10","H7_dreived_D2.25_Smtmrs",12
"Koh","hurdle","ENSG00000067082.14","H7_dreived_D2.25_Smtmrs",13
"Koh","hurdle","ENSG00000092820.17","H7_dreived_D2.25_Smtmrs",14
"Koh","hurdle","ENSG00000167552.13","H7_dreived_D2.25_Smtmrs",15
"Koh","hurdle","ENSG00000197461.13","H7_dreived_D2.25_Smtmrs",16
"Koh","hurdle","ENSG00000078596.10","H7_dreived_D2.25_Smtmrs",17
"Koh","hurdle","ENSG00000105855.9","H7_dreived_D2.25_Smtmrs",18
"Koh","hurdle","ENSG00000163492.13","H7_dreived_D2.25_Smtmrs",19
"Koh","hurdle","ENSG00000164924.17","H7_dreived_D2.25_Smtmrs",20
"Koh","hurdle","ENSG00000106484.14","H7_dreived_D2.25_Smtmrs",21
"Koh","hurdle","ENSG00000135046.13","H7_dreived_D2.25_Smtmrs",22
"Koh","hurdle","ENSG00000213853.9","H7_dreived_D2.25_Smtmrs",23
"Koh","hurdle","ENSG00000181019.12","H7_dreived_D2.25_Smtmrs",24
"Koh","hurdle","ENSG00000254934.5","H7hESC",1
"Koh","hurdle","ENSG00000132297.11","H7hESC",2
"Koh","hurdle","ENSG00000251292.1","H7hESC",3
"Koh","hurdle","ENSG00000254339.5","H7hESC",4
"Koh","hurdle","ENSG00000275216.1","H7hESC",5
"Koh","hurdle","ENSG00000265992.1","H7hESC",6
"Koh","hurdle","ENSG00000197462.3","H7hESC",7
"Koh","hurdle","ENSG00000136014.11","H7hESC",8
"Koh","hurdle","ENSG00000164265.8","H7hESC",9
"Koh","hurdle","ENSG00000154237.12","H7hESC",10
"Koh","hurdle","ENSG00000176485.10","H7hESC",11
"Koh","hurdle","ENSG00000254277.1","H7hESC",12
"Koh","hurdle","ENSG00000102096.9","H7hESC",13
"Koh","hurdle","ENSG00000125144.13","H7hESC",14
"Koh","hurdle","ENSG00000147601.13","H7hESC",15
"Koh","hurdle","ENSG00000187193.8","H7hESC",16
"Koh","hurdle","ENSG00000241186.7","H7hESC",17
"Koh","hurdle","ENSG00000272398.5","H7hESC",18
"Koh","hurdle","ENSG00000236673.5","H7hESC",19
"Koh","hurdle","ENSG00000113356.10","H7hESC",20
"Koh","hurdle","ENSG00000126010.5","H7hESC",21
"Koh","hurdle","ENSG00000145423.4","H7hESC",22
"Koh","hurdle","ENSG00000136110.12","H7hESC",23
"Koh","hurdle","ENSG00000154556.17","H7hESC",24
"Koh","hurdle","ENSG00000121570.12","H7hESC",25
"Koh","level","ENSG00000143951.15","H7_derived_APS",1
"Koh","level","ENSG00000185155.11","H7_derived_APS",2
"Koh","level","ENSG00000156574.9","H7_derived_APS",3
"Koh","level","ENSG00000147869.4","H7_derived_APS",4
"Koh","level","ENSG00000280707.2","H7_derived_APS",5
"Koh","level","ENSG00000164687.10","H7_derived_APS",6
"Koh","level","ENSG00000185885.15","H7_derived_APS",7
"Koh","level","ENSG00000104371.4","H7_derived_APS",8
"Koh","level","ENSG00000153363.12","H7_derived_APS",9
"Koh","level","ENSG00000163508.12","H7_derived_APS",10
"Koh","level","ENSG00000164458.9","H7_derived_APS",11
"Koh","level","ENSG00000104267.9","H7_derived_APS",12
"Koh","level","ENSG00000115758.12","H7_derived_APS",13
"Koh","level","ENSG00000174469.17","H7_derived_APS",14
"Koh","level","ENSG00000240563.1","H7_derived_APS",15
"Koh","level","ENSG00000107984.9","H7_derived_APS",16
"Koh","level","ENSG00000118640.10","H7_derived_APS",17
"Koh","level","ENSG00000072210.18","H7_derived_APS",18
"Koh","level","ENSG00000165732.12","H7_derived_APS",19
"Koh","level","ENSG00000249532.3","H7_derived_APS",20
"Koh","level","ENSG00000137285.9","H7_derived_APS",21
"Koh","level","ENSG00000010278.11","H7_derived_APS",22
"Koh","level","ENSG00000148834.12","H7_derived_APS",23
"Koh","level","ENSG00000144381.16","H7_derived_APS",24
"Koh","level","ENSG00000123416.15","H7_derived_APS",25
"Koh","level","ENSG00000136698.8","H7_derived_D2LtM",1
"Koh","level","ENSG00000115738.9","H7_derived_D2LtM",2
"Koh","level","ENSG00000117318.8","H7_derived_D2LtM",3
"Koh","level","ENSG00000283060.1","H7_derived_D2LtM",4
"Koh","level","ENSG00000170542.5","H7_derived_D2LtM",5
"Koh","level","ENSG00000184304.14","H7_derived_D2LtM",6
"Koh","level","ENSG00000181744.8","H7_derived_D2LtM",7
"Koh","level","ENSG00000170381.12","H7_derived_D2LtM",8
"Koh","level","ENSG00000138814.16","H7_derived_D2LtM",9
"Koh","level","ENSG00000228253.1","H7_derived_D2LtM",10
"Koh","level","ENSG00000123119.11","H7_derived_D2LtM",11
"Koh","level","ENSG00000124145.6","H7_derived_D2LtM",12
"Koh","level","ENSG00000198886.2","H7_derived_D2LtM",13
"Koh","level","ENSG00000198712.1","H7_derived_D2LtM",14
"Koh","level","ENSG00000248527.1","H7_derived_D2LtM",15
"Koh","level","ENSG00000146457.14","H7_derived_D2LtM",16
"Koh","level","ENSG00000169045.17","H7_derived_D2LtM",17
"Koh","level","ENSG00000198899.2","H7_derived_D2LtM",18
"Koh","level","ENSG00000213639.9","H7_derived_D2LtM",19
"Koh","level","ENSG00000198938.2","H7_derived_D2LtM",20
"Koh","level","ENSG00000198804.2","H7_derived_D2LtM",21
"Koh","level","ENSG00000114251.13","H7_derived_D2LtM",22
"Koh","level","ENSG00000170961.6","H7_derived_D2LtM",23
"Koh","level","ENSG00000198727.2","H7_derived_D2LtM",24
"Koh","level","ENSG00000116489.12","H7_derived_D2LtM",25
"Koh","level","ENSG00000113361.12","H7_derived_D5CntrlDrmmtm",1
"Koh","level","ENSG00000145721.11","H7_derived_D5CntrlDrmmtm",2
"Koh","level","ENSG00000166426.7","H7_derived_D5CntrlDrmmtm",3
"Koh","level","ENSG00000026025.13","H7_derived_D5CntrlDrmmtm",4
"Koh","level","ENSG00000166450.12","H7_derived_D5CntrlDrmmtm",5
"Koh","level","ENSG00000018625.14","H7_derived_D5CntrlDrmmtm",6
"Koh","level","ENSG00000118257.16","H7_derived_D5CntrlDrmmtm",7
"Koh","level","ENSG00000169045.17","H7_derived_D5CntrlDrmmtm",8
"Koh","level","ENSG00000130066.16","H7_derived_D5CntrlDrmmtm",9
"Koh","level","ENSG00000182670.13","H7_derived_D5CntrlDrmmtm",10
"Koh","level","ENSG00000251562.7","H7_derived_D5CntrlDrmmtm",11
"Koh","level","ENSG00000143924.18","H7_derived_D5CntrlDrmmtm",12
"Koh","level","ENSG00000139163.15","H7_derived_D5CntrlDrmmtm",13
"Koh","level","ENSG00000113369.8","H7_derived_D5CntrlDrmmtm",14
"Koh","level","ENSG00000154639.18","H7_derived_D5CntrlDrmmtm",15
"Koh","level","ENSG00000245532.5","H7_derived_D5CntrlDrmmtm",16
"Koh","level","ENSG00000038427.15","H7_derived_D5CntrlDrmmtm",17
"Koh","level","ENSG00000146374.13","H7_derived_DLL1pPXM",1
"Koh","level","ENSG00000164761.8","H7_derived_DLL1pPXM",2
"Koh","level","ENSG00000151379.3","H7_derived_DLL1pPXM",3
"Koh","level","ENSG00000049249.8","H7_derived_DLL1pPXM",4
"Koh","level","ENSG00000105991.7","H7_derived_DLL1pPXM",5
"Koh","level","ENSG00000260834.1","H7_derived_DLL1pPXM",6
"Koh","level","ENSG00000139318.7","H7_derived_DLL1pPXM",7
"Koh","level","ENSG00000249036.1","H7_derived_DLL1pPXM",8
"Koh","level","ENSG00000142556.18","H7_derived_DLL1pPXM",9
"Koh","level","ENSG00000155158.20","H7_derived_DLL1pPXM",10
"Koh","level","ENSG00000136928.5","H7_derived_DLL1pPXM",11
"Koh","level","ENSG00000005020.12","H7_derived_DLL1pPXM",12
"Koh","level","ENSG00000114115.9","H7_derived_DLL1pPXM",13
"Koh","level","ENSG00000085871.8","H7_derived_DLL1pPXM",14
"Koh","level","ENSG00000260266.1","H7_derived_DLL1pPXM",15
"Koh","level","ENSG00000096696.13","H7_derived_DLL1pPXM",16
"Koh","level","ENSG00000164318.17","H7_derived_DLL1pPXM",17
"Koh","level","ENSG00000175426.10","H7_derived_DLL1pPXM",18
"Koh","level","ENSG00000181467.3","H7_derived_DLL1pPXM",19
"Koh","level","ENSG00000106484.14","H7_derived_DLL1pPXM",20
"Koh","level","ENSG00000137267.5","H7_derived_DLL1pPXM",21
"Koh","level","ENSG00000163029.15","H7_derived_DLL1pPXM",22
"Koh","level","ENSG00000137868.18","H7_derived_DLL1pPXM",23
"Koh","level","ENSG00000134817.10","H7_derived_DLL1pPXM",24
"Koh","level","ENSG00000121966.6","H7_derived_DLL1pPXM",25
"Koh","level","ENSG00000135678.11","H7_derived_ESMT",1
"Koh","level","ENSG00000147223.5","H7_derived_ESMT",2
"Koh","level","ENSG00000053438.8","H7_derived_ESMT",3
"Koh","level","ENSG00000275428.2","H7_derived_ESMT",4
"Koh","level","ENSG00000124212.5","H7_derived_ESMT",5
"Koh","level","ENSG00000221866.9","H7_derived_ESMT",6
"Koh","level","ENSG00000185585.19","H7_derived_ESMT",7
"Koh","level","ENSG00000156298.12","H7_derived_ESMT",8
"Koh","level","ENSG00000149294.16","H7_derived_ESMT",9
"Koh","level","ENSG00000197769.5","H7_derived_ESMT",10
"Koh","level","ENSG00000182718.16","H7_derived_ESMT",11
"Koh","level","ENSG00000108821.13","H7_derived_ESMT",12
"Koh","level","ENSG00000197321.14","H7_derived_ESMT",13
"Koh","level","ENSG00000099194.5","H7_derived_ESMT",14
"Koh","level","ENSG00000256713.7","H7_derived_ESMT",15
"Koh","level","ENSG00000066468.20","H7_derived_ESMT",16
"Koh","level","ENSG00000149591.16","H7_derived_ESMT",17
"Koh","level","ENSG00000120594.16","H7_derived_ESMT",18
"Koh","level","ENSG00000164692.17","H7_derived_ESMT",19
"Koh","level","ENSG00000178104.19","H7_derived_ESMT",20
"Koh","level","ENSG00000197461.13","H7_derived_ESMT",21
"Koh","level","ENSG00000163637.11","H7_derived_ESMT",22
"Koh","level","ENSG00000134369.15","H7_derived_ESMT",23
"Koh","level","ENSG00000151150.20","H7_derived_ESMT",24
"Koh","level","ENSG00000103994.16","H7_derived_ESMT",25
"Koh","level","ENSG00000280623.1","H7_derived_MPS",1
"Koh","level","ENSG00000055732.12","H7_derived_MPS",2
"Koh","level","ENSG00000153363.12","H7_derived_MPS",3
"Koh","level","ENSG00000251637.6","H7_derived_MPS",4
"Koh","level","ENSG00000156966.6","H7_derived_MPS",5
"Koh","level","ENSG00000136603.13","H7_derived_MPS",6
"Koh","level","ENSG00000185885.15","H7_derived_MPS",7
"Koh","level","ENSG00000277641.2","H7_derived_MPS",8
"Koh","level","ENSG00000170542.5","H7_derived_MPS",9
"Koh","level","ENSG00000148834.12","H7_derived_MPS",10
"Koh","level","ENSG00000128294.15","H7_derived_MPS",11
"Koh","level","ENSG00000177565.15","H7_derived_MPS",12
"Koh","level","ENSG00000164458.9","H7_derived_MPS",13
"Koh","level","ENSG00000140022.9","H7_derived_MPS",14
"Koh","level","ENSG00000164687.10","H7_derived_MPS",15
"Koh","level","ENSG00000124532.14","H7_derived_MPS",16
"Koh","level","ENSG00000165527.6","H7_derived_MPS",17
"Koh","level","ENSG00000129682.13","H7_derived_MPS",18
"Koh","level","ENSG00000165186.10","H7_derived_MPS",19
"Koh","level","ENSG00000240563.1","H7_derived_MPS",20
"Koh","level","ENSG00000164300.15","H7_derived_MPS",21
"Koh","level","ENSG00000107984.9","H7_derived_MPS",22
"Koh","level","ENSG00000111110.11","H7_derived_MPS",23
"Koh","level","ENSG00000085733.15","H7_derived_MPS",24
"Koh","level","ENSG00000123728.9","H7_derived_MPS",25
"Koh","level","ENSG00000168542.12","H7_derived_Sclrtm",1
"Koh","level","ENSG00000152785.6","H7_derived_Sclrtm",2
"Koh","level","ENSG00000169122.11","H7_derived_Sclrtm",3
"Koh","level","ENSG00000092607.13","H7_derived_Sclrtm",4
"Koh","level","ENSG00000139219.17","H7_derived_Sclrtm",5
"Koh","level","ENSG00000185070.10","H7_derived_Sclrtm",6
"Koh","level","ENSG00000174136.11","H7_derived_Sclrtm",7
"Koh","level","ENSG00000115461.4","H7_derived_Sclrtm",8
"Koh","level","ENSG00000277443.1","H7_derived_Sclrtm",9
"Koh","level","ENSG00000104332.11","H7_derived_Sclrtm",10
"Koh","level","ENSG00000138829.10","H7_derived_Sclrtm",11
"Koh","level","ENSG00000164161.9","H7_derived_Sclrtm",12
"Koh","level","ENSG00000114861.18","H7_derived_Sclrtm",13
"Koh","level","ENSG00000162944.10","H7_derived_Sclrtm",14
"Koh","level","ENSG00000180730.4","H7_derived_Sclrtm",15
"Koh","level","ENSG00000137831.14","H7_derived_Sclrtm",16
"Koh","level","ENSG00000176887.6","H7_derived_Sclrtm",17
"Koh","level","ENSG00000124766.5","H7_derived_Sclrtm",18
"Koh","level","ENSG00000185920.15","H7_derived_Sclrtm",19
"Koh","level","ENSG00000165029.15","H7_derived_Sclrtm",20
"Koh","level","ENSG00000125398.5","H7_derived_Sclrtm",21
"Koh","level","ENSG00000169045.17","H7_derived_Sclrtm",22
"Koh","level","ENSG00000184349.12","H7_derived_Sclrtm",23
"Koh","level","ENSG00000198727.2","H7_derived_Sclrtm",24
"Koh","level","ENSG00000138061.11","H7_derived_Sclrtm",25
"Koh","level","ENSG00000152137.6","H7_dreived_D2.25_Smtmrs",1
"Koh","level","ENSG00000061492.11","H7_dreived_D2.25_Smtmrs",2
"Koh","level","ENSG00000171345.13","H7_dreived_D2.25_Smtmrs",3
"Koh","level","ENSG00000261604.1","H7_dreived_D2.25_Smtmrs",4
"Koh","level","ENSG00000182718.16","H7_dreived_D2.25_Smtmrs",5
"Koh","level","ENSG00000155657.24","H7_dreived_D2.25_Smtmrs",6
"Koh","level","ENSG00000088986.10","H7_dreived_D2.25_Smtmrs",7
"Koh","level","ENSG00000159251.6","H7_dreived_D2.25_Smtmrs",8
"Koh","level","ENSG00000225840.2","H7_dreived_D2.25_Smtmrs",9
"Koh","level","ENSG00000092820.17","H7_dreived_D2.25_Smtmrs",10
"Koh","level","ENSG00000136810.12","H7_dreived_D2.25_Smtmrs",11
"Koh","level","ENSG00000067082.14","H7_dreived_D2.25_Smtmrs",12
"Koh","level","ENSG00000167552.13","H7_dreived_D2.25_Smtmrs",13
"Koh","level","ENSG00000197461.13","H7_dreived_D2.25_Smtmrs",14
"Koh","level","ENSG00000114115.9","H7_dreived_D2.25_Smtmrs",15
"Koh","level","ENSG00000105855.9","H7_dreived_D2.25_Smtmrs",16
"Koh","level","ENSG00000163492.13","H7_dreived_D2.25_Smtmrs",17
"Koh","level","ENSG00000109971.13","H7_dreived_D2.25_Smtmrs",18
"Koh","level","ENSG00000164924.17","H7_dreived_D2.25_Smtmrs",19
"Koh","level","ENSG00000078596.10","H7_dreived_D2.25_Smtmrs",20
"Koh","level","ENSG00000106484.14","H7_dreived_D2.25_Smtmrs",21
"Koh","level","ENSG00000213853.9","H7_dreived_D2.25_Smtmrs",22
"Koh","level","ENSG00000168906.12","H7_dreived_D2.25_Smtmrs",23
"Koh","level","ENSG00000181019.12","H7_dreived_D2.25_Smtmrs",24
"Koh","level","ENSG00000086061.15","H7_dreived_D2.25_Smtmrs",25
"Koh","level","ENSG00000254934.5","H7hESC",1
"Koh","level","ENSG00000132297.11","H7hESC",2
"Koh","level","ENSG00000251292.1","H7hESC",3
"Koh","level","ENSG00000254339.5","H7hESC",4
"Koh","level","ENSG00000275216.1","H7hESC",5
"Koh","level","ENSG00000265992.1","H7hESC",6
"Koh","level","ENSG00000197462.3","H7hESC",7
"Koh","level","ENSG00000164265.8","H7hESC",8
"Koh","level","ENSG00000136014.11","H7hESC",9
"Koh","level","ENSG00000154237.12","H7hESC",10
"Koh","level","ENSG00000176485.10","H7hESC",11
"Koh","level","ENSG00000254277.1","H7hESC",12
"Koh","level","ENSG00000147601.13","H7hESC",13
"Koh","level","ENSG00000102096.9","H7hESC",14
"Koh","level","ENSG00000187193.8","H7hESC",15
"Koh","level","ENSG00000241186.7","H7hESC",16
"Koh","level","ENSG00000272398.5","H7hESC",17
"Koh","level","ENSG00000236673.5","H7hESC",18
"Koh","level","ENSG00000113356.10","H7hESC",19
"Koh","level","ENSG00000121570.12","H7hESC",20
"Koh","level","ENSG00000145423.4","H7hESC",21
"Koh","level","ENSG00000126010.5","H7hESC",22
"Koh","level","ENSG00000169764.14","H7hESC",23
"Koh","level","ENSG00000136110.12","H7hESC",24
"Koh","level","ENSG00000111752.10","H7hESC",25
"Koh","detection","ENSG00000125798.14","H7_derived_APS",1
"Koh","detection","ENSG00000254659.2","H7_derived_APS",2
"Koh","detection","ENSG00000164093.15","H7_derived_APS",3
"Koh","detection","ENSG00000250103.2","H7_derived_APS",4
"Koh","detection","ENSG00000117091.9","H7_derived_APS",5
"Koh","detection","ENSG00000253252.2","H7_derived_APS",6
"Koh","detection","ENSG00000095596.11","H7_derived_APS",7
"Koh","detection","ENSG00000141448.8","H7_derived_APS",8
"Koh","detection","ENSG00000145864.12","H7_derived_APS",9
"Koh","detection","ENSG00000263767.1","H7_derived_APS",10
"Koh","detection","ENSG00000266218.1","H7_derived_APS",11
"Koh","detection","ENSG00000163508.12","H7_derived_APS",12
"Koh","detection","ENSG00000004948.13","H7_derived_APS",13
"Koh","detection","ENSG00000122145.14","H7_derived_APS",14
"Koh","detection","ENSG00000277800.3","H7_derived_APS",15
"Koh","detection","ENSG00000272841.1","H7_derived_APS",16
"Koh","detection","ENSG00000272382.1","H7_derived_APS",17
"Koh","detection","ENSG00000243709.1","H7_derived_APS",18
"Koh","detection","ENSG00000258635.1","H7_derived_APS",19
"Koh","detection","ENSG00000189398.5","H7_derived_APS",20
"Koh","detection","ENSG00000249857.1","H7_derived_APS",21
"Koh","detection","ENSG00000164651.16","H7_derived_APS",22
"Koh","detection","ENSG00000100122.5","H7_derived_APS",23
"Koh","detection","ENSG00000226603.8","H7_derived_APS",24
"Koh","detection","ENSG00000236902.8","H7_derived_APS",25
"Koh","detection","ENSG00000016082.14","H7_derived_D2LtM",1
"Koh","detection","ENSG00000179348.11","H7_derived_D2LtM",2
"Koh","detection","ENSG00000107485.15","H7_derived_D2LtM",3
"Koh","detection","ENSG00000113196.2","H7_derived_D2LtM",4
"Koh","detection","ENSG00000103241.6","H7_derived_D2LtM",5
"Koh","detection","ENSG00000137834.14","H7_derived_D2LtM",6
"Koh","detection","ENSG00000177508.11","H7_derived_D2LtM",7
"Koh","detection","ENSG00000280686.2","H7_derived_D2LtM",8
"Koh","detection","ENSG00000164532.10","H7_derived_D2LtM",9
"Koh","detection","ENSG00000019991.15","H7_derived_D2LtM",10
"Koh","detection","ENSG00000108511.9","H7_derived_D2LtM",11
"Koh","detection","ENSG00000136698.8","H7_derived_D2LtM",12
"Koh","detection","ENSG00000172201.10","H7_derived_D2LtM",13
"Koh","detection","ENSG00000135111.14","H7_derived_D2LtM",14
"Koh","detection","ENSG00000120149.8","H7_derived_D2LtM",15
"Koh","detection","ENSG00000185811.16","H7_derived_D2LtM",16
"Koh","detection","ENSG00000238097.1","H7_derived_D2LtM",17
"Koh","detection","ENSG00000130700.6","H7_derived_D2LtM",18
"Koh","detection","ENSG00000184672.11","H7_derived_D2LtM",19
"Koh","detection","ENSG00000183691.4","H7_derived_D2LtM",20
"Koh","detection","ENSG00000125968.8","H7_derived_D2LtM",21
"Koh","detection","ENSG00000095739.10","H7_derived_D2LtM",22
"Koh","detection","ENSG00000137203.10","H7_derived_D2LtM",23
"Koh","detection","ENSG00000251679.1","H7_derived_D2LtM",24
"Koh","detection","ENSG00000211448.11","H7_derived_D2LtM",25
"Koh","detection","ENSG00000276886.4","H7_derived_D5CntrlDrmmtm",1
"Koh","detection","ENSG00000175745.11","H7_derived_D5CntrlDrmmtm",2
"Koh","detection","ENSG00000169116.11","H7_derived_D5CntrlDrmmtm",3
"Koh","detection","ENSG00000118733.16","H7_derived_D5CntrlDrmmtm",4
"Koh","detection","ENSG00000133110.14","H7_derived_D5CntrlDrmmtm",5
"Koh","detection","ENSG00000276644.4","H7_derived_D5CntrlDrmmtm",6
"Koh","detection","ENSG00000231213.6","H7_derived_D5CntrlDrmmtm",7
"Koh","detection","ENSG00000116132.11","H7_derived_D5CntrlDrmmtm",8
"Koh","detection","ENSG00000168743.12","H7_derived_D5CntrlDrmmtm",9
"Koh","detection","ENSG00000077943.7","H7_derived_D5CntrlDrmmtm",10
"Koh","detection","ENSG00000112319.17","H7_derived_D5CntrlDrmmtm",11
"Koh","detection","ENSG00000078018.19","H7_derived_D5CntrlDrmmtm",12
"Koh","detection","ENSG00000135903.18","H7_derived_D5CntrlDrmmtm",13
"Koh","detection","ENSG00000183691.4","H7_derived_D5CntrlDrmmtm",14
"Koh","detection","ENSG00000120149.8","H7_derived_D5CntrlDrmmtm",15
"Koh","detection","ENSG00000168542.12","H7_derived_D5CntrlDrmmtm",16
"Koh","detection","ENSG00000112175.7","H7_derived_D5CntrlDrmmtm",17
"Koh","detection","ENSG00000145934.15","H7_derived_D5CntrlDrmmtm",18
"Koh","detection","ENSG00000075891.21","H7_derived_D5CntrlDrmmtm",19
"Koh","detection","ENSG00000143195.12","H7_derived_D5CntrlDrmmtm",20
"Koh","detection","ENSG00000169851.15","H7_derived_D5CntrlDrmmtm",21
"Koh","detection","ENSG00000116117.17","H7_derived_D5CntrlDrmmtm",22
"Koh","detection","ENSG00000008196.12","H7_derived_D5CntrlDrmmtm",23
"Koh","detection","ENSG00000270909.1","H7_derived_D5CntrlDrmmtm",24
"Koh","detection","ENSG00000134532.15","H7_derived_D5CntrlDrmmtm",25
"Koh","detection","ENSG00000120094.6","H7_derived_DLL1pPXM",1
"Koh","detection","ENSG00000253552.7","H7_derived_DLL1pPXM",2
"Koh","detection","ENSG00000179111.8","H7_derived_DLL1pPXM",3
"Koh","detection","ENSG00000172867.3","H7_derived_DLL1pPXM",4
"Koh","detection","ENSG00000271201.1","H7_derived_DLL1pPXM",5
"Koh","detection","ENSG00000281928.1","H7_derived_DLL1pPXM",6
"Koh","detection","ENSG00000122877.13","H7_derived_DLL1pPXM",7
"Koh","detection","ENSG00000125931.10","H7_derived_DLL1pPXM",8
"Koh","detection","ENSG00000139648.6","H7_derived_DLL1pPXM",9
"Koh","detection","ENSG00000182742.5","H7_derived_DLL1pPXM",10
"Koh","detection","ENSG00000100678.18","H7_derived_DLL1pPXM",11
"Koh","detection","ENSG00000182348.6","H7_derived_DLL1pPXM",12
"Koh","detection","ENSG00000168505.6","H7_derived_DLL1pPXM",13
"Koh","detection","ENSG00000120093.11","H7_derived_DLL1pPXM",14
"Koh","detection","ENSG00000124780.13","H7_derived_DLL1pPXM",15
"Koh","detection","ENSG00000170484.9","H7_derived_DLL1pPXM",16
"Koh","detection","ENSG00000188803.14","H7_derived_DLL1pPXM",17
"Koh","detection","ENSG00000187122.16","H7_derived_DLL1pPXM",18
"Koh","detection","ENSG00000006128.11","H7_derived_DLL1pPXM",19
"Koh","detection","ENSG00000251521.2","H7_derived_DLL1pPXM",20
"Koh","detection","ENSG00000106341.10","H7_derived_DLL1pPXM",21
"Koh","detection","ENSG00000170786.12","H7_derived_DLL1pPXM",22
"Koh","detection","ENSG00000274330.1","H7_derived_DLL1pPXM",23
"Koh","detection","ENSG00000179388.8","H7_derived_DLL1pPXM",24
"Koh","detection","ENSG00000235207.1","H7_derived_DLL1pPXM",25
"Koh","detection","ENSG00000215861.5","H7_derived_ESMT",1
"Koh","detection","ENSG00000147223.5","H7_derived_ESMT",2
"Koh","detection","ENSG00000123689.5","H7_derived_ESMT",3
"Koh","detection","ENSG00000224865.7","H7_derived_ESMT",4
"Koh","detection","ENSG00000123610.4","H7_derived_ESMT",5
"Koh","detection","ENSG00000166268.10","H7_derived_ESMT",6
"Koh","detection","ENSG00000005102.12","H7_derived_ESMT",7
"Koh","detection","ENSG00000125878.5","H7_derived_ESMT",8
"Koh","detection","ENSG00000229183.8","H7_derived_ESMT",9
"Koh","detection","ENSG00000250062.5","H7_derived_ESMT",10
"Koh","detection","ENSG00000261040.6","H7_derived_ESMT",11
"Koh","detection","ENSG00000148848.14","H7_derived_ESMT",12
"Koh","detection","ENSG00000145358.6","H7_derived_ESMT",13
"Koh","detection","ENSG00000256713.7","H7_derived_ESMT",14
"Koh","detection","ENSG00000126778.8","H7_derived_ESMT",15
"Koh","detection","ENSG00000148677.6","H7_derived_ESMT",16
"Koh","detection","ENSG00000223749.7","H7_derived_ESMT",17
"Koh","detection","ENSG00000229859.8","H7_derived_ESMT",18
"Koh","detection","ENSG00000086570.12","H7_derived_ESMT",19
"Koh","detection","ENSG00000104435.13","H7_derived_ESMT",20
"Koh","detection","ENSG00000223492.1","H7_derived_ESMT",21
"Koh","detection","ENSG00000176678.5","H7_derived_ESMT",22
"Koh","detection","ENSG00000101198.14","H7_derived_ESMT",23
"Koh","detection","ENSG00000197769.5","H7_derived_ESMT",24
"Koh","detection","ENSG00000223793.7","H7_derived_ESMT",25
"Koh","detection","ENSG00000238623.2","H7_derived_MPS",1
"Koh","detection","ENSG00000103241.6","H7_derived_MPS",2
"Koh","detection","ENSG00000163508.12","H7_derived_MPS",3
"Koh","detection","ENSG00000279877.1","H7_derived_MPS",4
"Koh","detection","ENSG00000233365.2","H7_derived_MPS",5
"Koh","detection","ENSG00000280765.1","H7_derived_MPS",6
"Koh","detection","ENSG00000137203.10","H7_derived_MPS",7
"Koh","detection","ENSG00000105880.4","H7_derived_MPS",8
"Koh","detection","ENSG00000106038.12","H7_derived_MPS",9
"Koh","detection","ENSG00000184307.13","H7_derived_MPS",10
"Koh","detection","ENSG00000145642.11","H7_derived_MPS",11
"Koh","detection","ENSG00000083307.10","H7_derived_MPS",12
"Koh","detection","ENSG00000102554.13","H7_derived_MPS",13
"Koh","detection","ENSG00000115339.13","H7_derived_MPS",14
"Koh","detection","ENSG00000164120.13","H7_derived_MPS",15
"Koh","detection","ENSG00000130222.10","H7_derived_MPS",16
"Koh","detection","ENSG00000177721.4","H7_derived_MPS",17
"Koh","detection","ENSG00000004948.13","H7_derived_MPS",18
"Koh","detection","ENSG00000156574.9","H7_derived_MPS",19
"Koh","detection","ENSG00000183691.4","H7_derived_MPS",20
"Koh","detection","ENSG00000267549.5","H7_derived_MPS",21
"Koh","detection","ENSG00000254972.1","H7_derived_MPS",22
"Koh","detection","ENSG00000152969.16","H7_derived_MPS",23
"Koh","detection","ENSG00000147676.13","H7_derived_MPS",24
"Koh","detection","ENSG00000185477.4","H7_derived_MPS",25
"Koh","detection","ENSG00000251493.3","H7_derived_Sclrtm",1
"Koh","detection","ENSG00000109705.7","H7_derived_Sclrtm",2
"Koh","detection","ENSG00000186564.5","H7_derived_Sclrtm",3
"Koh","detection","ENSG00000151617.15","H7_derived_Sclrtm",4
"Koh","detection","ENSG00000092969.11","H7_derived_Sclrtm",5
"Koh","detection","ENSG00000198807.12","H7_derived_Sclrtm",6
"Koh","detection","ENSG00000137273.3","H7_derived_Sclrtm",7
"Koh","detection","ENSG00000168843.13","H7_derived_Sclrtm",8
"Koh","detection","ENSG00000143196.4","H7_derived_Sclrtm",9
"Koh","detection","ENSG00000247993.2","H7_derived_Sclrtm",10
"Koh","detection","ENSG00000247809.7","H7_derived_Sclrtm",11
"Koh","detection","ENSG00000112837.16","H7_derived_Sclrtm",12
"Koh","detection","ENSG00000185551.12","H7_derived_Sclrtm",13
"Koh","detection","ENSG00000281453.1","H7_derived_Sclrtm",14
"Koh","detection","ENSG00000178726.6","H7_derived_Sclrtm",15
"Koh","detection","ENSG00000260391.2","H7_derived_Sclrtm",16
"Koh","detection","ENSG00000175040.5","H7_derived_Sclrtm",17
"Koh","detection","ENSG00000150630.3","H7_derived_Sclrtm",18
"Koh","detection","ENSG00000122691.12","H7_derived_Sclrtm",19
"Koh","detection","ENSG00000156574.9","H7_derived_Sclrtm",20
"Koh","detection","ENSG00000230465.1","H7_derived_Sclrtm",21
"Koh","detection","ENSG00000092607.13","H7_derived_Sclrtm",22
"Koh","detection","ENSG00000198075.9","H7_derived_Sclrtm",23
"Koh","detection","ENSG00000152785.6","H7_derived_Sclrtm",24
"Koh","detection","ENSG00000258661.1","H7_derived_Sclrtm",25
"Koh","detection","ENSG00000168334.8","H7_dreived_D2.25_Smtmrs",1
"Koh","detection","ENSG00000165507.8","H7_dreived_D2.25_Smtmrs",2
"Koh","detection","ENSG00000203877.8","H7_dreived_D2.25_Smtmrs",3
"Koh","detection","ENSG00000163909.7","H7_dreived_D2.25_Smtmrs",4
"Koh","detection","ENSG00000080573.6","H7_dreived_D2.25_Smtmrs",5
"Koh","detection","ENSG00000172935.8","H7_dreived_D2.25_Smtmrs",6
"Koh","detection","ENSG00000183036.10","H7_dreived_D2.25_Smtmrs",7
"Koh","detection","ENSG00000175084.11","H7_dreived_D2.25_Smtmrs",8
"Koh","detection","ENSG00000185972.5","H7_dreived_D2.25_Smtmrs",9
"Koh","detection","ENSG00000064195.7","H7_dreived_D2.25_Smtmrs",10
"Koh","detection","ENSG00000189252.4","H7_dreived_D2.25_Smtmrs",11
"Koh","detection","ENSG00000261040.6","H7_dreived_D2.25_Smtmrs",12
"Koh","detection","ENSG00000137440.4","H7_dreived_D2.25_Smtmrs",13
"Koh","detection","ENSG00000168398.6","H7_dreived_D2.25_Smtmrs",14
"Koh","detection","ENSG00000188338.14","H7_dreived_D2.25_Smtmrs",15
"Koh","detection","ENSG00000158516.11","H7_dreived_D2.25_Smtmrs",16
"Koh","detection","ENSG00000154153.13","H7_dreived_D2.25_Smtmrs",17
"Koh","detection","ENSG00000198719.8","H7_dreived_D2.25_Smtmrs",18
"Koh","detection","ENSG00000275555.2","H7_dreived_D2.25_Smtmrs",19
"Koh","detection","ENSG00000169991.10","H7_dreived_D2.25_Smtmrs",20
"Koh","detection","ENSG00000175785.12","H7_dreived_D2.25_Smtmrs",21
"Koh","detection","ENSG00000274089.4","H7_dreived_D2.25_Smtmrs",22
"Koh","detection","ENSG00000168874.12","H7_dreived_D2.25_Smtmrs",23
"Koh","detection","ENSG00000140368.12","H7_dreived_D2.25_Smtmrs",24
"Koh","detection","ENSG00000173404.4","H7_dreived_D2.25_Smtmrs",25
"Koh","detection","ENSG00000224862.1","H7hESC",1
"Koh","detection","ENSG00000231854.1","H7hESC",2
"Koh","detection","ENSG00000237923.1","H7hESC",3
"Koh","detection","ENSG00000231412.2","H7hESC",4
"Koh","detection","ENSG00000250619.1","H7hESC",5
"Koh","detection","ENSG00000250947.1","H7hESC",6
"Koh","detection","ENSG00000133107.14","H7hESC",7
"Koh","detection","ENSG00000274761.1","H7hESC",8
"Koh","detection","ENSG00000281203.1","H7hESC",9
"Koh","detection","ENSG00000253838.1","H7hESC",10
"Koh","detection","ENSG00000221163.1","H7hESC",11
"Koh","detection","ENSG00000223372.7","H7hESC",12
"Koh","detection","ENSG00000181449.3","H7hESC",13
"Koh","detection","ENSG00000175445.14","H7hESC",14
"Koh","detection","ENSG00000231631.6","H7hESC",15
"Koh","detection","ENSG00000281579.1","H7hESC",16
"Koh","detection","ENSG00000258417.3","H7hESC",17
"Koh","detection","ENSG00000234273.1","H7hESC",18
"Koh","detection","ENSG00000188624.2","H7hESC",19
"Koh","detection","ENSG00000204264.8","H7hESC",20
"Koh","detection","ENSG00000206298.8","H7hESC",21
"Koh","detection","ENSG00000226201.6","H7hESC",22
"Koh","detection","ENSG00000230669.6","H7hESC",23
"Koh","detection","ENSG00000235715.6","H7hESC",24
"Koh","detection","ENSG00000236443.6","H7hESC",25
"Koh","wilcox","ENSG00000156574.9","H7_derived_APS",1
"Koh","wilcox","ENSG00000185155.11","H7_derived_APS",2
"Koh","wilcox","ENSG00000147869.4","H7_derived_APS",3
"Koh","wilcox","ENSG00000163508.12","H7_derived_APS",4
"Koh","wilcox","ENSG00000280707.2","H7_derived_APS",5
"Koh","wilcox","ENSG00000164687.10","H7_derived_APS",6
"Koh","wilcox","ENSG00000143951.15","H7_derived_APS",7
"Koh","wilcox","ENSG00000104371.4","H7_derived_APS",8
"Koh","wilcox","ENSG00000185885.15","H7_derived_APS",9
"Koh","wilcox","ENSG00000164458.9","H7_derived_APS",10
"Koh","wilcox","ENSG00000174469.17","H7_derived_APS",11
"Koh","wilcox","ENSG00000118640.10","H7_derived_APS",12
"Koh","wilcox","ENSG00000115758.12","H7_derived_APS",13
"Koh","wilcox","ENSG00000153363.12","H7_derived_APS",14
"Koh","wilcox","ENSG00000072210.18","H7_derived_APS",15
"Koh","wilcox","ENSG00000104267.9","H7_derived_APS",16
"Koh","wilcox","ENSG00000137285.9","H7_derived_APS",17
"Koh","wilcox","ENSG00000107984.9","H7_derived_APS",18
"Koh","wilcox","ENSG00000165732.12","H7_derived_APS",19
"Koh","wilcox","ENSG00000148834.12","H7_derived_APS",20
"Koh","wilcox","ENSG00000183943.5","H7_derived_APS",21
"Koh","wilcox","ENSG00000010278.11","H7_derived_APS",22
"Koh","wilcox","ENSG00000249532.3","H7_derived_APS",23
"Koh","wilcox","ENSG00000240563.1","H7_derived_APS",24
"Koh","wilcox","ENSG00000129682.13","H7_derived_APS",25
"Koh","wilcox","ENSG00000136698.8","H7_derived_D2LtM",1
"Koh","wilcox","ENSG00000113196.2","H7_derived_D2LtM",2
"Koh","wilcox","ENSG00000172201.10","H7_derived_D2LtM",3
"Koh","wilcox","ENSG00000016082.14","H7_derived_D2LtM",4
"Koh","wilcox","ENSG00000115738.9","H7_derived_D2LtM",5
"Koh","wilcox","ENSG00000117318.8","H7_derived_D2LtM",6
"Koh","wilcox","ENSG00000283060.1","H7_derived_D2LtM",7
"Koh","wilcox","ENSG00000170542.5","H7_derived_D2LtM",8
"Koh","wilcox","ENSG00000138814.16","H7_derived_D2LtM",9
"Koh","wilcox","ENSG00000228253.1","H7_derived_D2LtM",10
"Koh","wilcox","ENSG00000184304.14","H7_derived_D2LtM",11
"Koh","wilcox","ENSG00000198712.1","H7_derived_D2LtM",12
"Koh","wilcox","ENSG00000181744.8","H7_derived_D2LtM",13
"Koh","wilcox","ENSG00000198938.2","H7_derived_D2LtM",14
"Koh","wilcox","ENSG00000248527.1","H7_derived_D2LtM",15
"Koh","wilcox","ENSG00000198804.2","H7_derived_D2LtM",16
"Koh","wilcox","ENSG00000198899.2","H7_derived_D2LtM",17
"Koh","wilcox","ENSG00000213639.9","H7_derived_D2LtM",18
"Koh","wilcox","ENSG00000146457.14","H7_derived_D2LtM",19
"Koh","wilcox","ENSG00000123119.11","H7_derived_D2LtM",20
"Koh","wilcox","ENSG00000198886.2","H7_derived_D2LtM",21
"Koh","wilcox","ENSG00000198727.2","H7_derived_D2LtM",22
"Koh","wilcox","ENSG00000170961.6","H7_derived_D2LtM",23
"Koh","wilcox","ENSG00000114251.13","H7_derived_D2LtM",24
"Koh","wilcox","ENSG00000251637.6","H7_derived_D2LtM",25
"Koh","wilcox","ENSG00000113361.12","H7_derived_D5CntrlDrmmtm",1
"Koh","wilcox","ENSG00000166450.12","H7_derived_D5CntrlDrmmtm",2
"Koh","wilcox","ENSG00000077943.7","H7_derived_D5CntrlDrmmtm",3
"Koh","wilcox","ENSG00000026025.13","H7_derived_D5CntrlDrmmtm",4
"Koh","wilcox","ENSG00000078018.19","H7_derived_D5CntrlDrmmtm",5
"Koh","wilcox","ENSG00000145721.11","H7_derived_D5CntrlDrmmtm",6
"Koh","wilcox","ENSG00000144857.14","H7_derived_D5CntrlDrmmtm",7
"Koh","wilcox","ENSG00000118257.16","H7_derived_D5CntrlDrmmtm",8
"Koh","wilcox","ENSG00000018625.14","H7_derived_D5CntrlDrmmtm",9
"Koh","wilcox","ENSG00000166426.7","H7_derived_D5CntrlDrmmtm",10
"Koh","wilcox","ENSG00000079215.13","H7_derived_D5CntrlDrmmtm",11
"Koh","wilcox","ENSG00000182670.13","H7_derived_D5CntrlDrmmtm",12
"Koh","wilcox","ENSG00000251562.7","H7_derived_D5CntrlDrmmtm",13
"Koh","wilcox","ENSG00000121039.9","H7_derived_D5CntrlDrmmtm",14
"Koh","wilcox","ENSG00000139163.15","H7_derived_D5CntrlDrmmtm",15
"Koh","wilcox","ENSG00000143924.18","H7_derived_D5CntrlDrmmtm",16
"Koh","wilcox","ENSG00000021645.18","H7_derived_D5CntrlDrmmtm",17
"Koh","wilcox","ENSG00000113369.8","H7_derived_D5CntrlDrmmtm",18
"Koh","wilcox","ENSG00000130066.16","H7_derived_D5CntrlDrmmtm",19
"Koh","wilcox","ENSG00000154639.18","H7_derived_D5CntrlDrmmtm",20
"Koh","wilcox","ENSG00000198300.12","H7_derived_D5CntrlDrmmtm",21
"Koh","wilcox","ENSG00000145147.19","H7_derived_D5CntrlDrmmtm",22
"Koh","wilcox","ENSG00000146374.13","H7_derived_DLL1pPXM",1
"Koh","wilcox","ENSG00000151379.3","H7_derived_DLL1pPXM",2
"Koh","wilcox","ENSG00000105991.7","H7_derived_DLL1pPXM",3
"Koh","wilcox","ENSG00000006128.11","H7_derived_DLL1pPXM",4
"Koh","wilcox","ENSG00000260834.1","H7_derived_DLL1pPXM",5
"Koh","wilcox","ENSG00000249036.1","H7_derived_DLL1pPXM",6
"Koh","wilcox","ENSG00000164761.8","H7_derived_DLL1pPXM",7
"Koh","wilcox","ENSG00000139318.7","H7_derived_DLL1pPXM",8
"Koh","wilcox","ENSG00000120093.11","H7_derived_DLL1pPXM",9
"Koh","wilcox","ENSG00000213694.3","H7_derived_DLL1pPXM",10
"Koh","wilcox","ENSG00000121966.6","H7_derived_DLL1pPXM",11
"Koh","wilcox","ENSG00000181467.3","H7_derived_DLL1pPXM",12
"Koh","wilcox","ENSG00000005020.12","H7_derived_DLL1pPXM",13
"Koh","wilcox","ENSG00000142556.18","H7_derived_DLL1pPXM",14
"Koh","wilcox","ENSG00000114115.9","H7_derived_DLL1pPXM",15
"Koh","wilcox","ENSG00000175426.10","H7_derived_DLL1pPXM",16
"Koh","wilcox","ENSG00000164318.17","H7_derived_DLL1pPXM",17
"Koh","wilcox","ENSG00000128918.14","H7_derived_DLL1pPXM",18
"Koh","wilcox","ENSG00000085871.8","H7_derived_DLL1pPXM",19
"Koh","wilcox","ENSG00000096696.13","H7_derived_DLL1pPXM",20
"Koh","wilcox","ENSG00000155158.20","H7_derived_DLL1pPXM",21
"Koh","wilcox","ENSG00000136928.5","H7_derived_DLL1pPXM",22
"Koh","wilcox","ENSG00000137868.18","H7_derived_DLL1pPXM",23
"Koh","wilcox","ENSG00000076356.6","H7_derived_DLL1pPXM",24
"Koh","wilcox","ENSG00000049249.8","H7_derived_DLL1pPXM",25
"Koh","wilcox","ENSG00000147223.5","H7_derived_ESMT",1
"Koh","wilcox","ENSG00000053438.8","H7_derived_ESMT",2
"Koh","wilcox","ENSG00000182718.16","H7_derived_ESMT",3
"Koh","wilcox","ENSG00000099194.5","H7_derived_ESMT",4
"Koh","wilcox","ENSG00000156298.12","H7_derived_ESMT",5
"Koh","wilcox","ENSG00000275428.2","H7_derived_ESMT",6
"Koh","wilcox","ENSG00000005102.12","H7_derived_ESMT",7
"Koh","wilcox","ENSG00000197769.5","H7_derived_ESMT",8
"Koh","wilcox","ENSG00000124212.5","H7_derived_ESMT",9
"Koh","wilcox","ENSG00000185585.19","H7_derived_ESMT",10
"Koh","wilcox","ENSG00000104435.13","H7_derived_ESMT",11
"Koh","wilcox","ENSG00000256713.7","H7_derived_ESMT",12
"Koh","wilcox","ENSG00000149294.16","H7_derived_ESMT",13
"Koh","wilcox","ENSG00000197321.14","H7_derived_ESMT",14
"Koh","wilcox","ENSG00000229183.8","H7_derived_ESMT",15
"Koh","wilcox","ENSG00000115525.16","H7_derived_ESMT",16
"Koh","wilcox","ENSG00000164692.17","H7_derived_ESMT",17
"Koh","wilcox","ENSG00000081479.12","H7_derived_ESMT",18
"Koh","wilcox","ENSG00000197461.13","H7_derived_ESMT",19
"Koh","wilcox","ENSG00000134369.15","H7_derived_ESMT",20
"Koh","wilcox","ENSG00000135046.13","H7_derived_ESMT",21
"Koh","wilcox","ENSG00000138688.15","H7_derived_ESMT",22
"Koh","wilcox","ENSG00000163637.11","H7_derived_ESMT",23
"Koh","wilcox","ENSG00000103994.16","H7_derived_ESMT",24
"Koh","wilcox","ENSG00000066468.20","H7_derived_ESMT",25
"Koh","wilcox","ENSG00000280623.1","H7_derived_MPS",1
"Koh","wilcox","ENSG00000055732.12","H7_derived_MPS",2
"Koh","wilcox","ENSG00000251637.6","H7_derived_MPS",3
"Koh","wilcox","ENSG00000156966.6","H7_derived_MPS",4
"Koh","wilcox","ENSG00000136603.13","H7_derived_MPS",5
"Koh","wilcox","ENSG00000153363.12","H7_derived_MPS",6
"Koh","wilcox","ENSG00000177565.15","H7_derived_MPS",7
"Koh","wilcox","ENSG00000148834.12","H7_derived_MPS",8
"Koh","wilcox","ENSG00000170542.5","H7_derived_MPS",9
"Koh","wilcox","ENSG00000140022.9","H7_derived_MPS",10
"Koh","wilcox","ENSG00000164300.15","H7_derived_MPS",11
"Koh","wilcox","ENSG00000164687.10","H7_derived_MPS",12
"Koh","wilcox","ENSG00000164458.9","H7_derived_MPS",13
"Koh","wilcox","ENSG00000165527.6","H7_derived_MPS",14
"Koh","wilcox","ENSG00000128294.15","H7_derived_MPS",15
"Koh","wilcox","ENSG00000124532.14","H7_derived_MPS",16
"Koh","wilcox","ENSG00000129682.13","H7_derived_MPS",17
"Koh","wilcox","ENSG00000104371.4","H7_derived_MPS",18
"Koh","wilcox","ENSG00000277641.2","H7_derived_MPS",19
"Koh","wilcox","ENSG00000185885.15","H7_derived_MPS",20
"Koh","wilcox","ENSG00000128683.13","H7_derived_MPS",21
"Koh","wilcox","ENSG00000108379.9","H7_derived_MPS",22
"Koh","wilcox","ENSG00000198586.13","H7_derived_MPS",23
"Koh","wilcox","ENSG00000123728.9","H7_derived_MPS",24
"Koh","wilcox","ENSG00000107984.9","H7_derived_MPS",25
"Koh","wilcox","ENSG00000168542.12","H7_derived_Sclrtm",1
"Koh","wilcox","ENSG00000277443.1","H7_derived_Sclrtm",2
"Koh","wilcox","ENSG00000185070.10","H7_derived_Sclrtm",3
"Koh","wilcox","ENSG00000139219.17","H7_derived_Sclrtm",4
"Koh","wilcox","ENSG00000152785.6","H7_derived_Sclrtm",5
"Koh","wilcox","ENSG00000115461.4","H7_derived_Sclrtm",6
"Koh","wilcox","ENSG00000169122.11","H7_derived_Sclrtm",7
"Koh","wilcox","ENSG00000092607.13","H7_derived_Sclrtm",8
"Koh","wilcox","ENSG00000174136.11","H7_derived_Sclrtm",9
"Koh","wilcox","ENSG00000124766.5","H7_derived_Sclrtm",10
"Koh","wilcox","ENSG00000176887.6","H7_derived_Sclrtm",11
"Koh","wilcox","ENSG00000138829.10","H7_derived_Sclrtm",12
"Koh","wilcox","ENSG00000092969.11","H7_derived_Sclrtm",13
"Koh","wilcox","ENSG00000105426.14","H7_derived_Sclrtm",14
"Koh","wilcox","ENSG00000164161.9","H7_derived_Sclrtm",15
"Koh","wilcox","ENSG00000198727.2","H7_derived_Sclrtm",16
"Koh","wilcox","ENSG00000169045.17","H7_derived_Sclrtm",17
"Koh","wilcox","ENSG00000198804.2","H7_derived_Sclrtm",18
"Koh","wilcox","ENSG00000176692.5","H7_derived_Sclrtm",19
"Koh","wilcox","ENSG00000165029.15","H7_derived_Sclrtm",20
"Koh","wilcox","ENSG00000104332.11","H7_derived_Sclrtm",21
"Koh","wilcox","ENSG00000138061.11","H7_derived_Sclrtm",22
"Koh","wilcox","ENSG00000139329.4","H7_derived_Sclrtm",23
"Koh","wilcox","ENSG00000038427.15","H7_derived_Sclrtm",24
"Koh","wilcox","ENSG00000162944.10","H7_derived_Sclrtm",25
"Koh","wilcox","ENSG00000152137.6","H7_dreived_D2.25_Smtmrs",1
"Koh","wilcox","ENSG00000061492.11","H7_dreived_D2.25_Smtmrs",2
"Koh","wilcox","ENSG00000171345.13","H7_dreived_D2.25_Smtmrs",3
"Koh","wilcox","ENSG00000261604.1","H7_dreived_D2.25_Smtmrs",4
"Koh","wilcox","ENSG00000088986.10","H7_dreived_D2.25_Smtmrs",5
"Koh","wilcox","ENSG00000159251.6","H7_dreived_D2.25_Smtmrs",6
"Koh","wilcox","ENSG00000166963.12","H7_dreived_D2.25_Smtmrs",7
"Koh","wilcox","ENSG00000075388.3","H7_dreived_D2.25_Smtmrs",8
"Koh","wilcox","ENSG00000155657.24","H7_dreived_D2.25_Smtmrs",9
"Koh","wilcox","ENSG00000167552.13","H7_dreived_D2.25_Smtmrs",10
"Koh","wilcox","ENSG00000158710.14","H7_dreived_D2.25_Smtmrs",11
"Koh","wilcox","ENSG00000164924.17","H7_dreived_D2.25_Smtmrs",12
"Koh","wilcox","ENSG00000092820.17","H7_dreived_D2.25_Smtmrs",13
"Koh","wilcox","ENSG00000182718.16","H7_dreived_D2.25_Smtmrs",14
"Koh","wilcox","ENSG00000105855.9","H7_dreived_D2.25_Smtmrs",15
"Koh","wilcox","ENSG00000197461.13","H7_dreived_D2.25_Smtmrs",16
"Koh","wilcox","ENSG00000180616.8","H7_dreived_D2.25_Smtmrs",17
"Koh","wilcox","ENSG00000135046.13","H7_dreived_D2.25_Smtmrs",18
"Koh","wilcox","ENSG00000078596.10","H7_dreived_D2.25_Smtmrs",19
"Koh","wilcox","ENSG00000106484.14","H7_dreived_D2.25_Smtmrs",20
"Koh","wilcox","ENSG00000067082.14","H7_dreived_D2.25_Smtmrs",21
"Koh","wilcox","ENSG00000163492.13","H7_dreived_D2.25_Smtmrs",22
"Koh","wilcox","ENSG00000213853.9","H7_dreived_D2.25_Smtmrs",23
"Koh","wilcox","ENSG00000181019.12","H7_dreived_D2.25_Smtmrs",24
"Koh","wilcox","ENSG00000265992.1","H7hESC",1
"Koh","wilcox","ENSG00000254934.5","H7hESC",2
"Koh","wilcox","ENSG00000132297.11","H7hESC",3
"Koh","wilcox","ENSG00000275216.1","H7hESC",4
"Koh","wilcox","ENSG00000251292.1","H7hESC",5
"Koh","wilcox","ENSG00000154237.12","H7hESC",6
"Koh","wilcox","ENSG00000164265.8","H7hESC",7
"Koh","wilcox","ENSG00000254339.5","H7hESC",8
"Koh","wilcox","ENSG00000272398.5","H7hESC",9
"Koh","wilcox","ENSG00000147601.13","H7hESC",10
"Koh","wilcox","ENSG00000254277.1","H7hESC",11
"Koh","wilcox","ENSG00000121570.12","H7hESC",12
"Koh","wilcox","ENSG00000197462.3","H7hESC",13
"Koh","wilcox","ENSG00000136014.11","H7hESC",14
"Koh","wilcox","ENSG00000169764.14","H7hESC",15
"Koh","wilcox","ENSG00000102096.9","H7hESC",16
"Koh","wilcox","ENSG00000176485.10","H7hESC",17
"Koh","wilcox","ENSG00000241186.7","H7hESC",18
"Koh","wilcox","ENSG00000128739.21","H7hESC",19
"Koh","wilcox","ENSG00000145423.4","H7hESC",20
"Koh","wilcox","ENSG00000248329.5","H7hESC",21
"Koh","wilcox","ENSG00000113356.10","H7hESC",22
"Koh","wilcox","ENSG00000111752.10","H7hESC",23
"Koh","wilcox","ENSG00000236673.5","H7hESC",24
"Koh","wilcox","ENSG00000126010.5","H7hESC",25
"Kumar","hurdle","ENSMUSG00000038393.14","Dgcr8 knockout mouse serum+LIF",1
"Kumar","hurdle","ENSMUSG00000070828.9","Dgcr8 knockout mouse serum+LIF",2
"Kumar","hurdle","ENSMUSG00000092019.2","Dgcr8 knockout mouse serum+LIF",3
"Kumar","hurdle","ENSMUSG00000030704.14","Dgcr8 knockout mouse serum+LIF",4
"Kumar","hurdle","ENSMUSG00000052727.5","Dgcr8 knockout mouse serum+LIF",5
"Kumar","hurdle","ENSMUSG00000101776.1","Dgcr8 knockout mouse serum+LIF",6
"Kumar","hurdle","ENSMUSG00000097095.1","Dgcr8 knockout mouse serum+LIF",7
"Kumar","hurdle","ENSMUSG00000098178.1","Dgcr8 knockout mouse serum+LIF",8
"Kumar","hurdle","ENSMUSG00000064351.1","Dgcr8 knockout mouse serum+LIF",9
"Kumar","hurdle","ENSMUSG00000038368.16","Dgcr8 knockout mouse serum+LIF",10
"Kumar","hurdle","ENSMUSG00000101249.1","Dgcr8 knockout mouse serum+LIF",11
"Kumar","hurdle","ENSMUSG00000041408.16","Dgcr8 knockout mouse serum+LIF",12
"Kumar","hurdle","ENSMUSG00000100768.1","Dgcr8 knockout mouse serum+LIF",13
"Kumar","hurdle","ENSMUSG00000094472.1","Dgcr8 knockout mouse serum+LIF",14
"Kumar","hurdle","ENSMUSG00000023140.4","Dgcr8 knockout mouse serum+LIF",15
"Kumar","hurdle","ENSMUSG00000106106.2","Dgcr8 knockout mouse serum+LIF",16
"Kumar","hurdle","ENSMUSG00000061331.5","Dgcr8 knockout mouse serum+LIF",17
"Kumar","hurdle","ENSMUSG00000087306.7","Dgcr8 knockout mouse serum+LIF",18
"Kumar","hurdle","ENSMUSG00000035891.16","Dgcr8 knockout mouse serum+LIF",19
"Kumar","hurdle","ENSMUSG00000105207.1","Dgcr8 knockout mouse serum+LIF",20
"Kumar","hurdle","ENSMUSG00000031812.16","Dgcr8 knockout mouse serum+LIF",21
"Kumar","hurdle","ENSMUSG00000020128.15","Dgcr8 knockout mouse serum+LIF",22
"Kumar","hurdle","ENSMUSG00000101111.1","Dgcr8 knockout mouse serum+LIF",23
"Kumar","hurdle","ENSMUSG00000050708.15","Dgcr8 knockout mouse serum+LIF",24
"Kumar","hurdle","ENSMUSG00000059743.12","Dgcr8 knockout mouse serum+LIF",25
"Kumar","hurdle","ENSMUSG00000089832.8","v6.5 mouse 2i+LIF",1
"Kumar","hurdle","ENSMUSG00000038696.14","v6.5 mouse 2i+LIF",2
"Kumar","hurdle","ENSMUSG00000020923.17","v6.5 mouse 2i+LIF",3
"Kumar","hurdle","ENSMUSG00000025246.13","v6.5 mouse 2i+LIF",4
"Kumar","hurdle","ENSMUSG00000037341.13","v6.5 mouse 2i+LIF",5
"Kumar","hurdle","ENSMUSG00000030201.15","v6.5 mouse 2i+LIF",6
"Kumar","hurdle","ENSMUSG00000090125.3","v6.5 mouse 2i+LIF",7
"Kumar","hurdle","ENSMUSG00000033222.16","v6.5 mouse 2i+LIF",8
"Kumar","hurdle","ENSMUSG00000064065.15","v6.5 mouse 2i+LIF",9
"Kumar","hurdle","ENSMUSG00000029179.14","v6.5 mouse 2i+LIF",10
"Kumar","hurdle","ENSMUSG00000028423.15","v6.5 mouse 2i+LIF",11
"Kumar","hurdle","ENSMUSG00000021959.15","v6.5 mouse 2i+LIF",12
"Kumar","hurdle","ENSMUSG00000081633.1","v6.5 mouse 2i+LIF",13
"Kumar","hurdle","ENSMUSG00000027164.8","v6.5 mouse 2i+LIF",14
"Kumar","hurdle","ENSMUSG00000061410.6","v6.5 mouse 2i+LIF",15
"Kumar","hurdle","ENSMUSG00000099839.1","v6.5 mouse 2i+LIF",16
"Kumar","hurdle","ENSMUSG00000029752.12","v6.5 mouse 2i+LIF",17
"Kumar","hurdle","ENSMUSG00000025371.12","v6.5 mouse 2i+LIF",18
"Kumar","hurdle","ENSMUSG00000085691.1","v6.5 mouse 2i+LIF",19
"Kumar","hurdle","ENSMUSG00000030067.17","v6.5 mouse 2i+LIF",20
"Kumar","hurdle","ENSMUSG00000029622.16","v6.5 mouse 2i+LIF",21
"Kumar","hurdle","ENSMUSG00000018168.8","v6.5 mouse 2i+LIF",22
"Kumar","hurdle","ENSMUSG00000061171.15","v6.5 mouse 2i+LIF",23
"Kumar","hurdle","ENSMUSG00000033871.14","v6.5 mouse 2i+LIF",24
"Kumar","hurdle","ENSMUSG00000087702.1","v6.5 mouse 2i+LIF",25
"Kumar","hurdle","ENSMUSG00000027371.10","v6.5 mouse serum+LIF",1
"Kumar","hurdle","ENSMUSG00000099853.2","v6.5 mouse serum+LIF",2
"Kumar","hurdle","ENSMUSG00000026773.19","v6.5 mouse serum+LIF",3
"Kumar","hurdle","ENSMUSG00000073739.3","v6.5 mouse serum+LIF",4
"Kumar","hurdle","ENSMUSG00000040479.11","v6.5 mouse serum+LIF",5
"Kumar","hurdle","ENSMUSG00000093164.2","v6.5 mouse serum+LIF",6
"Kumar","hurdle","ENSMUSG00000042834.14","v6.5 mouse serum+LIF",7
"Kumar","hurdle","ENSMUSG00000024833.14","v6.5 mouse serum+LIF",8
"Kumar","hurdle","ENSMUSG00000093023.2","v6.5 mouse serum+LIF",9
"Kumar","hurdle","ENSMUSG00000097718.1","v6.5 mouse serum+LIF",10
"Kumar","hurdle","ENSMUSG00000094313.2","v6.5 mouse serum+LIF",11
"Kumar","hurdle","ENSMUSG00000092932.2","v6.5 mouse serum+LIF",12
"Kumar","hurdle","ENSMUSG00000001025.8","v6.5 mouse serum+LIF",13
"Kumar","hurdle","ENSMUSG00000031536.5","v6.5 mouse serum+LIF",14
"Kumar","hurdle","ENSMUSG00000082809.3","v6.5 mouse serum+LIF",15
"Kumar","hurdle","ENSMUSG00000057359.7","v6.5 mouse serum+LIF",16
"Kumar","hurdle","ENSMUSG00000045725.5","v6.5 mouse serum+LIF",17
"Kumar","hurdle","ENSMUSG00000067274.10","v6.5 mouse serum+LIF",18
"Kumar","hurdle","ENSMUSG00000034926.3","v6.5 mouse serum+LIF",19
"Kumar","hurdle","ENSMUSG00000097906.1","v6.5 mouse serum+LIF",20
"Kumar","hurdle","ENSMUSG00000008683.16","v6.5 mouse serum+LIF",21
"Kumar","hurdle","ENSMUSG00000037738.9","v6.5 mouse serum+LIF",22
"Kumar","hurdle","ENSMUSG00000105388.1","v6.5 mouse serum+LIF",23
"Kumar","hurdle","ENSMUSG00000063696.6","v6.5 mouse serum+LIF",24
"Kumar","hurdle","ENSMUSG00000058625.5","v6.5 mouse serum+LIF",25
"Kumar","level","ENSMUSG00000038393.14","Dgcr8 knockout mouse serum+LIF",1
"Kumar","level","ENSMUSG00000030704.14","Dgcr8 knockout mouse serum+LIF",2
"Kumar","level","ENSMUSG00000101776.1","Dgcr8 knockout mouse serum+LIF",3
"Kumar","level","ENSMUSG00000097095.1","Dgcr8 knockout mouse serum+LIF",4
"Kumar","level","ENSMUSG00000098178.1","Dgcr8 knockout mouse serum+LIF",5
"Kumar","level","ENSMUSG00000064351.1","Dgcr8 knockout mouse serum+LIF",6
"Kumar","level","ENSMUSG00000038368.16","Dgcr8 knockout mouse serum+LIF",7
"Kumar","level","ENSMUSG00000101249.1","Dgcr8 knockout mouse serum+LIF",8
"Kumar","level","ENSMUSG00000041408.16","Dgcr8 knockout mouse serum+LIF",9
"Kumar","level","ENSMUSG00000100768.1","Dgcr8 knockout mouse serum+LIF",10
"Kumar","level","ENSMUSG00000094472.1","Dgcr8 knockout mouse serum+LIF",11
"Kumar","level","ENSMUSG00000023140.4","Dgcr8 knockout mouse serum+LIF",12
"Kumar","level","ENSMUSG00000106106.2","Dgcr8 knockout mouse serum+LIF",13
"Kumar","level","ENSMUSG00000061331.5","Dgcr8 knockout mouse serum+LIF",14
"Kumar","level","ENSMUSG00000087306.7","Dgcr8 knockout mouse serum+LIF",15
"Kumar","level","ENSMUSG00000035891.16","Dgcr8 knockout mouse serum+LIF",16
"Kumar","level","ENSMUSG00000105207.1","Dgcr8 knockout mouse serum+LIF",17
"Kumar","level","ENSMUSG00000066315.9","Dgcr8 knockout mouse serum+LIF",18
"Kumar","level","ENSMUSG00000031812.16","Dgcr8 knockout mouse serum+LIF",19
"Kumar","level","ENSMUSG00000081051.4","Dgcr8 knockout mouse serum+LIF",20
"Kumar","level","ENSMUSG00000101111.1","Dgcr8 knockout mouse serum+LIF",21
"Kumar","level","ENSMUSG00000050708.15","Dgcr8 knockout mouse serum+LIF",22
"Kumar","level","ENSMUSG00000059743.12","Dgcr8 knockout mouse serum+LIF",23
"Kumar","level","ENSMUSG00000017009.3","Dgcr8 knockout mouse serum+LIF",24
"Kumar","level","ENSMUSG00000064352.1","Dgcr8 knockout mouse serum+LIF",25
"Kumar","level","ENSMUSG00000089832.8","v6.5 mouse 2i+LIF",1
"Kumar","level","ENSMUSG00000038696.14","v6.5 mouse 2i+LIF",2
"Kumar","level","ENSMUSG00000020923.17","v6.5 mouse 2i+LIF",3
"Kumar","level","ENSMUSG00000025246.13","v6.5 mouse 2i+LIF",4
"Kumar","level","ENSMUSG00000030201.15","v6.5 mouse 2i+LIF",5
"Kumar","level","ENSMUSG00000037341.13","v6.5 mouse 2i+LIF",6
"Kumar","level","ENSMUSG00000090125.3","v6.5 mouse 2i+LIF",7
"Kumar","level","ENSMUSG00000033222.16","v6.5 mouse 2i+LIF",8
"Kumar","level","ENSMUSG00000064065.15","v6.5 mouse 2i+LIF",9
"Kumar","level","ENSMUSG00000029179.14","v6.5 mouse 2i+LIF",10
"Kumar","level","ENSMUSG00000028423.15","v6.5 mouse 2i+LIF",11
"Kumar","level","ENSMUSG00000021959.15","v6.5 mouse 2i+LIF",12
"Kumar","level","ENSMUSG00000027164.8","v6.5 mouse 2i+LIF",13
"Kumar","level","ENSMUSG00000061410.6","v6.5 mouse 2i+LIF",14
"Kumar","level","ENSMUSG00000029752.12","v6.5 mouse 2i+LIF",15
"Kumar","level","ENSMUSG00000025371.12","v6.5 mouse 2i+LIF",16
"Kumar","level","ENSMUSG00000081633.1","v6.5 mouse 2i+LIF",17
"Kumar","level","ENSMUSG00000030067.17","v6.5 mouse 2i+LIF",18
"Kumar","level","ENSMUSG00000029622.16","v6.5 mouse 2i+LIF",19
"Kumar","level","ENSMUSG00000061171.15","v6.5 mouse 2i+LIF",20
"Kumar","level","ENSMUSG00000018168.8","v6.5 mouse 2i+LIF",21
"Kumar","level","ENSMUSG00000041460.14","v6.5 mouse 2i+LIF",22
"Kumar","level","ENSMUSG00000098178.1","v6.5 mouse 2i+LIF",23
"Kumar","level","ENSMUSG00000027652.15","v6.5 mouse 2i+LIF",24
"Kumar","level","ENSMUSG00000108413.1","v6.5 mouse 2i+LIF",25
"Kumar","level","ENSMUSG00000027371.10","v6.5 mouse serum+LIF",1
"Kumar","level","ENSMUSG00000099853.2","v6.5 mouse serum+LIF",2
"Kumar","level","ENSMUSG00000026773.19","v6.5 mouse serum+LIF",3
"Kumar","level","ENSMUSG00000040479.11","v6.5 mouse serum+LIF",4
"Kumar","level","ENSMUSG00000073739.3","v6.5 mouse serum+LIF",5
"Kumar","level","ENSMUSG00000093164.2","v6.5 mouse serum+LIF",6
"Kumar","level","ENSMUSG00000042834.14","v6.5 mouse serum+LIF",7
"Kumar","level","ENSMUSG00000024833.14","v6.5 mouse serum+LIF",8
"Kumar","level","ENSMUSG00000094313.2","v6.5 mouse serum+LIF",9
"Kumar","level","ENSMUSG00000092932.2","v6.5 mouse serum+LIF",10
"Kumar","level","ENSMUSG00000031536.5","v6.5 mouse serum+LIF",11
"Kumar","level","ENSMUSG00000082809.3","v6.5 mouse serum+LIF",12
"Kumar","level","ENSMUSG00000057359.7","v6.5 mouse serum+LIF",13
"Kumar","level","ENSMUSG00000045725.5","v6.5 mouse serum+LIF",14
"Kumar","level","ENSMUSG00000067274.10","v6.5 mouse serum+LIF",15
"Kumar","level","ENSMUSG00000097906.1","v6.5 mouse serum+LIF",16
"Kumar","level","ENSMUSG00000034926.3","v6.5 mouse serum+LIF",17
"Kumar","level","ENSMUSG00000008683.16","v6.5 mouse serum+LIF",18
"Kumar","level","ENSMUSG00000037738.9","v6.5 mouse serum+LIF",19
"Kumar","level","ENSMUSG00000105388.1","v6.5 mouse serum+LIF",20
"Kumar","level","ENSMUSG00000063696.6","v6.5 mouse serum+LIF",21
"Kumar","level","ENSMUSG00000035851.14","v6.5 mouse serum+LIF",22
"Kumar","level","ENSMUSG00000058625.5","v6.5 mouse serum+LIF",23
"Kumar","level","ENSMUSG00000000561.14","v6.5 mouse serum+LIF",24
"Kumar","level","ENSMUSG00000059195.10","v6.5 mouse serum+LIF",25
"Kumar","detection","ENSMUSG00000082475.1","Dgcr8 knockout mouse serum+LIF",1
"Kumar","detection","ENSMUSG00000086525.1","Dgcr8 knockout mouse serum+LIF",2
"Kumar","detection","ENSMUSG00000083669.5","Dgcr8 knockout mouse serum+LIF",3
"Kumar","detection","ENSMUSG00000074213.2","Dgcr8 knockout mouse serum+LIF",4
"Kumar","detection","ENSMUSG00000079295.5","Dgcr8 knockout mouse serum+LIF",5
"Kumar","detection","ENSMUSG00000085945.2","Dgcr8 knockout mouse serum+LIF",6
"Kumar","detection","ENSMUSG00000076142.1","Dgcr8 knockout mouse serum+LIF",7
"Kumar","detection","ENSMUSG00000084769.1","Dgcr8 knockout mouse serum+LIF",8
"Kumar","detection","ENSMUSG00000105361.1","Dgcr8 knockout mouse serum+LIF",9
"Kumar","detection","ENSMUSG00000106257.1","Dgcr8 knockout mouse serum+LIF",10
"Kumar","detection","ENSMUSG00000094791.1","Dgcr8 knockout mouse serum+LIF",11
"Kumar","detection","ENSMUSG00000095301.1","Dgcr8 knockout mouse serum+LIF",12
"Kumar","detection","ENSMUSG00000099510.2","Dgcr8 knockout mouse serum+LIF",13
"Kumar","detection","ENSMUSG00000106353.1","Dgcr8 knockout mouse serum+LIF",14
"Kumar","detection","ENSMUSG00000053742.8","Dgcr8 knockout mouse serum+LIF",15
"Kumar","detection","ENSMUSG00000091584.1","Dgcr8 knockout mouse serum+LIF",16
"Kumar","detection","ENSMUSG00000107565.1","Dgcr8 knockout mouse serum+LIF",17
"Kumar","detection","ENSMUSG00000084034.1","Dgcr8 knockout mouse serum+LIF",18
"Kumar","detection","ENSMUSG00000083169.1","Dgcr8 knockout mouse serum+LIF",19
"Kumar","detection","ENSMUSG00000101886.1","Dgcr8 knockout mouse serum+LIF",20
"Kumar","detection","ENSMUSG00000095573.2","Dgcr8 knockout mouse serum+LIF",21
"Kumar","detection","ENSMUSG00000092822.2","Dgcr8 knockout mouse serum+LIF",22
"Kumar","detection","ENSMUSG00000083933.1","Dgcr8 knockout mouse serum+LIF",23
"Kumar","detection","ENSMUSG00000094276.1","Dgcr8 knockout mouse serum+LIF",24
"Kumar","detection","ENSMUSG00000096661.1","Dgcr8 knockout mouse serum+LIF",25
"Kumar","detection","ENSMUSG00000058147.1","v6.5 mouse 2i+LIF",1
"Kumar","detection","ENSMUSG00000082429.1","v6.5 mouse 2i+LIF",2
"Kumar","detection","ENSMUSG00000081626.3","v6.5 mouse 2i+LIF",3
"Kumar","detection","ENSMUSG00000088611.1","v6.5 mouse 2i+LIF",4
"Kumar","detection","ENSMUSG00000080852.1","v6.5 mouse 2i+LIF",5
"Kumar","detection","ENSMUSG00000100046.1","v6.5 mouse 2i+LIF",6
"Kumar","detection","ENSMUSG00000094202.1","v6.5 mouse 2i+LIF",7
"Kumar","detection","ENSMUSG00000107124.1","v6.5 mouse 2i+LIF",8
"Kumar","detection","ENSMUSG00000081413.3","v6.5 mouse 2i+LIF",9
"Kumar","detection","ENSMUSG00000098464.1","v6.5 mouse 2i+LIF",10
"Kumar","detection","ENSMUSG00000086000.1","v6.5 mouse 2i+LIF",11
"Kumar","detection","ENSMUSG00000109164.1","v6.5 mouse 2i+LIF",12
"Kumar","detection","ENSMUSG00000092633.1","v6.5 mouse 2i+LIF",13
"Kumar","detection","ENSMUSG00000083679.1","v6.5 mouse 2i+LIF",14
"Kumar","detection","ENSMUSG00000105744.1","v6.5 mouse 2i+LIF",15
"Kumar","detection","ENSMUSG00000053121.3","v6.5 mouse 2i+LIF",16
"Kumar","detection","ENSMUSG00000084439.1","v6.5 mouse 2i+LIF",17
"Kumar","detection","ENSMUSG00000045946.3","v6.5 mouse 2i+LIF",18
"Kumar","detection","ENSMUSG00000107579.1","v6.5 mouse 2i+LIF",19
"Kumar","detection","ENSMUSG00000081961.1","v6.5 mouse 2i+LIF",20
"Kumar","detection","ENSMUSG00000089349.1","v6.5 mouse 2i+LIF",21
"Kumar","detection","ENSMUSG00000100495.1","v6.5 mouse 2i+LIF",22
"Kumar","detection","ENSMUSG00000102535.1","v6.5 mouse 2i+LIF",23
"Kumar","detection","ENSMUSG00000106945.1","v6.5 mouse 2i+LIF",24
"Kumar","detection","ENSMUSG00000102010.1","v6.5 mouse 2i+LIF",25
"Kumar","detection","ENSMUSG00000109423.1","v6.5 mouse serum+LIF",1
"Kumar","detection","ENSMUSG00000091421.3","v6.5 mouse serum+LIF",2
"Kumar","detection","ENSMUSG00000098143.1","v6.5 mouse serum+LIF",3
"Kumar","detection","ENSMUSG00000075112.1","v6.5 mouse serum+LIF",4
"Kumar","detection","ENSMUSG00000095596.1","v6.5 mouse serum+LIF",5
"Kumar","detection","ENSMUSG00000075219.1","v6.5 mouse serum+LIF",6
"Kumar","detection","ENSMUSG00000109521.1","v6.5 mouse serum+LIF",7
"Kumar","detection","ENSMUSG00000099842.1","v6.5 mouse serum+LIF",8
"Kumar","detection","ENSMUSG00000098776.1","v6.5 mouse serum+LIF",9
"Kumar","detection","ENSMUSG00000091813.2","v6.5 mouse serum+LIF",10
"Kumar","detection","ENSMUSG00000099424.1","v6.5 mouse serum+LIF",11
"Kumar","detection","ENSMUSG00000024503.2","v6.5 mouse serum+LIF",12
"Kumar","detection","ENSMUSG00000043892.2","v6.5 mouse serum+LIF",13
"Kumar","detection","ENSMUSG00000075088.1","v6.5 mouse serum+LIF",14
"Kumar","detection","ENSMUSG00000064063.5","v6.5 mouse serum+LIF",15
"Kumar","detection","ENSMUSG00000084077.1","v6.5 mouse serum+LIF",16
"Kumar","detection","ENSMUSG00000075107.1","v6.5 mouse serum+LIF",17
"Kumar","detection","ENSMUSG00000084386.1","v6.5 mouse serum+LIF",18
"Kumar","detection","ENSMUSG00000084353.1","v6.5 mouse serum+LIF",19
"Kumar","detection","ENSMUSG00000087489.1","v6.5 mouse serum+LIF",20
"Kumar","detection","ENSMUSG00000107781.1","v6.5 mouse serum+LIF",21
"Kumar","detection","ENSMUSG00000096036.2","v6.5 mouse serum+LIF",22
"Kumar","detection","ENSMUSG00000057346.11","v6.5 mouse serum+LIF",23
"Kumar","detection","ENSMUSG00000093419.1","v6.5 mouse serum+LIF",24
"Kumar","detection","ENSMUSG00000074978.3","v6.5 mouse serum+LIF",25
"Kumar","wilcox","ENSMUSG00000030704.14","Dgcr8 knockout mouse serum+LIF",1
"Kumar","wilcox","ENSMUSG00000052727.5","Dgcr8 knockout mouse serum+LIF",2
"Kumar","wilcox","ENSMUSG00000097095.1","Dgcr8 knockout mouse serum+LIF",3
"Kumar","wilcox","ENSMUSG00000101776.1","Dgcr8 knockout mouse serum+LIF",4
"Kumar","wilcox","ENSMUSG00000038393.14","Dgcr8 knockout mouse serum+LIF",5
"Kumar","wilcox","ENSMUSG00000041408.16","Dgcr8 knockout mouse serum+LIF",6
"Kumar","wilcox","ENSMUSG00000064351.1","Dgcr8 knockout mouse serum+LIF",7
"Kumar","wilcox","ENSMUSG00000038368.16","Dgcr8 knockout mouse serum+LIF",8
"Kumar","wilcox","ENSMUSG00000098178.1","Dgcr8 knockout mouse serum+LIF",9
"Kumar","wilcox","ENSMUSG00000106106.2","Dgcr8 knockout mouse serum+LIF",10
"Kumar","wilcox","ENSMUSG00000105207.1","Dgcr8 knockout mouse serum+LIF",11
"Kumar","wilcox","ENSMUSG00000035891.16","Dgcr8 knockout mouse serum+LIF",12
"Kumar","wilcox","ENSMUSG00000101249.1","Dgcr8 knockout mouse serum+LIF",13
"Kumar","wilcox","ENSMUSG00000094472.1","Dgcr8 knockout mouse serum+LIF",14
"Kumar","wilcox","ENSMUSG00000100768.1","Dgcr8 knockout mouse serum+LIF",15
"Kumar","wilcox","ENSMUSG00000023140.4","Dgcr8 knockout mouse serum+LIF",16
"Kumar","wilcox","ENSMUSG00000087306.7","Dgcr8 knockout mouse serum+LIF",17
"Kumar","wilcox","ENSMUSG00000101111.1","Dgcr8 knockout mouse serum+LIF",18
"Kumar","wilcox","ENSMUSG00000061331.5","Dgcr8 knockout mouse serum+LIF",19
"Kumar","wilcox","ENSMUSG00000059743.12","Dgcr8 knockout mouse serum+LIF",20
"Kumar","wilcox","ENSMUSG00000020128.15","Dgcr8 knockout mouse serum+LIF",21
"Kumar","wilcox","ENSMUSG00000031812.16","Dgcr8 knockout mouse serum+LIF",22
"Kumar","wilcox","ENSMUSG00000050708.15","Dgcr8 knockout mouse serum+LIF",23
"Kumar","wilcox","ENSMUSG00000017009.3","Dgcr8 knockout mouse serum+LIF",24
"Kumar","wilcox","ENSMUSG00000064352.1","Dgcr8 knockout mouse serum+LIF",25
"Kumar","wilcox","ENSMUSG00000029752.12","v6.5 mouse 2i+LIF",1
"Kumar","wilcox","ENSMUSG00000029622.16","v6.5 mouse 2i+LIF",2
"Kumar","wilcox","ENSMUSG00000021959.15","v6.5 mouse 2i+LIF",3
"Kumar","wilcox","ENSMUSG00000027652.15","v6.5 mouse 2i+LIF",4
"Kumar","wilcox","ENSMUSG00000030201.15","v6.5 mouse 2i+LIF",5
"Kumar","wilcox","ENSMUSG00000085691.1","v6.5 mouse 2i+LIF",6
"Kumar","wilcox","ENSMUSG00000081633.1","v6.5 mouse 2i+LIF",7
"Kumar","wilcox","ENSMUSG00000030067.17","v6.5 mouse 2i+LIF",8
"Kumar","wilcox","ENSMUSG00000061410.6","v6.5 mouse 2i+LIF",9
"Kumar","wilcox","ENSMUSG00000028423.15","v6.5 mouse 2i+LIF",10
"Kumar","wilcox","ENSMUSG00000090125.3","v6.5 mouse 2i+LIF",11
"Kumar","wilcox","ENSMUSG00000041460.14","v6.5 mouse 2i+LIF",12
"Kumar","wilcox","ENSMUSG00000037940.15","v6.5 mouse 2i+LIF",13
"Kumar","wilcox","ENSMUSG00000029179.14","v6.5 mouse 2i+LIF",14
"Kumar","wilcox","ENSMUSG00000038696.14","v6.5 mouse 2i+LIF",15
"Kumar","wilcox","ENSMUSG00000108413.1","v6.5 mouse 2i+LIF",16
"Kumar","wilcox","ENSMUSG00000089832.8","v6.5 mouse 2i+LIF",17
"Kumar","wilcox","ENSMUSG00000099839.1","v6.5 mouse 2i+LIF",18
"Kumar","wilcox","ENSMUSG00000020923.17","v6.5 mouse 2i+LIF",19
"Kumar","wilcox","ENSMUSG00000028228.5","v6.5 mouse 2i+LIF",20
"Kumar","wilcox","ENSMUSG00000033222.16","v6.5 mouse 2i+LIF",21
"Kumar","wilcox","ENSMUSG00000037341.13","v6.5 mouse 2i+LIF",22
"Kumar","wilcox","ENSMUSG00000025246.13","v6.5 mouse 2i+LIF",23
"Kumar","wilcox","ENSMUSG00000087702.1","v6.5 mouse 2i+LIF",24
"Kumar","wilcox","ENSMUSG00000042010.16","v6.5 mouse 2i+LIF",25
"Kumar","wilcox","ENSMUSG00000027371.10","v6.5 mouse serum+LIF",1
"Kumar","wilcox","ENSMUSG00000040479.11","v6.5 mouse serum+LIF",2
"Kumar","wilcox","ENSMUSG00000037738.9","v6.5 mouse serum+LIF",3
"Kumar","wilcox","ENSMUSG00000099853.2","v6.5 mouse serum+LIF",4
"Kumar","wilcox","ENSMUSG00000026773.19","v6.5 mouse serum+LIF",5
"Kumar","wilcox","ENSMUSG00000067274.10","v6.5 mouse serum+LIF",6
"Kumar","wilcox","ENSMUSG00000042834.14","v6.5 mouse serum+LIF",7
"Kumar","wilcox","ENSMUSG00000000561.14","v6.5 mouse serum+LIF",8
"Kumar","wilcox","ENSMUSG00000037408.10","v6.5 mouse serum+LIF",9
"Kumar","wilcox","ENSMUSG00000097906.1","v6.5 mouse serum+LIF",10
"Kumar","wilcox","ENSMUSG00000024833.14","v6.5 mouse serum+LIF",11
"Kumar","wilcox","ENSMUSG00000063696.6","v6.5 mouse serum+LIF",12
"Kumar","wilcox","ENSMUSG00000020460.15","v6.5 mouse serum+LIF",13
"Kumar","wilcox","ENSMUSG00000031536.5","v6.5 mouse serum+LIF",14
"Kumar","wilcox","ENSMUSG00000094313.2","v6.5 mouse serum+LIF",15
"Kumar","wilcox","ENSMUSG00000029782.18","v6.5 mouse serum+LIF",16
"Kumar","wilcox","ENSMUSG00000057359.7","v6.5 mouse serum+LIF",17
"Kumar","wilcox","ENSMUSG00000028633.7","v6.5 mouse serum+LIF",18
"Kumar","wilcox","ENSMUSG00000066362.5","v6.5 mouse serum+LIF",19
"Kumar","wilcox","ENSMUSG00000090137.8","v6.5 mouse serum+LIF",20
"Kumar","wilcox","ENSMUSG00000008682.13","v6.5 mouse serum+LIF",21
"Kumar","wilcox","ENSMUSG00000105388.1","v6.5 mouse serum+LIF",22
"Kumar","wilcox","ENSMUSG00000097718.1","v6.5 mouse serum+LIF",23
"Kumar","wilcox","ENSMUSG00000034926.3","v6.5 mouse serum+LIF",24
"Kumar","wilcox","ENSMUSG00000086583.3","v6.5 mouse serum+LIF",25
"Lawlor","hurdle","ENSG00000142615","Acinar",1
"Lawlor","hurdle","ENSG00000169347","Acinar",2
"Lawlor","hurdle","ENSG00000187021","Acinar",3
"Lawlor","hurdle","ENSG00000162438","Acinar",4
"Lawlor","hurdle","ENSG00000219073","Acinar",5
"Lawlor","hurdle","ENSG00000135678","Acinar",6
"Lawlor","hurdle","ENSG00000204983","Acinar",7
"Lawlor","hurdle","ENSG00000153002","Acinar",8
"Lawlor","hurdle","ENSG00000142789","Acinar",9
"Lawlor","hurdle","ENSG00000013588","Acinar",10
"Lawlor","hurdle","ENSG00000008394","Acinar",11
"Lawlor","hurdle","ENSG00000010438","Acinar",12
"Lawlor","hurdle","ENSG00000115386","Acinar",13
"Lawlor","hurdle","ENSG00000129675","Acinar",14
"Lawlor","hurdle","ENSG00000060982","Acinar",15
"Lawlor","hurdle","ENSG00000168925","Acinar",16
"Lawlor","hurdle","ENSG00000172023","Acinar",17
"Lawlor","hurdle","ENSG00000168928","Acinar",18
"Lawlor","hurdle","ENSG00000091704","Acinar",19
"Lawlor","hurdle","ENSG00000118322","Acinar",20
"Lawlor","hurdle","ENSG00000243480","Acinar",21
"Lawlor","hurdle","ENSG00000164266","Acinar",22
"Lawlor","hurdle","ENSG00000127954","Acinar",23
"Lawlor","hurdle","ENSG00000170890","Acinar",24
"Lawlor","hurdle","ENSG00000244067","Acinar",25
"Lawlor","hurdle","ENSG00000115263","Alpha",1
"Lawlor","hurdle","ENSG00000118271","Alpha",2
"Lawlor","hurdle","ENSG00000169903","Alpha",3
"Lawlor","hurdle","ENSG00000138193","Alpha",4
"Lawlor","hurdle","ENSG00000145321","Alpha",5
"Lawlor","hurdle","ENSG00000120885","Alpha",6
"Lawlor","hurdle","ENSG00000115419","Alpha",7
"Lawlor","hurdle","ENSG00000116183","Alpha",8
"Lawlor","hurdle","ENSG00000106565","Alpha",9
"Lawlor","hurdle","ENSG00000078098","Alpha",10
"Lawlor","hurdle","ENSG00000138131","Alpha",11
"Lawlor","hurdle","ENSG00000211445","Alpha",12
"Lawlor","hurdle","ENSG00000089199","Alpha",13
"Lawlor","hurdle","ENSG00000002933","Alpha",14
"Lawlor","hurdle","ENSG00000165092","Alpha",15
"Lawlor","hurdle","ENSG00000089327","Alpha",16
"Lawlor","hurdle","ENSG00000173702","Alpha",17
"Lawlor","hurdle","ENSG00000139209","Alpha",18
"Lawlor","hurdle","ENSG00000125851","Alpha",19
"Lawlor","hurdle","ENSG00000117152","Alpha",20
"Lawlor","hurdle","ENSG00000178695","Alpha",21
"Lawlor","hurdle","ENSG00000183748","Alpha",22
"Lawlor","hurdle","ENSG00000118985","Alpha",23
"Lawlor","hurdle","ENSG00000125430","Alpha",24
"Lawlor","hurdle","ENSG00000004799","Alpha",25
"Lawlor","hurdle","ENSG00000254647","Beta",1
"Lawlor","hurdle","ENSG00000121351","Beta",2
"Lawlor","hurdle","ENSG00000138796","Beta",3
"Lawlor","hurdle","ENSG00000106236","Beta",4
"Lawlor","hurdle","ENSG00000123836","Beta",5
"Lawlor","hurdle","ENSG00000141433","Beta",6
"Lawlor","hurdle","ENSG00000137642","Beta",7
"Lawlor","hurdle","ENSG00000162461","Beta",8
"Lawlor","hurdle","ENSG00000036828","Beta",9
"Lawlor","hurdle","ENSG00000214548","Beta",10
"Lawlor","hurdle","ENSG00000175426","Beta",11
"Lawlor","hurdle","ENSG00000019505","Beta",12
"Lawlor","hurdle","ENSG00000006071","Beta",13
"Lawlor","hurdle","ENSG00000112175","Beta",14
"Lawlor","hurdle","ENSG00000152254","Beta",15
"Lawlor","hurdle","ENSG00000168234","Beta",16
"Lawlor","hurdle","ENSG00000086619","Beta",17
"Lawlor","hurdle","ENSG00000129757","Beta",18
"Lawlor","hurdle","ENSG00000035862","Beta",19
"Lawlor","hurdle","ENSG00000156976","Beta",20
"Lawlor","hurdle","ENSG00000100316","Beta",21
"Lawlor","hurdle","ENSG00000148180","Beta",22
"Lawlor","hurdle","ENSG00000154277","Beta",23
"Lawlor","hurdle","ENSG00000168032","Beta",24
"Lawlor","hurdle","ENSG00000074370","Beta",25
"Lawlor","hurdle","ENSG00000157005","Delta",1
"Lawlor","hurdle","ENSG00000116678","Delta",2
"Lawlor","hurdle","ENSG00000114200","Delta",3
"Lawlor","hurdle","ENSG00000172236","Delta",4
"Lawlor","hurdle","ENSG00000178568","Delta",5
"Lawlor","hurdle","ENSG00000183161","Delta",6
"Lawlor","hurdle","ENSG00000174989","Delta",7
"Lawlor","hurdle","ENSG00000116497","Delta",8
"Lawlor","hurdle","ENSG00000166562","Delta",9
"Lawlor","hurdle","ENSG00000138207","Delta",10
"Lawlor","hurdle","ENSG00000116690","Delta",11
"Lawlor","hurdle","ENSG00000116741","Delta",12
"Lawlor","hurdle","ENSG00000010278","Delta",13
"Lawlor","hurdle","ENSG00000159713","Delta",14
"Lawlor","hurdle","ENSG00000069431","Delta",15
"Lawlor","hurdle","ENSG00000135373","Delta",16
"Lawlor","hurdle","ENSG00000075188","Delta",17
"Lawlor","hurdle","ENSG00000006468","Delta",18
"Lawlor","hurdle","ENSG00000163510","Delta",19
"Lawlor","hurdle","ENSG00000132549","Delta",20
"Lawlor","hurdle","ENSG00000019582","Delta",21
"Lawlor","hurdle","ENSG00000110048","Delta",22
"Lawlor","hurdle","ENSG00000188175","Delta",23
"Lawlor","hurdle","ENSG00000016082","Delta",24
"Lawlor","hurdle","ENSG00000166086","Delta",25
"Lawlor","hurdle","ENSG00000086696","Ductal",1
"Lawlor","hurdle","ENSG00000153292","Ductal",2
"Lawlor","hurdle","ENSG00000162896","Ductal",3
"Lawlor","hurdle","ENSG00000144063","Ductal",4
"Lawlor","hurdle","ENSG00000105971","Ductal",5
"Lawlor","hurdle","ENSG00000171747","Ductal",6
"Lawlor","hurdle","ENSG00000154553","Ductal",7
"Lawlor","hurdle","ENSG00000171345","Ductal",8
"Lawlor","hurdle","ENSG00000151882","Ductal",9
"Lawlor","hurdle","ENSG00000134873","Ductal",10
"Lawlor","hurdle","ENSG00000196975","Ductal",11
"Lawlor","hurdle","ENSG00000125730","Ductal",12
"Lawlor","hurdle","ENSG00000140279","Ductal",13
"Lawlor","hurdle","ENSG00000140416","Ductal",14
"Lawlor","hurdle","ENSG00000147459","Ductal",15
"Lawlor","hurdle","ENSG00000176945","Ductal",16
"Lawlor","hurdle","ENSG00000138772","Ductal",17
"Lawlor","hurdle","ENSG00000142910","Ductal",18
"Lawlor","hurdle","ENSG00000132256","Ductal",19
"Lawlor","hurdle","ENSG00000150540","Ductal",20
"Lawlor","hurdle","ENSG00000170421","Ductal",21
"Lawlor","hurdle","ENSG00000116833","Ductal",22
"Lawlor","hurdle","ENSG00000103534","Ductal",23
"Lawlor","hurdle","ENSG00000163898","Ductal",24
"Lawlor","hurdle","ENSG00000064651","Ductal",25
"Lawlor","hurdle","ENSG00000108849","Gamma/PP",1
"Lawlor","hurdle","ENSG00000106069","Gamma/PP",2
"Lawlor","hurdle","ENSG00000108576","Gamma/PP",3
"Lawlor","hurdle","ENSG00000172831","Gamma/PP",4
"Lawlor","hurdle","ENSG00000184564","Gamma/PP",5
"Lawlor","hurdle","ENSG00000173826","Gamma/PP",6
"Lawlor","hurdle","ENSG00000140297","Gamma/PP",7
"Lawlor","hurdle","ENSG00000006468","Gamma/PP",8
"Lawlor","hurdle","ENSG00000115738","Gamma/PP",9
"Lawlor","hurdle","ENSG00000104327","Gamma/PP",10
"Lawlor","hurdle","ENSG00000155893","Gamma/PP",11
"Lawlor","hurdle","ENSG00000172201","Gamma/PP",12
"Lawlor","hurdle","ENSG00000105397","Gamma/PP",13
"Lawlor","hurdle","ENSG00000166548","Gamma/PP",14
"Lawlor","hurdle","ENSG00000155052","Gamma/PP",15
"Lawlor","hurdle","ENSG00000104435","Gamma/PP",16
"Lawlor","hurdle","ENSG00000134769","Gamma/PP",17
"Lawlor","hurdle","ENSG00000170381","Gamma/PP",18
"Lawlor","hurdle","ENSG00000048540","Gamma/PP",19
"Lawlor","hurdle","ENSG00000242265","Gamma/PP",20
"Lawlor","hurdle","ENSG00000134138","Gamma/PP",21
"Lawlor","hurdle","ENSG00000113657","Gamma/PP",22
"Lawlor","hurdle","ENSG00000169903","Gamma/PP",23
"Lawlor","hurdle","ENSG00000124214","Gamma/PP",24
"Lawlor","hurdle","ENSG00000107104","Gamma/PP",25
"Lawlor","hurdle","ENSG00000235097","None/Other",1
"Lawlor","hurdle","ENSG00000124882","None/Other",2
"Lawlor","hurdle","ENSG00000188280","None/Other",3
"Lawlor","hurdle","ENSG00000188620","None/Other",4
"Lawlor","hurdle","ENSG00000164398","None/Other",5
"Lawlor","hurdle","ENSG00000127951","None/Other",6
"Lawlor","hurdle","ENSG00000179240","None/Other",7
"Lawlor","hurdle","ENSG00000197362","None/Other",8
"Lawlor","hurdle","ENSG00000108846","None/Other",9
"Lawlor","hurdle","ENSG00000128159","None/Other",10
"Lawlor","hurdle","ENSG00000102755","None/Other",11
"Lawlor","hurdle","ENSG00000267041","None/Other",12
"Lawlor","hurdle","ENSG00000213988","None/Other",13
"Lawlor","hurdle","ENSG00000185163","None/Other",14
"Lawlor","hurdle","ENSG00000099139","None/Other",15
"Lawlor","hurdle","ENSG00000141485","None/Other",16
"Lawlor","hurdle","ENSG00000064989","None/Other",17
"Lawlor","hurdle","ENSG00000172613","None/Other",18
"Lawlor","hurdle","ENSG00000163131","None/Other",19
"Lawlor","hurdle","ENSG00000186166","None/Other",20
"Lawlor","hurdle","ENSG00000267508","None/Other",21
"Lawlor","hurdle","ENSG00000167680","None/Other",22
"Lawlor","hurdle","ENSG00000197566","None/Other",23
"Lawlor","hurdle","ENSG00000232386","None/Other",24
"Lawlor","hurdle","ENSG00000152689","None/Other",25
"Lawlor","hurdle","ENSG00000108821","Stellate",1
"Lawlor","hurdle","ENSG00000074181","Stellate",2
"Lawlor","hurdle","ENSG00000011465","Stellate",3
"Lawlor","hurdle","ENSG00000103196","Stellate",4
"Lawlor","hurdle","ENSG00000161381","Stellate",5
"Lawlor","hurdle","ENSG00000165633","Stellate",6
"Lawlor","hurdle","ENSG00000164692","Stellate",7
"Lawlor","hurdle","ENSG00000115414","Stellate",8
"Lawlor","hurdle","ENSG00000107796","Stellate",9
"Lawlor","hurdle","ENSG00000133048","Stellate",10
"Lawlor","hurdle","ENSG00000099953","Stellate",11
"Lawlor","hurdle","ENSG00000071967","Stellate",12
"Lawlor","hurdle","ENSG00000076641","Stellate",13
"Lawlor","hurdle","ENSG00000181104","Stellate",14
"Lawlor","hurdle","ENSG00000111341","Stellate",15
"Lawlor","hurdle","ENSG00000159216","Stellate",16
"Lawlor","hurdle","ENSG00000136235","Stellate",17
"Lawlor","hurdle","ENSG00000164294","Stellate",18
"Lawlor","hurdle","ENSG00000167601","Stellate",19
"Lawlor","hurdle","ENSG00000144810","Stellate",20
"Lawlor","hurdle","ENSG00000132530","Stellate",21
"Lawlor","hurdle","ENSG00000159674","Stellate",22
"Lawlor","hurdle","ENSG00000168542","Stellate",23
"Lawlor","hurdle","ENSG00000166147","Stellate",24
"Lawlor","hurdle","ENSG00000182492","Stellate",25
"Lawlor","level","ENSG00000142615","Acinar",1
"Lawlor","level","ENSG00000169347","Acinar",2
"Lawlor","level","ENSG00000187021","Acinar",3
"Lawlor","level","ENSG00000162438","Acinar",4
"Lawlor","level","ENSG00000219073","Acinar",5
"Lawlor","level","ENSG00000135678","Acinar",6
"Lawlor","level","ENSG00000153002","Acinar",7
"Lawlor","level","ENSG00000013588","Acinar",8
"Lawlor","level","ENSG00000204983","Acinar",9
"Lawlor","level","ENSG00000142789","Acinar",10
"Lawlor","level","ENSG00000008394","Acinar",11
"Lawlor","level","ENSG00000010438","Acinar",12
"Lawlor","level","ENSG00000060982","Acinar",13
"Lawlor","level","ENSG00000115386","Acinar",14
"Lawlor","level","ENSG00000243480","Acinar",15
"Lawlor","level","ENSG00000164266","Acinar",16
"Lawlor","level","ENSG00000141086","Acinar",17
"Lawlor","level","ENSG00000074410","Acinar",18
"Lawlor","level","ENSG00000091704","Acinar",19
"Lawlor","level","ENSG00000172023","Acinar",20
"Lawlor","level","ENSG00000168925","Acinar",21
"Lawlor","level","ENSG00000008517","Acinar",22
"Lawlor","level","ENSG00000168928","Acinar",23
"Lawlor","level","ENSG00000109814","Acinar",24
"Lawlor","level","ENSG00000164171","Acinar",25
"Lawlor","level","ENSG00000115263","Alpha",1
"Lawlor","level","ENSG00000118271","Alpha",2
"Lawlor","level","ENSG00000138193","Alpha",3
"Lawlor","level","ENSG00000120885","Alpha",4
"Lawlor","level","ENSG00000115419","Alpha",5
"Lawlor","level","ENSG00000169903","Alpha",6
"Lawlor","level","ENSG00000089199","Alpha",7
"Lawlor","level","ENSG00000165092","Alpha",8
"Lawlor","level","ENSG00000166710","Alpha",9
"Lawlor","level","ENSG00000125851","Alpha",10
"Lawlor","level","ENSG00000106565","Alpha",11
"Lawlor","level","ENSG00000211445","Alpha",12
"Lawlor","level","ENSG00000118985","Alpha",13
"Lawlor","level","ENSG00000173418","Alpha",14
"Lawlor","level","ENSG00000171951","Alpha",15
"Lawlor","level","ENSG00000004799","Alpha",16
"Lawlor","level","ENSG00000003989","Alpha",17
"Lawlor","level","ENSG00000112379","Alpha",18
"Lawlor","level","ENSG00000145321","Alpha",19
"Lawlor","level","ENSG00000116183","Alpha",20
"Lawlor","level","ENSG00000117152","Alpha",21
"Lawlor","level","ENSG00000078098","Alpha",22
"Lawlor","level","ENSG00000138131","Alpha",23
"Lawlor","level","ENSG00000197249","Alpha",24
"Lawlor","level","ENSG00000254647","Beta",1
"Lawlor","level","ENSG00000121351","Beta",2
"Lawlor","level","ENSG00000137642","Beta",3
"Lawlor","level","ENSG00000162461","Beta",4
"Lawlor","level","ENSG00000214548","Beta",5
"Lawlor","level","ENSG00000123836","Beta",6
"Lawlor","level","ENSG00000006071","Beta",7
"Lawlor","level","ENSG00000019505","Beta",8
"Lawlor","level","ENSG00000086619","Beta",9
"Lawlor","level","ENSG00000168234","Beta",10
"Lawlor","level","ENSG00000156976","Beta",11
"Lawlor","level","ENSG00000100316","Beta",12
"Lawlor","level","ENSG00000054654","Beta",13
"Lawlor","level","ENSG00000189241","Beta",14
"Lawlor","level","ENSG00000148180","Beta",15
"Lawlor","level","ENSG00000162065","Beta",16
"Lawlor","level","ENSG00000164756","Beta",17
"Lawlor","level","ENSG00000087460","Beta",18
"Lawlor","level","ENSG00000155849","Beta",19
"Lawlor","level","ENSG00000138796","Beta",20
"Lawlor","level","ENSG00000175426","Beta",21
"Lawlor","level","ENSG00000198938","Beta",22
"Lawlor","level","ENSG00000152254","Beta",23
"Lawlor","level","ENSG00000198886","Beta",24
"Lawlor","level","ENSG00000198727","Beta",25
"Lawlor","level","ENSG00000157005","Delta",1
"Lawlor","level","ENSG00000116678","Delta",2
"Lawlor","level","ENSG00000166562","Delta",3
"Lawlor","level","ENSG00000114200","Delta",4
"Lawlor","level","ENSG00000116741","Delta",5
"Lawlor","level","ENSG00000116690","Delta",6
"Lawlor","level","ENSG00000138207","Delta",7
"Lawlor","level","ENSG00000143995","Delta",8
"Lawlor","level","ENSG00000159388","Delta",9
"Lawlor","level","ENSG00000120738","Delta",10
"Lawlor","level","ENSG00000162896","Ductal",1
"Lawlor","level","ENSG00000154553","Ductal",2
"Lawlor","level","ENSG00000151882","Ductal",3
"Lawlor","level","ENSG00000196975","Ductal",4
"Lawlor","level","ENSG00000134873","Ductal",5
"Lawlor","level","ENSG00000125730","Ductal",6
"Lawlor","level","ENSG00000140416","Ductal",7
"Lawlor","level","ENSG00000147459","Ductal",8
"Lawlor","level","ENSG00000176945","Ductal",9
"Lawlor","level","ENSG00000138772","Ductal",10
"Lawlor","level","ENSG00000132256","Ductal",11
"Lawlor","level","ENSG00000170421","Ductal",12
"Lawlor","level","ENSG00000116833","Ductal",13
"Lawlor","level","ENSG00000171345","Ductal",14
"Lawlor","level","ENSG00000163898","Ductal",15
"Lawlor","level","ENSG00000064651","Ductal",16
"Lawlor","level","ENSG00000034510","Ductal",17
"Lawlor","level","ENSG00000142867","Ductal",18
"Lawlor","level","ENSG00000163191","Ductal",19
"Lawlor","level","ENSG00000130066","Ductal",20
"Lawlor","level","ENSG00000189043","Ductal",21
"Lawlor","level","ENSG00000111912","Ductal",22
"Lawlor","level","ENSG00000163386","Ductal",23
"Lawlor","level","ENSG00000111057","Ductal",24
"Lawlor","level","ENSG00000146038","Ductal",25
"Lawlor","level","ENSG00000108849","Gamma/PP",1
"Lawlor","level","ENSG00000108576","Gamma/PP",2
"Lawlor","level","ENSG00000140297","Gamma/PP",3
"Lawlor","level","ENSG00000115738","Gamma/PP",4
"Lawlor","level","ENSG00000006468","Gamma/PP",5
"Lawlor","level","ENSG00000104435","Gamma/PP",6
"Lawlor","level","ENSG00000242265","Gamma/PP",7
"Lawlor","level","ENSG00000134138","Gamma/PP",8
"Lawlor","level","ENSG00000105852","Gamma/PP",9
"Lawlor","level","ENSG00000131016","Gamma/PP",10
"Lawlor","level","ENSG00000104327","Gamma/PP",11
"Lawlor","level","ENSG00000150961","Gamma/PP",12
"Lawlor","level","ENSG00000069431","Gamma/PP",13
"Lawlor","level","ENSG00000077782","Gamma/PP",14
"Lawlor","level","ENSG00000170381","Gamma/PP",15
"Lawlor","level","ENSG00000120738","Gamma/PP",16
"Lawlor","level","ENSG00000171951","Gamma/PP",17
"Lawlor","level","ENSG00000159388","Gamma/PP",18
"Lawlor","level","ENSG00000169903","Gamma/PP",19
"Lawlor","level","ENSG00000176840","Gamma/PP",20
"Lawlor","level","ENSG00000120885","Gamma/PP",21
"Lawlor","level","ENSG00000007372","Gamma/PP",22
"Lawlor","level","ENSG00000092820","Gamma/PP",23
"Lawlor","level","ENSG00000137731","Gamma/PP",24
"Lawlor","level","ENSG00000089199","Gamma/PP",25
"Lawlor","level","ENSG00000152689","None/Other",1
"Lawlor","level","ENSG00000267834","None/Other",2
"Lawlor","level","ENSG00000161570","None/Other",3
"Lawlor","level","ENSG00000162407","None/Other",4
"Lawlor","level","ENSG00000186960","None/Other",5
"Lawlor","level","ENSG00000116478","None/Other",6
"Lawlor","level","ENSG00000138688","None/Other",7
"Lawlor","level","ENSG00000148154","None/Other",8
"Lawlor","level","ENSG00000147862","None/Other",9
"Lawlor","level","ENSG00000245532","None/Other",10
"Lawlor","level","ENSG00000135862","None/Other",11
"Lawlor","level","ENSG00000062716","None/Other",12
"Lawlor","level","ENSG00000124766","None/Other",13
"Lawlor","level","ENSG00000108821","Stellate",1
"Lawlor","level","ENSG00000074181","Stellate",2
"Lawlor","level","ENSG00000011465","Stellate",3
"Lawlor","level","ENSG00000103196","Stellate",4
"Lawlor","level","ENSG00000161381","Stellate",5
"Lawlor","level","ENSG00000164692","Stellate",6
"Lawlor","level","ENSG00000115414","Stellate",7
"Lawlor","level","ENSG00000099953","Stellate",8
"Lawlor","level","ENSG00000076641","Stellate",9
"Lawlor","level","ENSG00000181104","Stellate",10
"Lawlor","level","ENSG00000111341","Stellate",11
"Lawlor","level","ENSG00000136235","Stellate",12
"Lawlor","level","ENSG00000159216","Stellate",13
"Lawlor","level","ENSG00000164294","Stellate",14
"Lawlor","level","ENSG00000167601","Stellate",15
"Lawlor","level","ENSG00000144810","Stellate",16
"Lawlor","level","ENSG00000132530","Stellate",17
"Lawlor","level","ENSG00000159674","Stellate",18
"Lawlor","level","ENSG00000166147","Stellate",19
"Lawlor","level","ENSG00000168542","Stellate",20
"Lawlor","level","ENSG00000024422","Stellate",21
"Lawlor","level","ENSG00000065534","Stellate",22
"Lawlor","level","ENSG00000182492","Stellate",23
"Lawlor","level","ENSG00000158859","Stellate",24
"Lawlor","level","ENSG00000163359","Stellate",25
"Lawlor","detection","ENSG00000179751","Acinar",1
"Lawlor","detection","ENSG00000158525","Acinar",2
"Lawlor","detection","ENSG00000170835","Acinar",3
"Lawlor","detection","ENSG00000143954","Acinar",4
"Lawlor","detection","ENSG00000158516","Acinar",5
"Lawlor","detection","ENSG00000167748","Acinar",6
"Lawlor","detection","ENSG00000175535","Acinar",7
"Lawlor","detection","ENSG00000168925","Acinar",8
"Lawlor","detection","ENSG00000215704","Acinar",9
"Lawlor","detection","ENSG00000185615","Acinar",10
"Lawlor","detection","ENSG00000168928","Acinar",11
"Lawlor","detection","ENSG00000172023","Acinar",12
"Lawlor","detection","ENSG00000137392","Acinar",13
"Lawlor","detection","ENSG00000129538","Acinar",14
"Lawlor","detection","ENSG00000170890","Acinar",15
"Lawlor","detection","ENSG00000091704","Acinar",16
"Lawlor","detection","ENSG00000166825","Acinar",17
"Lawlor","detection","ENSG00000237643","Acinar",18
"Lawlor","detection","ENSG00000204983","Acinar",19
"Lawlor","detection","ENSG00000106538","Acinar",20
"Lawlor","detection","ENSG00000163631","Acinar",21
"Lawlor","detection","ENSG00000189377","Acinar",22
"Lawlor","detection","ENSG00000185499","Acinar",23
"Lawlor","detection","ENSG00000243955","Acinar",24
"Lawlor","detection","ENSG00000142789","Acinar",25
"Lawlor","detection","ENSG00000145321","Alpha",1
"Lawlor","detection","ENSG00000170561","Alpha",2
"Lawlor","detection","ENSG00000004848","Alpha",3
"Lawlor","detection","ENSG00000116183","Alpha",4
"Lawlor","detection","ENSG00000138131","Alpha",5
"Lawlor","detection","ENSG00000126218","Alpha",6
"Lawlor","detection","ENSG00000078098","Alpha",7
"Lawlor","detection","ENSG00000089356","Alpha",8
"Lawlor","detection","ENSG00000249746","Alpha",9
"Lawlor","detection","ENSG00000197635","Alpha",10
"Lawlor","detection","ENSG00000169903","Alpha",11
"Lawlor","detection","ENSG00000173702","Alpha",12
"Lawlor","detection","ENSG00000002933","Alpha",13
"Lawlor","detection","ENSG00000168843","Alpha",14
"Lawlor","detection","ENSG00000095932","Alpha",15
"Lawlor","detection","ENSG00000164687","Alpha",16
"Lawlor","detection","ENSG00000196090","Alpha",17
"Lawlor","detection","ENSG00000183748","Alpha",18
"Lawlor","detection","ENSG00000089327","Alpha",19
"Lawlor","detection","ENSG00000178695","Alpha",20
"Lawlor","detection","ENSG00000163499","Alpha",21
"Lawlor","detection","ENSG00000196542","Alpha",22
"Lawlor","detection","ENSG00000106565","Alpha",23
"Lawlor","detection","ENSG00000196104","Alpha",24
"Lawlor","detection","ENSG00000139209","Alpha",25
"Lawlor","detection","ENSG00000141433","Beta",1
"Lawlor","detection","ENSG00000106236","Beta",2
"Lawlor","detection","ENSG00000036828","Beta",3
"Lawlor","detection","ENSG00000182759","Beta",4
"Lawlor","detection","ENSG00000167244","Beta",5
"Lawlor","detection","ENSG00000112175","Beta",6
"Lawlor","detection","ENSG00000139515","Beta",7
"Lawlor","detection","ENSG00000138796","Beta",8
"Lawlor","detection","ENSG00000187634","Beta",9
"Lawlor","detection","ENSG00000035862","Beta",10
"Lawlor","detection","ENSG00000151789","Beta",11
"Lawlor","detection","ENSG00000150625","Beta",12
"Lawlor","detection","ENSG00000198739","Beta",13
"Lawlor","detection","ENSG00000166265","Beta",14
"Lawlor","detection","ENSG00000075035","Beta",15
"Lawlor","detection","ENSG00000163623","Beta",16
"Lawlor","detection","ENSG00000168032","Beta",17
"Lawlor","detection","ENSG00000171227","Beta",18
"Lawlor","detection","ENSG00000185559","Beta",19
"Lawlor","detection","ENSG00000155016","Beta",20
"Lawlor","detection","ENSG00000175426","Beta",21
"Lawlor","detection","ENSG00000129965","Beta",22
"Lawlor","detection","ENSG00000150594","Beta",23
"Lawlor","detection","ENSG00000117472","Beta",24
"Lawlor","detection","ENSG00000177707","Beta",25
"Lawlor","detection","ENSG00000152804","Delta",1
"Lawlor","detection","ENSG00000165379","Delta",2
"Lawlor","detection","ENSG00000114200","Delta",3
"Lawlor","detection","ENSG00000178568","Delta",4
"Lawlor","detection","ENSG00000121853","Delta",5
"Lawlor","detection","ENSG00000166959","Delta",6
"Lawlor","detection","ENSG00000157005","Delta",7
"Lawlor","detection","ENSG00000162998","Delta",8
"Lawlor","detection","ENSG00000139211","Delta",9
"Lawlor","detection","ENSG00000138207","Delta",10
"Lawlor","detection","ENSG00000054803","Delta",11
"Lawlor","detection","ENSG00000226852","Delta",12
"Lawlor","detection","ENSG00000103449","Delta",13
"Lawlor","detection","ENSG00000116678","Delta",14
"Lawlor","detection","ENSG00000010278","Delta",15
"Lawlor","detection","ENSG00000162687","Delta",16
"Lawlor","detection","ENSG00000113657","Delta",17
"Lawlor","detection","ENSG00000117114","Delta",18
"Lawlor","detection","ENSG00000197520","Delta",19
"Lawlor","detection","ENSG00000178965","Delta",20
"Lawlor","detection","ENSG00000091409","Delta",21
"Lawlor","detection","ENSG00000067715","Delta",22
"Lawlor","detection","ENSG00000007516","Delta",23
"Lawlor","detection","ENSG00000184564","Delta",24
"Lawlor","detection","ENSG00000035862","Delta",25
"Lawlor","detection","ENSG00000171345","Ductal",1
"Lawlor","detection","ENSG00000164825","Ductal",2
"Lawlor","detection","ENSG00000112299","Ductal",3
"Lawlor","detection","ENSG00000184292","Ductal",4
"Lawlor","detection","ENSG00000170927","Ductal",5
"Lawlor","detection","ENSG00000141934","Ductal",6
"Lawlor","detection","ENSG00000007062","Ductal",7
"Lawlor","detection","ENSG00000163347","Ductal",8
"Lawlor","detection","ENSG00000127324","Ductal",9
"Lawlor","detection","ENSG00000243649","Ductal",10
"Lawlor","detection","ENSG00000188488","Ductal",11
"Lawlor","detection","ENSG00000134258","Ductal",12
"Lawlor","detection","ENSG00000137673","Ductal",13
"Lawlor","detection","ENSG00000165125","Ductal",14
"Lawlor","detection","ENSG00000162366","Ductal",15
"Lawlor","detection","ENSG00000135480","Ductal",16
"Lawlor","detection","ENSG00000196878","Ductal",17
"Lawlor","detection","ENSG00000080493","Ductal",18
"Lawlor","detection","ENSG00000074527","Ductal",19
"Lawlor","detection","ENSG00000189334","Ductal",20
"Lawlor","detection","ENSG00000148346","Ductal",21
"Lawlor","detection","ENSG00000124875","Ductal",22
"Lawlor","detection","ENSG00000149131","Ductal",23
"Lawlor","detection","ENSG00000108691","Ductal",24
"Lawlor","detection","ENSG00000108244","Ductal",25
"Lawlor","detection","ENSG00000266830","Gamma/PP",1
"Lawlor","detection","ENSG00000184564","Gamma/PP",2
"Lawlor","detection","ENSG00000108849","Gamma/PP",3
"Lawlor","detection","ENSG00000005108","Gamma/PP",4
"Lawlor","detection","ENSG00000164326","Gamma/PP",5
"Lawlor","detection","ENSG00000180440","Gamma/PP",6
"Lawlor","detection","ENSG00000048540","Gamma/PP",7
"Lawlor","detection","ENSG00000138650","Gamma/PP",8
"Lawlor","detection","ENSG00000155052","Gamma/PP",9
"Lawlor","detection","ENSG00000104327","Gamma/PP",10
"Lawlor","detection","ENSG00000253361","Gamma/PP",11
"Lawlor","detection","ENSG00000133019","Gamma/PP",12
"Lawlor","detection","ENSG00000152377","Gamma/PP",13
"Lawlor","detection","ENSG00000171564","Gamma/PP",14
"Lawlor","detection","ENSG00000113657","Gamma/PP",15
"Lawlor","detection","ENSG00000162687","Gamma/PP",16
"Lawlor","detection","ENSG00000248307","Gamma/PP",17
"Lawlor","detection","ENSG00000131435","Gamma/PP",18
"Lawlor","detection","ENSG00000122420","Gamma/PP",19
"Lawlor","detection","ENSG00000157445","Gamma/PP",20
"Lawlor","detection","ENSG00000170091","Gamma/PP",21
"Lawlor","detection","ENSG00000147027","Gamma/PP",22
"Lawlor","detection","ENSG00000198286","Gamma/PP",23
"Lawlor","detection","ENSG00000170381","Gamma/PP",24
"Lawlor","detection","ENSG00000164120","Gamma/PP",25
"Lawlor","detection","ENSG00000161638","None/Other",1
"Lawlor","detection","ENSG00000185215","None/Other",2
"Lawlor","detection","ENSG00000165949","None/Other",3
"Lawlor","detection","ENSG00000187942","None/Other",4
"Lawlor","detection","ENSG00000164171","None/Other",5
"Lawlor","detection","ENSG00000137673","None/Other",6
"Lawlor","detection","ENSG00000139289","None/Other",7
"Lawlor","detection","ENSG00000231242","None/Other",8
"Lawlor","detection","ENSG00000197322","None/Other",9
"Lawlor","detection","ENSG00000168961","None/Other",10
"Lawlor","detection","ENSG00000124225","None/Other",11
"Lawlor","detection","ENSG00000124429","None/Other",12
"Lawlor","detection","ENSG00000206129","None/Other",13
"Lawlor","detection","ENSG00000253379","None/Other",14
"Lawlor","detection","ENSG00000146112","None/Other",15
"Lawlor","detection","ENSG00000157227","None/Other",16
"Lawlor","detection","ENSG00000163638","None/Other",17
"Lawlor","detection","ENSG00000133030","None/Other",18
"Lawlor","detection","ENSG00000175592","None/Other",19
"Lawlor","detection","ENSG00000182871","None/Other",20
"Lawlor","detection","ENSG00000113504","None/Other",21
"Lawlor","detection","ENSG00000107614","None/Other",22
"Lawlor","detection","ENSG00000151718","None/Other",23
"Lawlor","detection","ENSG00000242339","None/Other",24
"Lawlor","detection","ENSG00000035499","None/Other",25
"Lawlor","detection","ENSG00000113721","Stellate",1
"Lawlor","detection","ENSG00000011028","Stellate",2
"Lawlor","detection","ENSG00000130635","Stellate",3
"Lawlor","detection","ENSG00000087245","Stellate",4
"Lawlor","detection","ENSG00000122176","Stellate",5
"Lawlor","detection","ENSG00000142173","Stellate",6
"Lawlor","detection","ENSG00000140937","Stellate",7
"Lawlor","detection","ENSG00000161544","Stellate",8
"Lawlor","detection","ENSG00000106624","Stellate",9
"Lawlor","detection","ENSG00000116132","Stellate",10
"Lawlor","detection","ENSG00000162576","Stellate",11
"Lawlor","detection","ENSG00000111799","Stellate",12
"Lawlor","detection","ENSG00000154096","Stellate",13
"Lawlor","detection","ENSG00000176788","Stellate",14
"Lawlor","detection","ENSG00000187479","Stellate",15
"Lawlor","detection","ENSG00000145147","Stellate",16
"Lawlor","detection","ENSG00000006016","Stellate",17
"Lawlor","detection","ENSG00000137809","Stellate",18
"Lawlor","detection","ENSG00000135074","Stellate",19
"Lawlor","detection","ENSG00000157227","Stellate",20
"Lawlor","detection","ENSG00000137507","Stellate",21
"Lawlor","detection","ENSG00000137273","Stellate",22
"Lawlor","detection","ENSG00000269636","Stellate",23
"Lawlor","detection","ENSG00000204291","Stellate",24
"Lawlor","detection","ENSG00000182871","Stellate",25
"Lawlor","wilcox","ENSG00000204983","Acinar",1
"Lawlor","wilcox","ENSG00000172023","Acinar",2
"Lawlor","wilcox","ENSG00000168925","Acinar",3
"Lawlor","wilcox","ENSG00000168928","Acinar",4
"Lawlor","wilcox","ENSG00000115386","Acinar",5
"Lawlor","wilcox","ENSG00000158516","Acinar",6
"Lawlor","wilcox","ENSG00000164266","Acinar",7
"Lawlor","wilcox","ENSG00000060982","Acinar",8
"Lawlor","wilcox","ENSG00000175535","Acinar",9
"Lawlor","wilcox","ENSG00000091704","Acinar",10
"Lawlor","wilcox","ENSG00000142789","Acinar",11
"Lawlor","wilcox","ENSG00000170890","Acinar",12
"Lawlor","wilcox","ENSG00000219073","Acinar",13
"Lawlor","wilcox","ENSG00000010438","Acinar",14
"Lawlor","wilcox","ENSG00000162438","Acinar",15
"Lawlor","wilcox","ENSG00000008517","Acinar",16
"Lawlor","wilcox","ENSG00000185499","Acinar",17
"Lawlor","wilcox","ENSG00000179751","Acinar",18
"Lawlor","wilcox","ENSG00000105640","Acinar",19
"Lawlor","wilcox","ENSG00000196136","Acinar",20
"Lawlor","wilcox","ENSG00000129538","Acinar",21
"Lawlor","wilcox","ENSG00000147403","Acinar",22
"Lawlor","wilcox","ENSG00000026508","Acinar",23
"Lawlor","wilcox","ENSG00000188846","Acinar",24
"Lawlor","wilcox","ENSG00000185650","Acinar",25
"Lawlor","wilcox","ENSG00000115263","Alpha",1
"Lawlor","wilcox","ENSG00000118271","Alpha",2
"Lawlor","wilcox","ENSG00000145321","Alpha",3
"Lawlor","wilcox","ENSG00000169903","Alpha",4
"Lawlor","wilcox","ENSG00000120885","Alpha",5
"Lawlor","wilcox","ENSG00000116183","Alpha",6
"Lawlor","wilcox","ENSG00000106565","Alpha",7
"Lawlor","wilcox","ENSG00000115419","Alpha",8
"Lawlor","wilcox","ENSG00000078098","Alpha",9
"Lawlor","wilcox","ENSG00000139209","Alpha",10
"Lawlor","wilcox","ENSG00000138131","Alpha",11
"Lawlor","wilcox","ENSG00000211445","Alpha",12
"Lawlor","wilcox","ENSG00000089199","Alpha",13
"Lawlor","wilcox","ENSG00000165092","Alpha",14
"Lawlor","wilcox","ENSG00000002933","Alpha",15
"Lawlor","wilcox","ENSG00000089327","Alpha",16
"Lawlor","wilcox","ENSG00000125851","Alpha",17
"Lawlor","wilcox","ENSG00000117152","Alpha",18
"Lawlor","wilcox","ENSG00000173702","Alpha",19
"Lawlor","wilcox","ENSG00000178695","Alpha",20
"Lawlor","wilcox","ENSG00000118985","Alpha",21
"Lawlor","wilcox","ENSG00000138193","Alpha",22
"Lawlor","wilcox","ENSG00000004799","Alpha",23
"Lawlor","wilcox","ENSG00000173418","Alpha",24
"Lawlor","wilcox","ENSG00000137726","Alpha",25
"Lawlor","wilcox","ENSG00000254647","Beta",1
"Lawlor","wilcox","ENSG00000121351","Beta",2
"Lawlor","wilcox","ENSG00000138796","Beta",3
"Lawlor","wilcox","ENSG00000106236","Beta",4
"Lawlor","wilcox","ENSG00000141433","Beta",5
"Lawlor","wilcox","ENSG00000123836","Beta",6
"Lawlor","wilcox","ENSG00000175426","Beta",7
"Lawlor","wilcox","ENSG00000036828","Beta",8
"Lawlor","wilcox","ENSG00000137642","Beta",9
"Lawlor","wilcox","ENSG00000214548","Beta",10
"Lawlor","wilcox","ENSG00000006071","Beta",11
"Lawlor","wilcox","ENSG00000019505","Beta",12
"Lawlor","wilcox","ENSG00000156976","Beta",13
"Lawlor","wilcox","ENSG00000189241","Beta",14
"Lawlor","wilcox","ENSG00000152254","Beta",15
"Lawlor","wilcox","ENSG00000112175","Beta",16
"Lawlor","wilcox","ENSG00000100316","Beta",17
"Lawlor","wilcox","ENSG00000086619","Beta",18
"Lawlor","wilcox","ENSG00000154277","Beta",19
"Lawlor","wilcox","ENSG00000148180","Beta",20
"Lawlor","wilcox","ENSG00000035862","Beta",21
"Lawlor","wilcox","ENSG00000054654","Beta",22
"Lawlor","wilcox","ENSG00000074370","Beta",23
"Lawlor","wilcox","ENSG00000079689","Beta",24
"Lawlor","wilcox","ENSG00000168032","Beta",25
"Lawlor","wilcox","ENSG00000157005","Delta",1
"Lawlor","wilcox","ENSG00000116678","Delta",2
"Lawlor","wilcox","ENSG00000138207","Delta",3
"Lawlor","wilcox","ENSG00000114200","Delta",4
"Lawlor","wilcox","ENSG00000178568","Delta",5
"Lawlor","wilcox","ENSG00000010278","Delta",6
"Lawlor","wilcox","ENSG00000166562","Delta",7
"Lawlor","wilcox","ENSG00000116690","Delta",8
"Lawlor","wilcox","ENSG00000006468","Delta",9
"Lawlor","wilcox","ENSG00000016082","Delta",10
"Lawlor","wilcox","ENSG00000069431","Delta",11
"Lawlor","wilcox","ENSG00000116741","Delta",12
"Lawlor","wilcox","ENSG00000135373","Delta",13
"Lawlor","wilcox","ENSG00000159713","Delta",14
"Lawlor","wilcox","ENSG00000166086","Delta",15
"Lawlor","wilcox","ENSG00000156030","Delta",16
"Lawlor","wilcox","ENSG00000142875","Delta",17
"Lawlor","wilcox","ENSG00000188175","Delta",18
"Lawlor","wilcox","ENSG00000019582","Delta",19
"Lawlor","wilcox","ENSG00000175426","Delta",20
"Lawlor","wilcox","ENSG00000116497","Delta",21
"Lawlor","wilcox","ENSG00000171345","Ductal",1
"Lawlor","wilcox","ENSG00000080493","Ductal",2
"Lawlor","wilcox","ENSG00000142910","Ductal",3
"Lawlor","wilcox","ENSG00000196975","Ductal",4
"Lawlor","wilcox","ENSG00000170421","Ductal",5
"Lawlor","wilcox","ENSG00000164825","Ductal",6
"Lawlor","wilcox","ENSG00000184292","Ductal",7
"Lawlor","wilcox","ENSG00000135480","Ductal",8
"Lawlor","wilcox","ENSG00000182718","Ductal",9
"Lawlor","wilcox","ENSG00000140416","Ductal",10
"Lawlor","wilcox","ENSG00000163386","Ductal",11
"Lawlor","wilcox","ENSG00000124225","Ductal",12
"Lawlor","wilcox","ENSG00000130066","Ductal",13
"Lawlor","wilcox","ENSG00000112299","Ductal",14
"Lawlor","wilcox","ENSG00000165959","Ductal",15
"Lawlor","wilcox","ENSG00000122870","Ductal",16
"Lawlor","wilcox","ENSG00000185070","Ductal",17
"Lawlor","wilcox","ENSG00000137673","Ductal",18
"Lawlor","wilcox","ENSG00000001626","Ductal",19
"Lawlor","wilcox","ENSG00000124766","Ductal",20
"Lawlor","wilcox","ENSG00000127324","Ductal",21
"Lawlor","wilcox","ENSG00000111057","Ductal",22
"Lawlor","wilcox","ENSG00000121858","Ductal",23
"Lawlor","wilcox","ENSG00000125398","Ductal",24
"Lawlor","wilcox","ENSG00000243649","Ductal",25
"Lawlor","wilcox","ENSG00000108849","Gamma/PP",1
"Lawlor","wilcox","ENSG00000184564","Gamma/PP",2
"Lawlor","wilcox","ENSG00000104435","Gamma/PP",3
"Lawlor","wilcox","ENSG00000115738","Gamma/PP",4
"Lawlor","wilcox","ENSG00000006468","Gamma/PP",5
"Lawlor","wilcox","ENSG00000134138","Gamma/PP",6
"Lawlor","wilcox","ENSG00000170381","Gamma/PP",7
"Lawlor","wilcox","ENSG00000104327","Gamma/PP",8
"Lawlor","wilcox","ENSG00000108576","Gamma/PP",9
"Lawlor","wilcox","ENSG00000077782","Gamma/PP",10
"Lawlor","wilcox","ENSG00000120738","Gamma/PP",11
"Lawlor","wilcox","ENSG00000106069","Gamma/PP",12
"Lawlor","wilcox","ENSG00000172201","Gamma/PP",13
"Lawlor","wilcox","ENSG00000242265","Gamma/PP",14
"Lawlor","wilcox","ENSG00000124939","Gamma/PP",15
"Lawlor","wilcox","ENSG00000131016","Gamma/PP",16
"Lawlor","wilcox","ENSG00000113657","Gamma/PP",17
"Lawlor","wilcox","ENSG00000171951","Gamma/PP",18
"Lawlor","wilcox","ENSG00000140297","Gamma/PP",19
"Lawlor","wilcox","ENSG00000048540","Gamma/PP",20
"Lawlor","wilcox","ENSG00000069431","Gamma/PP",21
"Lawlor","wilcox","ENSG00000137731","Gamma/PP",22
"Lawlor","wilcox","ENSG00000007372","Gamma/PP",23
"Lawlor","wilcox","ENSG00000162595","Gamma/PP",24
"Lawlor","wilcox","ENSG00000198825","Gamma/PP",25
"Lawlor","wilcox","ENSG00000213988","None/Other",1
"Lawlor","wilcox","ENSG00000152689","None/Other",2
"Lawlor","wilcox","ENSG00000161010","None/Other",3
"Lawlor","wilcox","ENSG00000110841","None/Other",4
"Lawlor","wilcox","ENSG00000172613","None/Other",5
"Lawlor","wilcox","ENSG00000150401","None/Other",6
"Lawlor","wilcox","ENSG00000128159","None/Other",7
"Lawlor","wilcox","ENSG00000163131","None/Other",8
"Lawlor","wilcox","ENSG00000177225","None/Other",9
"Lawlor","wilcox","ENSG00000108846","None/Other",10
"Lawlor","wilcox","ENSG00000111321","None/Other",11
"Lawlor","wilcox","ENSG00000164171","None/Other",12
"Lawlor","wilcox","ENSG00000137831","None/Other",13
"Lawlor","wilcox","ENSG00000267834","None/Other",14
"Lawlor","wilcox","ENSG00000124574","None/Other",15
"Lawlor","wilcox","ENSG00000198089","None/Other",16
"Lawlor","wilcox","ENSG00000162458","None/Other",17
"Lawlor","wilcox","ENSG00000188227","None/Other",18
"Lawlor","wilcox","ENSG00000156218","None/Other",19
"Lawlor","wilcox","ENSG00000161570","None/Other",20
"Lawlor","wilcox","ENSG00000182318","None/Other",21
"Lawlor","wilcox","ENSG00000173821","None/Other",22
"Lawlor","wilcox","ENSG00000232386","None/Other",23
"Lawlor","wilcox","ENSG00000186960","None/Other",24
"Lawlor","wilcox","ENSG00000245532","None/Other",25
"Lawlor","wilcox","ENSG00000108821","Stellate",1
"Lawlor","wilcox","ENSG00000168542","Stellate",2
"Lawlor","wilcox","ENSG00000113721","Stellate",3
"Lawlor","wilcox","ENSG00000164692","Stellate",4
"Lawlor","wilcox","ENSG00000182492","Stellate",5
"Lawlor","wilcox","ENSG00000114251","Stellate",6
"Lawlor","wilcox","ENSG00000130635","Stellate",7
"Lawlor","wilcox","ENSG00000087245","Stellate",8
"Lawlor","wilcox","ENSG00000113140","Stellate",9
"Lawlor","wilcox","ENSG00000204262","Stellate",10
"Lawlor","wilcox","ENSG00000187498","Stellate",11
"Lawlor","wilcox","ENSG00000164294","Stellate",12
"Lawlor","wilcox","ENSG00000100097","Stellate",13
"Lawlor","wilcox","ENSG00000142156","Stellate",14
"Lawlor","wilcox","ENSG00000122786","Stellate",15
"Lawlor","wilcox","ENSG00000182871","Stellate",16
"Lawlor","wilcox","ENSG00000134871","Stellate",17
"Lawlor","wilcox","ENSG00000100234","Stellate",18
"Lawlor","wilcox","ENSG00000163430","Stellate",19
"Lawlor","wilcox","ENSG00000130508","Stellate",20
"Lawlor","wilcox","ENSG00000176046","Stellate",21
"Lawlor","wilcox","ENSG00000026025","Stellate",22
"Lawlor","wilcox","ENSG00000103196","Stellate",23
"Lawlor","wilcox","ENSG00000213949","Stellate",24
"Lawlor","wilcox","ENSG00000140937","Stellate",25
"Muraro","hurdle","REG1A--chr2","acinar",1
"Muraro","hurdle","CTRB2--chr16","acinar",2
"Muraro","hurdle","REG1B--chr2","acinar",3
"Muraro","hurdle","SPINK1--chr5","acinar",4
"Muraro","hurdle","REG3A--chr2","acinar",5
"Muraro","hurdle","PRSS1--chr7","acinar",6
"Muraro","hurdle","CPA1--chr7","acinar",7
"Muraro","hurdle","CPB1--chr3","acinar",8
"Muraro","hurdle","PNLIP--chr10","acinar",9
"Muraro","hurdle","PLA2G1B--chr12","acinar",10
"Muraro","hurdle","PRSS3P2--chr7","acinar",11
"Muraro","hurdle","CPA2--chr7","acinar",12
"Muraro","hurdle","ALB--chr4","acinar",13
"Muraro","hurdle","GSTA2--chr6","acinar",14
"Muraro","hurdle","C15orf48--chr15","acinar",15
"Muraro","hurdle","GSTA1--chr6","acinar",16
"Muraro","hurdle","ALDOB--chr9","acinar",17
"Muraro","hurdle","CEL--chr9","acinar",18
"Muraro","hurdle","BCAT1--chr12","acinar",19
"Muraro","hurdle","PRSS3--chr9","acinar",20
"Muraro","hurdle","CTRB1--chr16","acinar",21
"Muraro","hurdle","AOX1--chr2","acinar",22
"Muraro","hurdle","OLFM4--chr13","acinar",23
"Muraro","hurdle","CYB5A--chr18","acinar",24
"Muraro","hurdle","KLK1--chr19","acinar",25
"Muraro","hurdle","GCG--chr2","alpha",1
"Muraro","hurdle","TTR--chr18","alpha",2
"Muraro","hurdle","GC--chr4","alpha",3
"Muraro","hurdle","PCSK2--chr20","alpha",4
"Muraro","hurdle","IRX2--chr5","alpha",5
"Muraro","hurdle","TM4SF4--chr3","alpha",6
"Muraro","hurdle","GLS--chr2","alpha",7
"Muraro","hurdle","ALDH1A1--chr9","alpha",8
"Muraro","hurdle","SCG5--chr15","alpha",9
"Muraro","hurdle","TMEM176B--chr7","alpha",10
"Muraro","hurdle","NAA20--chr20","alpha",11
"Muraro","hurdle","KCTD12--chr13","alpha",12
"Muraro","hurdle","CHGB--chr20","alpha",13
"Muraro","hurdle","LOXL4--chr10","alpha",14
"Muraro","hurdle","SLC7A2--chr8","alpha",15
"Muraro","hurdle","FAP--chr2","alpha",16
"Muraro","hurdle","CRYBA2--chr2","alpha",17
"Muraro","hurdle","RGS4--chr1","alpha",18
"Muraro","hurdle","CLU--chr8","alpha",19
"Muraro","hurdle","ARX--chrX","alpha",20
"Muraro","hurdle","SCG2--chr2","alpha",21
"Muraro","hurdle","CPE--chr4","alpha",22
"Muraro","hurdle","SLC38A4--chr12","alpha",23
"Muraro","hurdle","VGF--chr7","alpha",24
"Muraro","hurdle","CHGA--chr14","alpha",25
"Muraro","hurdle","INS--chr11","beta",1
"Muraro","hurdle","IAPP--chr12","beta",2
"Muraro","hurdle","SYT13--chr11","beta",3
"Muraro","hurdle","PFKFB2--chr1","beta",4
"Muraro","hurdle","NPTX2--chr7","beta",5
"Muraro","hurdle","MAFA--chr8","beta",6
"Muraro","hurdle","HADH--chr4","beta",7
"Muraro","hurdle","ADCYAP1--chr18","beta",8
"Muraro","hurdle","RRAGD--chr6","beta",9
"Muraro","hurdle","PDX1--chr13","beta",10
"Muraro","hurdle","SORL1--chr11","beta",11
"Muraro","hurdle","TGFBR3--chr1","beta",12
"Muraro","hurdle","SCD--chr10","beta",13
"Muraro","hurdle","SCD5--chr4","beta",14
"Muraro","hurdle","UCHL1--chr4","beta",15
"Muraro","hurdle","ERO1LB--chr1","beta",16
"Muraro","hurdle","VEGFA--chr6","beta",17
"Muraro","hurdle","MEG3--chr14","beta",18
"Muraro","hurdle","ABCC8--chr11","beta",19
"Muraro","hurdle","FAM105A--chr5","beta",20
"Muraro","hurdle","PCSK1--chr5","beta",21
"Muraro","hurdle","SRXN1--chr20","beta",22
"Muraro","hurdle","LINC00263--chr10","beta",23
"Muraro","hurdle","MAPT--chr17","beta",24
"Muraro","hurdle","PRUNE2--chr9","beta",25
"Muraro","hurdle","SST--chr3","delta",1
"Muraro","hurdle","LEPR--chr1","delta",2
"Muraro","hurdle","RBP4--chr10","delta",3
"Muraro","hurdle","SEC11C--chr18","delta",4
"Muraro","hurdle","HHEX--chr10","delta",5
"Muraro","hurdle","BCHE--chr3","delta",6
"Muraro","hurdle","PRG4--chr1","delta",7
"Muraro","hurdle","TENM3--chr4","delta",8
"Muraro","hurdle","PCSK1--chr5","delta",9
"Muraro","hurdle","GABRB3--chr15","delta",10
"Muraro","hurdle","RGS2--chr1","delta",11
"Muraro","hurdle","AMIGO2--chr12","delta",12
"Muraro","hurdle","FRZB--chr2","delta",13
"Muraro","hurdle","DPYSL3--chr5","delta",14
"Muraro","hurdle","PSIP1--chr9","delta",15
"Muraro","hurdle","GABRG2--chr5","delta",16
"Muraro","hurdle","LPHN2--chr1","delta",17
"Muraro","hurdle","LOC728392--chr17","delta",18
"Muraro","hurdle","DIRAS3--chr1","delta",19
"Muraro","hurdle","TPPP3--chr16","delta",20
"Muraro","hurdle","PCP4--chr21","delta",21
"Muraro","hurdle","ISL1--chr5","delta",22
"Muraro","hurdle","UNC5B--chr10","delta",23
"Muraro","hurdle","NDRG4--chr16","delta",24
"Muraro","hurdle","CASR--chr3","delta",25
"Muraro","hurdle","ANXA2--chr15","duct",1
"Muraro","hurdle","ONECUT2--chr18","duct",2
"Muraro","hurdle","NDUFA4--chr7","duct",3
"Muraro","hurdle","ANXA4--chr2","duct",4
"Muraro","hurdle","CFTR--chr7","duct",5
"Muraro","hurdle","ATP1A1--chr1","duct",6
"Muraro","hurdle","KRT8--chr12","duct",7
"Muraro","hurdle","SLC4A4--chr4","duct",8
"Muraro","hurdle","KRT18--chr12","duct",9
"Muraro","hurdle","KRT19--chr17","duct",10
"Muraro","hurdle","SPP1--chr4","duct",11
"Muraro","hurdle","LITAF--chr16","duct",12
"Muraro","hurdle","ANXA2P2--chr9","duct",13
"Muraro","hurdle","SERPING1--chr11","duct",14
"Muraro","hurdle","AQP1--chr7","duct",15
"Muraro","hurdle","LAD1--chr1","duct",16
"Muraro","hurdle","CTSH--chr15","duct",17
"Muraro","hurdle","S100A11--chr1","duct",18
"Muraro","hurdle","SEL1L3--chr4","duct",19
"Muraro","hurdle","TMSB4X--chrX","duct",20
"Muraro","hurdle","ALDH1A3--chr15","duct",21
"Muraro","hurdle","CTSD--chr11","duct",22
"Muraro","hurdle","CAV2--chr7","duct",23
"Muraro","hurdle","DCDC2--chr6","duct",24
"Muraro","hurdle","CD59--chr11","duct",25
"Muraro","hurdle","TCF4--chr18","endothelial",1
"Muraro","hurdle","FLT1--chr13","endothelial",2
"Muraro","hurdle","ETS1--chr11","endothelial",3
"Muraro","hurdle","PODXL--chr7","endothelial",4
"Muraro","hurdle","SHANK3--chr22","endothelial",5
"Muraro","hurdle","PPAP2B--chr1","endothelial",6
"Muraro","hurdle","PNP--chr14","endothelial",7
"Muraro","hurdle","PASK--chr2","endothelial",8
"Muraro","hurdle","BMPR2--chr2","endothelial",9
"Muraro","hurdle","ESAM--chr11","endothelial",10
"Muraro","hurdle","ACE--chr17","endothelial",11
"Muraro","hurdle","SEC14L1--chr17","endothelial",12
"Muraro","hurdle","SMAD6--chr15","endothelial",13
"Muraro","hurdle","BDKRB2--chr14","endothelial",14
"Muraro","hurdle","KDR--chr4","endothelial",15
"Muraro","hurdle","FAM198B--chr4","endothelial",16
"Muraro","hurdle","TP53I11--chr11","endothelial",17
"Muraro","hurdle","ACVRL1--chr12","endothelial",18
"Muraro","hurdle","LOC100505495--chr19","endothelial",19
"Muraro","hurdle","EPAS1--chr2","endothelial",20
"Muraro","hurdle","PDGFB--chr22","endothelial",21
"Muraro","hurdle","MMRN2--chr10","endothelial",22
"Muraro","hurdle","FZD4--chr11","endothelial",23
"Muraro","hurdle","NOTCH4--chr6","endothelial",24
"Muraro","hurdle","SPRY4--chr5","endothelial",25
"Muraro","hurdle","COL1A1--chr17","mesenchymal",1
"Muraro","hurdle","COL1A2--chr7","mesenchymal",2
"Muraro","hurdle","COL6A1--chr21","mesenchymal",3
"Muraro","hurdle","TIMP1--chrX","mesenchymal",4
"Muraro","hurdle","COL3A1--chr2","mesenchymal",5
"Muraro","hurdle","COL6A3--chr2","mesenchymal",6
"Muraro","hurdle","FN1--chr2","mesenchymal",7
"Muraro","hurdle","SPARC--chr5","mesenchymal",8
"Muraro","hurdle","CALU--chr7","mesenchymal",9
"Muraro","hurdle","COL5A1--chr9","mesenchymal",10
"Muraro","hurdle","SERPINH1--chr11","mesenchymal",11
"Muraro","hurdle","NREP--chr5","mesenchymal",12
"Muraro","hurdle","CALD1--chr7","mesenchymal",13
"Muraro","hurdle","COL5A2--chr2","mesenchymal",14
"Muraro","hurdle","MICAL2--chr11","mesenchymal",15
"Muraro","hurdle","IGFBP5--chr2","mesenchymal",16
"Muraro","hurdle","UACA--chr15","mesenchymal",17
"Muraro","hurdle","ADAMTS2--chr5","mesenchymal",18
"Muraro","hurdle","SFRP2--chr4","mesenchymal",19
"Muraro","hurdle","LAMB1--chr7","mesenchymal",20
"Muraro","hurdle","COL6A2--chr21","mesenchymal",21
"Muraro","hurdle","COL4A2--chr13","mesenchymal",22
"Muraro","hurdle","CYGB--chr17","mesenchymal",23
"Muraro","hurdle","SNAI2--chr8","mesenchymal",24
"Muraro","hurdle","CRTAP--chr3","mesenchymal",25
"Muraro","hurdle","PPY--chr17","pp",1
"Muraro","hurdle","ETV1--chr7","pp",2
"Muraro","hurdle","SLC6A4--chr17","pp",3
"Muraro","hurdle","SERTM1--chr13","pp",4
"Muraro","hurdle","MEIS2--chr15","pp",5
"Muraro","hurdle","ABCC9--chr12","pp",6
"Muraro","hurdle","THSD7A--chr7","pp",7
"Muraro","hurdle","SLITRK6--chr13","pp",8
"Muraro","hurdle","CHN2--chr7","pp",9
"Muraro","hurdle","MEIS1--chr2","pp",10
"Muraro","hurdle","ID2--chr2","pp",11
"Muraro","hurdle","GPC5-AS1--chr13","pp",12
"Muraro","hurdle","AQP3--chr9","pp",13
"Muraro","hurdle","INPP5F--chr10","pp",14
"Muraro","hurdle","FGFR1--chr8","pp",15
"Muraro","hurdle","ID4--chr6","pp",16
"Muraro","hurdle","SCG2--chr2","pp",17
"Muraro","hurdle","PAX6--chr11","pp",18
"Muraro","hurdle","ITM2C--chr2","pp",19
"Muraro","hurdle","BCYRN1--chrX","pp",20
"Muraro","hurdle","CACNA1A--chr19","pp",21
"Muraro","hurdle","PEG10--chr7","pp",22
"Muraro","hurdle","ZNF503--chr10","pp",23
"Muraro","hurdle","PTP4A3--chr8","pp",24
"Muraro","hurdle","CARTPT--chr5","pp",25
"Muraro","level","REG1A--chr2","acinar",1
"Muraro","level","CTRB2--chr16","acinar",2
"Muraro","level","REG1B--chr2","acinar",3
"Muraro","level","SPINK1--chr5","acinar",4
"Muraro","level","REG3A--chr2","acinar",5
"Muraro","level","PRSS1--chr7","acinar",6
"Muraro","level","CPB1--chr3","acinar",7
"Muraro","level","CPA1--chr7","acinar",8
"Muraro","level","PNLIP--chr10","acinar",9
"Muraro","level","PLA2G1B--chr12","acinar",10
"Muraro","level","C15orf48--chr15","acinar",11
"Muraro","level","CD24--chrY","acinar",12
"Muraro","level","CYB5A--chr18","acinar",13
"Muraro","level","OLFM4--chr13","acinar",14
"Muraro","level","ALB--chr4","acinar",15
"Muraro","level","PRSS3P2--chr7","acinar",16
"Muraro","level","RPL10--chrX","acinar",17
"Muraro","level","XBP1--chr22","acinar",18
"Muraro","level","CPA2--chr7","acinar",19
"Muraro","level","SERPINA3--chr14","acinar",20
"Muraro","level","UGDH--chr4","acinar",21
"Muraro","level","TPT1--chr13","acinar",22
"Muraro","level","LYZ--chr12","acinar",23
"Muraro","level","AOX1--chr2","acinar",24
"Muraro","level","GSTA1--chr6","acinar",25
"Muraro","level","GCG--chr2","alpha",1
"Muraro","level","TTR--chr18","alpha",2
"Muraro","level","PCSK2--chr20","alpha",3
"Muraro","level","ALDH1A1--chr9","alpha",4
"Muraro","level","GLS--chr2","alpha",5
"Muraro","level","GC--chr4","alpha",6
"Muraro","level","NAA20--chr20","alpha",7
"Muraro","level","TM4SF4--chr3","alpha",8
"Muraro","level","SCG5--chr15","alpha",9
"Muraro","level","CHGB--chr20","alpha",10
"Muraro","level","SLC7A2--chr8","alpha",11
"Muraro","level","TMEM176B--chr7","alpha",12
"Muraro","level","CLU--chr8","alpha",13
"Muraro","level","CHGA--chr14","alpha",14
"Muraro","level","CPE--chr4","alpha",15
"Muraro","level","KCTD12--chr13","alpha",16
"Muraro","level","SCG2--chr2","alpha",17
"Muraro","level","VGF--chr7","alpha",18
"Muraro","level","BEX1--chrX","alpha",19
"Muraro","level","SPINT2--chr19","alpha",20
"Muraro","level","NGFRAP1--chrX","alpha",21
"Muraro","level","SLC22A17--chr14","alpha",22
"Muraro","level","KIAA1244--chr6","alpha",23
"Muraro","level","KIAA1324--chr1","alpha",24
"Muraro","level","RGS4--chr1","alpha",25
"Muraro","level","IAPP--chr12","beta",1
"Muraro","level","INS--chr11","beta",2
"Muraro","level","SYT13--chr11","beta",3
"Muraro","level","PFKFB2--chr1","beta",4
"Muraro","level","HADH--chr4","beta",5
"Muraro","level","RRAGD--chr6","beta",6
"Muraro","level","SCD--chr10","beta",7
"Muraro","level","VEGFA--chr6","beta",8
"Muraro","level","NPTX2--chr7","beta",9
"Muraro","level","ERO1LB--chr1","beta",10
"Muraro","level","SORL1--chr11","beta",11
"Muraro","level","PDX1--chr13","beta",12
"Muraro","level","UCHL1--chr4","beta",13
"Muraro","level","ABCC8--chr11","beta",14
"Muraro","level","SCD5--chr4","beta",15
"Muraro","level","SCGN--chr6","beta",16
"Muraro","level","STXBP1--chr9","beta",17
"Muraro","level","SURF4--chr9","beta",18
"Muraro","level","MAFA--chr8","beta",19
"Muraro","level","TGFBR3--chr1","beta",20
"Muraro","level","MEG3--chr14","beta",21
"Muraro","level","CDKN1C--chr11","beta",22
"Muraro","level","FTL--chr19","beta",23
"Muraro","level","GNAS--chr20","beta",24
"Muraro","level","PCSK1--chr5","beta",25
"Muraro","level","SST--chr3","delta",1
"Muraro","level","LEPR--chr1","delta",2
"Muraro","level","SEC11C--chr18","delta",3
"Muraro","level","RBP4--chr10","delta",4
"Muraro","level","RGS2--chr1","delta",5
"Muraro","level","LOC728392--chr17","delta",6
"Muraro","level","PCSK1--chr5","delta",7
"Muraro","level","IDS--chrX","delta",8
"Muraro","level","PRG4--chr1","delta",9
"Muraro","level","ISL1--chr5","delta",10
"Muraro","level","MAP1B--chr5","delta",11
"Muraro","level","AQP3--chr9","delta",12
"Muraro","level","GABRA1--chr5","delta",13
"Muraro","level","ANXA2--chr15","duct",1
"Muraro","level","ATP1A1--chr1","duct",2
"Muraro","level","NDUFA4--chr7","duct",3
"Muraro","level","KRT8--chr12","duct",4
"Muraro","level","ANXA4--chr2","duct",5
"Muraro","level","KRT18--chr12","duct",6
"Muraro","level","ONECUT2--chr18","duct",7
"Muraro","level","TMSB4X--chrX","duct",8
"Muraro","level","CD59--chr11","duct",9
"Muraro","level","S100A11--chr1","duct",10
"Muraro","level","APLP2--chr11","duct",11
"Muraro","level","GOLM1--chr9","duct",12
"Muraro","level","SLC4A4--chr4","duct",13
"Muraro","level","SPTBN1--chr2","duct",14
"Muraro","level","YWHAZ--chr8","duct",15
"Muraro","level","CTSD--chr11","duct",16
"Muraro","level","SPP1--chr4","duct",17
"Muraro","level","TPM1--chr15","duct",18
"Muraro","level","ALDH3A2--chr17","duct",19
"Muraro","level","ANXA2P2--chr9","duct",20
"Muraro","level","S100A6--chr1","duct",21
"Muraro","level","TACC1--chr8","duct",22
"Muraro","level","CFTR--chr7","duct",23
"Muraro","level","CAPN2--chr1","duct",24
"Muraro","level","CD24--chrY","duct",25
"Muraro","level","TCF4--chr18","endothelial",1
"Muraro","level","ETS1--chr11","endothelial",2
"Muraro","level","FLT1--chr13","endothelial",3
"Muraro","level","PODXL--chr7","endothelial",4
"Muraro","level","PNP--chr14","endothelial",5
"Muraro","level","SHANK3--chr22","endothelial",6
"Muraro","level","PPAP2B--chr1","endothelial",7
"Muraro","level","BMPR2--chr2","endothelial",8
"Muraro","level","PASK--chr2","endothelial",9
"Muraro","level","SEC14L1--chr17","endothelial",10
"Muraro","level","EPAS1--chr2","endothelial",11
"Muraro","level","ACE--chr17","endothelial",12
"Muraro","level","FKBP1A--chr20","endothelial",13
"Muraro","level","TP53I11--chr11","endothelial",14
"Muraro","level","PRCP--chr11","endothelial",15
"Muraro","level","GRB10--chr7","endothelial",16
"Muraro","level","SMAD6--chr15","endothelial",17
"Muraro","level","ESAM--chr11","endothelial",18
"Muraro","level","SPRY4--chr5","endothelial",19
"Muraro","level","PKP4--chr2","endothelial",20
"Muraro","level","ANGPT2--chr8","endothelial",21
"Muraro","level","BDKRB2--chr14","endothelial",22
"Muraro","level","JAK1--chr1","endothelial",23
"Muraro","level","FAM198B--chr4","endothelial",24
"Muraro","level","PDGFB--chr22","endothelial",25
"Muraro","level","COL1A1--chr17","mesenchymal",1
"Muraro","level","COL1A2--chr7","mesenchymal",2
"Muraro","level","COL6A1--chr21","mesenchymal",3
"Muraro","level","TIMP1--chrX","mesenchymal",4
"Muraro","level","COL3A1--chr2","mesenchymal",5
"Muraro","level","CALU--chr7","mesenchymal",6
"Muraro","level","SPARC--chr5","mesenchymal",7
"Muraro","level","FN1--chr2","mesenchymal",8
"Muraro","level","COL6A3--chr2","mesenchymal",9
"Muraro","level","SERPINH1--chr11","mesenchymal",10
"Muraro","level","CALD1--chr7","mesenchymal",11
"Muraro","level","IGFBP5--chr2","mesenchymal",12
"Muraro","level","NREP--chr5","mesenchymal",13
"Muraro","level","COL5A1--chr9","mesenchymal",14
"Muraro","level","CRTAP--chr3","mesenchymal",15
"Muraro","level","MICAL2--chr11","mesenchymal",16
"Muraro","level","LAMB1--chr7","mesenchymal",17
"Muraro","level","UACA--chr15","mesenchymal",18
"Muraro","level","ADAMTS2--chr5","mesenchymal",19
"Muraro","level","TPM4--chr19","mesenchymal",20
"Muraro","level","KLF9--chr9","mesenchymal",21
"Muraro","level","MIR143HG--chr5","mesenchymal",22
"Muraro","level","COL5A2--chr2","mesenchymal",23
"Muraro","level","ITPRIPL2--chr16","mesenchymal",24
"Muraro","level","COL4A2--chr13","mesenchymal",25
"Muraro","level","PPY--chr17","pp",1
"Muraro","level","SLC6A4--chr17","pp",2
"Muraro","level","ETV1--chr7","pp",3
"Muraro","level","MEIS2--chr15","pp",4
"Muraro","level","ABCC9--chr12","pp",5
"Muraro","level","ID2--chr2","pp",6
"Muraro","level","SERTM1--chr13","pp",7
"Muraro","level","SCG2--chr2","pp",8
"Muraro","level","AQP3--chr9","pp",9
"Muraro","level","PAX6--chr11","pp",10
"Muraro","level","PEG10--chr7","pp",11
"Muraro","level","BCYRN1--chrX","pp",12
"Muraro","level","PAM--chr5","pp",13
"Muraro","level","BTG2--chr1","pp",14
"Muraro","level","CHGB--chr20","pp",15
"Muraro","level","CARTPT--chr5","pp",16
"Muraro","detection","KLK1--chr19","acinar",1
"Muraro","detection","CTRL--chr16","acinar",2
"Muraro","detection","CTRC--chr1","acinar",3
"Muraro","detection","CELA2A--chr1","acinar",4
"Muraro","detection","BCAT1--chr12","acinar",5
"Muraro","detection","FAM129A--chr1","acinar",6
"Muraro","detection","GSTA2--chr6","acinar",7
"Muraro","detection","ANPEP--chr15","acinar",8
"Muraro","detection","LGALS2--chr22","acinar",9
"Muraro","detection","RNASE1--chr14","acinar",10
"Muraro","detection","MXRA5--chrX","acinar",11
"Muraro","detection","PNLIPRP1--chr10","acinar",12
"Muraro","detection","GATA4--chr8","acinar",13
"Muraro","detection","IL32--chr16","acinar",14
"Muraro","detection","CPA2--chr7","acinar",15
"Muraro","detection","ATP10B--chr5","acinar",16
"Muraro","detection","CELA2B--chr1","acinar",17
"Muraro","detection","MUC1--chr1","acinar",18
"Muraro","detection","MECOM--chr3","acinar",19
"Muraro","detection","MGST1--chr12","acinar",20
"Muraro","detection","B3GNT7--chr2","acinar",21
"Muraro","detection","KCNQ1--chr11","acinar",22
"Muraro","detection","PRSS3--chr9","acinar",23
"Muraro","detection","CTRB1--chr16","acinar",24
"Muraro","detection","ERP27--chr12","acinar",25
"Muraro","detection","IRX2--chr5","alpha",1
"Muraro","detection","FAP--chr2","alpha",2
"Muraro","detection","ARX--chrX","alpha",3
"Muraro","detection","PTPRT--chr20","alpha",4
"Muraro","detection","LOXL4--chr10","alpha",5
"Muraro","detection","TMEM236--chr10","alpha",6
"Muraro","detection","CRYBA2--chr2","alpha",7
"Muraro","detection","FEV--chr2","alpha",8
"Muraro","detection","FSTL5--chr4","alpha",9
"Muraro","detection","SLC38A4--chr12","alpha",10
"Muraro","detection","DPP4--chr2","alpha",11
"Muraro","detection","SPOCK3--chr4","alpha",12
"Muraro","detection","PLCE1--chr10","alpha",13
"Muraro","detection","F10--chr13","alpha",14
"Muraro","detection","POPDC3--chr6","alpha",15
"Muraro","detection","GPR64--chrX","alpha",16
"Muraro","detection","GPX3--chr5","alpha",17
"Muraro","detection","FABP5--chr8","alpha",18
"Muraro","detection","KLHL41--chr2","alpha",19
"Muraro","detection","PYROXD2--chr10","alpha",20
"Muraro","detection","KCNJ3--chr2","alpha",21
"Muraro","detection","RGS4--chr1","alpha",22
"Muraro","detection","SMOC1--chr14","alpha",23
"Muraro","detection","GLT1D1--chr12","alpha",24
"Muraro","detection","PPP2R2B--chr5","alpha",25
"Muraro","detection","ADCYAP1--chr18","beta",1
"Muraro","detection","MAFA--chr8","beta",2
"Muraro","detection","WSCD2--chr12","beta",3
"Muraro","detection","NPTX2--chr7","beta",4
"Muraro","detection","TGFBR3--chr1","beta",5
"Muraro","detection","CYYR1--chr21","beta",6
"Muraro","detection","TFCP2L1--chr2","beta",7
"Muraro","detection","MAPT--chr17","beta",8
"Muraro","detection","LOC154761--chr7","beta",9
"Muraro","detection","SMAD9--chr13","beta",10
"Muraro","detection","CASR--chr3","beta",11
"Muraro","detection","PPM1E--chr17","beta",12
"Muraro","detection","MEG3--chr14","beta",13
"Muraro","detection","ROBO2--chr3","beta",14
"Muraro","detection","CHL1--chr3","beta",15
"Muraro","detection","ELMO1--chr7","beta",16
"Muraro","detection","PDX1--chr13","beta",17
"Muraro","detection","ENTPD3--chr3","beta",18
"Muraro","detection","TRPM3--chr9","beta",19
"Muraro","detection","FAM115C--chr7","beta",20
"Muraro","detection","PCSK1--chr5","beta",21
"Muraro","detection","INS--chr11","beta",22
"Muraro","detection","DLK1--chr14","beta",23
"Muraro","detection","ROBO1--chr3","beta",24
"Muraro","detection","CAPN13--chr2","beta",25
"Muraro","detection","BCHE--chr3","delta",1
"Muraro","detection","HHEX--chr10","delta",2
"Muraro","detection","GHSR--chr3","delta",3
"Muraro","detection","LEPR--chr1","delta",4
"Muraro","detection","FRZB--chr2","delta",5
"Muraro","detection","DPYSL3--chr5","delta",6
"Muraro","detection","PRG4--chr1","delta",7
"Muraro","detection","CBLN4--chr20","delta",8
"Muraro","detection","CALB1--chr8","delta",9
"Muraro","detection","KCNT2--chr1","delta",10
"Muraro","detection","AMIGO2--chr12","delta",11
"Muraro","detection","CASR--chr3","delta",12
"Muraro","detection","LRFN5--chr14","delta",13
"Muraro","detection","FFAR4--chr10","delta",14
"Muraro","detection","UNC5B--chr10","delta",15
"Muraro","detection","FHOD3--chr18","delta",16
"Muraro","detection","ERBB4--chr2","delta",17
"Muraro","detection","HAP1--chr17","delta",18
"Muraro","detection","GABRG2--chr5","delta",19
"Muraro","detection","CABP7--chr22","delta",20
"Muraro","detection","TENM3--chr4","delta",21
"Muraro","detection","POU3F1--chr1","delta",22
"Muraro","detection","KCTD8--chr4","delta",23
"Muraro","detection","MS4A8B--chr11","delta",24
"Muraro","detection","LPHN2--chr1","delta",25
"Muraro","detection","VTCN1--chr1","duct",1
"Muraro","detection","ANXA3--chr4","duct",2
"Muraro","detection","PROM1--chr4","duct",3
"Muraro","detection","DEFB1--chr8","duct",4
"Muraro","detection","ALDH1A3--chr15","duct",5
"Muraro","detection","SERPING1--chr11","duct",6
"Muraro","detection","PKHD1--chr6","duct",7
"Muraro","detection","S100A14--chr1","duct",8
"Muraro","detection","TINAGL1--chr1","duct",9
"Muraro","detection","TGFA--chr2","duct",10
"Muraro","detection","TFPI2--chr7","duct",11
"Muraro","detection","IQGAP2--chr5","duct",12
"Muraro","detection","HSD17B2--chr16","duct",13
"Muraro","detection","APCDD1--chr18","duct",14
"Muraro","detection","CLDN1--chr3","duct",15
"Muraro","detection","CFTR--chr7","duct",16
"Muraro","detection","GBP2--chr1","duct",17
"Muraro","detection","SCNN1A--chr12","duct",18
"Muraro","detection","NOTCH2--chr1","duct",19
"Muraro","detection","HKDC1--chr10","duct",20
"Muraro","detection","SLC3A1--chr2","duct",21
"Muraro","detection","SERPINA5--chr14","duct",22
"Muraro","detection","AQP1--chr7","duct",23
"Muraro","detection","FUT3--chr19","duct",24
"Muraro","detection","DAB2--chr5","duct",25
"Muraro","detection","EMCN--chr4","endothelial",1
"Muraro","detection","MYCT1--chr6","endothelial",2
"Muraro","detection","GPR4--chr19","endothelial",3
"Muraro","detection","PLVAP--chr19","endothelial",4
"Muraro","detection","SOX18--chr20","endothelial",5
"Muraro","detection","ECSCR--chr5","endothelial",6
"Muraro","detection","TIE1--chr1","endothelial",7
"Muraro","detection","NKX2-3--chr10","endothelial",8
"Muraro","detection","ELTD1--chr1","endothelial",9
"Muraro","detection","CDH5--chr16","endothelial",10
"Muraro","detection","ROBO4--chr11","endothelial",11
"Muraro","detection","EXOC3L2--chr19","endothelial",12
"Muraro","detection","CD93--chr20","endothelial",13
"Muraro","detection","S1PR1--chr1","endothelial",14
"Muraro","detection","ERG--chr21","endothelial",15
"Muraro","detection","CALCRL--chr2","endothelial",16
"Muraro","detection","KDR--chr4","endothelial",17
"Muraro","detection","GPR116--chr6","endothelial",18
"Muraro","detection","ABI3--chr17","endothelial",19
"Muraro","detection","RHOJ--chr14","endothelial",20
"Muraro","detection","ACVRL1--chr12","endothelial",21
"Muraro","detection","GIMAP7--chr7","endothelial",22
"Muraro","detection","GIMAP4--chr7","endothelial",23
"Muraro","detection","GIMAP8--chr7","endothelial",24
"Muraro","detection","TEK--chr9","endothelial",25
"Muraro","detection","CDH11--chr16","mesenchymal",1
"Muraro","detection","PRRX1--chr1","mesenchymal",2
"Muraro","detection","ITGA11--chr15","mesenchymal",3
"Muraro","detection","TNFAIP6--chr2","mesenchymal",4
"Muraro","detection","LOX--chr5","mesenchymal",5
"Muraro","detection","LAMA2--chr6","mesenchymal",6
"Muraro","detection","COL12A1--chr6","mesenchymal",7
"Muraro","detection","MRC2--chr17","mesenchymal",8
"Muraro","detection","NID2--chr14","mesenchymal",9
"Muraro","detection","ADAM19--chr5","mesenchymal",10
"Muraro","detection","SRPX2--chrX","mesenchymal",11
"Muraro","detection","EDNRA--chr4","mesenchymal",12
"Muraro","detection","THBS2--chr6","mesenchymal",13
"Muraro","detection","PDGFRB--chr5","mesenchymal",14
"Muraro","detection","GLI2--chr2","mesenchymal",15
"Muraro","detection","BGN--chrX","mesenchymal",16
"Muraro","detection","TBX2--chr17","mesenchymal",17
"Muraro","detection","FOXF2--chr6","mesenchymal",18
"Muraro","detection","CCDC80--chr3","mesenchymal",19
"Muraro","detection","TBX3--chr12","mesenchymal",20
"Muraro","detection","LTBP2--chr14","mesenchymal",21
"Muraro","detection","COL5A3--chr19","mesenchymal",22
"Muraro","detection","LAMA4--chr6","mesenchymal",23
"Muraro","detection","LHFP--chr13","mesenchymal",24
"Muraro","detection","SNAI1--chr20","mesenchymal",25
"Muraro","detection","SERTM1--chr13","pp",1
"Muraro","detection","SLITRK6--chr13","pp",2
"Muraro","detection","THSD7A--chr7","pp",3
"Muraro","detection","GPC5-AS1--chr13","pp",4
"Muraro","detection","CARD11--chr7","pp",5
"Muraro","detection","ETV1--chr7","pp",6
"Muraro","detection","CHN2--chr7","pp",7
"Muraro","detection","NPFFR2--chr4","pp",8
"Muraro","detection","PTGFR--chr1","pp",9
"Muraro","detection","ENTPD2--chr9","pp",10
"Muraro","detection","PPY--chr17","pp",11
"Muraro","detection","ARX--chrX","pp",12
"Muraro","detection","PCDH10--chr4","pp",13
"Muraro","detection","APOBEC2--chr6","pp",14
"Muraro","detection","TMEM47--chrX","pp",15
"Muraro","detection","CHRM3--chr1","pp",16
"Muraro","detection","DPYSL3--chr5","pp",17
"Muraro","detection","CALB1--chr8","pp",18
"Muraro","detection","AKAP12--chr6","pp",19
"Muraro","detection","AQP3--chr9","pp",20
"Muraro","detection","SPOCK1--chr5","pp",21
"Muraro","detection","AHRR--chr5","pp",22
"Muraro","detection","MDFIC--chr7","pp",23
"Muraro","detection","ABCB1--chr7","pp",24
"Muraro","detection","AGTR1--chr3","pp",25
"Muraro","wilcox","REG1A--chr2","acinar",1
"Muraro","wilcox","PRSS1--chr7","acinar",2
"Muraro","wilcox","SPINK1--chr5","acinar",3
"Muraro","wilcox","CTRB2--chr16","acinar",4
"Muraro","wilcox","PRSS3P2--chr7","acinar",5
"Muraro","wilcox","GSTA2--chr6","acinar",6
"Muraro","wilcox","REG1B--chr2","acinar",7
"Muraro","wilcox","CPA2--chr7","acinar",8
"Muraro","wilcox","BCAT1--chr12","acinar",9
"Muraro","wilcox","PLA2G1B--chr12","acinar",10
"Muraro","wilcox","GSTA1--chr6","acinar",11
"Muraro","wilcox","CPA1--chr7","acinar",12
"Muraro","wilcox","PNLIP--chr10","acinar",13
"Muraro","wilcox","CPB1--chr3","acinar",14
"Muraro","wilcox","IL32--chr16","acinar",15
"Muraro","wilcox","KLK1--chr19","acinar",16
"Muraro","wilcox","CTRB1--chr16","acinar",17
"Muraro","wilcox","CEL--chr9","acinar",18
"Muraro","wilcox","CTRC--chr1","acinar",19
"Muraro","wilcox","PRSS3--chr9","acinar",20
"Muraro","wilcox","ANPEP--chr15","acinar",21
"Muraro","wilcox","MGST1--chr12","acinar",22
"Muraro","wilcox","SERPINA3--chr14","acinar",23
"Muraro","wilcox","B3GNT7--chr2","acinar",24
"Muraro","wilcox","TC2N--chr14","acinar",25
"Muraro","wilcox","TTR--chr18","alpha",1
"Muraro","wilcox","GCG--chr2","alpha",2
"Muraro","wilcox","IRX2--chr5","alpha",3
"Muraro","wilcox","GC--chr4","alpha",4
"Muraro","wilcox","PCSK2--chr20","alpha",5
"Muraro","wilcox","TM4SF4--chr3","alpha",6
"Muraro","wilcox","ALDH1A1--chr9","alpha",7
"Muraro","wilcox","GLS--chr2","alpha",8
"Muraro","wilcox","KCTD12--chr13","alpha",9
"Muraro","wilcox","NAA20--chr20","alpha",10
"Muraro","wilcox","SLC7A2--chr8","alpha",11
"Muraro","wilcox","TMEM176B--chr7","alpha",12
"Muraro","wilcox","FAP--chr2","alpha",13
"Muraro","wilcox","CHGB--chr20","alpha",14
"Muraro","wilcox","RGS4--chr1","alpha",15
"Muraro","wilcox","CRYBA2--chr2","alpha",16
"Muraro","wilcox","SCG5--chr15","alpha",17
"Muraro","wilcox","LOXL4--chr10","alpha",18
"Muraro","wilcox","SLC38A4--chr12","alpha",19
"Muraro","wilcox","VGF--chr7","alpha",20
"Muraro","wilcox","ARX--chrX","alpha",21
"Muraro","wilcox","SLC22A17--chr14","alpha",22
"Muraro","wilcox","TMEM176A--chr7","alpha",23
"Muraro","wilcox","FEV--chr2","alpha",24
"Muraro","wilcox","ENPP2--chr8","alpha",25
"Muraro","wilcox","INS--chr11","beta",1
"Muraro","wilcox","SYT13--chr11","beta",2
"Muraro","wilcox","HADH--chr4","beta",3
"Muraro","wilcox","NPTX2--chr7","beta",4
"Muraro","wilcox","MAFA--chr8","beta",5
"Muraro","wilcox","ADCYAP1--chr18","beta",6
"Muraro","wilcox","RRAGD--chr6","beta",7
"Muraro","wilcox","PDX1--chr13","beta",8
"Muraro","wilcox","IAPP--chr12","beta",9
"Muraro","wilcox","SORL1--chr11","beta",10
"Muraro","wilcox","UCHL1--chr4","beta",11
"Muraro","wilcox","SCD--chr10","beta",12
"Muraro","wilcox","PFKFB2--chr1","beta",13
"Muraro","wilcox","ERO1LB--chr1","beta",14
"Muraro","wilcox","SCD5--chr4","beta",15
"Muraro","wilcox","MEG3--chr14","beta",16
"Muraro","wilcox","TGFBR3--chr1","beta",17
"Muraro","wilcox","SCGN--chr6","beta",18
"Muraro","wilcox","VEGFA--chr6","beta",19
"Muraro","wilcox","ABCC8--chr11","beta",20
"Muraro","wilcox","PCSK1--chr5","beta",21
"Muraro","wilcox","FAM105A--chr5","beta",22
"Muraro","wilcox","CASR--chr3","beta",23
"Muraro","wilcox","STXBP1--chr9","beta",24
"Muraro","wilcox","ENO2--chr12","beta",25
"Muraro","wilcox","SST--chr3","delta",1
"Muraro","wilcox","SEC11C--chr18","delta",2
"Muraro","wilcox","RBP4--chr10","delta",3
"Muraro","wilcox","LEPR--chr1","delta",4
"Muraro","wilcox","HHEX--chr10","delta",5
"Muraro","wilcox","PCSK1--chr5","delta",6
"Muraro","wilcox","TENM3--chr4","delta",7
"Muraro","wilcox","GABRB3--chr15","delta",8
"Muraro","wilcox","PRG4--chr1","delta",9
"Muraro","wilcox","DPYSL3--chr5","delta",10
"Muraro","wilcox","BCHE--chr3","delta",11
"Muraro","wilcox","PSIP1--chr9","delta",12
"Muraro","wilcox","LOC728392--chr17","delta",13
"Muraro","wilcox","UNC5B--chr10","delta",14
"Muraro","wilcox","ISL1--chr5","delta",15
"Muraro","wilcox","CASR--chr3","delta",16
"Muraro","wilcox","PCP4--chr21","delta",17
"Muraro","wilcox","CADM1--chr11","delta",18
"Muraro","wilcox","LPHN2--chr1","delta",19
"Muraro","wilcox","SAMD5--chr6","delta",20
"Muraro","wilcox","DIRAS3--chr1","delta",21
"Muraro","wilcox","GAD2--chr10","delta",22
"Muraro","wilcox","MAP1B--chr5","delta",23
"Muraro","wilcox","FFAR4--chr10","delta",24
"Muraro","wilcox","AQP3--chr9","delta",25
"Muraro","wilcox","ANXA2--chr15","duct",1
"Muraro","wilcox","NDUFA4--chr7","duct",2
"Muraro","wilcox","LITAF--chr16","duct",3
"Muraro","wilcox","ANXA4--chr2","duct",4
"Muraro","wilcox","S100A11--chr1","duct",5
"Muraro","wilcox","TMSB4X--chrX","duct",6
"Muraro","wilcox","ANXA2P2--chr9","duct",7
"Muraro","wilcox","SEL1L3--chr4","duct",8
"Muraro","wilcox","SERPING1--chr11","duct",9
"Muraro","wilcox","CAV2--chr7","duct",10
"Muraro","wilcox","KRT19--chr17","duct",11
"Muraro","wilcox","CLDN1--chr3","duct",12
"Muraro","wilcox","YWHAZ--chr8","duct",13
"Muraro","wilcox","CFTR--chr7","duct",14
"Muraro","wilcox","LAD1--chr1","duct",15
"Muraro","wilcox","AHNAK--chr11","duct",16
"Muraro","wilcox","PMEPA1--chr20","duct",17
"Muraro","wilcox","ANXA3--chr4","duct",18
"Muraro","wilcox","APLP2--chr11","duct",19
"Muraro","wilcox","CD59--chr11","duct",20
"Muraro","wilcox","SLC4A4--chr4","duct",21
"Muraro","wilcox","CTSH--chr15","duct",22
"Muraro","wilcox","S100A10--chr1","duct",23
"Muraro","wilcox","CD44--chr11","duct",24
"Muraro","wilcox","CLDN10--chr13","duct",25
"Muraro","wilcox","ESAM--chr11","endothelial",1
"Muraro","wilcox","TCF4--chr18","endothelial",2
"Muraro","wilcox","ACVRL1--chr12","endothelial",3
"Muraro","wilcox","GPR116--chr6","endothelial",4
"Muraro","wilcox","ETS1--chr11","endothelial",5
"Muraro","wilcox","PRDM1--chr6","endothelial",6
"Muraro","wilcox","ITGA5--chr12","endothelial",7
"Muraro","wilcox","FSCN1--chr7","endothelial",8
"Muraro","wilcox","NRP1--chr10","endothelial",9
"Muraro","wilcox","HTRA1--chr10","endothelial",10
"Muraro","wilcox","EMP1--chr12","endothelial",11
"Muraro","wilcox","SNAI1--chr20","endothelial",12
"Muraro","wilcox","JAK1--chr1","endothelial",13
"Muraro","wilcox","EPAS1--chr2","endothelial",14
"Muraro","wilcox","PEA15--chr1","endothelial",15
"Muraro","wilcox","BMPR2--chr2","endothelial",16
"Muraro","wilcox","MSN--chrX","endothelial",17
"Muraro","wilcox","IGFBP4--chr17","endothelial",18
"Muraro","wilcox","DLC1--chr8","endothelial",19
"Muraro","wilcox","FKBP1A--chr20","endothelial",20
"Muraro","wilcox","LRRC8A--chr9","endothelial",21
"Muraro","wilcox","CDK2AP1--chr12","endothelial",22
"Muraro","wilcox","DAB2--chr5","endothelial",23
"Muraro","wilcox","COL4A2--chr13","endothelial",24
"Muraro","wilcox","COL4A1--chr13","endothelial",25
"Muraro","wilcox","COL12A1--chr6","mesenchymal",1
"Muraro","wilcox","COL1A1--chr17","mesenchymal",2
"Muraro","wilcox","COL3A1--chr2","mesenchymal",3
"Muraro","wilcox","COL6A3--chr2","mesenchymal",4
"Muraro","wilcox","CDH11--chr16","mesenchymal",5
"Muraro","wilcox","FBN1--chr15","mesenchymal",6
"Muraro","wilcox","COL5A1--chr9","mesenchymal",7
"Muraro","wilcox","SLC1A5--chr19","mesenchymal",8
"Muraro","wilcox","COL6A2--chr21","mesenchymal",9
"Muraro","wilcox","COL5A2--chr2","mesenchymal",10
"Muraro","wilcox","CALD1--chr7","mesenchymal",11
"Muraro","wilcox","MRC2--chr17","mesenchymal",12
"Muraro","wilcox","BGN--chrX","mesenchymal",13
"Muraro","wilcox","FN1--chr2","mesenchymal",14
"Muraro","wilcox","COL1A2--chr7","mesenchymal",15
"Muraro","wilcox","COL5A3--chr19","mesenchymal",16
"Muraro","wilcox","NID1--chr1","mesenchymal",17
"Muraro","wilcox","NOTCH3--chr19","mesenchymal",18
"Muraro","wilcox","COL6A1--chr21","mesenchymal",19
"Muraro","wilcox","SERPINH1--chr11","mesenchymal",20
"Muraro","wilcox","LGALS1--chr22","mesenchymal",21
"Muraro","wilcox","SPARC--chr5","mesenchymal",22
"Muraro","wilcox","LHFP--chr13","mesenchymal",23
"Muraro","wilcox","MICAL2--chr11","mesenchymal",24
"Muraro","wilcox","TIMP1--chrX","mesenchymal",25
"Muraro","wilcox","PPY--chr17","pp",1
"Muraro","wilcox","ETV1--chr7","pp",2
"Muraro","wilcox","MEIS2--chr15","pp",3
"Muraro","wilcox","SERTM1--chr13","pp",4
"Muraro","wilcox","THSD7A--chr7","pp",5
"Muraro","wilcox","ABCC9--chr12","pp",6
"Muraro","wilcox","SLC6A4--chr17","pp",7
"Muraro","wilcox","PAX6--chr11","pp",8
"Muraro","wilcox","ID2--chr2","pp",9
"Muraro","wilcox","ITM2C--chr2","pp",10
"Muraro","wilcox","AQP3--chr9","pp",11
"Muraro","wilcox","SCG2--chr2","pp",12
"Muraro","wilcox","FGFR1--chr8","pp",13
"Muraro","wilcox","INPP5F--chr10","pp",14
"Muraro","wilcox","PEG10--chr7","pp",15
"Muraro","wilcox","PAM--chr5","pp",16
"Muraro","wilcox","CACNA1A--chr19","pp",17
"Muraro","wilcox","ARX--chrX","pp",18
"Muraro","wilcox","SLITRK6--chr13","pp",19
"Muraro","wilcox","AKAP12--chr6","pp",20
"Muraro","wilcox","ID4--chr6","pp",21
"Muraro","wilcox","STMN2--chr8","pp",22
"Muraro","wilcox","PCSK1N--chrX","pp",23
"Muraro","wilcox","CHN2--chr7","pp",24
"Muraro","wilcox","GPC5-AS1--chr13","pp",25
"Romanov","hurdle","Cst3","astrocytes",1
"Romanov","hurdle","Ppap2b","astrocytes",2
"Romanov","hurdle","Slc1a2","astrocytes",3
"Romanov","hurdle","Slc1a3","astrocytes",4
"Romanov","hurdle","Slc4a4","astrocytes",5
"Romanov","hurdle","Agt","astrocytes",6
"Romanov","hurdle","Aldoc","astrocytes",7
"Romanov","hurdle","Ndrg2","astrocytes",8
"Romanov","hurdle","Atp1a2","astrocytes",9
"Romanov","hurdle","Slc6a11","astrocytes",10
"Romanov","hurdle","Ntsr2","astrocytes",11
"Romanov","hurdle","Atp1b2","astrocytes",12
"Romanov","hurdle","Sparcl1","astrocytes",13
"Romanov","hurdle","Gjb6","astrocytes",14
"Romanov","hurdle","Slc6a1","astrocytes",15
"Romanov","hurdle","Cpe","astrocytes",16
"Romanov","hurdle","Itih3","astrocytes",17
"Romanov","hurdle","Apoe","astrocytes",18
"Romanov","hurdle","Gja1","astrocytes",19
"Romanov","hurdle","Ednrb","astrocytes",20
"Romanov","hurdle","Pla2g7","astrocytes",21
"Romanov","hurdle","Glud1","astrocytes",22
"Romanov","hurdle","Cldn10","astrocytes",23
"Romanov","hurdle","Fgfr3","astrocytes",24
"Romanov","hurdle","Id2","astrocytes",25
"Romanov","hurdle","Itm2a","endothelial",1
"Romanov","hurdle","Bsg","endothelial",2
"Romanov","hurdle","Slco1a4","endothelial",3
"Romanov","hurdle","Ly6c1","endothelial",4
"Romanov","hurdle","Abcb1a","endothelial",5
"Romanov","hurdle","Slco1c1","endothelial",6
"Romanov","hurdle","Egfl7","endothelial",7
"Romanov","hurdle","Cldn5","endothelial",8
"Romanov","hurdle","Ptprb","endothelial",9
"Romanov","hurdle","Esam","endothelial",10
"Romanov","hurdle","Slc6a6","endothelial",11
"Romanov","hurdle","Flt1","endothelial",12
"Romanov","hurdle","Eltd1","endothelial",13
"Romanov","hurdle","Fn1","endothelial",14
"Romanov","hurdle","Epas1","endothelial",15
"Romanov","hurdle","Gpr116","endothelial",16
"Romanov","hurdle","Cd34","endothelial",17
"Romanov","hurdle","Tfrc","endothelial",18
"Romanov","hurdle","Car4","endothelial",19
"Romanov","hurdle","Ly6e","endothelial",20
"Romanov","hurdle","Klf2","endothelial",21
"Romanov","hurdle","Tmem204","endothelial",22
"Romanov","hurdle","Igfbp7","endothelial",23
"Romanov","hurdle","Slc16a1","endothelial",24
"Romanov","hurdle","Cd93","endothelial",25
"Romanov","hurdle","Dbi","ependymal",1
"Romanov","hurdle","Tmem212","ependymal",2
"Romanov","hurdle","Ccdc153","ependymal",3
"Romanov","hurdle","Rarres2","ependymal",4
"Romanov","hurdle","Tubb4b","ependymal",5
"Romanov","hurdle","Ascc1","ependymal",6
"Romanov","hurdle","Enkur","ependymal",7
"Romanov","hurdle","Dynlrb2","ependymal",8
"Romanov","hurdle","Mia","ependymal",9
"Romanov","hurdle","1700094D03Rik","ependymal",10
"Romanov","hurdle","Cd24a","ependymal",11
"Romanov","hurdle","Fam216b","ependymal",12
"Romanov","hurdle","Fam183b","ependymal",13
"Romanov","hurdle","Rsph1","ependymal",14
"Romanov","hurdle","Ak7","ependymal",15
"Romanov","hurdle","Mlf1","ependymal",16
"Romanov","hurdle","Nnat","ependymal",17
"Romanov","hurdle","Dnah6","ependymal",18
"Romanov","hurdle","Hipk1","ependymal",19
"Romanov","hurdle","Riiad1","ependymal",20
"Romanov","hurdle","1700009P17Rik","ependymal",21
"Romanov","hurdle","Foxj1","ependymal",22
"Romanov","hurdle","Sntn","ependymal",23
"Romanov","hurdle","Ccdc37","ependymal",24
"Romanov","hurdle","Pltp","ependymal",25
"Romanov","hurdle","Hexb","microglia",1
"Romanov","hurdle","C1qb","microglia",2
"Romanov","hurdle","Tyrobp","microglia",3
"Romanov","hurdle","Fcer1g","microglia",4
"Romanov","hurdle","C1qa","microglia",5
"Romanov","hurdle","Fcrls","microglia",6
"Romanov","hurdle","Csf1r","microglia",7
"Romanov","hurdle","Fcgr3","microglia",8
"Romanov","hurdle","Grn","microglia",9
"Romanov","hurdle","Laptm5","microglia",10
"Romanov","hurdle","Ctss","microglia",11
"Romanov","hurdle","Cd83","microglia",12
"Romanov","hurdle","Aif1","microglia",13
"Romanov","hurdle","C1qc","microglia",14
"Romanov","hurdle","Lyz2","microglia",15
"Romanov","hurdle","Ctsd","microglia",16
"Romanov","hurdle","Plek","microglia",17
"Romanov","hurdle","B2m","microglia",18
"Romanov","hurdle","C3ar1","microglia",19
"Romanov","hurdle","Cd14","microglia",20
"Romanov","hurdle","Ftl1","microglia",21
"Romanov","hurdle","Ctsc","microglia",22
"Romanov","hurdle","Ctsb","microglia",23
"Romanov","hurdle","Ccl2","microglia",24
"Romanov","hurdle","Ccl3","microglia",25
"Romanov","hurdle","Snhg11","neurons",1
"Romanov","hurdle","Stmn3","neurons",2
"Romanov","hurdle","Stmn2","neurons",3
"Romanov","hurdle","Ttc3","neurons",4
"Romanov","hurdle","Snap25","neurons",5
"Romanov","hurdle","Atp1b1","neurons",6
"Romanov","hurdle","Gap43","neurons",7
"Romanov","hurdle","Resp18","neurons",8
"Romanov","hurdle","Celf4","neurons",9
"Romanov","hurdle","Zcchc18","neurons",10
"Romanov","hurdle","Ndrg4","neurons",11
"Romanov","hurdle","Meg3","neurons",12
"Romanov","hurdle","Zcchc12","neurons",13
"Romanov","hurdle","Ngfrap1","neurons",14
"Romanov","hurdle","Gprasp1","neurons",15
"Romanov","hurdle","Calm2","neurons",16
"Romanov","hurdle","Tubb2a","neurons",17
"Romanov","hurdle","Ahi1","neurons",18
"Romanov","hurdle","Impact","neurons",19
"Romanov","hurdle","Rtn1","neurons",20
"Romanov","hurdle","Gprasp2","neurons",21
"Romanov","hurdle","Atp1a3","neurons",22
"Romanov","hurdle","Scn2a1","neurons",23
"Romanov","hurdle","Scg5","neurons",24
"Romanov","hurdle","Caly","neurons",25
"Romanov","hurdle","Plp1","oligos",1
"Romanov","hurdle","Mbp","oligos",2
"Romanov","hurdle","Cnp","oligos",3
"Romanov","hurdle","Enpp2","oligos",4
"Romanov","hurdle","Ugt8a","oligos",5
"Romanov","hurdle","Cldn11","oligos",6
"Romanov","hurdle","Tspan2","oligos",7
"Romanov","hurdle","Mobp","oligos",8
"Romanov","hurdle","Mag","oligos",9
"Romanov","hurdle","Taldo1","oligos",10
"Romanov","hurdle","Trf","oligos",11
"Romanov","hurdle","Cmtm5","oligos",12
"Romanov","hurdle","Mog","oligos",13
"Romanov","hurdle","Tmem88b","oligos",14
"Romanov","hurdle","Qk","oligos",15
"Romanov","hurdle","Scd2","oligos",16
"Romanov","hurdle","Slc12a2","oligos",17
"Romanov","hurdle","Cers2","oligos",18
"Romanov","hurdle","Hmgcs1","oligos",19
"Romanov","hurdle","2810468N07Rik","oligos",20
"Romanov","hurdle","Pllp","oligos",21
"Romanov","hurdle","Dbndd2","oligos",22
"Romanov","hurdle","Sept4","oligos",23
"Romanov","hurdle","Slc44a1","oligos",24
"Romanov","hurdle","Cryab","oligos",25
"Romanov","hurdle","Tpm1","vsm",1
"Romanov","hurdle","Crip1","vsm",2
"Romanov","hurdle","Myl9","vsm",3
"Romanov","hurdle","Acta2","vsm",4
"Romanov","hurdle","Tagln","vsm",5
"Romanov","hurdle","Myh11","vsm",6
"Romanov","hurdle","Myl6","vsm",7
"Romanov","hurdle","Flna","vsm",8
"Romanov","hurdle","Tpm2","vsm",9
"Romanov","hurdle","Mylk","vsm",10
"Romanov","hurdle","Lmod1","vsm",11
"Romanov","hurdle","Gm13889","vsm",12
"Romanov","hurdle","Mustn1","vsm",13
"Romanov","hurdle","Dstn","vsm",14
"Romanov","hurdle","Ptrf","vsm",15
"Romanov","hurdle","Filip1l","vsm",16
"Romanov","hurdle","Pln","vsm",17
"Romanov","hurdle","Sorbs2","vsm",18
"Romanov","hurdle","Aspn","vsm",19
"Romanov","hurdle","Gja4","vsm",20
"Romanov","hurdle","Cspg4","vsm",21
"Romanov","hurdle","Mfge8","vsm",22
"Romanov","hurdle","Lrrc32","vsm",23
"Romanov","hurdle","Lpp","vsm",24
"Romanov","hurdle","Cald1","vsm",25
"Romanov","level","Cst3","astrocytes",1
"Romanov","level","Ppap2b","astrocytes",2
"Romanov","level","Slc1a2","astrocytes",3
"Romanov","level","Slc1a3","astrocytes",4
"Romanov","level","Aldoc","astrocytes",5
"Romanov","level","Ndrg2","astrocytes",6
"Romanov","level","Cpe","astrocytes",7
"Romanov","level","Sparcl1","astrocytes",8
"Romanov","level","Atp1a2","astrocytes",9
"Romanov","level","Glud1","astrocytes",10
"Romanov","level","Atp1b2","astrocytes",11
"Romanov","level","Slc6a1","astrocytes",12
"Romanov","level","Slc4a4","astrocytes",13
"Romanov","level","Ntrk2","astrocytes",14
"Romanov","level","Slc6a11","astrocytes",15
"Romanov","level","Ahcyl1","astrocytes",16
"Romanov","level","Mmd2","astrocytes",17
"Romanov","level","Ckb","astrocytes",18
"Romanov","level","Id2","astrocytes",19
"Romanov","level","Acsl6","astrocytes",20
"Romanov","level","Itih3","astrocytes",21
"Romanov","level","Clu","astrocytes",22
"Romanov","level","Glul","astrocytes",23
"Romanov","level","Apoe","astrocytes",24
"Romanov","level","Mt1","astrocytes",25
"Romanov","level","Bsg","endothelial",1
"Romanov","level","Slc6a6","endothelial",2
"Romanov","level","Tfrc","endothelial",3
"Romanov","level","Itm2a","endothelial",4
"Romanov","level","Slc16a1","endothelial",5
"Romanov","level","Sptbn1","endothelial",6
"Romanov","level","Tsc22d1","endothelial",7
"Romanov","level","Egfl7","endothelial",8
"Romanov","level","Ly6e","endothelial",9
"Romanov","level","Nampt","endothelial",10
"Romanov","level","Arl4a","endothelial",11
"Romanov","level","Atox1","endothelial",12
"Romanov","level","Slc2a1","endothelial",13
"Romanov","level","Myl12a","endothelial",14
"Romanov","level","Igf1r","endothelial",15
"Romanov","level","Serinc3","endothelial",16
"Romanov","level","Gpcpd1","endothelial",17
"Romanov","level","Sgms1","endothelial",18
"Romanov","level","Slc39a10","endothelial",19
"Romanov","level","Ptprb","endothelial",20
"Romanov","level","Slc7a1","endothelial",21
"Romanov","level","Rps29","endothelial",22
"Romanov","level","9430020K01Rik","endothelial",23
"Romanov","level","Epas1","endothelial",24
"Romanov","level","Slc7a5","endothelial",25
"Romanov","level","Dbi","ependymal",1
"Romanov","level","Tubb4b","ependymal",2
"Romanov","level","Ascc1","ependymal",3
"Romanov","level","Hsp90aa1","ependymal",4
"Romanov","level","Nnat","ependymal",5
"Romanov","level","Hipk1","ependymal",6
"Romanov","level","Fam183b","ependymal",7
"Romanov","level","Gas6","ependymal",8
"Romanov","level","Slc38a1","ependymal",9
"Romanov","level","Syne1-loc2","ependymal",10
"Romanov","level","Cetn2","ependymal",11
"Romanov","level","Rarres2","ependymal",12
"Romanov","level","Anxa5","ependymal",13
"Romanov","level","Cnn3","ependymal",14
"Romanov","level","Nudt4","ependymal",15
"Romanov","level","Cd24a","ependymal",16
"Romanov","level","Itm2c","ependymal",17
"Romanov","level","Riiad1","ependymal",18
"Romanov","level","Enkur","ependymal",19
"Romanov","level","1700094D03Rik","ependymal",20
"Romanov","level","Lmo4","ependymal",21
"Romanov","level","Tmem107","ependymal",22
"Romanov","level","Tmem47","ependymal",23
"Romanov","level","Rsph1","ependymal",24
"Romanov","level","Ccdc153","ependymal",25
"Romanov","level","Hexb","microglia",1
"Romanov","level","Cd83","microglia",2
"Romanov","level","Grn","microglia",3
"Romanov","level","Ctsd","microglia",4
"Romanov","level","Ftl1","microglia",5
"Romanov","level","Rcan1","microglia",6
"Romanov","level","Ctsb","microglia",7
"Romanov","level","Snx2","microglia",8
"Romanov","level","Serinc3","microglia",9
"Romanov","level","B2m","microglia",10
"Romanov","level","Snx5","microglia",11
"Romanov","level","Rps29","microglia",12
"Romanov","level","Kctd12","microglia",13
"Romanov","level","Lgmn","microglia",14
"Romanov","level","Plek","microglia",15
"Romanov","level","Ctsa","microglia",16
"Romanov","level","Ctsz","microglia",17
"Romanov","level","Hexa","microglia",18
"Romanov","level","Lst1","microglia",19
"Romanov","level","Tmsb4x","microglia",20
"Romanov","level","Dab2","microglia",21
"Romanov","level","Cst3","microglia",22
"Romanov","level","Pde3b","microglia",23
"Romanov","level","H3f3b","microglia",24
"Romanov","level","Mcl1","microglia",25
"Romanov","level","Calm2","neurons",1
"Romanov","level","Ttc3","neurons",2
"Romanov","level","Meg3","neurons",3
"Romanov","level","Mdh1","neurons",4
"Romanov","level","Zcchc18","neurons",5
"Romanov","level","Gnas","neurons",6
"Romanov","level","Eif4a2","neurons",7
"Romanov","level","Impact","neurons",8
"Romanov","level","Snhg11","neurons",9
"Romanov","level","Nap1l5","neurons",10
"Romanov","level","Atp1b1","neurons",11
"Romanov","level","Ahi1","neurons",12
"Romanov","level","Snap25","neurons",13
"Romanov","level","Ngfrap1","neurons",14
"Romanov","level","Gprasp1","neurons",15
"Romanov","level","Pgrmc1","neurons",16
"Romanov","level","Tubb2a","neurons",17
"Romanov","level","Ndufa4","neurons",18
"Romanov","level","Atpif1","neurons",19
"Romanov","level","Stmn3","neurons",20
"Romanov","level","Celf4","neurons",21
"Romanov","level","Ywhah","neurons",22
"Romanov","level","Nme1","neurons",23
"Romanov","level","Gap43","neurons",24
"Romanov","level","Usmg5","neurons",25
"Romanov","level","Plp1","oligos",1
"Romanov","level","Mbp","oligos",2
"Romanov","level","Cnp","oligos",3
"Romanov","level","Scd2","oligos",4
"Romanov","level","Tspan2","oligos",5
"Romanov","level","Cd81","oligos",6
"Romanov","level","Enpp2","oligos",7
"Romanov","level","Taldo1","oligos",8
"Romanov","level","Qk","oligos",9
"Romanov","level","Hmgcs1","oligos",10
"Romanov","level","Sept7","oligos",11
"Romanov","level","Cldn11","oligos",12
"Romanov","level","Malat1","oligos",13
"Romanov","level","Mobp","oligos",14
"Romanov","level","Ptprd","oligos",15
"Romanov","level","Ugt8a","oligos",16
"Romanov","level","Pcdh9","oligos",17
"Romanov","level","Syt11","oligos",18
"Romanov","level","Ywhaq","oligos",19
"Romanov","level","Sirt2","oligos",20
"Romanov","level","Ptma","oligos",21
"Romanov","level","Aplp1","oligos",22
"Romanov","level","Nfasc","oligos",23
"Romanov","level","Slc12a2","oligos",24
"Romanov","level","Rnf13","oligos",25
"Romanov","level","Tpm1","vsm",1
"Romanov","level","Myl6","vsm",2
"Romanov","level","Crip1","vsm",3
"Romanov","level","Dstn","vsm",4
"Romanov","level","Myl9","vsm",5
"Romanov","level","Flna","vsm",6
"Romanov","level","Gm13889","vsm",7
"Romanov","level","Sorbs2","vsm",8
"Romanov","level","Acta2","vsm",9
"Romanov","level","Crim1","vsm",10
"Romanov","level","Uba2","vsm",11
"Romanov","level","Mylk","vsm",12
"Romanov","level","Errfi1","vsm",13
"Romanov","level","Pls3","vsm",14
"Romanov","level","Actn4","vsm",15
"Romanov","level","Sh3bgrl","vsm",16
"Romanov","level","Cald1","vsm",17
"Romanov","level","Actn1","vsm",18
"Romanov","level","Actb","vsm",19
"Romanov","level","Arhgef7","vsm",20
"Romanov","level","Ppp1r12a","vsm",21
"Romanov","level","Ptrf","vsm",22
"Romanov","level","Itgb1","vsm",23
"Romanov","level","Lmod1","vsm",24
"Romanov","level","Rgs4","vsm",25
"Romanov","detection","Agt","astrocytes",1
"Romanov","detection","Ntsr2","astrocytes",2
"Romanov","detection","Gjb6","astrocytes",3
"Romanov","detection","Cldn10","astrocytes",4
"Romanov","detection","Slc4a4","astrocytes",5
"Romanov","detection","Slc6a11","astrocytes",6
"Romanov","detection","Fgfr3","astrocytes",7
"Romanov","detection","Acsbg1","astrocytes",8
"Romanov","detection","Slc7a10","astrocytes",9
"Romanov","detection","Slc1a3","astrocytes",10
"Romanov","detection","Ednrb","astrocytes",11
"Romanov","detection","Gja1","astrocytes",12
"Romanov","detection","Pla2g7","astrocytes",13
"Romanov","detection","Slc39a12","astrocytes",14
"Romanov","detection","Aqp4","astrocytes",15
"Romanov","detection","Apoe","astrocytes",16
"Romanov","detection","Slc1a2","astrocytes",17
"Romanov","detection","Atp13a4","astrocytes",18
"Romanov","detection","Bcan","astrocytes",19
"Romanov","detection","Itih3","astrocytes",20
"Romanov","detection","Atp1a2","astrocytes",21
"Romanov","detection","Tril","astrocytes",22
"Romanov","detection","Sdc4","astrocytes",23
"Romanov","detection","Fabp7","astrocytes",24
"Romanov","detection","Gpr37l1","astrocytes",25
"Romanov","detection","Slco1a4","endothelial",1
"Romanov","detection","Ly6c1","endothelial",2
"Romanov","detection","Flt1","endothelial",3
"Romanov","detection","Eltd1","endothelial",4
"Romanov","detection","Cldn5","endothelial",5
"Romanov","detection","Esam","endothelial",6
"Romanov","detection","Slco1c1","endothelial",7
"Romanov","detection","Abcb1a","endothelial",8
"Romanov","detection","Fn1","endothelial",9
"Romanov","detection","Cd34","endothelial",10
"Romanov","detection","Tmem204","endothelial",11
"Romanov","detection","Itm2a","endothelial",12
"Romanov","detection","Car4","endothelial",13
"Romanov","detection","Igfbp7","endothelial",14
"Romanov","detection","Gpr116","endothelial",15
"Romanov","detection","Cd93","endothelial",16
"Romanov","detection","Ly6c2","endothelial",17
"Romanov","detection","Anxa3","endothelial",18
"Romanov","detection","Tek","endothelial",19
"Romanov","detection","Srgn","endothelial",20
"Romanov","detection","Kdr","endothelial",21
"Romanov","detection","Klf2","endothelial",22
"Romanov","detection","Slc22a8","endothelial",23
"Romanov","detection","Ctla2a","endothelial",24
"Romanov","detection","Ptprb","endothelial",25
"Romanov","detection","Tmem212","ependymal",1
"Romanov","detection","Ccdc153","ependymal",2
"Romanov","detection","Mia","ependymal",3
"Romanov","detection","Fam216b","ependymal",4
"Romanov","detection","Dynlrb2","ependymal",5
"Romanov","detection","Rarres2","ependymal",6
"Romanov","detection","Ak7","ependymal",7
"Romanov","detection","Enkur","ependymal",8
"Romanov","detection","Dnah6","ependymal",9
"Romanov","detection","Spag17","ependymal",10
"Romanov","detection","Sntn","ependymal",11
"Romanov","detection","Tctex1d4","ependymal",12
"Romanov","detection","Ccdc37","ependymal",13
"Romanov","detection","1700009P17Rik","ependymal",14
"Romanov","detection","Odf3b","ependymal",15
"Romanov","detection","Wdr96","ependymal",16
"Romanov","detection","Lrrc23","ependymal",17
"Romanov","detection","Ccdc108","ependymal",18
"Romanov","detection","Calml4","ependymal",19
"Romanov","detection","Gm10714","ependymal",20
"Romanov","detection","Lbp","ependymal",21
"Romanov","detection","Dnali1","ependymal",22
"Romanov","detection","Iqca","ependymal",23
"Romanov","detection","1700094D03Rik","ependymal",24
"Romanov","detection","Ccdc146","ependymal",25
"Romanov","detection","Tyrobp","microglia",1
"Romanov","detection","Fcrls","microglia",2
"Romanov","detection","C1qa","microglia",3
"Romanov","detection","Fcer1g","microglia",4
"Romanov","detection","Csf1r","microglia",5
"Romanov","detection","C1qb","microglia",6
"Romanov","detection","Fcgr3","microglia",7
"Romanov","detection","Ctss","microglia",8
"Romanov","detection","Lyz2","microglia",9
"Romanov","detection","Cd14","microglia",10
"Romanov","detection","C1qc","microglia",11
"Romanov","detection","Laptm5","microglia",12
"Romanov","detection","Aif1","microglia",13
"Romanov","detection","C3ar1","microglia",14
"Romanov","detection","Ccl2","microglia",15
"Romanov","detection","Mrc1","microglia",16
"Romanov","detection","Ms4a6b","microglia",17
"Romanov","detection","Pf4","microglia",18
"Romanov","detection","Ccl12","microglia",19
"Romanov","detection","Ccl7","microglia",20
"Romanov","detection","F13a1","microglia",21
"Romanov","detection","Gpr183","microglia",22
"Romanov","detection","Ly86","microglia",23
"Romanov","detection","C5ar1","microglia",24
"Romanov","detection","Cd53","microglia",25
"Romanov","detection","Resp18","neurons",1
"Romanov","detection","Caly","neurons",2
"Romanov","detection","Atp1a3","neurons",3
"Romanov","detection","Syngr3","neurons",4
"Romanov","detection","Tro","neurons",5
"Romanov","detection","Stmn2","neurons",6
"Romanov","detection","Disp2","neurons",7
"Romanov","detection","Tmem59l","neurons",8
"Romanov","detection","Stmn3","neurons",9
"Romanov","detection","Gabrg2","neurons",10
"Romanov","detection","Pnck","neurons",11
"Romanov","detection","Chgb","neurons",12
"Romanov","detection","Scn2a1","neurons",13
"Romanov","detection","Ptprn","neurons",14
"Romanov","detection","Tagln3","neurons",15
"Romanov","detection","Tmem130","neurons",16
"Romanov","detection","Ndrg4","neurons",17
"Romanov","detection","Snhg11","neurons",18
"Romanov","detection","Zcchc12","neurons",19
"Romanov","detection","Scg2","neurons",20
"Romanov","detection","Nsg1","neurons",21
"Romanov","detection","Nsg2","neurons",22
"Romanov","detection","Rit2","neurons",23
"Romanov","detection","Gap43","neurons",24
"Romanov","detection","Slc12a5","neurons",25
"Romanov","detection","Tmem88b","oligos",1
"Romanov","detection","Ugt8a","oligos",2
"Romanov","detection","Pllp","oligos",3
"Romanov","detection","Mog","oligos",4
"Romanov","detection","1700047M11Rik","oligos",5
"Romanov","detection","Mag","oligos",6
"Romanov","detection","2810468N07Rik","oligos",7
"Romanov","detection","Trf","oligos",8
"Romanov","detection","Slc44a1","oligos",9
"Romanov","detection","Cmtm5","oligos",10
"Romanov","detection","Opalin","oligos",11
"Romanov","detection","Cldn11","oligos",12
"Romanov","detection","Enpp2","oligos",13
"Romanov","detection","Gpr37","oligos",14
"Romanov","detection","Olig1","oligos",15
"Romanov","detection","Elovl7","oligos",16
"Romanov","detection","Cryab","oligos",17
"Romanov","detection","Gjc3","oligos",18
"Romanov","detection","Adamts4","oligos",19
"Romanov","detection","Gjc2","oligos",20
"Romanov","detection","Pdlim2","oligos",21
"Romanov","detection","Elovl1","oligos",22
"Romanov","detection","Mobp","oligos",23
"Romanov","detection","Ermn","oligos",24
"Romanov","detection","Gltp","oligos",25
"Romanov","detection","Myh11","vsm",1
"Romanov","detection","Tagln","vsm",2
"Romanov","detection","Tpm2","vsm",3
"Romanov","detection","Acta2","vsm",4
"Romanov","detection","Myl9","vsm",5
"Romanov","detection","Mustn1","vsm",6
"Romanov","detection","Mylk","vsm",7
"Romanov","detection","Filip1l","vsm",8
"Romanov","detection","Pln","vsm",9
"Romanov","detection","Aspn","vsm",10
"Romanov","detection","Lmod1","vsm",11
"Romanov","detection","Crip1","vsm",12
"Romanov","detection","Lrrc32","vsm",13
"Romanov","detection","Cspg4","vsm",14
"Romanov","detection","Hspb2","vsm",15
"Romanov","detection","Igfbp7","vsm",16
"Romanov","detection","Gja4","vsm",17
"Romanov","detection","Olfr558","vsm",18
"Romanov","detection","Ptrf","vsm",19
"Romanov","detection","Serping1","vsm",20
"Romanov","detection","Lgals1","vsm",21
"Romanov","detection","Aoc3","vsm",22
"Romanov","detection","Mfge8","vsm",23
"Romanov","detection","Flna","vsm",24
"Romanov","detection","Ltbp1","vsm",25
"Romanov","wilcox","Slc1a2","astrocytes",1
"Romanov","wilcox","Slc1a3","astrocytes",2
"Romanov","wilcox","Atp1a2","astrocytes",3
"Romanov","wilcox","Slc4a4","astrocytes",4
"Romanov","wilcox","Agt","astrocytes",5
"Romanov","wilcox","Cst3","astrocytes",6
"Romanov","wilcox","Ppap2b","astrocytes",7
"Romanov","wilcox","Apoe","astrocytes",8
"Romanov","wilcox","Slc6a11","astrocytes",9
"Romanov","wilcox","Sparcl1","astrocytes",10
"Romanov","wilcox","Gja1","astrocytes",11
"Romanov","wilcox","Ndrg2","astrocytes",12
"Romanov","wilcox","Ntsr2","astrocytes",13
"Romanov","wilcox","Aldoc","astrocytes",14
"Romanov","wilcox","Gjb6","astrocytes",15
"Romanov","wilcox","Pla2g7","astrocytes",16
"Romanov","wilcox","Atp1b2","astrocytes",17
"Romanov","wilcox","Ednrb","astrocytes",18
"Romanov","wilcox","Gpr37l1","astrocytes",19
"Romanov","wilcox","Ntrk2","astrocytes",20
"Romanov","wilcox","Itih3","astrocytes",21
"Romanov","wilcox","Clu","astrocytes",22
"Romanov","wilcox","Sparc","astrocytes",23
"Romanov","wilcox","Slc6a1","astrocytes",24
"Romanov","wilcox","Mt2","astrocytes",25
"Romanov","wilcox","Itm2a","endothelial",1
"Romanov","wilcox","Epas1","endothelial",2
"Romanov","wilcox","Ly6c1","endothelial",3
"Romanov","wilcox","Slco1a4","endothelial",4
"Romanov","wilcox","Slco1c1","endothelial",5
"Romanov","wilcox","Esam","endothelial",6
"Romanov","wilcox","Bsg","endothelial",7
"Romanov","wilcox","Abcb1a","endothelial",8
"Romanov","wilcox","Klf2","endothelial",9
"Romanov","wilcox","Ptprb","endothelial",10
"Romanov","wilcox","Hes1","endothelial",11
"Romanov","wilcox","Klf4","endothelial",12
"Romanov","wilcox","B2m","endothelial",13
"Romanov","wilcox","Igfbp7","endothelial",14
"Romanov","wilcox","Cldn5","endothelial",15
"Romanov","wilcox","Id3","endothelial",16
"Romanov","wilcox","Flt1","endothelial",17
"Romanov","wilcox","Ly6e","endothelial",18
"Romanov","wilcox","Col4a1","endothelial",19
"Romanov","wilcox","Fn1","endothelial",20
"Romanov","wilcox","Sptbn1","endothelial",21
"Romanov","wilcox","Slc2a1","endothelial",22
"Romanov","wilcox","Gpr116","endothelial",23
"Romanov","wilcox","Ifitm3","endothelial",24
"Romanov","wilcox","Egfl7","endothelial",25
"Romanov","wilcox","Rarres2","ependymal",1
"Romanov","wilcox","Dbi","ependymal",2
"Romanov","wilcox","Ccdc153","ependymal",3
"Romanov","wilcox","Tmem212","ependymal",4
"Romanov","wilcox","Cd24a","ependymal",5
"Romanov","wilcox","Nnat","ependymal",6
"Romanov","wilcox","Enkur","ependymal",7
"Romanov","wilcox","Pltp","ependymal",8
"Romanov","wilcox","Hsp90aa1","ependymal",9
"Romanov","wilcox","Dynlrb2","ependymal",10
"Romanov","wilcox","Mia","ependymal",11
"Romanov","wilcox","1700094D03Rik","ependymal",12
"Romanov","wilcox","Tubb4b","ependymal",13
"Romanov","wilcox","Tm4sf1","ependymal",14
"Romanov","wilcox","Fam183b","ependymal",15
"Romanov","wilcox","Fam216b","ependymal",16
"Romanov","wilcox","Rsph1","ependymal",17
"Romanov","wilcox","Sox9","ependymal",18
"Romanov","wilcox","Gas6","ependymal",19
"Romanov","wilcox","Mlf1","ependymal",20
"Romanov","wilcox","Foxj1","ependymal",21
"Romanov","wilcox","Ascc1","ependymal",22
"Romanov","wilcox","Ak7","ependymal",23
"Romanov","wilcox","Hipk1","ependymal",24
"Romanov","wilcox","Mlc1","ependymal",25
"Romanov","wilcox","Tyrobp","microglia",1
"Romanov","wilcox","C1qb","microglia",2
"Romanov","wilcox","Csf1r","microglia",3
"Romanov","wilcox","Fcrls","microglia",4
"Romanov","wilcox","Fcer1g","microglia",5
"Romanov","wilcox","C1qa","microglia",6
"Romanov","wilcox","B2m","microglia",7
"Romanov","wilcox","Ftl1","microglia",8
"Romanov","wilcox","Fcgr3","microglia",9
"Romanov","wilcox","Ctss","microglia",10
"Romanov","wilcox","Laptm5","microglia",11
"Romanov","wilcox","Sepp1","microglia",12
"Romanov","wilcox","Serinc3","microglia",13
"Romanov","wilcox","Rps29","microglia",14
"Romanov","wilcox","Ctsb","microglia",15
"Romanov","wilcox","Ctsc","microglia",16
"Romanov","wilcox","Lyz2","microglia",17
"Romanov","wilcox","Cst3","microglia",18
"Romanov","wilcox","C1qc","microglia",19
"Romanov","wilcox","Tmsb4x","microglia",20
"Romanov","wilcox","Aif1","microglia",21
"Romanov","wilcox","C3ar1","microglia",22
"Romanov","wilcox","Ier3","microglia",23
"Romanov","wilcox","Cd14","microglia",24
"Romanov","wilcox","Ccl2","microglia",25
"Romanov","wilcox","Stmn2","neurons",1
"Romanov","wilcox","Stmn3","neurons",2
"Romanov","wilcox","Snap25","neurons",3
"Romanov","wilcox","Gap43","neurons",4
"Romanov","wilcox","Resp18","neurons",5
"Romanov","wilcox","Ndrg4","neurons",6
"Romanov","wilcox","Atp1b1","neurons",7
"Romanov","wilcox","Ttc3","neurons",8
"Romanov","wilcox","Zcchc12","neurons",9
"Romanov","wilcox","Zcchc18","neurons",10
"Romanov","wilcox","Celf4","neurons",11
"Romanov","wilcox","Ngfrap1","neurons",12
"Romanov","wilcox","Snhg11","neurons",13
"Romanov","wilcox","Tubb2a","neurons",14
"Romanov","wilcox","Calm2","neurons",15
"Romanov","wilcox","Gprasp1","neurons",16
"Romanov","wilcox","Ahi1","neurons",17
"Romanov","wilcox","Impact","neurons",18
"Romanov","wilcox","Gprasp2","neurons",19
"Romanov","wilcox","Scn2a1","neurons",20
"Romanov","wilcox","Scg5","neurons",21
"Romanov","wilcox","Rtn1","neurons",22
"Romanov","wilcox","Pgrmc1","neurons",23
"Romanov","wilcox","Scg2","neurons",24
"Romanov","wilcox","Atp1a3","neurons",25
"Romanov","wilcox","Mbp","oligos",1
"Romanov","wilcox","Plp1","oligos",2
"Romanov","wilcox","Cnp","oligos",3
"Romanov","wilcox","Ugt8a","oligos",4
"Romanov","wilcox","Enpp2","oligos",5
"Romanov","wilcox","Cldn11","oligos",6
"Romanov","wilcox","Tspan2","oligos",7
"Romanov","wilcox","Taldo1","oligos",8
"Romanov","wilcox","Mobp","oligos",9
"Romanov","wilcox","Mag","oligos",10
"Romanov","wilcox","Trf","oligos",11
"Romanov","wilcox","Cmtm5","oligos",12
"Romanov","wilcox","Mog","oligos",13
"Romanov","wilcox","Tmem88b","oligos",14
"Romanov","wilcox","Slc12a2","oligos",15
"Romanov","wilcox","Dbndd2","oligos",16
"Romanov","wilcox","2810468N07Rik","oligos",17
"Romanov","wilcox","Slc44a1","oligos",18
"Romanov","wilcox","Cers2","oligos",19
"Romanov","wilcox","Sirt2","oligos",20
"Romanov","wilcox","Pllp","oligos",21
"Romanov","wilcox","Hmgcs1","oligos",22
"Romanov","wilcox","Cryab","oligos",23
"Romanov","wilcox","Sept4","oligos",24
"Romanov","wilcox","Olig1","oligos",25
"Romanov","wilcox","Myl9","vsm",1
"Romanov","wilcox","Acta2","vsm",2
"Romanov","wilcox","Crip1","vsm",3
"Romanov","wilcox","Tagln","vsm",4
"Romanov","wilcox","Myh11","vsm",5
"Romanov","wilcox","Tpm1","vsm",6
"Romanov","wilcox","Flna","vsm",7
"Romanov","wilcox","Myl6","vsm",8
"Romanov","wilcox","Tpm2","vsm",9
"Romanov","wilcox","Ptrf","vsm",10
"Romanov","wilcox","Mfge8","vsm",11
"Romanov","wilcox","Mylk","vsm",12
"Romanov","wilcox","Igfbp7","vsm",13
"Romanov","wilcox","Mustn1","vsm",14
"Romanov","wilcox","Hes1","vsm",15
"Romanov","wilcox","Cald1","vsm",16
"Romanov","wilcox","Col4a1","vsm",17
"Romanov","wilcox","Sparcl1","vsm",18
"Romanov","wilcox","Actb","vsm",19
"Romanov","wilcox","Cspg4","vsm",20
"Romanov","wilcox","Dstn","vsm",21
"Romanov","wilcox","Vim","vsm",22
"Romanov","wilcox","Tns1","vsm",23
"Romanov","wilcox","Fos","vsm",24
"Romanov","wilcox","Gm13889","vsm",25
"SimKumar4easy","hurdle","Gene16898","Group1",1
"SimKumar4easy","hurdle","Gene28449","Group1",2
"SimKumar4easy","hurdle","Gene34283","Group1",3
"SimKumar4easy","hurdle","Gene6500","Group2",1
"SimKumar4easy","hurdle","Gene40091","Group2",2
"SimKumar4easy","hurdle","Gene27590","Group2",3
"SimKumar4easy","hurdle","Gene12571","Group3",1
"SimKumar4easy","hurdle","Gene25131","Group3",2
"SimKumar4easy","hurdle","Gene24501","Group4",1
"SimKumar4easy","hurdle","Gene16358","Group4",2
"SimKumar4easy","hurdle","Gene28562","Group4",3
"SimKumar4easy","hurdle","Gene34315","Group4",4
"SimKumar4easy","level","Gene16898","Group1",1
"SimKumar4easy","level","Gene28449","Group1",2
"SimKumar4easy","level","Gene34283","Group1",3
"SimKumar4easy","level","Gene6500","Group2",1
"SimKumar4easy","level","Gene40091","Group2",2
"SimKumar4easy","level","Gene27590","Group2",3
"SimKumar4easy","level","Gene12571","Group3",1
"SimKumar4easy","level","Gene25131","Group3",2
"SimKumar4easy","level","Gene24501","Group4",1
"SimKumar4easy","level","Gene16358","Group4",2
"SimKumar4easy","level","Gene28562","Group4",3
"SimKumar4easy","level","Gene34315","Group4",4
"SimKumar4easy","detection","Gene12354","Group1",1
"SimKumar4easy","detection","Gene22689","Group1",2
"SimKumar4easy","detection","Gene30515","Group1",3
"SimKumar4easy","detection","Gene29748","Group1",4
"SimKumar4easy","detection","Gene10143","Group1",5
"SimKumar4easy","detection","Gene44521","Group1",6
"SimKumar4easy","detection","Gene29346","Group1",7
"SimKumar4easy","detection","Gene39240","Group1",8
"SimKumar4easy","detection","Gene12317","Group1",9
"SimKumar4easy","detection","Gene17252","Group1",10
"SimKumar4easy","detection","Gene14081","Group1",11
"SimKumar4easy","detection","Gene31570","Group1",12
"SimKumar4easy","detection","Gene31169","Group1",13
"SimKumar4easy","detection","Gene22397","Group1",14
"SimKumar4easy","detection","Gene6777","Group1",15
"SimKumar4easy","detection","Gene21790","Group1",16
"SimKumar4easy","detection","Gene10411","Group1",17
"SimKumar4easy","detection","Gene12612","Group2",1
"SimKumar4easy","detection","Gene34774","Group2",2
"SimKumar4easy","detection","Gene41849","Group2",3
"SimKumar4easy","detection","Gene30119","Group2",4
"SimKumar4easy","detection","Gene6556","Group2",5
"SimKumar4easy","detection","Gene23289","Group2",6
"SimKumar4easy","detection","Gene15886","Group2",7
"SimKumar4easy","detection","Gene5253","Group2",8
"SimKumar4easy","detection","Gene3199","Group2",9
"SimKumar4easy","detection","Gene2195","Group2",10
"SimKumar4easy","detection","Gene40040","Group2",11
"SimKumar4easy","detection","Gene6592","Group2",12
"SimKumar4easy","detection","Gene33","Group2",13
"SimKumar4easy","detection","Gene5471","Group2",14
"SimKumar4easy","detection","Gene38494","Group2",15
"SimKumar4easy","detection","Gene34224","Group2",16
"SimKumar4easy","detection","Gene2351","Group2",17
"SimKumar4easy","detection","Gene30079","Group2",18
"SimKumar4easy","detection","Gene8528","Group2",19
"SimKumar4easy","detection","Gene1979","Group2",20
"SimKumar4easy","detection","Gene21772","Group2",21
"SimKumar4easy","detection","Gene21819","Group2",22
"SimKumar4easy","detection","Gene45303","Group2",23
"SimKumar4easy","detection","Gene22966","Group2",24
"SimKumar4easy","detection","Gene17716","Group2",25
"SimKumar4easy","detection","Gene22348","Group3",1
"SimKumar4easy","detection","Gene13500","Group3",2
"SimKumar4easy","detection","Gene16046","Group3",3
"SimKumar4easy","detection","Gene21929","Group3",4
"SimKumar4easy","detection","Gene43515","Group3",5
"SimKumar4easy","detection","Gene16303","Group3",6
"SimKumar4easy","detection","Gene42658","Group3",7
"SimKumar4easy","detection","Gene42312","Group3",8
"SimKumar4easy","detection","Gene16378","Group3",9
"SimKumar4easy","detection","Gene25204","Group3",10
"SimKumar4easy","detection","Gene38918","Group3",11
"SimKumar4easy","detection","Gene246","Group3",12
"SimKumar4easy","detection","Gene34901","Group3",13
"SimKumar4easy","detection","Gene41409","Group3",14
"SimKumar4easy","detection","Gene44640","Group3",15
"SimKumar4easy","detection","Gene205","Group3",16
"SimKumar4easy","detection","Gene20587","Group3",17
"SimKumar4easy","detection","Gene15747","Group3",18
"SimKumar4easy","detection","Gene40858","Group3",19
"SimKumar4easy","detection","Gene14280","Group3",20
"SimKumar4easy","detection","Gene32456","Group3",21
"SimKumar4easy","detection","Gene22396","Group3",22
"SimKumar4easy","detection","Gene4852","Group3",23
"SimKumar4easy","detection","Gene2287","Group3",24
"SimKumar4easy","detection","Gene2099","Group3",25
"SimKumar4easy","detection","Gene14473","Group4",1
"SimKumar4easy","detection","Gene37894","Group4",2
"SimKumar4easy","detection","Gene25942","Group4",3
"SimKumar4easy","detection","Gene12872","Group4",4
"SimKumar4easy","detection","Gene24600","Group4",5
"SimKumar4easy","detection","Gene29639","Group4",6
"SimKumar4easy","detection","Gene2362","Group4",7
"SimKumar4easy","detection","Gene39143","Group4",8
"SimKumar4easy","detection","Gene17507","Group4",9
"SimKumar4easy","detection","Gene10253","Group4",10
"SimKumar4easy","detection","Gene54","Group4",11
"SimKumar4easy","detection","Gene34100","Group4",12
"SimKumar4easy","detection","Gene8695","Group4",13
"SimKumar4easy","detection","Gene19302","Group4",14
"SimKumar4easy","detection","Gene17164","Group4",15
"SimKumar4easy","detection","Gene8010","Group4",16
"SimKumar4easy","detection","Gene9075","Group4",17
"SimKumar4easy","detection","Gene17144","Group4",18
"SimKumar4easy","detection","Gene27653","Group4",19
"SimKumar4easy","detection","Gene1481","Group4",20
"SimKumar4easy","detection","Gene6556","Group4",21
"SimKumar4easy","detection","Gene28879","Group4",22
"SimKumar4easy","detection","Gene40955","Group4",23
"SimKumar4easy","detection","Gene27105","Group4",24
"SimKumar4easy","detection","Gene42018","Group4",25
"SimKumar4easy","wilcox","Gene16898","Group1",1
"SimKumar4easy","wilcox","Gene28449","Group1",2
"SimKumar4easy","wilcox","Gene34283","Group1",3
"SimKumar4easy","wilcox","Gene6500","Group2",1
"SimKumar4easy","wilcox","Gene40091","Group2",2
"SimKumar4easy","wilcox","Gene27590","Group2",3
"SimKumar4easy","wilcox","Gene12571","Group3",1
"SimKumar4easy","wilcox","Gene25131","Group3",2
"SimKumar4easy","wilcox","Gene24501","Group4",1
"SimKumar4easy","wilcox","Gene16358","Group4",2
"SimKumar4easy","wilcox","Gene28562","Group4",3
"SimKumar4easy","wilcox","Gene34315","Group4",4
"SimKumar4hard","hurdle","Gene17923","Group1",1
"SimKumar4hard","hurdle","Gene475","Group2",1
"SimKumar4hard","hurdle","Gene44370","Group3",1
"SimKumar4hard","hurdle","Gene17125","Group4",1
"SimKumar4hard","level","Gene17923","Group1",1
"SimKumar4hard","level","Gene475","Group2",1
"SimKumar4hard","level","Gene44370","Group3",1
"SimKumar4hard","level","Gene17125","Group4",1
"SimKumar4hard","detection","Gene5230","Group1",1
"SimKumar4hard","detection","Gene17594","Group1",2
"SimKumar4hard","detection","Gene9920","Group1",3
"SimKumar4hard","detection","Gene4944","Group1",4
"SimKumar4hard","detection","Gene35524","Group1",5
"SimKumar4hard","detection","Gene502","Group2",1
"SimKumar4hard","detection","Gene35088","Group2",2
"SimKumar4hard","detection","Gene38147","Group2",3
"SimKumar4hard","detection","Gene28031","Group2",4
"SimKumar4hard","detection","Gene13917","Group2",5
"SimKumar4hard","detection","Gene22920","Group2",6
"SimKumar4hard","detection","Gene39894","Group2",7
"SimKumar4hard","detection","Gene36307","Group2",8
"SimKumar4hard","detection","Gene21581","Group2",9
"SimKumar4hard","detection","Gene1177","Group2",10
"SimKumar4hard","detection","Gene12465","Group2",11
"SimKumar4hard","detection","Gene20335","Group2",12
"SimKumar4hard","detection","Gene5772","Group2",13
"SimKumar4hard","detection","Gene12823","Group2",14
"SimKumar4hard","detection","Gene21012","Group2",15
"SimKumar4hard","detection","Gene18255","Group2",16
"SimKumar4hard","detection","Gene33437","Group3",1
"SimKumar4hard","detection","Gene18616","Group3",2
"SimKumar4hard","detection","Gene3008","Group3",3
"SimKumar4hard","detection","Gene36449","Group3",4
"SimKumar4hard","detection","Gene32480","Group3",5
"SimKumar4hard","detection","Gene13738","Group3",6
"SimKumar4hard","detection","Gene32193","Group3",7
"SimKumar4hard","detection","Gene10874","Group3",8
"SimKumar4hard","detection","Gene16092","Group3",9
"SimKumar4hard","detection","Gene10489","Group3",10
"SimKumar4hard","detection","Gene15540","Group3",11
"SimKumar4hard","detection","Gene27675","Group3",12
"SimKumar4hard","detection","Gene3786","Group3",13
"SimKumar4hard","detection","Gene27316","Group4",1
"SimKumar4hard","detection","Gene43456","Group4",2
"SimKumar4hard","detection","Gene15877","Group4",3
"SimKumar4hard","detection","Gene10654","Group4",4
"SimKumar4hard","detection","Gene19670","Group4",5
"SimKumar4hard","detection","Gene36723","Group4",6
"SimKumar4hard","detection","Gene43198","Group4",7
"SimKumar4hard","detection","Gene42245","Group4",8
"SimKumar4hard","detection","Gene4168","Group4",9
"SimKumar4hard","detection","Gene30725","Group4",10
"SimKumar4hard","detection","Gene4805","Group4",11
"SimKumar4hard","detection","Gene5815","Group4",12
"SimKumar4hard","detection","Gene29586","Group4",13
"SimKumar4hard","detection","Gene14577","Group4",14
"SimKumar4hard","detection","Gene33800","Group4",15
"SimKumar4hard","detection","Gene34243","Group4",16
"SimKumar4hard","detection","Gene35922","Group4",17
"SimKumar4hard","detection","Gene20184","Group4",18
"SimKumar4hard","detection","Gene21708","Group4",19
"SimKumar4hard","detection","Gene14848","Group4",20
"SimKumar4hard","detection","Gene11303","Group4",21
"SimKumar4hard","detection","Gene4074","Group4",22
"SimKumar4hard","detection","Gene34355","Group4",23
"SimKumar4hard","detection","Gene23198","Group4",24
"SimKumar4hard","detection","Gene1515","Group4",25
"SimKumar4hard","wilcox","Gene17923","Group1",1
"SimKumar4hard","wilcox","Gene475","Group2",1
"SimKumar4hard","wilcox","Gene44370","Group3",1
"SimKumar4hard","wilcox","Gene17125","Group4",1
"Trapnell","hurdle","ENSG00000125148.6","T0",1
"Trapnell","hurdle","ENSG00000260549.1","T0",2
"Trapnell","hurdle","ENSG00000169715.14","T0",3
"Trapnell","hurdle","ENSG00000106366.8","T0",4
"Trapnell","hurdle","ENSG00000107984.9","T0",5
"Trapnell","hurdle","ENSG00000164032.11","T0",6
"Trapnell","hurdle","ENSG00000066279.16","T0",7
"Trapnell","hurdle","ENSG00000085063.14","T0",8
"Trapnell","hurdle","ENSG00000197594.11","T0",9
"Trapnell","hurdle","ENSG00000166803.10","T0",10
"Trapnell","hurdle","ENSG00000184226.14","T0",11
"Trapnell","hurdle","ENSG00000189403.14","T0",12
"Trapnell","hurdle","ENSG00000258017.1","T0",13
"Trapnell","hurdle","ENSG00000111049.3","T0",14
"Trapnell","hurdle","ENSG00000167601.11","T0",15
"Trapnell","hurdle","ENSG00000114850.6","T0",16
"Trapnell","hurdle","ENSG00000119969.14","T0",17
"Trapnell","hurdle","ENSG00000164109.13","T0",18
"Trapnell","hurdle","ENSG00000197061.4","T0",19
"Trapnell","hurdle","ENSG00000123416.15","T0",20
"Trapnell","hurdle","ENSG00000096060.14","T0",21
"Trapnell","hurdle","ENSG00000137812.19","T0",22
"Trapnell","hurdle","ENSG00000198830.10","T0",23
"Trapnell","hurdle","ENSG00000074800.13","T0",24
"Trapnell","hurdle","ENSG00000148773.12","T0",25
"Trapnell","hurdle","ENSG00000112972.14","T24",1
"Trapnell","hurdle","ENSG00000120437.8","T24",2
"Trapnell","hurdle","ENSG00000099725.14","T24",3
"Trapnell","hurdle","ENSG00000048052.21","T24",4
"Trapnell","hurdle","ENSG00000185215.8","T24",5
"Trapnell","hurdle","ENSG00000118194.18","T24",6
"Trapnell","hurdle","ENSG00000124491.15","T24",7
"Trapnell","hurdle","ENSG00000143632.14","T48",1
"Trapnell","hurdle","ENSG00000176046.8","T48",2
"Trapnell","hurdle","ENSG00000111341.9","T48",3
"Trapnell","hurdle","ENSG00000151012.13","T48",4
"Trapnell","hurdle","ENSG00000109063.14","T48",5
"Trapnell","hurdle","ENSG00000137809.16","T48",6
"Trapnell","hurdle","ENSG00000116678.18","T48",7
"Trapnell","hurdle","ENSG00000113140.10","T48",8
"Trapnell","hurdle","ENSG00000107796.12","T48",9
"Trapnell","hurdle","ENSG00000135069.13","T48",10
"Trapnell","hurdle","ENSG00000108821.13","T48",11
"Trapnell","hurdle","ENSG00000162496.8","T48",12
"Trapnell","hurdle","ENSG00000137573.13","T48",13
"Trapnell","hurdle","ENSG00000185585.19","T48",14
"Trapnell","hurdle","ENSG00000164692.17","T48",15
"Trapnell","hurdle","ENSG00000065911.11","T48",16
"Trapnell","hurdle","ENSG00000115380.19","T48",17
"Trapnell","hurdle","ENSG00000155657.24","T48",18
"Trapnell","hurdle","ENSG00000159173.18","T48",19
"Trapnell","level","ENSG00000125148.6","T0",1
"Trapnell","level","ENSG00000169715.14","T0",2
"Trapnell","level","ENSG00000260549.1","T0",3
"Trapnell","level","ENSG00000106366.8","T0",4
"Trapnell","level","ENSG00000085063.14","T0",5
"Trapnell","level","ENSG00000164032.11","T0",6
"Trapnell","level","ENSG00000184226.14","T0",7
"Trapnell","level","ENSG00000189403.14","T0",8
"Trapnell","level","ENSG00000258017.1","T0",9
"Trapnell","level","ENSG00000105974.11","T0",10
"Trapnell","level","ENSG00000167601.11","T0",11
"Trapnell","level","ENSG00000114850.6","T0",12
"Trapnell","level","ENSG00000197061.4","T0",13
"Trapnell","level","ENSG00000119969.14","T0",14
"Trapnell","level","ENSG00000123416.15","T0",15
"Trapnell","level","ENSG00000096060.14","T0",16
"Trapnell","level","ENSG00000198830.10","T0",17
"Trapnell","level","ENSG00000164109.13","T0",18
"Trapnell","level","ENSG00000074800.13","T0",19
"Trapnell","level","ENSG00000111049.3","T0",20
"Trapnell","level","ENSG00000134333.13","T0",21
"Trapnell","level","ENSG00000107984.9","T0",22
"Trapnell","level","ENSG00000026508.16","T0",23
"Trapnell","level","ENSG00000144136.10","T0",24
"Trapnell","level","ENSG00000117632.20","T0",25
"Trapnell","level","ENSG00000118194.18","T24",1
"Trapnell","level","ENSG00000176046.8","T48",1
"Trapnell","level","ENSG00000113140.10","T48",2
"Trapnell","level","ENSG00000108821.13","T48",3
"Trapnell","level","ENSG00000107796.12","T48",4
"Trapnell","level","ENSG00000137573.13","T48",5
"Trapnell","detection","ENSG00000162840.4","T0",1
"Trapnell","detection","ENSG00000278061.2","T0",2
"Trapnell","detection","ENSG00000222032.1","T0",3
"Trapnell","detection","ENSG00000066279.16","T0",4
"Trapnell","detection","ENSG00000093009.9","T0",5
"Trapnell","detection","ENSG00000125144.13","T0",6
"Trapnell","detection","ENSG00000138778.11","T0",7
"Trapnell","detection","ENSG00000143228.12","T0",8
"Trapnell","detection","ENSG00000100526.19","T0",9
"Trapnell","detection","ENSG00000109805.9","T0",10
"Trapnell","detection","ENSG00000167900.11","T0",11
"Trapnell","detection","ENSG00000169679.14","T0",12
"Trapnell","detection","ENSG00000174371.16","T0",13
"Trapnell","detection","ENSG00000126787.12","T0",14
"Trapnell","detection","ENSG00000127564.16","T0",15
"Trapnell","detection","ENSG00000143476.17","T0",16
"Trapnell","detection","ENSG00000148773.12","T0",17
"Trapnell","detection","ENSG00000205362.10","T0",18
"Trapnell","detection","ENSG00000133119.12","T0",19
"Trapnell","detection","ENSG00000198056.13","T0",20
"Trapnell","detection","ENSG00000170439.6","T0",21
"Trapnell","detection","ENSG00000163507.13","T0",22
"Trapnell","detection","ENSG00000011426.10","T0",23
"Trapnell","detection","ENSG00000101057.15","T0",24
"Trapnell","detection","ENSG00000168078.9","T0",25
"Trapnell","detection","ENSG00000183775.10","T24",1
"Trapnell","detection","ENSG00000196839.12","T24",2
"Trapnell","detection","ENSG00000261997.1","T24",3
"Trapnell","detection","ENSG00000261315.2","T24",4
"Trapnell","detection","ENSG00000262179.2","T24",5
"Trapnell","detection","ENSG00000114841.17","T24",6
"Trapnell","detection","ENSG00000273707.4","T24",7
"Trapnell","detection","ENSG00000197635.9","T24",8
"Trapnell","detection","ENSG00000121769.7","T24",9
"Trapnell","detection","ENSG00000230673.3","T24",10
"Trapnell","detection","ENSG00000273792.1","T24",11
"Trapnell","detection","ENSG00000168334.8","T24",12
"Trapnell","detection","ENSG00000162645.12","T24",13
"Trapnell","detection","ENSG00000156885.5","T24",14
"Trapnell","detection","ENSG00000172893.15","T24",15
"Trapnell","detection","ENSG00000168594.15","T24",16
"Trapnell","detection","ENSG00000249853.7","T24",17
"Trapnell","detection","ENSG00000129757.12","T24",18
"Trapnell","detection","ENSG00000067715.13","T24",19
"Trapnell","detection","ENSG00000253647.1","T24",20
"Trapnell","detection","ENSG00000115592.11","T24",21
"Trapnell","detection","ENSG00000229191.1","T24",22
"Trapnell","detection","ENSG00000116991.10","T24",23
"Trapnell","detection","ENSG00000133454.15","T24",24
"Trapnell","detection","ENSG00000078328.19","T24",25
"Trapnell","detection","ENSG00000080573.6","T48",1
"Trapnell","detection","ENSG00000168743.12","T48",2
"Trapnell","detection","ENSG00000180139.11","T48",3
"Trapnell","detection","ENSG00000100439.10","T48",4
"Trapnell","detection","ENSG00000138316.10","T48",5
"Trapnell","detection","ENSG00000162496.8","T48",6
"Trapnell","detection","ENSG00000188042.7","T48",7
"Trapnell","detection","ENSG00000169439.11","T48",8
"Trapnell","detection","ENSG00000235183.3","T48",9
"Trapnell","detection","ENSG00000077092.18","T48",10
"Trapnell","detection","ENSG00000176971.3","T48",11
"Trapnell","detection","ENSG00000092054.12","T48",12
"Trapnell","detection","ENSG00000109063.14","T48",13
"Trapnell","detection","ENSG00000115461.4","T48",14
"Trapnell","detection","ENSG00000162849.15","T48",15
"Trapnell","detection","ENSG00000162692.10","T48",16
"Trapnell","detection","ENSG00000116016.13","T48",17
"Trapnell","detection","ENSG00000115593.14","T48",18
"Trapnell","detection","ENSG00000106624.8","T48",19
"Trapnell","detection","ENSG00000114698.14","T48",20
"Trapnell","detection","ENSG00000142920.16","T48",21
"Trapnell","detection","ENSG00000133020.4","T48",22
"Trapnell","detection","ENSG00000166482.11","T48",23
"Trapnell","detection","ENSG00000101384.11","T48",24
"Trapnell","detection","ENSG00000162745.10","T48",25
"Trapnell","wilcox","ENSG00000125148.6","T0",1
"Trapnell","wilcox","ENSG00000169715.14","T0",2
"Trapnell","wilcox","ENSG00000106366.8","T0",3
"Trapnell","wilcox","ENSG00000260549.1","T0",4
"Trapnell","wilcox","ENSG00000085063.14","T0",5
"Trapnell","wilcox","ENSG00000107984.9","T0",6
"Trapnell","wilcox","ENSG00000258017.1","T0",7
"Trapnell","wilcox","ENSG00000066279.16","T0",8
"Trapnell","wilcox","ENSG00000074800.13","T0",9
"Trapnell","wilcox","ENSG00000114850.6","T0",10
"Trapnell","wilcox","ENSG00000167601.11","T0",11
"Trapnell","wilcox","ENSG00000123416.15","T0",12
"Trapnell","wilcox","ENSG00000189403.14","T0",13
"Trapnell","wilcox","ENSG00000184226.14","T0",14
"Trapnell","wilcox","ENSG00000096060.14","T0",15
"Trapnell","wilcox","ENSG00000198830.10","T0",16
"Trapnell","wilcox","ENSG00000164032.11","T0",17
"Trapnell","wilcox","ENSG00000148773.12","T0",18
"Trapnell","wilcox","ENSG00000166803.10","T0",19
"Trapnell","wilcox","ENSG00000111049.3","T0",20
"Trapnell","wilcox","ENSG00000119969.14","T0",21
"Trapnell","wilcox","ENSG00000134057.14","T0",22
"Trapnell","wilcox","ENSG00000143401.14","T0",23
"Trapnell","wilcox","ENSG00000139618.14","T0",24
"Trapnell","wilcox","ENSG00000164109.13","T0",25
"Trapnell","wilcox","ENSG00000120437.8","T24",1
"Trapnell","wilcox","ENSG00000112972.14","T24",2
"Trapnell","wilcox","ENSG00000118194.18","T24",3
"Trapnell","wilcox","ENSG00000185215.8","T24",4
"Trapnell","wilcox","ENSG00000113140.10","T48",1
"Trapnell","wilcox","ENSG00000176046.8","T48",2
"Trapnell","wilcox","ENSG00000108821.13","T48",3
"Trapnell","wilcox","ENSG00000107796.12","T48",4
"Trapnell","wilcox","ENSG00000137573.13","T48",5
"Trapnell","wilcox","ENSG00000185585.19","T48",6
"Trapnell","wilcox","ENSG00000137809.16","T48",7
"Trapnell","wilcox","ENSG00000162496.8","T48",8
"Trapnell","wilcox","ENSG00000164692.17","T48",9
"Trapnell","wilcox","ENSG00000109063.14","T48",10
"Trapnell","wilcox","ENSG00000116678.18","T48",11
"Trapnell","wilcox","ENSG00000135069.13","T48",12
"Trapnell","wilcox","ENSG00000151012.13","T48",13
"Trapnell","wilcox","ENSG00000155657.24","T48",14
"Trapnell","wilcox","ENSG00000065911.11","T48",15
"Trapnell","wilcox","ENSG00000143632.14","T48",16
"Trapnell","wilcox","ENSG00000115380.19","T48",17
"Trapnell","wilcox","ENSG00000111341.9","T48",18
"Zhengmix4eq","hurdle","ENSG00000019582","b.cells",1
"Zhengmix4eq","hurdle","ENSG00000105369","b.cells",2
"Zhengmix4eq","hurdle","ENSG00000007312","b.cells",3
"Zhengmix4eq","hurdle","ENSG00000204287","b.cells",4
"Zhengmix4eq","hurdle","ENSG00000156738","b.cells",5
"Zhengmix4eq","hurdle","ENSG00000231389","b.cells",6
"Zhengmix4eq","hurdle","ENSG00000104894","b.cells",7
"Zhengmix4eq","hurdle","ENSG00000251562","b.cells",8
"Zhengmix4eq","hurdle","ENSG00000223865","b.cells",9
"Zhengmix4eq","hurdle","ENSG00000100721","b.cells",10
"Zhengmix4eq","hurdle","ENSG00000196126","b.cells",11
"Zhengmix4eq","hurdle","ENSG00000196735","b.cells",12
"Zhengmix4eq","hurdle","ENSG00000247982","b.cells",13
"Zhengmix4eq","hurdle","ENSG00000237541","b.cells",14
"Zhengmix4eq","hurdle","ENSG00000128218","b.cells",15
"Zhengmix4eq","hurdle","ENSG00000104921","b.cells",16
"Zhengmix4eq","hurdle","ENSG00000179344","b.cells",17
"Zhengmix4eq","hurdle","ENSG00000153064","b.cells",18
"Zhengmix4eq","hurdle","ENSG00000227507","b.cells",19
"Zhengmix4eq","hurdle","ENSG00000145088","b.cells",20
"Zhengmix4eq","hurdle","ENSG00000116191","b.cells",21
"Zhengmix4eq","hurdle","ENSG00000083454","b.cells",22
"Zhengmix4eq","hurdle","ENSG00000136573","b.cells",23
"Zhengmix4eq","hurdle","ENSG00000107438","b.cells",24
"Zhengmix4eq","hurdle","ENSG00000122986","b.cells",25
"Zhengmix4eq","hurdle","ENSG00000087086","cd14.monocytes",1
"Zhengmix4eq","hurdle","ENSG00000163220","cd14.monocytes",2
"Zhengmix4eq","hurdle","ENSG00000011600","cd14.monocytes",3
"Zhengmix4eq","hurdle","ENSG00000143546","cd14.monocytes",4
"Zhengmix4eq","hurdle","ENSG00000101439","cd14.monocytes",5
"Zhengmix4eq","hurdle","ENSG00000090382","cd14.monocytes",6
"Zhengmix4eq","hurdle","ENSG00000167996","cd14.monocytes",7
"Zhengmix4eq","hurdle","ENSG00000204472","cd14.monocytes",8
"Zhengmix4eq","hurdle","ENSG00000196154","cd14.monocytes",9
"Zhengmix4eq","hurdle","ENSG00000233276","cd14.monocytes",10
"Zhengmix4eq","hurdle","ENSG00000197956","cd14.monocytes",11
"Zhengmix4eq","hurdle","ENSG00000085265","cd14.monocytes",12
"Zhengmix4eq","hurdle","ENSG00000204482","cd14.monocytes",13
"Zhengmix4eq","hurdle","ENSG00000025708","cd14.monocytes",14
"Zhengmix4eq","hurdle","ENSG00000084207","cd14.monocytes",15
"Zhengmix4eq","hurdle","ENSG00000158869","cd14.monocytes",16
"Zhengmix4eq","hurdle","ENSG00000100300","cd14.monocytes",17
"Zhengmix4eq","hurdle","ENSG00000197746","cd14.monocytes",18
"Zhengmix4eq","hurdle","ENSG00000051523","cd14.monocytes",19
"Zhengmix4eq","hurdle","ENSG00000100097","cd14.monocytes",20
"Zhengmix4eq","hurdle","ENSG00000197766","cd14.monocytes",21
"Zhengmix4eq","hurdle","ENSG00000221869","cd14.monocytes",22
"Zhengmix4eq","hurdle","ENSG00000106565","cd14.monocytes",23
"Zhengmix4eq","hurdle","ENSG00000170458","cd14.monocytes",24
"Zhengmix4eq","hurdle","ENSG00000130066","cd14.monocytes",25
"Zhengmix4eq","hurdle","ENSG00000172116","naive.cytotoxic",1
"Zhengmix4eq","hurdle","ENSG00000256039","naive.cytotoxic",2
"Zhengmix4eq","hurdle","ENSG00000153563","naive.cytotoxic",3
"Zhengmix4eq","hurdle","ENSG00000167286","naive.cytotoxic",4
"Zhengmix4eq","hurdle","ENSG00000173762","naive.cytotoxic",5
"Zhengmix4eq","hurdle","ENSG00000172543","naive.cytotoxic",6
"Zhengmix4eq","hurdle","ENSG00000198851","naive.cytotoxic",7
"Zhengmix4eq","hurdle","ENSG00000160307","naive.cytotoxic",8
"Zhengmix4eq","hurdle","ENSG00000142546","naive.cytotoxic",9
"Zhengmix4eq","hurdle","ENSG00000197540","naive.cytotoxic",10
"Zhengmix4eq","hurdle","ENSG00000070081","naive.cytotoxic",11
"Zhengmix4eq","hurdle","ENSG00000148908","naive.cytotoxic",12
"Zhengmix4eq","hurdle","ENSG00000237943","naive.cytotoxic",13
"Zhengmix4eq","hurdle","ENSG00000126353","naive.cytotoxic",14
"Zhengmix4eq","hurdle","ENSG00000166710","regulatory.t",1
"Zhengmix4eq","hurdle","ENSG00000008517","regulatory.t",2
"Zhengmix4eq","hurdle","ENSG00000198851","regulatory.t",3
"Zhengmix4eq","hurdle","ENSG00000171223","regulatory.t",4
"Zhengmix4eq","hurdle","ENSG00000167286","regulatory.t",5
"Zhengmix4eq","hurdle","ENSG00000111716","regulatory.t",6
"Zhengmix4eq","hurdle","ENSG00000104964","regulatory.t",7
"Zhengmix4eq","hurdle","ENSG00000182866","regulatory.t",8
"Zhengmix4eq","hurdle","ENSG00000165272","regulatory.t",9
"Zhengmix4eq","hurdle","ENSG00000108654","regulatory.t",10
"Zhengmix4eq","hurdle","ENSG00000196405","regulatory.t",11
"Zhengmix4eq","hurdle","ENSG00000109971","regulatory.t",12
"Zhengmix4eq","hurdle","ENSG00000002586","regulatory.t",13
"Zhengmix4eq","hurdle","ENSG00000116824","regulatory.t",14
"Zhengmix4eq","hurdle","ENSG00000197448","regulatory.t",15
"Zhengmix4eq","hurdle","ENSG00000213658","regulatory.t",16
"Zhengmix4eq","hurdle","ENSG00000136156","regulatory.t",17
"Zhengmix4eq","hurdle","ENSG00000139193","regulatory.t",18
"Zhengmix4eq","hurdle","ENSG00000198821","regulatory.t",19
"Zhengmix4eq","hurdle","ENSG00000177606","regulatory.t",20
"Zhengmix4eq","hurdle","ENSG00000147168","regulatory.t",21
"Zhengmix4eq","hurdle","ENSG00000198668","regulatory.t",22
"Zhengmix4eq","hurdle","ENSG00000147443","regulatory.t",23
"Zhengmix4eq","hurdle","ENSG00000125910","regulatory.t",24
"Zhengmix4eq","hurdle","ENSG00000132002","regulatory.t",25
"Zhengmix4eq","level","ENSG00000019582","b.cells",1
"Zhengmix4eq","level","ENSG00000251562","b.cells",2
"Zhengmix4eq","level","ENSG00000104894","b.cells",3
"Zhengmix4eq","level","ENSG00000105369","b.cells",4
"Zhengmix4eq","level","ENSG00000007312","b.cells",5
"Zhengmix4eq","level","ENSG00000087086","cd14.monocytes",1
"Zhengmix4eq","level","ENSG00000167996","cd14.monocytes",2
"Zhengmix4eq","level","ENSG00000197956","cd14.monocytes",3
"Zhengmix4eq","level","ENSG00000051523","cd14.monocytes",4
"Zhengmix4eq","level","ENSG00000196154","cd14.monocytes",5
"Zhengmix4eq","level","ENSG00000233276","cd14.monocytes",6
"Zhengmix4eq","level","ENSG00000084207","cd14.monocytes",7
"Zhengmix4eq","level","ENSG00000100300","cd14.monocytes",8
"Zhengmix4eq","level","ENSG00000092841","cd14.monocytes",9
"Zhengmix4eq","level","ENSG00000104904","cd14.monocytes",10
"Zhengmix4eq","level","ENSG00000204472","cd14.monocytes",11
"Zhengmix4eq","level","ENSG00000188186","cd14.monocytes",12
"Zhengmix4eq","level","ENSG00000130066","cd14.monocytes",13
"Zhengmix4eq","level","ENSG00000197746","cd14.monocytes",14
"Zhengmix4eq","level","ENSG00000103490","cd14.monocytes",15
"Zhengmix4eq","level","ENSG00000204482","cd14.monocytes",16
"Zhengmix4eq","level","ENSG00000170296","cd14.monocytes",17
"Zhengmix4eq","level","ENSG00000100097","cd14.monocytes",18
"Zhengmix4eq","level","ENSG00000245532","cd14.monocytes",19
"Zhengmix4eq","level","ENSG00000271614","cd14.monocytes",20
"Zhengmix4eq","level","ENSG00000163191","cd14.monocytes",21
"Zhengmix4eq","level","ENSG00000025708","cd14.monocytes",22
"Zhengmix4eq","level","ENSG00000158869","cd14.monocytes",23
"Zhengmix4eq","level","ENSG00000030582","cd14.monocytes",24
"Zhengmix4eq","level","ENSG00000090013","cd14.monocytes",25
"Zhengmix4eq","level","ENSG00000071082","naive.cytotoxic",1
"Zhengmix4eq","level","ENSG00000166710","regulatory.t",1
"Zhengmix4eq","level","ENSG00000008517","regulatory.t",2
"Zhengmix4eq","detection","ENSG00000105369","b.cells",1
"Zhengmix4eq","detection","ENSG00000007312","b.cells",2
"Zhengmix4eq","detection","ENSG00000156738","b.cells",3
"Zhengmix4eq","detection","ENSG00000231389","b.cells",4
"Zhengmix4eq","detection","ENSG00000204287","b.cells",5
"Zhengmix4eq","detection","ENSG00000223865","b.cells",6
"Zhengmix4eq","detection","ENSG00000100721","b.cells",7
"Zhengmix4eq","detection","ENSG00000196126","b.cells",8
"Zhengmix4eq","detection","ENSG00000196735","b.cells",9
"Zhengmix4eq","detection","ENSG00000247982","b.cells",10
"Zhengmix4eq","detection","ENSG00000237541","b.cells",11
"Zhengmix4eq","detection","ENSG00000198502","b.cells",12
"Zhengmix4eq","detection","ENSG00000128218","b.cells",13
"Zhengmix4eq","detection","ENSG00000019582","b.cells",14
"Zhengmix4eq","detection","ENSG00000104921","b.cells",15
"Zhengmix4eq","detection","ENSG00000153064","b.cells",16
"Zhengmix4eq","detection","ENSG00000104894","b.cells",17
"Zhengmix4eq","detection","ENSG00000145088","b.cells",18
"Zhengmix4eq","detection","ENSG00000179344","b.cells",19
"Zhengmix4eq","detection","ENSG00000116191","b.cells",20
"Zhengmix4eq","detection","ENSG00000083454","b.cells",21
"Zhengmix4eq","detection","ENSG00000136573","b.cells",22
"Zhengmix4eq","detection","ENSG00000107438","b.cells",23
"Zhengmix4eq","detection","ENSG00000122986","b.cells",24
"Zhengmix4eq","detection","ENSG00000254709","b.cells",25
"Zhengmix4eq","detection","ENSG00000011600","cd14.monocytes",1
"Zhengmix4eq","detection","ENSG00000163220","cd14.monocytes",2
"Zhengmix4eq","detection","ENSG00000143546","cd14.monocytes",3
"Zhengmix4eq","detection","ENSG00000101439","cd14.monocytes",4
"Zhengmix4eq","detection","ENSG00000090382","cd14.monocytes",5
"Zhengmix4eq","detection","ENSG00000085265","cd14.monocytes",6
"Zhengmix4eq","detection","ENSG00000158869","cd14.monocytes",7
"Zhengmix4eq","detection","ENSG00000204482","cd14.monocytes",8
"Zhengmix4eq","detection","ENSG00000025708","cd14.monocytes",9
"Zhengmix4eq","detection","ENSG00000204472","cd14.monocytes",10
"Zhengmix4eq","detection","ENSG00000197766","cd14.monocytes",11
"Zhengmix4eq","detection","ENSG00000221869","cd14.monocytes",12
"Zhengmix4eq","detection","ENSG00000170458","cd14.monocytes",13
"Zhengmix4eq","detection","ENSG00000106565","cd14.monocytes",14
"Zhengmix4eq","detection","ENSG00000100097","cd14.monocytes",15
"Zhengmix4eq","detection","ENSG00000100079","cd14.monocytes",16
"Zhengmix4eq","detection","ENSG00000197746","cd14.monocytes",17
"Zhengmix4eq","detection","ENSG00000233276","cd14.monocytes",18
"Zhengmix4eq","detection","ENSG00000126759","cd14.monocytes",19
"Zhengmix4eq","detection","ENSG00000196154","cd14.monocytes",20
"Zhengmix4eq","detection","ENSG00000197249","cd14.monocytes",21
"Zhengmix4eq","detection","ENSG00000196126","cd14.monocytes",22
"Zhengmix4eq","detection","ENSG00000110077","cd14.monocytes",23
"Zhengmix4eq","detection","ENSG00000245532","cd14.monocytes",24
"Zhengmix4eq","detection","ENSG00000163191","cd14.monocytes",25
"Zhengmix4eq","detection","ENSG00000172116","naive.cytotoxic",1
"Zhengmix4eq","detection","ENSG00000256039","naive.cytotoxic",2
"Zhengmix4eq","detection","ENSG00000153563","naive.cytotoxic",3
"Zhengmix4eq","detection","ENSG00000167286","naive.cytotoxic",4
"Zhengmix4eq","detection","ENSG00000173762","naive.cytotoxic",5
"Zhengmix4eq","detection","ENSG00000172543","naive.cytotoxic",6
"Zhengmix4eq","detection","ENSG00000198851","naive.cytotoxic",7
"Zhengmix4eq","detection","ENSG00000160307","naive.cytotoxic",8
"Zhengmix4eq","detection","ENSG00000142546","naive.cytotoxic",9
"Zhengmix4eq","detection","ENSG00000197540","naive.cytotoxic",10
"Zhengmix4eq","detection","ENSG00000126264","naive.cytotoxic",11
"Zhengmix4eq","detection","ENSG00000111716","naive.cytotoxic",12
"Zhengmix4eq","detection","ENSG00000070081","naive.cytotoxic",13
"Zhengmix4eq","detection","ENSG00000179144","naive.cytotoxic",14
"Zhengmix4eq","detection","ENSG00000133872","naive.cytotoxic",15
"Zhengmix4eq","detection","ENSG00000148908","naive.cytotoxic",16
"Zhengmix4eq","detection","ENSG00000008517","naive.cytotoxic",17
"Zhengmix4eq","detection","ENSG00000181163","naive.cytotoxic",18
"Zhengmix4eq","detection","ENSG00000139193","naive.cytotoxic",19
"Zhengmix4eq","detection","ENSG00000114942","naive.cytotoxic",20
"Zhengmix4eq","detection","ENSG00000136732","naive.cytotoxic",21
"Zhengmix4eq","detection","ENSG00000182866","naive.cytotoxic",22
"Zhengmix4eq","detection","ENSG00000188243","naive.cytotoxic",23
"Zhengmix4eq","detection","ENSG00000101608","naive.cytotoxic",24
"Zhengmix4eq","detection","ENSG00000125743","naive.cytotoxic",25
"Zhengmix4eq","detection","ENSG00000008517","regulatory.t",1
"Zhengmix4eq","detection","ENSG00000198851","regulatory.t",2
"Zhengmix4eq","detection","ENSG00000167286","regulatory.t",3
"Zhengmix4eq","detection","ENSG00000182866","regulatory.t",4
"Zhengmix4eq","detection","ENSG00000165272","regulatory.t",5
"Zhengmix4eq","detection","ENSG00000111716","regulatory.t",6
"Zhengmix4eq","detection","ENSG00000104964","regulatory.t",7
"Zhengmix4eq","detection","ENSG00000116824","regulatory.t",8
"Zhengmix4eq","detection","ENSG00000002586","regulatory.t",9
"Zhengmix4eq","detection","ENSG00000213658","regulatory.t",10
"Zhengmix4eq","detection","ENSG00000227507","regulatory.t",11
"Zhengmix4eq","detection","ENSG00000108654","regulatory.t",12
"Zhengmix4eq","detection","ENSG00000196405","regulatory.t",13
"Zhengmix4eq","detection","ENSG00000139193","regulatory.t",14
"Zhengmix4eq","detection","ENSG00000109971","regulatory.t",15
"Zhengmix4eq","detection","ENSG00000197448","regulatory.t",16
"Zhengmix4eq","detection","ENSG00000133872","regulatory.t",17
"Zhengmix4eq","detection","ENSG00000196154","regulatory.t",18
"Zhengmix4eq","detection","ENSG00000101608","regulatory.t",19
"Zhengmix4eq","detection","ENSG00000136156","regulatory.t",20
"Zhengmix4eq","detection","ENSG00000147168","regulatory.t",21
"Zhengmix4eq","detection","ENSG00000089327","regulatory.t",22
"Zhengmix4eq","detection","ENSG00000169714","regulatory.t",23
"Zhengmix4eq","detection","ENSG00000177606","regulatory.t",24
"Zhengmix4eq","detection","ENSG00000198668","regulatory.t",25
"Zhengmix4eq","wilcox","ENSG00000019582","b.cells",1
"Zhengmix4eq","wilcox","ENSG00000105369","b.cells",2
"Zhengmix4eq","wilcox","ENSG00000007312","b.cells",3
"Zhengmix4eq","wilcox","ENSG00000204287","b.cells",4
"Zhengmix4eq","wilcox","ENSG00000104894","b.cells",5
"Zhengmix4eq","wilcox","ENSG00000231389","b.cells",6
"Zhengmix4eq","wilcox","ENSG00000251562","b.cells",7
"Zhengmix4eq","wilcox","ENSG00000223865","b.cells",8
"Zhengmix4eq","wilcox","ENSG00000156738","b.cells",9
"Zhengmix4eq","wilcox","ENSG00000196735","b.cells",10
"Zhengmix4eq","wilcox","ENSG00000237541","b.cells",11
"Zhengmix4eq","wilcox","ENSG00000196126","b.cells",12
"Zhengmix4eq","wilcox","ENSG00000227507","b.cells",13
"Zhengmix4eq","wilcox","ENSG00000100721","b.cells",14
"Zhengmix4eq","wilcox","ENSG00000179344","b.cells",15
"Zhengmix4eq","wilcox","ENSG00000247982","b.cells",16
"Zhengmix4eq","wilcox","ENSG00000128218","b.cells",17
"Zhengmix4eq","wilcox","ENSG00000104921","b.cells",18
"Zhengmix4eq","wilcox","ENSG00000158517","b.cells",19
"Zhengmix4eq","wilcox","ENSG00000242574","b.cells",20
"Zhengmix4eq","wilcox","ENSG00000145088","b.cells",21
"Zhengmix4eq","wilcox","ENSG00000153064","b.cells",22
"Zhengmix4eq","wilcox","ENSG00000122986","b.cells",23
"Zhengmix4eq","wilcox","ENSG00000083454","b.cells",24
"Zhengmix4eq","wilcox","ENSG00000140968","b.cells",25
"Zhengmix4eq","wilcox","ENSG00000163220","cd14.monocytes",1
"Zhengmix4eq","wilcox","ENSG00000011600","cd14.monocytes",2
"Zhengmix4eq","wilcox","ENSG00000087086","cd14.monocytes",3
"Zhengmix4eq","wilcox","ENSG00000143546","cd14.monocytes",4
"Zhengmix4eq","wilcox","ENSG00000101439","cd14.monocytes",5
"Zhengmix4eq","wilcox","ENSG00000167996","cd14.monocytes",6
"Zhengmix4eq","wilcox","ENSG00000196154","cd14.monocytes",7
"Zhengmix4eq","wilcox","ENSG00000090382","cd14.monocytes",8
"Zhengmix4eq","wilcox","ENSG00000204472","cd14.monocytes",9
"Zhengmix4eq","wilcox","ENSG00000197956","cd14.monocytes",10
"Zhengmix4eq","wilcox","ENSG00000233276","cd14.monocytes",11
"Zhengmix4eq","wilcox","ENSG00000051523","cd14.monocytes",12
"Zhengmix4eq","wilcox","ENSG00000204482","cd14.monocytes",13
"Zhengmix4eq","wilcox","ENSG00000025708","cd14.monocytes",14
"Zhengmix4eq","wilcox","ENSG00000100097","cd14.monocytes",15
"Zhengmix4eq","wilcox","ENSG00000085265","cd14.monocytes",16
"Zhengmix4eq","wilcox","ENSG00000197746","cd14.monocytes",17
"Zhengmix4eq","wilcox","ENSG00000100300","cd14.monocytes",18
"Zhengmix4eq","wilcox","ENSG00000084207","cd14.monocytes",19
"Zhengmix4eq","wilcox","ENSG00000158869","cd14.monocytes",20
"Zhengmix4eq","wilcox","ENSG00000196126","cd14.monocytes",21
"Zhengmix4eq","wilcox","ENSG00000092841","cd14.monocytes",22
"Zhengmix4eq","wilcox","ENSG00000130066","cd14.monocytes",23
"Zhengmix4eq","wilcox","ENSG00000198502","cd14.monocytes",24
"Zhengmix4eq","wilcox","ENSG00000103490","cd14.monocytes",25
"Zhengmix4eq","wilcox","ENSG00000172116","naive.cytotoxic",1
"Zhengmix4eq","wilcox","ENSG00000167286","naive.cytotoxic",2
"Zhengmix4eq","wilcox","ENSG00000173762","naive.cytotoxic",3
"Zhengmix4eq","wilcox","ENSG00000198851","naive.cytotoxic",4
"Zhengmix4eq","wilcox","ENSG00000142546","naive.cytotoxic",5
"Zhengmix4eq","wilcox","ENSG00000172543","naive.cytotoxic",6
"Zhengmix4eq","wilcox","ENSG00000256039","naive.cytotoxic",7
"Zhengmix4eq","wilcox","ENSG00000153563","naive.cytotoxic",8
"Zhengmix4eq","wilcox","ENSG00000148908","naive.cytotoxic",9
"Zhengmix4eq","wilcox","ENSG00000197540","naive.cytotoxic",10
"Zhengmix4eq","wilcox","ENSG00000160307","naive.cytotoxic",11
"Zhengmix4eq","wilcox","ENSG00000070081","naive.cytotoxic",12
"Zhengmix4eq","wilcox","ENSG00000237943","naive.cytotoxic",13
"Zhengmix4eq","wilcox","ENSG00000126353","naive.cytotoxic",14
"Zhengmix4eq","wilcox","ENSG00000166710","regulatory.t",1
"Zhengmix4eq","wilcox","ENSG00000008517","regulatory.t",2
"Zhengmix4eq","wilcox","ENSG00000198851","regulatory.t",3
"Zhengmix4eq","wilcox","ENSG00000171223","regulatory.t",4
"Zhengmix4eq","wilcox","ENSG00000167286","regulatory.t",5
"Zhengmix4eq","wilcox","ENSG00000111716","regulatory.t",6
"Zhengmix4eq","wilcox","ENSG00000104964","regulatory.t",7
"Zhengmix4eq","wilcox","ENSG00000108654","regulatory.t",8
"Zhengmix4eq","wilcox","ENSG00000182866","regulatory.t",9
"Zhengmix4eq","wilcox","ENSG00000109971","regulatory.t",10
"Zhengmix4eq","wilcox","ENSG00000196405","regulatory.t",11
"Zhengmix4eq","wilcox","ENSG00000136156","regulatory.t",12
"Zhengmix4eq","wilcox","ENSG00000177606","regulatory.t",13
"Zhengmix4eq","wilcox","ENSG00000002586","regulatory.t",14
"Zhengmix4eq","wilcox","ENSG00000197448","regulatory.t",15
"Zhengmix4eq","wilcox","ENSG00000139193","regulatory.t",16
"Zhengmix4eq","wilcox","ENSG00000198668","regulatory.t",17
"Zhengmix4eq","wilcox","ENSG00000147168","regulatory.t",18
"Zhengmix4eq","wilcox","ENSG00000213658","regulatory.t",19
"Zhengmix4eq","wilcox","ENSG00000116824","regulatory.t",20
"Zhengmix4eq","wilcox","ENSG00000165272","regulatory.t",21
"Zhengmix4eq","wilcox","ENSG00000125910","regulatory.t",22
"Zhengmix4eq","wilcox","ENSG00000152518","regulatory.t",23
"Zhengmix4eq","wilcox","ENSG00000198821","regulatory.t",24
"Zhengmix4eq","wilcox","ENSG00000134333","regulatory.t",25
"Zhengmix8eq","hurdle","ENSG00000019582","b.cells",1
"Zhengmix8eq","hurdle","ENSG00000105369","b.cells",2
"Zhengmix8eq","hurdle","ENSG00000007312","b.cells",3
"Zhengmix8eq","hurdle","ENSG00000204287","b.cells",4
"Zhengmix8eq","hurdle","ENSG00000231389","b.cells",5
"Zhengmix8eq","hurdle","ENSG00000156738","b.cells",6
"Zhengmix8eq","hurdle","ENSG00000223865","b.cells",7
"Zhengmix8eq","hurdle","ENSG00000104894","b.cells",8
"Zhengmix8eq","hurdle","ENSG00000196126","b.cells",9
"Zhengmix8eq","hurdle","ENSG00000196735","b.cells",10
"Zhengmix8eq","hurdle","ENSG00000100721","b.cells",11
"Zhengmix8eq","hurdle","ENSG00000198502","b.cells",12
"Zhengmix8eq","hurdle","ENSG00000237541","b.cells",13
"Zhengmix8eq","hurdle","ENSG00000247982","b.cells",14
"Zhengmix8eq","hurdle","ENSG00000128218","b.cells",15
"Zhengmix8eq","hurdle","ENSG00000104921","b.cells",16
"Zhengmix8eq","hurdle","ENSG00000179344","b.cells",17
"Zhengmix8eq","hurdle","ENSG00000153064","b.cells",18
"Zhengmix8eq","hurdle","ENSG00000269404","b.cells",19
"Zhengmix8eq","hurdle","ENSG00000136573","b.cells",20
"Zhengmix8eq","hurdle","ENSG00000145088","b.cells",21
"Zhengmix8eq","hurdle","ENSG00000204257","b.cells",22
"Zhengmix8eq","hurdle","ENSG00000116191","b.cells",23
"Zhengmix8eq","hurdle","ENSG00000140968","b.cells",24
"Zhengmix8eq","hurdle","ENSG00000083454","b.cells",25
"Zhengmix8eq","hurdle","ENSG00000087086","cd14.monocytes",1
"Zhengmix8eq","hurdle","ENSG00000143546","cd14.monocytes",2
"Zhengmix8eq","hurdle","ENSG00000163220","cd14.monocytes",3
"Zhengmix8eq","hurdle","ENSG00000101439","cd14.monocytes",4
"Zhengmix8eq","hurdle","ENSG00000090382","cd14.monocytes",5
"Zhengmix8eq","hurdle","ENSG00000167996","cd14.monocytes",6
"Zhengmix8eq","hurdle","ENSG00000233276","cd14.monocytes",7
"Zhengmix8eq","hurdle","ENSG00000204472","cd14.monocytes",8
"Zhengmix8eq","hurdle","ENSG00000085265","cd14.monocytes",9
"Zhengmix8eq","hurdle","ENSG00000204482","cd14.monocytes",10
"Zhengmix8eq","hurdle","ENSG00000197956","cd14.monocytes",11
"Zhengmix8eq","hurdle","ENSG00000100300","cd14.monocytes",12
"Zhengmix8eq","hurdle","ENSG00000011600","cd14.monocytes",13
"Zhengmix8eq","hurdle","ENSG00000025708","cd14.monocytes",14
"Zhengmix8eq","hurdle","ENSG00000196154","cd14.monocytes",15
"Zhengmix8eq","hurdle","ENSG00000197746","cd14.monocytes",16
"Zhengmix8eq","hurdle","ENSG00000084207","cd14.monocytes",17
"Zhengmix8eq","hurdle","ENSG00000197766","cd14.monocytes",18
"Zhengmix8eq","hurdle","ENSG00000196126","cd14.monocytes",19
"Zhengmix8eq","hurdle","ENSG00000051523","cd14.monocytes",20
"Zhengmix8eq","hurdle","ENSG00000170458","cd14.monocytes",21
"Zhengmix8eq","hurdle","ENSG00000106565","cd14.monocytes",22
"Zhengmix8eq","hurdle","ENSG00000103490","cd14.monocytes",23
"Zhengmix8eq","hurdle","ENSG00000130066","cd14.monocytes",24
"Zhengmix8eq","hurdle","ENSG00000100097","cd14.monocytes",25
"Zhengmix8eq","hurdle","ENSG00000105374","cd56.nk",1
"Zhengmix8eq","hurdle","ENSG00000115523","cd56.nk",2
"Zhengmix8eq","hurdle","ENSG00000100453","cd56.nk",3
"Zhengmix8eq","hurdle","ENSG00000077984","cd56.nk",4
"Zhengmix8eq","hurdle","ENSG00000145649","cd56.nk",5
"Zhengmix8eq","hurdle","ENSG00000169583","cd56.nk",6
"Zhengmix8eq","hurdle","ENSG00000137441","cd56.nk",7
"Zhengmix8eq","hurdle","ENSG00000111796","cd56.nk",8
"Zhengmix8eq","hurdle","ENSG00000180644","cd56.nk",9
"Zhengmix8eq","hurdle","ENSG00000172543","cd56.nk",10
"Zhengmix8eq","hurdle","ENSG00000011600","cd56.nk",11
"Zhengmix8eq","hurdle","ENSG00000171476","cd56.nk",12
"Zhengmix8eq","hurdle","ENSG00000150045","cd56.nk",13
"Zhengmix8eq","hurdle","ENSG00000203747","cd56.nk",14
"Zhengmix8eq","hurdle","ENSG00000161570","cd56.nk",15
"Zhengmix8eq","hurdle","ENSG00000251562","cd56.nk",16
"Zhengmix8eq","hurdle","ENSG00000159674","cd56.nk",17
"Zhengmix8eq","hurdle","ENSG00000158869","cd56.nk",18
"Zhengmix8eq","hurdle","ENSG00000126264","cd56.nk",19
"Zhengmix8eq","hurdle","ENSG00000134539","cd56.nk",20
"Zhengmix8eq","hurdle","ENSG00000100450","cd56.nk",21
"Zhengmix8eq","hurdle","ENSG00000129277","cd56.nk",22
"Zhengmix8eq","hurdle","ENSG00000185201","cd56.nk",23
"Zhengmix8eq","hurdle","ENSG00000145287","cd56.nk",24
"Zhengmix8eq","hurdle","ENSG00000134545","cd56.nk",25
"Zhengmix8eq","hurdle","ENSG00000008517","memory.t",1
"Zhengmix8eq","hurdle","ENSG00000168685","memory.t",2
"Zhengmix8eq","hurdle","ENSG00000172116","naive.cytotoxic",1
"Zhengmix8eq","hurdle","ENSG00000256039","naive.cytotoxic",2
"Zhengmix8eq","hurdle","ENSG00000153563","naive.cytotoxic",3
"Zhengmix8eq","hurdle","ENSG00000160307","naive.cytotoxic",4
"Zhengmix8eq","hurdle","ENSG00000148908","naive.cytotoxic",5
"Zhengmix8eq","hurdle","ENSG00000133872","naive.t",1
"Zhengmix8eq","hurdle","ENSG00000198851","naive.t",2
"Zhengmix8eq","hurdle","ENSG00000142546","naive.t",3
"Zhengmix8eq","hurdle","ENSG00000138795","naive.t",4
"Zhengmix8eq","hurdle","ENSG00000139193","naive.t",5
"Zhengmix8eq","hurdle","ENSG00000126353","naive.t",6
"Zhengmix8eq","hurdle","ENSG00000188404","naive.t",7
"Zhengmix8eq","hurdle","ENSG00000008517","regulatory.t",1
"Zhengmix8eq","hurdle","ENSG00000132002","regulatory.t",2
"Zhengmix8eq","hurdle","ENSG00000110324","regulatory.t",3
"Zhengmix8eq","hurdle","ENSG00000165272","regulatory.t",4
"Zhengmix8eq","level","ENSG00000019582","b.cells",1
"Zhengmix8eq","level","ENSG00000104894","b.cells",2
"Zhengmix8eq","level","ENSG00000007312","b.cells",3
"Zhengmix8eq","level","ENSG00000204287","b.cells",4
"Zhengmix8eq","level","ENSG00000105369","b.cells",5
"Zhengmix8eq","level","ENSG00000087086","cd14.monocytes",1
"Zhengmix8eq","level","ENSG00000167996","cd14.monocytes",2
"Zhengmix8eq","level","ENSG00000197956","cd14.monocytes",3
"Zhengmix8eq","level","ENSG00000233276","cd14.monocytes",4
"Zhengmix8eq","level","ENSG00000100300","cd14.monocytes",5
"Zhengmix8eq","level","ENSG00000196154","cd14.monocytes",6
"Zhengmix8eq","level","ENSG00000051523","cd14.monocytes",7
"Zhengmix8eq","level","ENSG00000084207","cd14.monocytes",8
"Zhengmix8eq","level","ENSG00000092841","cd14.monocytes",9
"Zhengmix8eq","level","ENSG00000104904","cd14.monocytes",10
"Zhengmix8eq","level","ENSG00000197746","cd14.monocytes",11
"Zhengmix8eq","level","ENSG00000188186","cd14.monocytes",12
"Zhengmix8eq","level","ENSG00000131143","cd14.monocytes",13
"Zhengmix8eq","level","ENSG00000103490","cd14.monocytes",14
"Zhengmix8eq","level","ENSG00000130066","cd14.monocytes",15
"Zhengmix8eq","level","ENSG00000204472","cd14.monocytes",16
"Zhengmix8eq","level","ENSG00000136238","cd14.monocytes",17
"Zhengmix8eq","level","ENSG00000170296","cd14.monocytes",18
"Zhengmix8eq","level","ENSG00000245532","cd14.monocytes",19
"Zhengmix8eq","level","ENSG00000163131","cd14.monocytes",20
"Zhengmix8eq","level","ENSG00000163191","cd14.monocytes",21
"Zhengmix8eq","level","ENSG00000204482","cd14.monocytes",22
"Zhengmix8eq","level","ENSG00000271614","cd14.monocytes",23
"Zhengmix8eq","level","ENSG00000100097","cd14.monocytes",24
"Zhengmix8eq","level","ENSG00000025708","cd14.monocytes",25
"Zhengmix8eq","level","ENSG00000251562","cd56.nk",1
"Zhengmix8eq","level","ENSG00000105374","cd56.nk",2
"Zhengmix8eq","level","ENSG00000115523","cd56.nk",3
"Zhengmix8eq","level","ENSG00000077984","cd56.nk",4
"Zhengmix8eq","level","ENSG00000161570","cd56.nk",5
"Zhengmix8eq","detection","ENSG00000105369","b.cells",1
"Zhengmix8eq","detection","ENSG00000007312","b.cells",2
"Zhengmix8eq","detection","ENSG00000204287","b.cells",3
"Zhengmix8eq","detection","ENSG00000156738","b.cells",4
"Zhengmix8eq","detection","ENSG00000231389","b.cells",5
"Zhengmix8eq","detection","ENSG00000223865","b.cells",6
"Zhengmix8eq","detection","ENSG00000196126","b.cells",7
"Zhengmix8eq","detection","ENSG00000196735","b.cells",8
"Zhengmix8eq","detection","ENSG00000100721","b.cells",9
"Zhengmix8eq","detection","ENSG00000198502","b.cells",10
"Zhengmix8eq","detection","ENSG00000237541","b.cells",11
"Zhengmix8eq","detection","ENSG00000247982","b.cells",12
"Zhengmix8eq","detection","ENSG00000128218","b.cells",13
"Zhengmix8eq","detection","ENSG00000104921","b.cells",14
"Zhengmix8eq","detection","ENSG00000019582","b.cells",15
"Zhengmix8eq","detection","ENSG00000179344","b.cells",16
"Zhengmix8eq","detection","ENSG00000153064","b.cells",17
"Zhengmix8eq","detection","ENSG00000269404","b.cells",18
"Zhengmix8eq","detection","ENSG00000136573","b.cells",19
"Zhengmix8eq","detection","ENSG00000145088","b.cells",20
"Zhengmix8eq","detection","ENSG00000116191","b.cells",21
"Zhengmix8eq","detection","ENSG00000140968","b.cells",22
"Zhengmix8eq","detection","ENSG00000204257","b.cells",23
"Zhengmix8eq","detection","ENSG00000083454","b.cells",24
"Zhengmix8eq","detection","ENSG00000254709","b.cells",25
"Zhengmix8eq","detection","ENSG00000143546","cd14.monocytes",1
"Zhengmix8eq","detection","ENSG00000163220","cd14.monocytes",2
"Zhengmix8eq","detection","ENSG00000101439","cd14.monocytes",3
"Zhengmix8eq","detection","ENSG00000090382","cd14.monocytes",4
"Zhengmix8eq","detection","ENSG00000085265","cd14.monocytes",5
"Zhengmix8eq","detection","ENSG00000204472","cd14.monocytes",6
"Zhengmix8eq","detection","ENSG00000197766","cd14.monocytes",7
"Zhengmix8eq","detection","ENSG00000011600","cd14.monocytes",8
"Zhengmix8eq","detection","ENSG00000204482","cd14.monocytes",9
"Zhengmix8eq","detection","ENSG00000025708","cd14.monocytes",10
"Zhengmix8eq","detection","ENSG00000170458","cd14.monocytes",11
"Zhengmix8eq","detection","ENSG00000106565","cd14.monocytes",12
"Zhengmix8eq","detection","ENSG00000196126","cd14.monocytes",13
"Zhengmix8eq","detection","ENSG00000100079","cd14.monocytes",14
"Zhengmix8eq","detection","ENSG00000233276","cd14.monocytes",15
"Zhengmix8eq","detection","ENSG00000198502","cd14.monocytes",16
"Zhengmix8eq","detection","ENSG00000197746","cd14.monocytes",17
"Zhengmix8eq","detection","ENSG00000197249","cd14.monocytes",18
"Zhengmix8eq","detection","ENSG00000110077","cd14.monocytes",19
"Zhengmix8eq","detection","ENSG00000221869","cd14.monocytes",20
"Zhengmix8eq","detection","ENSG00000100097","cd14.monocytes",21
"Zhengmix8eq","detection","ENSG00000204287","cd14.monocytes",22
"Zhengmix8eq","detection","ENSG00000126759","cd14.monocytes",23
"Zhengmix8eq","detection","ENSG00000158869","cd14.monocytes",24
"Zhengmix8eq","detection","ENSG00000140749","cd14.monocytes",25
"Zhengmix8eq","detection","ENSG00000167286","cd4.t.helper",1
"Zhengmix8eq","detection","ENSG00000111716","cd4.t.helper",2
"Zhengmix8eq","detection","ENSG00000198851","cd4.t.helper",3
"Zhengmix8eq","detection","ENSG00000227507","cd4.t.helper",4
"Zhengmix8eq","detection","ENSG00000179144","cd4.t.helper",5
"Zhengmix8eq","detection","ENSG00000142546","cd4.t.helper",6
"Zhengmix8eq","detection","ENSG00000115523","cd56.nk",1
"Zhengmix8eq","detection","ENSG00000105374","cd56.nk",2
"Zhengmix8eq","detection","ENSG00000100453","cd56.nk",3
"Zhengmix8eq","detection","ENSG00000077984","cd56.nk",4
"Zhengmix8eq","detection","ENSG00000145649","cd56.nk",5
"Zhengmix8eq","detection","ENSG00000169583","cd56.nk",6
"Zhengmix8eq","detection","ENSG00000137441","cd56.nk",7
"Zhengmix8eq","detection","ENSG00000180644","cd56.nk",8
"Zhengmix8eq","detection","ENSG00000111796","cd56.nk",9
"Zhengmix8eq","detection","ENSG00000171476","cd56.nk",10
"Zhengmix8eq","detection","ENSG00000150045","cd56.nk",11
"Zhengmix8eq","detection","ENSG00000172543","cd56.nk",12
"Zhengmix8eq","detection","ENSG00000203747","cd56.nk",13
"Zhengmix8eq","detection","ENSG00000011600","cd56.nk",14
"Zhengmix8eq","detection","ENSG00000159674","cd56.nk",15
"Zhengmix8eq","detection","ENSG00000161570","cd56.nk",16
"Zhengmix8eq","detection","ENSG00000158869","cd56.nk",17
"Zhengmix8eq","detection","ENSG00000134539","cd56.nk",18
"Zhengmix8eq","detection","ENSG00000100450","cd56.nk",19
"Zhengmix8eq","detection","ENSG00000129277","cd56.nk",20
"Zhengmix8eq","detection","ENSG00000134545","cd56.nk",21
"Zhengmix8eq","detection","ENSG00000145287","cd56.nk",22
"Zhengmix8eq","detection","ENSG00000163453","cd56.nk",23
"Zhengmix8eq","detection","ENSG00000007264","cd56.nk",24
"Zhengmix8eq","detection","ENSG00000142634","cd56.nk",25
"Zhengmix8eq","detection","ENSG00000008517","memory.t",1
"Zhengmix8eq","detection","ENSG00000167286","memory.t",2
"Zhengmix8eq","detection","ENSG00000169442","memory.t",3
"Zhengmix8eq","detection","ENSG00000227507","memory.t",4
"Zhengmix8eq","detection","ENSG00000196154","memory.t",5
"Zhengmix8eq","detection","ENSG00000198851","memory.t",6
"Zhengmix8eq","detection","ENSG00000102871","memory.t",7
"Zhengmix8eq","detection","ENSG00000111716","memory.t",8
"Zhengmix8eq","detection","ENSG00000168685","memory.t",9
"Zhengmix8eq","detection","ENSG00000213145","memory.t",10
"Zhengmix8eq","detection","ENSG00000197747","memory.t",11
"Zhengmix8eq","detection","ENSG00000172116","naive.cytotoxic",1
"Zhengmix8eq","detection","ENSG00000256039","naive.cytotoxic",2
"Zhengmix8eq","detection","ENSG00000153563","naive.cytotoxic",3
"Zhengmix8eq","detection","ENSG00000160307","naive.cytotoxic",4
"Zhengmix8eq","detection","ENSG00000167286","naive.cytotoxic",5
"Zhengmix8eq","detection","ENSG00000148908","naive.cytotoxic",6
"Zhengmix8eq","detection","ENSG00000198851","naive.cytotoxic",7
"Zhengmix8eq","detection","ENSG00000111716","naive.cytotoxic",8
"Zhengmix8eq","detection","ENSG00000139193","naive.cytotoxic",9
"Zhengmix8eq","detection","ENSG00000142546","naive.cytotoxic",10
"Zhengmix8eq","detection","ENSG00000133872","naive.cytotoxic",11
"Zhengmix8eq","detection","ENSG00000126264","naive.cytotoxic",12
"Zhengmix8eq","detection","ENSG00000198851","naive.t",1
"Zhengmix8eq","detection","ENSG00000227507","naive.t",2
"Zhengmix8eq","detection","ENSG00000142546","naive.t",3
"Zhengmix8eq","detection","ENSG00000111716","naive.t",4
"Zhengmix8eq","detection","ENSG00000167286","naive.t",5
"Zhengmix8eq","detection","ENSG00000139193","naive.t",6
"Zhengmix8eq","detection","ENSG00000133872","naive.t",7
"Zhengmix8eq","detection","ENSG00000008517","regulatory.t",1
"Zhengmix8eq","detection","ENSG00000198851","regulatory.t",2
"Zhengmix8eq","detection","ENSG00000227507","regulatory.t",3
"Zhengmix8eq","detection","ENSG00000167286","regulatory.t",4
"Zhengmix8eq","detection","ENSG00000111716","regulatory.t",5
"Zhengmix8eq","wilcox","ENSG00000019582","b.cells",1
"Zhengmix8eq","wilcox","ENSG00000204287","b.cells",2
"Zhengmix8eq","wilcox","ENSG00000105369","b.cells",3
"Zhengmix8eq","wilcox","ENSG00000007312","b.cells",4
"Zhengmix8eq","wilcox","ENSG00000231389","b.cells",5
"Zhengmix8eq","wilcox","ENSG00000223865","b.cells",6
"Zhengmix8eq","wilcox","ENSG00000104894","b.cells",7
"Zhengmix8eq","wilcox","ENSG00000196126","b.cells",8
"Zhengmix8eq","wilcox","ENSG00000198502","b.cells",9
"Zhengmix8eq","wilcox","ENSG00000196735","b.cells",10
"Zhengmix8eq","wilcox","ENSG00000156738","b.cells",11
"Zhengmix8eq","wilcox","ENSG00000237541","b.cells",12
"Zhengmix8eq","wilcox","ENSG00000179344","b.cells",13
"Zhengmix8eq","wilcox","ENSG00000100721","b.cells",14
"Zhengmix8eq","wilcox","ENSG00000204257","b.cells",15
"Zhengmix8eq","wilcox","ENSG00000247982","b.cells",16
"Zhengmix8eq","wilcox","ENSG00000128218","b.cells",17
"Zhengmix8eq","wilcox","ENSG00000242574","b.cells",18
"Zhengmix8eq","wilcox","ENSG00000158517","b.cells",19
"Zhengmix8eq","wilcox","ENSG00000140968","b.cells",20
"Zhengmix8eq","wilcox","ENSG00000104921","b.cells",21
"Zhengmix8eq","wilcox","ENSG00000112799","b.cells",22
"Zhengmix8eq","wilcox","ENSG00000145088","b.cells",23
"Zhengmix8eq","wilcox","ENSG00000153064","b.cells",24
"Zhengmix8eq","wilcox","ENSG00000083454","b.cells",25
"Zhengmix8eq","wilcox","ENSG00000087086","cd14.monocytes",1
"Zhengmix8eq","wilcox","ENSG00000143546","cd14.monocytes",2
"Zhengmix8eq","wilcox","ENSG00000163220","cd14.monocytes",3
"Zhengmix8eq","wilcox","ENSG00000101439","cd14.monocytes",4
"Zhengmix8eq","wilcox","ENSG00000167996","cd14.monocytes",5
"Zhengmix8eq","wilcox","ENSG00000011600","cd14.monocytes",6
"Zhengmix8eq","wilcox","ENSG00000090382","cd14.monocytes",7
"Zhengmix8eq","wilcox","ENSG00000196154","cd14.monocytes",8
"Zhengmix8eq","wilcox","ENSG00000233276","cd14.monocytes",9
"Zhengmix8eq","wilcox","ENSG00000204472","cd14.monocytes",10
"Zhengmix8eq","wilcox","ENSG00000197956","cd14.monocytes",11
"Zhengmix8eq","wilcox","ENSG00000196126","cd14.monocytes",12
"Zhengmix8eq","wilcox","ENSG00000051523","cd14.monocytes",13
"Zhengmix8eq","wilcox","ENSG00000204482","cd14.monocytes",14
"Zhengmix8eq","wilcox","ENSG00000085265","cd14.monocytes",15
"Zhengmix8eq","wilcox","ENSG00000025708","cd14.monocytes",16
"Zhengmix8eq","wilcox","ENSG00000197746","cd14.monocytes",17
"Zhengmix8eq","wilcox","ENSG00000084207","cd14.monocytes",18
"Zhengmix8eq","wilcox","ENSG00000198502","cd14.monocytes",19
"Zhengmix8eq","wilcox","ENSG00000100300","cd14.monocytes",20
"Zhengmix8eq","wilcox","ENSG00000100097","cd14.monocytes",21
"Zhengmix8eq","wilcox","ENSG00000019582","cd14.monocytes",22
"Zhengmix8eq","wilcox","ENSG00000197766","cd14.monocytes",23
"Zhengmix8eq","wilcox","ENSG00000092841","cd14.monocytes",24
"Zhengmix8eq","wilcox","ENSG00000104904","cd14.monocytes",25
"Zhengmix8eq","wilcox","ENSG00000115523","cd56.nk",1
"Zhengmix8eq","wilcox","ENSG00000105374","cd56.nk",2
"Zhengmix8eq","wilcox","ENSG00000077984","cd56.nk",3
"Zhengmix8eq","wilcox","ENSG00000145649","cd56.nk",4
"Zhengmix8eq","wilcox","ENSG00000251562","cd56.nk",5
"Zhengmix8eq","wilcox","ENSG00000100453","cd56.nk",6
"Zhengmix8eq","wilcox","ENSG00000172543","cd56.nk",7
"Zhengmix8eq","wilcox","ENSG00000169583","cd56.nk",8
"Zhengmix8eq","wilcox","ENSG00000111796","cd56.nk",9
"Zhengmix8eq","wilcox","ENSG00000126264","cd56.nk",10
"Zhengmix8eq","wilcox","ENSG00000171476","cd56.nk",11
"Zhengmix8eq","wilcox","ENSG00000158869","cd56.nk",12
"Zhengmix8eq","wilcox","ENSG00000185201","cd56.nk",13
"Zhengmix8eq","wilcox","ENSG00000180644","cd56.nk",14
"Zhengmix8eq","wilcox","ENSG00000137441","cd56.nk",15
"Zhengmix8eq","wilcox","ENSG00000011600","cd56.nk",16
"Zhengmix8eq","wilcox","ENSG00000161570","cd56.nk",17
"Zhengmix8eq","wilcox","ENSG00000173762","cd56.nk",18
"Zhengmix8eq","wilcox","ENSG00000145287","cd56.nk",19
"Zhengmix8eq","wilcox","ENSG00000150045","cd56.nk",20
"Zhengmix8eq","wilcox","ENSG00000198821","cd56.nk",21
"Zhengmix8eq","wilcox","ENSG00000159674","cd56.nk",22
"Zhengmix8eq","wilcox","ENSG00000203747","cd56.nk",23
"Zhengmix8eq","wilcox","ENSG00000197540","cd56.nk",24
"Zhengmix8eq","wilcox","ENSG00000122862","cd56.nk",25
"Zhengmix8eq","wilcox","ENSG00000008517","memory.t",1
"Zhengmix8eq","wilcox","ENSG00000168685","memory.t",2
"Zhengmix8eq","wilcox","ENSG00000172116","naive.cytotoxic",1
"Zhengmix8eq","wilcox","ENSG00000256039","naive.cytotoxic",2
"Zhengmix8eq","wilcox","ENSG00000153563","naive.cytotoxic",3
"Zhengmix8eq","wilcox","ENSG00000148908","naive.cytotoxic",4
"Zhengmix8eq","wilcox","ENSG00000160307","naive.cytotoxic",5
"Zhengmix8eq","wilcox","ENSG00000198851","naive.t",1
"Zhengmix8eq","wilcox","ENSG00000133872","naive.t",2
"Zhengmix8eq","wilcox","ENSG00000142546","naive.t",3
"Zhengmix8eq","wilcox","ENSG00000139193","naive.t",4
"Zhengmix8eq","wilcox","ENSG00000138795","naive.t",5
"Zhengmix8eq","wilcox","ENSG00000188404","naive.t",6
"Zhengmix8eq","wilcox","ENSG00000126353","naive.t",7
"Zhengmix8eq","wilcox","ENSG00000008517","regulatory.t",1
"Zhengmix8eq","wilcox","ENSG00000132002","regulatory.t",2
"Zhengmix8eq","wilcox","ENSG00000165272","regulatory.t",3
"Zhengmix8eq","wilcox","ENSG00000110324","regulatory.t",4
